"TIME","LATITUDE","LONGITUDE","SPEED(M/s)","ALT(M)","ACCURACY(M)","IS_OUTDOOR","X_POS","Y_POS","EVENT","EVENT_ID","TASK_TYPE","APP_DOWN(Mbps)","APP_UP(Mbps)","PING_DELAY(ms)","ISDATASLOT","NETWORK_TYPE","MCC","MNC","OPERATOR","NR5G TAC","NR5G NCI","NR5G gNodeB ID","NR5G Cell ID","NR5G CP Type","NR5G Duplex Mode","NR5G Numerology","NR5G Band","NR5G BandWidth DL","NR5G Bandwidth UL","NR5G SSB ARFCN DL","NR5G SSB ARFCN UL","NR5G PCI","NR5G Center ARFCN DL","NR5G Center ARFCN UL","NR5G SubCarrierSpacing","NR5G Absolute Frequency PointA","NR5G Init BWP Downlink Location Width","NR5G Init BWP Uplink Location Width","NR5G SSB Periodicity","NR5G RRC State","NR5G Connectivity Mode","NR5G Frequency Offset","NR5G Timing Offset","NR5G ServingCellIndex","NR5G Q_LEX_MIN","NR5G Pathloss DL","NR5G SS RSRP","NR5G SS RSRQ","NR5G SS SINR","NR5G SSB Beam Index","NR5G CellBarred","NR5G SubCarrierOffset","NR5G Serving GSCN","NR5G Carrier RSSI","NR5G Handover Target Arfcn","NR5G Handover Target PCI","NR5G SS RSRP Ant List","NR5G SS RSRQ Ant List","NR5G SS SINR Ant List","NR5G TRS SINR Ant List","NR5G SS RSSI Ant List","NR5G SSB Beam Index List","NR5G SSB Beam PCI List","NR5G SSB Beam RSRP List","NR5G SSB Beam RSRQ List","NR5G SSB Beam SINR List","NR5G ServingType List","NR5G Cells ARFCN List","NR5G Cells PCI List","NR5G Cells SSB Index List","NR5G Cells Band List","NR5G Cells BeamNum List","NR5G Cells RSRP List","NR5G Cells RSRQ List","NR5G Cells SINR List","NR5G MCS Avg DL","NR5G MCS Max DL","NR5G MCS Most DL","NR5G Modulation DL","NR5G Trans.Mode","NR5G DL QPSK Ratio(%)/s","NR5G DL 16QAM Ratio(%)/s","NR5G DL 64QAM Ratio(%)/s","NR5G DL 256QAM Ratio(%)/s","NR5G PDCP Tput DL(Mbps)","NR5G RLC Tput DL(Mbps)","NR5G MAC Tput Dl(Mbps)","NR5G PHY Tput DL(Mbps)","NR5G BLER DL","NR5G Layers Num DL","NR5G Rank DL","NR5G RB Num DL/slot","NR5G Pdsch Num RB/s","NR5G Grant Num DL/s","NR5G Pdsch TB Size/slot","NR5G TB0 Avg Size DL/s","NR5G TB1 Avg Size DL/s","NR5G CQI","NR5G MCS Avg UL","NR5G MCS Max UL","NR5G MCS Most UL","NR5G Modulation UL","NR5G Bler UL","NR5G Tx Mode UL","NR5G UL QPSK Ratio(%)/s","NR5G UL 16QAM Ratio(%)/s","NR5G UL 64QAM Ratio(%)/s","NR5G PDCP Tput UL(Mbps)","NR5G RLC Tput UL(Mbps)","NR5G MAC Tput UL(Mbps)","NR5G PHY Tput UL(Mbps)","NR5G Rank UL","NR5G RB Num UL/slot","NR5G Pusch Num RB/s","NR5G Grant Num UL/s","NR5G Pusch TB Size/s","NR5G MIMO","NR5G Rach Reason","NR5G C-RNTI","NR5G RACH Contention","NR5G PRACH Config","NR5G RACH Preamble Format","NR5G RACH LogicalRoot Index","NR5G RACH RA-RNTI","NR5G RACH Access Result","NR5G RACH T-RNTI","NR5G TA","NR5G Access Delay","NR5G PUSCH TxPower(dBm)","NR5G PUCCH TxPower(dBm)","NR5G PRACH TxPower(dBm)","NR5G DCI Format 0_0 Num/s","NR5G DCI Format 0_1 Num/s","NR5G DCI Format 0_2 Num/s","NR5G DCI Format 1_0 Num/s","NR5G DCI Format 1_1 Num/s","NR5G DCI Format 1_2 Num/s","NR5G DCI Format 2_0 Num/s","NR5G DCI Format 2_1 Num/s","NR5G DCI Format 2_2 Num/s","NR5G DCI Format 2_3 Num/s","NR5G DCI Format 0_0 AggLevel","NR5G DCI Format 0_1 AggLevel","NR5G DCI Format 1_0 AggLevel","NR5G DCI Format 1_1 AggLevel","NR5G DCI Format 2_0 AggLevel","NR5G DCI Format 2_1 AggLevel","NR5G DCI Format 2_2 AggLevel","NR5G DCI Format 2_3 AggLevel","NR5G MM State","NR5G MM Sub State","NR5G AMF Region ID","NR5G AMF SET ID","NR5G AMF Pointer","NR5G TMSI","NR5G Pusch Frame","NR5G Pusch Slot","NR5G Pusch SCS","NR5G Pusch TB Size/slot","NR5G Pusch TBIndex","NR5G Pusch Num RB/slot","NR5G Pusch BWP Id","NR5G Pusch TxPower","NR5G Pusch Actual TxPower","NR5G Pusch TxType","NR5G Pusch Carrier ID","NR5G Pusch HARQ ID","NR5G Pusch Modulation","NR5G Pusch Start RB","NR5G Pusch TPC","NR5G Pusch RNTI","NR5G Pdsch Frame","NR5G Pdsch Slot","NR5G Pdsch TB Index","NR5G Pdsch RNTI Type","NR5G Pdsch CRC Status","NR5G Pdsch NDI","NR5G Pdsch Modulation","NR5G Pdsch MCS","NR5G Pdsch Num RB/slot","NR5G Pdsch Num Layers","NR5G Pdsch Carrier ID","NR5G Pdsch HARQ ID","NR5G Pdsch SCS","NR5G Pdsch TxType","NR5G Pdsch BWP ID","NR5G Pdsch TB Size/s"
0,0,0,0,0,0,0,0,0,0,0,0,0,0,0,0,0,0,0,0,FA4919EA,EC624327,E97D2DB1,9581D094,84B5E45B,73EA1822,B7198906,421ADD10,63B29582,52E6A949,A6E20666,A64DBCCD,747E61BB,B9FEBE7C,6603415F,314EF0D7,96163A2D,F5A6C7A9,49A224C7,8013B21A,45945C1F,34C86FE6,9866E60A,CACA8AB5,854A4DF4,DB9676EE,4ED8C0A1,3E0CF468,70709913,5FA4ACDA,FEEB4C2B,EE1F7FF2,FB73865,BBBBDB47,DD5393B9,280A6C55,5A6E1100,E3B2283E,8FB6CB21,7EEAFEE8,B14E8393,F88BFD1F,264CB3B,F198FF01,813C654C,B3A009F7,A2D43DBE,88C3CD03,77F7E0CA,AA5B8575,A932D243,998FB93C,5F104341,4E447708,80A81BB3,6FDC2F7A,EA11974A,23FC83AD,1330B774,D945AB11,5B027A99,8D661F44,7C9A330B,289ED5EE,17D2E9B5,B7ADF29F,C879DED8,1C753BF6,1BE0D25D,6BCE46D2,3D788ACF,2CACBE96,D8B14178,C30BB7F8,FD2E2F60,9D6616DE,455CD119,3490E4E0,C7E5753F,5E7BF9A8,BF355A56,AE696E1D,41867377,C34322FE,6F47C5E1,D0959028,BFC9A3EF,52525FB0,9E31EB7D,AEFDD7B6,2F934D4,B14E624,A1AB6A8C,D40F0F37,CBBBD2E1,DFA1B9A,DC87BF1A,173E801C,4A368E60,396AA227,E56F4509,D4A378D0,7071D7C,F63B3142,A23FD425,9173E7EC,C3D78C97,B30BA05E,788C4A63,8958369C,2490ED46,4628A5B8,D001268F,7C05C972,6B39FD39,9D9D81E4,8CD1B5AB,1F5A516C,E8E6533,40F209DE,30263DA5,DC2AC087,5DE4A4A,F5127E10,277602BC,16AA3683,C2AED965,B1E2ED2C,E44691D7,D37AA59E,A54A5D28,947E70EF,C6E2159A,B6162961,621ACC44,514EE00B,954A458E,847E7955,B6E21E00,A61631C7,521AD4AA,414EE871,73B28D1C,62E6A0E3,EEB43C6,FE1F778C,30831C38,1FB72FFF,BAEFE6A8,ED538B53,A208491F,913C7CE6,7BCE5E6C,6B027233,8C9A2AA5,389ECD88,27D2E14F,5A3685FA,496AB9C1,F56F5CA3,E4A3706A,17071516,63B28DD,B23FCBBF,A173FF86,D3D78431,888C41FD,5628BD52,
20260725 15:15:48.556,24.826868,102.852026,15.44,1951,3,1,0.00,0.00,,,,,,,1,SA,460,00,中国移动,4456484,6443491339,1573118,11,Normal,-,1,41,100,100,504990,-,558,513000,513000,30kHz,503172,1099,-,ms20,Connected,SA,-0.7,3,0,-58,106,-89.4,-16.2,1.9,1,Not Barred,6,6312,-44.4,504990,558,-80.2;-93.1;-91.7;-96.5,-,0.8;-4.3;-7.5;-10.9,21;18;17.8;16.2,-44.4;-44.5;-48.5;-49.4,1;2;0;7;7;0;7;2,558;558;558;558;722;560;496;497,-88.7;-91;-91.1;-90.4;-91.5;-86;-85.9;-85.4,-16.1;-17.3;-17.3;-16.5;-18.1;-13.2;-12.9;-12.3,255;255;255;255;255;255;255;255,1;0;0;0;0,504990;504990;504990;504990;504990,558;560;497;496;722,1;0;2;7;7,-,4;1;1;1;1,-89.4;-85.4;-85.7;-85.8;-91.5,-16.2;-12.6;-12.6;-13.3;-18.1,1.9;255;255;255;255,0.5,1,1,QPSK,-,100,0,0,0,0.00,0.00,0.00,0.00,0,3,Rank 3,16,64,4,92,-,92,9,16.1,18,17,64QAM,0,SMDL,0,0,100,0.00,0.00,0.00,0.00,Rank 2,4,68,17,-,4 x 4,HandOver,30883,Free,17,FORMAT_0,363,57,Success,30883,5,-,13,18,7,-,17,-,1,4,-,-,-,-,-,-,-,-,-,-,-,-,-,Registered,Normal Service,9,269,18,89CE79EC,356,9,30kHz,688,-,4,1,-,-,New trans.,0,0,64QAM,59,1,30883,332,14,0,0,Pass,0,QPSK,1,16,3,0,15,30kHz,Re trans.,-,485,
20260725 15:15:49.571,24.826862,102.851984,15.66,1952,3,1,0.00,0.00,,,,,,,1,SA,460,00,中国移动,4456484,6443491339,1573118,11,Normal,-,1,41,100,100,504990,-,722,513000,513000,30kHz,503172,1099,-,ms20,Connected,SA,-0.7,0,1,-58,103,-83.2,-13.2,5.9,7,Not Barred,6,6312,-45.9,504990,722,-83.7;-95.4;0;0,-,3.1;3.9;-3.4;5.5,19.5;17.1;18.8;12.6,-50.5;-50.4;-47.3;-45.9,1;7;3;5;0;7;2;1,558;722;722;722;560;496;497;495,-86.7;-83.1;-91.6;-137.6;-83.8;-84.5;-85.3;-97.3,-14.6;-13.2;-14.7;-35.1;-12.4;-13.7;-11.8;-20.5,255;255;255;255;255;255;255;255,1;0;0;0;0;0,504990;504990;504990;504990;504990;504990,722;496;560;497;558;495,7;7;0;2;1;1,-,3;1;1;1;1;1,-83.2;-84.9;-85;-86.9;-88.4;-97.3,-13.2;-14.1;-13.1;-12.2;-15.8;-20.5,5.9;255;255;255;255;255,0.7,2,1,QPSK,-,100,0,0,0,0.00,0.00,0.00,0.00,0,1,Rank 2,16,112,6,19,-,19,7,16.3,19,16,64QAM,0,SMDL,0,0,100,0.00,0.00,0.00,0.08,Rank 2,4,72,25,-,4 x 4,HandOver,41784,Free,17,FORMAT_0,226,57,Success,41784,7,-,24,20,3,-,25,-,1,6,-,-,-,-,-,-,-,-,-,-,-,-,-,Registered,Normal Service,9,269,18,89CE79EC,472,8,30kHz,15,-,4,1,-,-,New trans.,0,0,QPSK,13,1,41784,472,0,0,8,Pass,0,QPSK,0,8,1,0,0,30kHz,Re trans.,-,616,
20260725 15:15:50.585,24.826853,102.851943,14.22,1952,3,1,0.00,0.00,,,,,,,1,SA,460,00,中国移动,4456484,6443491339,1573118,11,Normal,-,1,41,100,100,504990,-,722,513000,513000,30kHz,503172,1099,-,ms20,Connected,SA,-0.7,-2,1,-60,98,-76.4,-11.1,5,7,Not Barred,6,6312,-41.3,504990,722,-77.6;-82.2;-88.2;-92,-,4.9;3.4;-0.5;-2.8,1.7;-0.5;-3.6;-5.2,-41.3;-51.4;-49.9;-43.1,1;7;3;5;4;0;3;2;1,558;722;722;722;722;560;496;497;495,-88.4;-76.1;-85.9;-99.5;-111.7;-82.7;-83.9;-82.6;-83.6,-16.4;-11.1;-14.7;-18.5;-26.1;-11.6;-12.3;-12.5;-12.2,255;255;255;255;255;255;255;255;255,1;0;0;0;0;0,504990;504990;504990;504990;504990;504990,722;497;560;495;496;558,7;2;0;1;3;1,-,4;1;1;1;1;1,-76.4;-82.9;-83.1;-83.6;-84.4;-90,-11.1;-12.6;-12;-12.2;-13.1;-17.7,5;255;255;255;255;255,0.7,2,1,QPSK,-,100,0,0,0,0.00,0.00,0.00,0.00,0,1,Rank 2,16,112,18,69,-,69,6,21.8,31,25,256QAM,0,SMDL,2.4,0,26.2,0.00,0.00,0.02,0.08,Rank 2,4,187,70,-,4 x 4,HandOver,41784,Free,17,FORMAT_0,226,57,Success,41784,7,-,4,21,3,-,70,-,3,15,-,-,-,-,-,-,-,-,-,-,-,-,-,Registered,Normal Service,9,269,18,89CE79EC,573,19,30kHz,992,-,4,1,-,-,New trans.,0,0,256QAM,203,1,41784,564,4,0,0,Pass,1,QPSK,0,16,1,0,15,30kHz,Re trans.,-,616,
20260725 15:15:51.598,24.826847,102.851906,13.39,1952,3,1,0.00,0.00,,,,,,,1,SA,460,00,中国移动,4456484,6443491339,1573118,11,Normal,-,1,41,100,100,504990,-,722,513000,513000,30kHz,503172,1099,-,ms20,Connected,SA,-0.7,-4,1,-60,96,-76,-11.1,9.7,7,Not Barred,6,6312,-35.1,504990,722,-70.8;-74.8;-86.2;-85.8,-,8.3;5.1;0.2;4.3,0.1;-9.3;-3.3;-6.5,-35.1;-46.5;-47;-38.8,7;7;3;6;0;0;2;1;6,558;722;722;722;560;496;497;495;720,-89.1;-76;-91;-105;-86.5;-87.5;-83.7;-86.5;-90.8,-21.2;-11.1;-15.5;-22.8;-14.3;-15.3;-11.5;-14.1;-15.5,255;255;255;255;255;255;255;255;255,1;0;0;0;0;0;0,504990;504990;504990;504990;504990;504990;504990,722;497;496;560;495;558;720,7;2;0;0;1;7;6,-,3;1;1;1;1;1;1,-76;-84.7;-86.5;-87.1;-87.4;-88;-91.2,-11.1;-12.1;-14.2;-14.2;-14.7;-17.1;-15,9.7;255;255;255;255;255;255,1.6,9,0,QPSK,-,100,0,0,0,0.00,0.00,0.01,0.01,0,1,Rank 2,20,364,4,14,-,14,7,25.4,31,25,256QAM,0,SMDL,0,0,0,0.00,0.00,0.02,0.30,Rank 2,4,216,46,-,4 x 4,HandOver,41784,Free,17,FORMAT_0,226,57,Success,41784,7,-,5,17,3,-,46,-,2,2,-,-,-,-,-,-,-,-,-,-,-,-,-,Registered,Normal Service,9,269,18,89CE79EC,671,19,30kHz,896,-,4,1,-,-,New trans.,0,0,256QAM,203,1,41784,663,17,0,4,Pass,0,QPSK,0,20,1,0,0,30kHz,Re trans.,-,2310,
20260725 15:15:52.611,24.826840,102.851871,11.95,1952,3,1,0.00,0.00,,,,,,,1,SA,460,00,中国移动,4456484,6443511819,1573123,11,Normal,-,1,41,100,100,504990,-,722,513000,513000,30kHz,503172,1099,-,ms20,Connected,SA,-0.7,-1,1,-60,91,-70.5,-11.2,7.7,7,Not Barred,6,6312,-33.3,504990,722,-69.8;-71.4;-81.7;-82.8,-,7.7;6.4;4.8;5,-6.4;1.8;-10.3;-5.7,-33.3;-44.9;-43.4;-34.8,0;7;3;0;0;4;6,558;722;722;560;496;497;720,-88.8;-70.5;-93.8;-78.6;-77.8;-87.7;-88.5,-20.4;-11.2;-17.9;-14.6;-13.3;-14;-14.9,255;255;255;255;255;255;255,1;0;0;0;0;0,504990;504990;504990;504990;504990;504990,722;496;560;558;497;720,7;0;0;0;4;6,-,2;1;1;1;1;1,-70.5;-79.5;-79.6;-84.5;-85.8;-90.3,-11.2;-14.9;-14.1;-15.5;-14.5;-16.4,7.7;255;255;255;255;255,0.2,2,0,QPSK,-,100,0,0,0,0.00,0.00,0.00,0.00,0,1,Rank 3,16,148,6,69,-,69,11,26.2,31,31,256QAM,0,SMDL,0,0,0,0.00,0.00,0.05,0.39,Rank 2,4,292,82,-,4 x 4,HandOver,41784,Free,17,FORMAT_0,226,57,Success,41784,7,-,5,8,3,-,82,-,2,6,-,-,-,-,-,-,-,-,-,-,-,-,-,Registered,Normal Service,9,269,18,89CE79EC,773,18,30kHz,896,-,4,1,-,-,New trans.,0,0,256QAM,203,1,41784,755,14,0,0,Pass,1,QPSK,0,16,1,0,15,30kHz,Re trans.,-,620,
20260725 15:15:53.623,24.826829,102.851837,13.61,1952,3,1,0.00,0.00,,,,,,,1,SA,460,00,中国移动,4456484,6443511819,1573123,11,Normal,-,1,41,100,100,504990,-,722,513000,513000,30kHz,503172,1099,-,ms20,Connected,SA,-0.7,-1,1,-60,93,-73.8,-11.1,8.3,7,Not Barred,6,6312,-36.3,504990,722,-69.5;-70;-78.4;-82.5,-,5.6;7.1;6;6.8,-0.2;4.3;-3.5;-1.4,-36.8;-46.1;-44.5;-36.3,4;7;3;0;0;2;0,558;722;722;560;496;497;720,-85.8;-73.8;-89.8;-78.7;-85.9;-85.5;-91.2,-12.3;-11.1;-15.8;-12.2;-16.1;-13.6;-18.9,255;255;255;255;255;255;255,1;0;0;0;0;0,504990;504990;504990;504990;504990;504990,722;560;558;496;497;720,7;0;4;0;2;0,-,2;1;1;1;1;1,-73.8;-79.2;-82.8;-85;-86.2;-90.2,-11.1;-12.3;-14.3;-16.1;-14.2;-15.6,8.3;255;255;255;255;255,0.2,2,0,QPSK,-,100,0,0,0,0.00,0.00,0.00,0.00,0,1,Rank 2,16,148,4,69,-,69,6,24.5,31,31,256QAM,0,SMDL,0,0,5.3,0.00,0.00,0.20,0.52,Rank 2,4,304,62,-,4 x 4,HandOver,41784,Free,17,FORMAT_0,226,57,Success,41784,7,-,10,9,3,-,62,-,2,4,-,-,-,-,-,-,-,-,-,-,-,-,-,Registered,Normal Service,9,269,18,89CE79EC,875,9,30kHz,992,-,4,1,-,-,New trans.,0,0,256QAM,203,1,41784,860,4,0,0,Pass,1,QPSK,0,16,1,0,15,30kHz,Re trans.,-,620,
20260725 15:15:54.630,24.826808,102.851809,14.04,1952,3,1,0.00,0.00,,,,,,,1,SA,460,00,中国移动,4456484,6443511819,1573123,11,Normal,-,1,41,100,100,504990,-,722,513000,513000,30kHz,503172,1099,-,ms20,Connected,SA,-0.7,-2,1,-60,90,-70.9,-11.5,9.8,7,Not Barred,6,6312,-29.4,504990,722,-68;-71.2;-86.3;-85,-,11.9;5.3;2.7;8.6,-0.1;-3.5;-7;-2.6,-29.4;-46.1;-47.9;-38,1;7;3;2;4;0;7;2;6;1;5,558;722;722;722;722;560;496;497;720;495;721,-87.3;-70.8;-84.7;-104.9;-92.3;-77.9;-81.9;-82.1;-101.4;-92.9;-129.6,-17.4;-11.4;-16.1;-24.6;-18.6;-11.6;-13.9;-12.7;-22.3;-20.5;-32.8,255;255;255;255;255;255;255;255;255;255;255,1;0;0;0;0;0;0;0,504990;504990;504990;504990;504990;504990;504990;504990,722;560;496;497;558;495;720;721,7;0;7;2;1;1;6;5,-,4;1;1;1;1;1;1;1,-70.9;-78.4;-82.7;-83.6;-87.2;-92.9;-93.4;-129.6,-11.5;-12.1;-14.4;-13.2;-15.6;-20.5;-19.6;-32.8,9.8;255;255;255;255;255;255;255,0,0,0,QPSK,-,100,0,0,0,0.00,0.00,0.00,0.00,0,1,Rank 2,16,80,9,69,-,69,6,24.7,31,25,256QAM,0,SMDL,0,0,0,0.00,0.00,0.09,0.50,Rank 2,4,192,59,-,4 x 4,HandOver,41784,Free,17,FORMAT_0,226,57,Success,41784,7,-,6,4,3,-,59,-,2,9,-,-,-,-,-,-,-,-,-,-,-,-,-,Registered,Normal Service,9,269,18,89CE79EC,979,9,30kHz,992,-,4,1,-,-,New trans.,0,0,256QAM,203,0,41784,972,14,0,0,Pass,0,QPSK,0,16,1,0,15,30kHz,Re trans.,-,302,
20260725 15:15:55.638,24.826777,102.851793,14.11,1951,3,1,0.00,0.00,,,,,,,1,SA,460,00,中国移动,4456484,6443511819,1573123,11,Normal,-,1,41,100,100,504990,-,722,513000,513000,30kHz,503172,1099,-,ms20,Connected,SA,-0.7,-4,1,-60,93,-68.4,-11.3,6.8,7,Not Barred,6,6312,-29.8,504990,722,-65.9;-76.7;-83.3;-82.7,-,8.7;2;-0.8;6.9,-7.6;-10.9;-7.9;-2.7,-29.8;-44.1;-41.5;-39,1;7;3;6;4;0;7;2;6;1,558;722;722;722;722;560;496;497;720;495,-83.2;-68.4;-90.1;-87.3;-90.4;-72.9;-78.6;-79.4;-85.9;-89.7,-16.3;-11.3;-19.9;-17.8;-19.4;-11.4;-15.8;-12.4;-17.3;-19.6,255;255;255;255;255;255;255;255;255;255,1;0;0;0;0;0;0,504990;504990;504990;504990;504990;504990;504990,722;560;496;497;558;495;720,7;0;7;2;1;1;6,-,4;1;1;1;1;1;1,-68.4;-72.9;-79.5;-80.3;-84.8;-89.7;-92,-11.3;-11.4;-15.1;-12.7;-16.7;-19.6;-19,6.8;255;255;255;255;255;255,0.6,2,0,QPSK,-,100,0,0,0,0.00,0.00,0.00,0.00,0,2,Rank 3,16,160,9,101,-,101,11,24.5,31,25,256QAM,0,SMDL,0,0,0,0.00,0.00,0.01,0.35,Rank 2,4,208,59,-,4 x 4,HandOver,41784,Free,17,FORMAT_0,226,57,Success,41784,7,-,5,6,3,-,59,-,2,9,-,-,-,-,-,-,-,-,-,-,-,-,-,Registered,Normal Service,9,269,18,89CE79EC,37,19,30kHz,944,-,4,1,-,-,New trans.,0,0,256QAM,195,1,41784,12,15,0,0,Pass,1,QPSK,2,16,2,0,15,30kHz,Re trans.,-,780,
20260725 15:15:56.652,24.826716,102.851772,15.73,1951,3,1,0.00,0.00,,,,,,,1,SA,460,00,中国移动,4456484,6443511819,1573123,11,Normal,-,1,41,100,100,504990,-,560,513000,513000,30kHz,503172,1099,-,ms20,Connected,SA,-0.7,3,2,-58,91,-70.7,-11,6.8,0,Not Barred,6,6312,-33,504990,560,-71.4;-74.4;-78.7;-84.8,-,8.3;11.8;6.7;-0.7,13;16;12.6;17,-33;-46;-43.6;-39.8,1;7;0;3;5;6;0;2;6;1,558;722;560;560;560;560;496;497;720;495,-83.7;-75.6;-70.7;-80.5;-89.2;-91.6;-88.6;-80.1;-96.3;-84.9,-15.7;-11.7;-11;-13.2;-16;-18.9;-21.6;-12.2;-20.9;-16,255;255;255;255;255;255;255;255;255;255,1;0;0;0;0;0;0,504990;504990;504990;504990;504990;504990;504990,560;722;496;497;558;495;720,0;7;0;2;1;1;6,-,4;1;1;1;1;1;1,-70.7;-75.6;-79.6;-81.3;-85.7;-86.8;-96.3,-11;-11.7;-17.6;-13.2;-15.8;-17;-20.9,6.8;255;255;255;255;255;255,0.7,2,0,QPSK,-,100,0,0,0,0.00,0.00,0.00,0.00,0,1,Rank 2,16,148,6,63,-,63,6,22.9,31,24,256QAM,0,SMDL,0,0,4.2,0.00,0.00,0.02,0.38,Rank 2,4,284,51,-,4 x 4,HandOver,29172,Free,17,FORMAT_0,390,57,Success,29172,5,-,6,-3,-11,-,51,-,2,6,-,-,-,-,-,-,-,-,-,-,-,-,-,Registered,Normal Service,9,269,18,89CE79EC,159,8,30kHz,944,-,4,1,-,-,New trans.,0,0,256QAM,195,0,29172,158,4,0,0,Pass,0,QPSK,0,16,1,0,15,30kHz,Re trans.,-,662,
20260725 15:15:57.663,24.826650,102.851770,17.14,1951,3,1,0.00,0.00,,,,,,,1,SA,460,00,中国移动,4456484,6443511819,1573123,11,Normal,-,1,41,100,100,504990,-,560,513000,513000,30kHz,503172,1099,-,ms20,Connected,SA,-0.7,3,2,-58,88,-67.3,-10.7,10.6,0,Not Barred,6,6312,-32.8,504990,560,-67.6;-73.9;-82.7;-76.8,-,5;6.7;0.6;9.1,8.4;16.9;7;16.1,-32.8;-39;-39.4;-33.1,0;7;0;3;1;2;7;2;1,558;722;560;560;560;560;496;497;495,-77.8;-72.5;-67.3;-78.4;-84.6;-87.1;-79.7;-79.4;-80.8,-16.7;-11.5;-10.7;-13.1;-17.4;-19.4;-16.3;-12.4;-14.6,255;255;255;255;255;255;255;255;255,1;0;0;0;0;0,504990;504990;504990;504990;504990;504990,560;722;558;497;496;495,0;7;0;2;7;1,-,4;1;1;1;1;1,-67.3;-72.5;-79.7;-79.7;-80.5;-81.1,-10.7;-11.5;-16.7;-12.7;-15;-14.7,10.6;255;255;255;255;255,0.9,4,0,QPSK,-,100,0,0,0,0.00,0.00,0.01,0.01,0,2,Rank 2,21,520,24,63,-,63,5,24.4,31,25,256QAM,0,SMDL,1.4,0,0,0.00,0.00,0.01,0.48,Rank 2,4,284,96,-,4 x 4,HandOver,29172,Free,17,FORMAT_0,390,57,Success,29172,5,-,2,-2,-11,-,96,-,5,19,-,-,-,-,-,-,-,-,-,-,-,-,-,Registered,Normal Service,9,269,18,89CE79EC,249,18,30kHz,944,-,4,1,-,-,New trans.,0,0,256QAM,219,1,29172,244,13,0,0,Pass,1,QPSK,0,16,1,0,15,30kHz,Re trans.,-,2794,
20260725 15:15:58.676,24.826643,102.851821,18.29,1951,3,1,0.00,0.00,,,,,,,1,SA,460,00,中国移动,4456484,6443491340,1573118,12,Normal,-,1,41,100,100,504990,-,560,513000,513000,30kHz,503172,1099,-,ms20,Connected,SA,-0.7,3,2,-58,94,-74.5,-11.3,8,0,Not Barred,6,6312,-37,504990,560,-73.4;-74.9;-78.6;-84.3,-,8.9;6.2;6.3;2.5,6.9;13.6;11.3;13.7,-37.6;-45.6;-46.5;-37,1;7;0;3;1;7;3;2;1,558;722;560;560;560;560;496;497;495,-83.1;-81.4;-74.4;-82.8;-84.8;-87.3;-81.2;-78.7;-80.8,-14.5;-13.3;-11.2;-13.6;-15.8;-20.8;-12.6;-11.4;-14.9,255;255;255;255;255;255;255;255;255,1;0;0;0;0;0,504990;504990;504990;504990;504990;504990,560;497;495;722;496;558,0;2;1;7;3;1,-,4;1;1;1;1;1,-74.5;-79.7;-80.7;-81.4;-82.1;-84.2,-11.3;-12.2;-14.4;-13.3;-13.5;-16.3,8;255;255;255;255;255,0.9,4,0,QPSK,-,100,0,0,0,0.00,0.00,0.02,0.02,0,2,Rank 2,21,520,6,63,-,63,6,23.1,31,24,256QAM,0,SMDL,0,0,0,0.00,0.00,0.05,0.48,Rank 2,4,148,37,-,4 x 4,HandOver,29172,Free,17,FORMAT_0,390,57,Success,29172,5,-,7,8,-11,-,37,-,1,5,-,-,-,-,-,-,-,-,-,-,-,-,-,Registered,Normal Service,9,269,18,89CE79EC,338,8,30kHz,992,-,4,1,-,-,New trans.,0,0,256QAM,203,0,29172,310,3,0,0,Pass,1,QPSK,0,16,1,0,14,30kHz,Re trans.,-,2794,
20260725 15:15:59.690,24.826598,102.851828,18.76,1950,3,1,0.00,0.00,,,,,,,1,SA,460,00,中国移动,4456484,6443491340,1573118,12,Normal,-,1,41,100,100,504990,-,560,513000,513000,30kHz,503172,1099,-,ms20,Connected,SA,-0.7,1,2,-58,100,-80.6,-12.5,8,0,Not Barred,6,6312,-41,504990,560,-82.8;-87;-90.3;-84.1,-,1;-1.2;6.1;0.8,8.3;10.3;8.4;17.1,-41;-52.1;-47.3;-43.6,1;7;0;1;3;2;3;2;1,558;722;560;560;560;560;496;497;495,-88.8;-80.7;-79.7;-87.9;-100.1;-95.3;-80;-80.2;-84,-19.4;-13.3;-12;-16.4;-21.5;-21.3;-11.8;-12.2;-14.8,255;255;255;255;255;255;255;255;255,1;0;0;0;0;0,504990;504990;504990;504990;504990;504990,560;496;497;722;495;558,0;3;2;7;1;1,-,4;1;1;1;1;1,-80.6;-80.1;-80.3;-80.8;-85.3;-90.5,-12.5;-12.5;-12.3;-13.4;-15.9;-18.4,8;255;255;255;255;255,1.5,4,0,QPSK,-,100,0,0,0,0.00,0.00,0.00,0.00,0,1,Rank 3,16,176,11,63,-,63,11,23.3,31,23,256QAM,0,SMDL,0,0,0,0.00,0.00,0.00,0.25,Rank 2,4,168,50,-,4 x 4,HandOver,29172,Free,17,FORMAT_0,390,57,Success,29172,5,-,14,13,-11,-,50,-,1,11,-,-,-,-,-,-,-,-,-,-,-,-,-,Registered,Normal Service,9,269,18,89CE79EC,454,18,30kHz,944,-,4,1,-,-,New trans.,0,0,256QAM,255,1,29172,448,13,0,0,Pass,1,QPSK,0,16,1,0,15,30kHz,Re trans.,-,1376,
20260725 15:16:00.701,24.826550,102.851837,19.76,1950,3,1,0.00,0.00,,,,,,,1,SA,460,00,中国移动,4456484,6443491340,1573118,12,Normal,-,1,41,100,100,504990,-,497,513000,513000,30kHz,503172,1099,-,ms20,Connected,SA,-0.7,2,4,-60,98,-79.6,-11.4,13.2,2,Not Barred,6,6312,-42.1,504990,497,-85;-73.2;-78.7;-81.1,-,7.5;9.4;11.1;6.7,21.7;22.7;22.8;17.3,-42.1;-49.8;-43.9;-44.4,1;7;0;7;2;3;4;5;1,558;722;560;496;497;497;497;497;495,-91.8;-80.8;-79.4;-85.4;-79.6;-88.2;-90.1;-92.1;-93.3,-18.2;-11.9;-11.5;-13.1;-11.4;-14.5;-13.7;-14.9;-17.5,255;255;255;255;255;255;255;255;255,1;0;0;0;0;0,504990;504990;504990;504990;504990;504990,497;560;722;496;495;558,2;0;7;7;1;1,-,4;1;1;1;1;1,-79.6;-80.2;-80.8;-85;-89.1;-92.8,-11.4;-12.2;-11.9;-13.2;-16.5;-18.1,13.2;255;255;255;255;255,1.4,7,0,QPSK,-,80,20,0,0,0.00,0.00,0.01,0.01,0,1,Rank 2,16,80,11,69,-,69,6,23,25,25,256QAM,0,SMDL,2.9,0,5.7,0.00,0.00,0.00,0.29,Rank 2,4,140,33,-,4 x 4,HandOver,48166,Free,17,FORMAT_0,38,57,Success,48166,2,-,12,0,0,-,33,-,1,10,-,-,-,-,-,-,-,-,-,-,-,-,-,Registered,Normal Service,9,269,18,89CE79EC,553,18,30kHz,848,-,4,1,-,-,New trans.,0,0,256QAM,207,1,48166,548,13,0,0,Pass,0,QPSK,0,16,1,0,15,30kHz,Re trans.,-,593,
20260725 15:16:01.715,24.826550,102.851837,19.76,1950,3,1,0.00,0.00,,,,,,,1,SA,460,00,中国移动,4456484,6443491340,1573118,12,Normal,-,1,41,100,100,504990,-,497,513000,513000,30kHz,503172,1099,-,ms20,Connected,SA,-0.7,1,4,-60,96,-79.2,-11.4,12.5,2,Not Barred,6,6312,-46.4,504990,497,-81.9;-87.4;-82.5;-86.7,-,5.6;13.4;13.2;4.6,20.8;23.6;24;18.2,-47;-49.3;-46.4;-47.8,4;7;0;0;2;1;4;7;1,558;722;560;496;497;497;497;497;495,-93.7;-82;-81.1;-85.1;-79.2;-93;-95.2;-109.8;-85.5,-15.1;-12.3;-11.6;-16;-11.4;-19.3;-15.5;-25.6;-15.4,255;255;255;255;255;255;255;255;255,1;0;0;0;0;0,504990;504990;504990;504990;504990;504990,497;560;722;496;495;558,2;0;7;0;1;4,-,4;1;1;1;1;1,-79.2;-81.5;-82.2;-85;-85.9;-94.3,-11.4;-12.5;-12.4;-14.3;-14.5;-16.6,12.5;255;255;255;255;255,1.1,4,0,QPSK,-,100,0,0,0,0.00,0.00,0.01,0.01,0,4,Rank 2,20,356,10,69,-,69,6,25.3,31,25,256QAM,0,SMDL,1.7,0,0,0.00,0.00,0.01,0.22,Rank 2,4,240,70,-,4 x 4,HandOver,48166,Free,17,FORMAT_0,38,57,Success,48166,2,-,10,0,0,-,70,-,2,8,-,-,-,-,-,-,-,-,-,-,-,-,-,Registered,Normal Service,9,269,18,89CE79EC,641,18,30kHz,896,-,4,1,-,-,-,0,0,256QAM,207,1,48166,636,3,0,0,Pass,0,QPSK,0,16,4,0,15,30kHz,Re trans.,-,2311,
20260725 15:16:02.727,24.826456,102.851856,19.15,1950,3,1,0.00,0.00,,,,,,,1,SA,460,00,中国移动,4456484,6443552780,1573133,12,Normal,-,1,41,100,100,504990,-,497,513000,513000,30kHz,503172,1099,-,ms20,Connected,SA,-0.7,2,4,-60,96,-79,-11.7,6.3,2,Not Barred,6,6312,-43.4,504990,497,-81.2;-87.2;-85.4;-90.6,-,1.7;0.2;4.4;6.3,21;26.4;27.4;22.3,-43.4;-53.6;-46;-44.1,1;7;0;7;2;5;4;1;1,558;722;560;496;497;497;497;497;495,-90;-88.2;-80;-85.2;-79;-93.6;-92.7;-90.3;-90.4,-19.7;-15.1;-11.2;-14;-11.7;-15.6;-15.6;-19.1;-20.3,255;255;255;255;255;255;255;255;255,1;0;0;0;0;0,504990;504990;504990;504990;504990;504990,497;560;496;722;558;495,2;0;7;7;1;1,-,4;1;1;1;1;1,-79;-81.3;-85.7;-88.3;-91;-92,-11.7;-12.2;-14.8;-15.1;-18.1;-20.1,6.3;255;255;255;255;255,1.1,4,0,QPSK,-,100,0,0,0,0.00,0.00,0.01,0.01,20,4,Rank 1,20,356,10,69,-,69,12,24.7,31,23,256QAM,0,SMDL,0,0,0,0.00,0.00,0.10,0.42,Rank 2,4,160,70,-,4 x 4,HandOver,48166,Free,17,FORMAT_0,38,57,Success,48166,2,-,10,1,0,-,70,-,2,8,-,-,-,-,-,-,-,-,-,-,-,-,-,Registered,Normal Service,9,269,18,89CE79EC,641,18,30kHz,896,-,4,1,-,-,-,0,0,256QAM,207,1,48166,636,3,0,0,Pass,0,QPSK,0,16,4,0,15,30kHz,Re trans.,-,2311,
20260725 15:16:03.736,24.826413,102.851858,15.26,1949,3,1,0.00,0.00,,,,,,,1,SA,460,00,中国移动,4456484,6443552780,1573133,12,Normal,-,1,41,100,100,504990,-,497,513000,513000,30kHz,503172,1099,-,ms20,Connected,SA,-0.7,2,4,-60,96,-77.5,-11.1,11.8,2,Not Barred,6,6312,-39.4,504990,497,-77.3;-73.4;-79.1;-85.1,-,6.1;5.4;9.7;11.2,22.6;24.7;255;255,-39.4;-40.3,1;7;0;3;2;1;4;5;1,558;722;560;496;497;497;497;497;495,-92.3;-86.8;-81.9;-86.4;-77.4;-88.8;-91.2;-92.8;-88.5,-20.3;-15.2;-12.3;-12.4;-11.1;-17;-15;-14.9;-16.1,255;255;255;255;255;255;255;255;255,1;0;0;0;0;0,504990;504990;504990;504990;504990;504990,497;560;496;722;495;558,2;0;3;7;1;1,-,4;1;1;1;1;1,-77.5;-83.8;-85.6;-86.8;-88.6;-92.4,-11.1;-13.4;-13.4;-15.2;-16.1;-17.2,11.8;255;255;255;255;255,6,28,0,QPSK,-,100,0,0,0,0.00,0.00,0.00,0.00,15.8,4,Rank 1,19,96,4,101,-,101,12,22,31,21,256QAM,0,SMDL,0,0,6.5,0.00,0.00,0.03,0.27,Rank 2,4,384,40,-,2 x 2,HandOver,48166,Free,17,FORMAT_0,38,57,Success,48166,2,-,10,0,0,-,40,-,2,4,-,-,-,-,-,-,-,-,-,-,-,-,-,Registered,Normal Service,9,269,18,89CE79EC,857,19,30kHz,896,-,4,1,-,-,New trans.,0,0,256QAM,219,1,48166,852,15,0,0,Pass,0,QPSK,2,16,2,0,15,30kHz,Re trans.,-,495,
20260725 15:16:04.749,24.826377,102.851855,13.57,1949,3,1,0.00,0.00,,,,,,,1,SA,460,00,中国移动,4456484,6443552780,1573133,12,Normal,-,1,41,100,100,504990,-,497,513000,513000,30kHz,503172,1099,-,ms20,Connected,SA,-0.7,2,4,-60,95,-76.2,-10.7,11.2,2,Not Barred,6,6312,-42.3,504990,497,-81.6;-76;-80.3;-79.1,-,7;12.9;255;255,22.8;24.8;255;255,-42.6;-42.3,1;7;0;7;2;1;4;5;1,558;722;560;496;497;497;497;497;495,-91.8;-88.9;-82.7;-83.6;-76.2;-87.5;-92.1;-92.8;-90.6,-19.9;-16.3;-12.2;-12.2;-10.7;-15;-13.6;-15.6;-18.6,255;255;255;255;255;255;255;255;255,1;0;0;0;0;0,504990;504990;504990;504990;504990;504990,497;560;496;722;495;558,2;0;7;7;1;1,-,4;1;1;1;1;1,-76.2;-82.7;-85.4;-88.9;-91;-92.9,-10.7;-12.6;-13.1;-16.3;-18.5;-18.5,11.2;255;255;255;255;255,6.5,30,2,QPSK,-,73.5,14.7,11.8,0,0.06,0.01,0.16,0.16,6.7,2,Rank 1,26,914,34,63,-,63,12,21.7,31,21,256QAM,0,SMDL,0,0,2.6,0.04,0.04,0.03,0.62,Rank 2,4,308,169,-,2 x 2,HandOver,48166,Free,17,FORMAT_0,38,57,Success,48166,2,-,12,1,0,-,169,-,2,34,-,-,-,-,-,-,-,-,-,-,-,-,-,Registered,Normal Service,9,269,18,89CE79EC,961,19,30kHz,848,-,4,1,-,-,New trans.,0,0,256QAM,211,1,48166,956,3,0,0,Pass,0,QPSK,0,16,1,0,15,30kHz,Re trans.,-,22817,
20260725 15:16:05.764,24.826345,102.851849,11.88,1949,3,1,0.00,0.00,,,,,,,1,SA,460,00,中国移动,4456484,6443552780,1573133,12,Normal,-,1,41,100,100,504990,-,497,513000,513000,30kHz,503172,1099,-,ms20,Connected,SA,-0.7,2,4,-60,93,-75.5,-10.7,14.6,2,Not Barred,6,6312,-39.1,504990,497,-75.4;-78.1;-80.2;-84.3,-,8.6;15.9;255;255,25.1;22.6;255;255,-39.1;-41.3,1;7;0;7;2;1;4;0;1,558;722;560;496;497;497;497;497;495,-91;-87.4;-86.3;-84.1;-75.5;-85.9;-91.4;-97.7;-89,-19;-14.6;-12.8;-12.3;-10.7;-13.4;-14.2;-20;-16.3,255;255;255;255;255;255;255;255;255,1;0;0;0;0;0,504990;504990;504990;504990;504990;504990,497;496;722;560;495;558,2;7;7;0;1;1,-,4;1;1;1;1;1,-75.5;-85.2;-87.4;-87.7;-90.1;-91.2,-10.7;-12.7;-14.6;-13.9;-16.4;-19.1,14.6;255;255;255;255;255,0.9,2,0,QPSK,-,100,0,0,0,0.00,0.00,0.02,0.02,0,2,Rank 1,16,112,7,101,-,101,12,20.8,22,21,256QAM,0,SMDL,0,0,13.5,0.00,0.00,0.05,0.48,Rank 2,4,209,53,-,2 x 2,HandOver,48166,Free,17,FORMAT_0,38,57,Success,48166,2,-,10,2,0,-,53,-,2,7,-,-,-,-,-,-,-,-,-,-,-,-,-,Registered,Normal Service,9,269,18,89CE79EC,1021,8,30kHz,944,-,4,1,-,-,New trans.,0,0,256QAM,227,1,48166,1016,3,0,0,Pass,0,QPSK,2,16,2,0,15,30kHz,Re trans.,-,567,
20260725 15:16:06.778,24.826335,102.851833,7.13,1949,3,1,0.00,0.00,,,,,,,1,SA,460,00,中国移动,4456484,6443552780,1573133,12,Normal,-,1,41,100,100,504990,-,497,513000,513000,30kHz,503172,1099,-,ms20,Connected,SA,-0.7,2,4,-60,93,-73.6,-10.6,11.8,2,Not Barred,6,6312,-38.5,504990,497,-72.9;-76.9;-84.8;-84.2,-,11.3;11.8;255;255,23.7;22.9;255;255,-38.5;-42.1,1;7;0;7;2;1;5;4;1,558;722;560;496;497;497;497;497;495,-89.2;-87;-82.6;-87;-73.6;-86.3;-90.6;-90.1;-89.9,-17.5;-14.8;-12.4;-14.6;-10.6;-13.4;-15;-13.4;-16.9,255;255;255;255;255;255;255;255;255,1;0;0;0;0;0,504990;504990;504990;504990;504990;504990,497;560;722;496;558;495,2;0;7;7;1;1,-,4;1;1;1;1;1,-73.6;-83.4;-87;-87.4;-89.2;-91.9,-10.6;-12.9;-14.8;-14.7;-17.5;-16.4,11.8;255;255;255;255;255,0.9,2,0,QPSK,-,100,0,0,0,0.00,0.00,0.00,0.00,0,2,Rank 1,16,112,2,69,-,69,12,23.8,24,24,256QAM,0,SMDL,0,0,0,0.00,0.00,0.00,0.31,Rank 2,4,84,21,-,2 x 2,HandOver,48166,Free,17,FORMAT_0,38,57,Success,48166,2,-,10,2,0,-,21,-,2,2,-,-,-,-,-,-,-,-,-,-,-,-,-,Registered,Normal Service,9,269,18,89CE79EC,92,19,30kHz,992,-,4,1,-,-,New trans.,0,0,256QAM,227,1,48166,87,14,0,0,Pass,0,QPSK,0,16,1,0,15,30kHz,Re trans.,-,567,
20260725 15:16:07.790,24.826333,102.851812,9.29,1949,3,1,0.00,0.00,,,,,,,1,SA,460,00,中国移动,4456484,6443552780,1573133,12,Normal,-,1,41,100,100,504990,-,497,513000,513000,30kHz,503172,1099,-,ms20,Connected,SA,-0.7,2,4,-60,92,-76.6,-11,9,2,Not Barred,6,6312,-41.1,504990,497,-79.8;-78;-82.3;-88.9,-,1.7;7.7;6.2;10.8,24.9;23.4;255;255,-42.4;-41.1,1;7;1;7;2;1;4;5;1;5,558;722;560;496;497;497;497;497;495;220,-91;-84.9;-84.2;-83.5;-76.6;-86.9;-92.6;-93.8;-105.6;-121.9,-19.5;-14.6;-14.3;-13;-10.9;-15.1;-14.2;-15.7;-23.7;-29,255;255;255;255;255;255;255;255;255;255,1;0;0;0;0;0;0,504990;504990;504990;504990;504990;504990;504990,497;560;722;496;558;495;220,2;1;7;7;1;1;5,-,4;1;1;1;1;1;1,-76.6;-84;-85.1;-85.3;-91;-92.9;-121.9,-11;-13.3;-14.7;-13.4;-19.5;-17.6;-29,9;255;255;255;255;255;255,0.8,2,0,QPSK,-,100,0,0,0,0.00,0.00,0.00,0.00,0,2,Rank 1,16,128,6,101,-,101,11,22.4,25,22,256QAM,0,SMDL,0,0,1.8,0.00,0.00,0.00,0.15,Rank 2,4,228,63,-,2 x 2,HandOver,48166,Free,17,FORMAT_0,38,57,Success,48166,2,-,9,11,0,-,63,-,2,6,-,-,-,-,-,-,-,-,-,-,-,-,-,Registered,Normal Service,9,269,18,89CE79EC,200,19,30kHz,848,-,4,1,-,-,New trans.,0,0,256QAM,227,1,48166,194,3,0,0,Pass,0,QPSK,2,16,2,0,15,30kHz,Re trans.,-,642,
20260725 15:16:08.797,24.826324,102.851781,12.46,1949,3,1,0.00,0.00,,,,,,,1,SA,460,00,中国移动,4456484,6443552780,1573133,12,Normal,-,1,41,100,100,504990,-,497,513000,513000,30kHz,503172,1099,-,ms20,Connected,SA,-0.7,2,4,-60,97,-78.9,-11.4,6.8,2,Not Barred,6,6312,-41.1,504990,497,-78.9;-78.8;-87.7;-85.9,-,4;5.3;255;255,20.8;25.3;255;255,-46.4;-41.1,1;7;0;5;2;1;4;6;1,219;722;560;496;497;497;497;497;495,-85.1;-86.3;-84.8;-81.8;-78.6;-87.5;-89.8;-93.5;-88.7,-15.5;-14.3;-13;-10.9;-11.1;-16.2;-14.9;-16.4;-17.1,255;255;255;255;255;255;255;255;255,1;0;0;0;0;0,504990;504990;504990;504990;504990;504990,497;496;219;560;722;495,2;5;1;0;7;1,-,4;1;1;1;1;1,-78.9;-83;-85.1;-86;-86.3;-90.8,-11.4;-11.9;-15.5;-14.4;-14.3;-18,6.8;255;255;255;255;255,0.8,2,0,QPSK,-,100,0,0,0,0.00,0.00,0.00,0.00,0,2,Rank 1,16,128,4,63,-,63,12,23.6,31,24,256QAM,0,SMDL,0,0,0,0.00,0.00,0.02,0.38,Rank 2,4,228,50,-,2 x 2,HandOver,48166,Free,17,FORMAT_0,38,57,Success,48166,2,-,10,18,0,-,50,-,2,4,-,-,-,-,-,-,-,-,-,-,-,-,-,Registered,Normal Service,9,269,18,89CE79EC,349,19,30kHz,992,-,4,1,-,-,New trans.,0,1,256QAM,245,1,48166,348,3,0,0,Pass,0,QPSK,0,16,1,0,15,30kHz,Re trans.,-,642,
20260725 15:16:09.812,24.826317,102.851748,13.82,1949,3,1,0.00,0.00,,,,,,,1,SA,460,00,中国移动,4456484,6443552780,1573133,12,Normal,-,1,41,100,100,504990,-,497,513000,513000,30kHz,503172,1099,-,ms20,Connected,SA,-0.7,2,4,-60,97,-79.8,-12,9.3,2,Not Barred,6,6312,-37.8,504990,497,-72.8;-79.6;-80.4;-88.3,-,8.7;5;5.3;5.8,27.5;26;255;255,-37.8;-43.5,1;7;0;7;2;4;1;5;1,558;722;560;496;497;497;497;497;495,-90;-86.2;-83.3;-79.5;-79;-87.9;-85.6;-92;-88.5,-18;-19.1;-12.6;-11.8;-11.7;-13.4;-15.6;-19;-16.2,255;255;255;255;255;255;255;255;255,1;0;0;0;0;0,504990;504990;504990;504990;504990;504990,497;496;560;722;495;558,2;7;0;7;1;1,-,4;1;1;1;1;1,-79.8;-80.6;-84.2;-87.1;-88.3;-89.9,-12;-11.6;-13.4;-18.6;-16.7;-18,9.3;255;255;255;255;255,0,0,0,QPSK,-,100,0,0,0,0.00,0.00,0.00,0.00,0,1,Rank 1,16,128,7,69,-,69,11,24.8,31,25,256QAM,0,SMDL,0,0,0,0.00,0.00,0.01,0.40,Rank 2,4,228,69,-,2 x 2,HandOver,48166,Free,17,FORMAT_0,38,57,Success,48166,2,-,10,10,0,-,69,-,2,7,-,-,-,-,-,-,-,-,-,-,-,-,-,Registered,Normal Service,9,269,18,89CE79EC,445,19,30kHz,944,-,4,1,-,-,New trans.,0,0,256QAM,227,1,48166,438,3,0,0,Pass,1,QPSK,0,16,1,0,15,30kHz,Re trans.,-,516,
20260725 15:16:10.827,24.826306,102.851710,15.55,1949,3,1,0.00,0.00,,,,,,,1,SA,460,00,中国移动,4456484,6443552780,1573133,12,Normal,-,1,41,100,100,504990,-,497,513000,513000,30kHz,503172,1099,-,ms20,Connected,SA,-0.7,1,4,-60,94,-75.9,-11,8.1,2,Not Barred,6,6312,-39.6,504990,497,-80.6;-76.4;-81.4;-95.5,-,4.6;7.8;2.4;0.3,26.1;25.8;255;255,-43.6;-39.6,1;7;7;5;2;1;4;6;1,558;722;560;496;497;497;497;497;495,-85.3;-85;-87.3;-80.8;-75.9;-87.9;-90.9;-95.4;-87.3,-16.2;-15.3;-17.8;-10.9;-11;-16.5;-16.9;-18.3;-16.4,255;255;255;255;255;255;255;255;255,1;0;0;0;0;0,504990;504990;504990;504990;504990;504990,497;496;558;722;560;495,2;5;1;7;7;1,-,4;1;1;1;1;1,-75.9;-81.3;-85;-85.1;-86.9;-89,-11;-11.8;-16.3;-15.3;-16.8;-16.3,8.1;255;255;255;255;255,0,0,0,QPSK,-,100,0,0,0,0.00,0.00,0.00,0.00,0,1,Rank 1,16,64,4,63,-,63,12,22.7,25,23,256QAM,0,SMDL,0,0,2.9,0.00,0.00,0.01,0.42,Rank 2,4,136,40,-,2 x 2,HandOver,48166,Free,17,FORMAT_0,38,57,Success,48166,2,-,10,14,0,-,40,-,2,4,-,-,-,-,-,-,-,-,-,-,-,-,-,Registered,Normal Service,9,269,18,89CE79EC,544,18,30kHz,992,-,4,1,-,-,New trans.,0,0,256QAM,231,1,48166,540,3,0,0,Pass,1,QPSK,0,16,1,0,15,30kHz,Re trans.,-,270,
20260725 15:16:11.840,24.826298,102.851671,15.01,1949,3,1,0.00,0.00,,,,,,,1,SA,460,00,中国移动,4456484,6443552780,1573133,12,Normal,-,1,41,100,100,504990,-,497,513000,513000,30kHz,503172,1099,-,ms20,Connected,SA,-0.7,0,4,-60,97,-79.7,-12.1,8.1,2,Not Barred,6,6312,-40.1,504990,497,-82.6;-77.6;-77.9;-87.5,-,6.3;9.8;255;255,23.9;20.3;255;255,-43;-40.1,1;7;1;7;2;1;4;0;1,495;722;560;496;497;497;497;497;558,-85.1;-89;-83.9;-81.1;-78.7;-84.3;-88;-90.8;-86.4,-15.8;-17.9;-16.3;-12.4;-11.2;-15;-15.5;-17.3;-18.5,255;255;255;255;255;255;255;255;255,1;0;0;0;0;0,504990;504990;504990;504990;504990;504990,497;496;495;558;560;722,2;7;1;1;1;7,-,4;1;1;1;1;1,-79.7;-82.6;-84.7;-86.4;-86.5;-89,-12.1;-13.1;-14.1;-18.5;-16.4;-17.9,8.1;255;255;255;255;255,0.3,2,0,QPSK,-,100,0,0,0,0.00,0.00,0.00,0.00,0,2,Rank 1,16,128,4,69,-,69,11,23,25,25,256QAM,0,SMDL,0,0,4,0.00,0.00,0.00,0.23,Rank 2,4,200,40,-,2 x 2,HandOver,48166,Free,17,FORMAT_0,38,57,Success,48166,2,-,12,14,0,-,40,-,2,4,-,-,-,-,-,-,-,-,-,-,-,-,-,Registered,Normal Service,9,269,18,89CE79EC,631,9,30kHz,992,-,4,1,-,-,New trans.,0,0,256QAM,259,1,48166,626,3,0,0,Pass,1,QPSK,0,16,1,0,15,30kHz,Re trans.,-,560,
20260725 15:16:12.849,24.826290,102.851635,12.67,1949,3,1,0.00,0.00,,,,,,,1,SA,460,00,中国移动,4456484,6443552780,1573133,12,Normal,-,1,41,100,100,504990,-,497,513000,513000,30kHz,503172,1099,-,ms20,Connected,SA,-0.7,1,4,-60,97,-78.9,-11.6,10.1,2,Not Barred,6,6312,-40.6,504990,497,-78.7;-76.9;-84.3;-83.3,-,1.9;6.9;255;255,21.9;22.8;255;255,-40.6;-40.9,1;7;3;5;2;1;4;0,495;722;560;496;497;497;497;497,-82.9;-88;-86.8;-79.1;-78.4;-86.8;-90.4;-95.6,-13.6;-17.5;-15.4;-11.1;-11.3;-15.4;-16.1;-20.3,255;255;255;255;255;255;255;255,1;0;0;0;0,504990;504990;504990;504990;504990,497;496;495;560;722,2;5;1;3;7,-,4;1;1;1;1,-78.9;-79;-84.2;-86.1;-88,-11.6;-11.5;-14;-16.5;-17.5,10.1;255;255;255;255,0,0,0,QPSK,-,100,0,0,0,0.00,0.00,0.00,0.00,0,1,Rank 1,18,108,10,63,-,63,11,24.5,25,25,256QAM,0,SMDL,0,0,0,0.00,0.00,0.00,0.34,Rank 2,4,216,85,-,2 x 2,HandOver,48166,Free,17,FORMAT_0,38,57,Success,48166,2,-,12,12,0,-,85,-,1,9,-,-,-,-,-,-,-,-,-,-,-,-,-,Registered,Normal Service,9,269,18,89CE79EC,746,9,30kHz,992,-,4,1,-,-,New trans.,0,0,256QAM,199,1,48166,740,3,0,0,Pass,1,QPSK,0,16,1,0,15,30kHz,Re trans.,-,346,
20260725 15:16:13.860,24.826274,102.851599,14.72,1949,3,1,0.00,0.00,,,,,,,1,SA,460,00,中国移动,4456484,6443552780,1573133,12,Normal,-,1,41,100,100,504990,-,497,513000,513000,30kHz,503172,1099,-,ms20,Connected,SA,-0.7,1,4,-60,97,-81.3,-12.7,-5.5,2,Not Barred,6,6312,-38.1,504990,497,-88.4;-84.4;-82.4;-87.4,-,-7;-4.4;255;255,18.6;19.3;255;255,-38.1;-43.1,1;7;7;3;2;1;4;6,495;722;560;496;497;497;497;497,-79;-83.5;-86.8;-78.9;-81.2;-104;-92.5;-110.9,-11.8;-13.9;-17.2;-12;-12.6;-23.5;-16.4;-25.5,255;255;255;255;255;255;255;255,1;0;0;0;0,504990;504990;504990;504990;504990,497;496;495;722;560,2;3;1;7;7,-,4;1;1;1;1,-81.3;-79.1;-79.5;-83.6;-87.5,-12.7;-11.8;-12.1;-14;-17,-5.5;255;255;255;255,0,0,0,QPSK,-,100,0,0,0,0.00,0.00,0.00,0.00,0,1,Rank 1,18,108,10,63,-,63,12,24.6,25,25,256QAM,0,SMDL,0,0,0,0.00,0.00,0.00,0.40,Rank 2,4,76,85,-,2 x 2,HandOver,48166,Free,17,FORMAT_0,38,57,Success,48166,2,-,12,15,0,-,85,-,1,9,-,-,-,-,-,-,-,-,-,-,-,-,-,Registered,Normal Service,9,269,18,89CE79EC,746,9,30kHz,992,-,4,1,-,-,New trans.,0,0,256QAM,199,1,48166,740,3,0,0,Pass,1,QPSK,0,16,1,0,15,30kHz,Re trans.,-,346,
20260725 15:16:14.875,24.826252,102.851569,13.28,1950,3,1,0.00,0.00,,,,,,,1,SA,460,00,中国移动,4456484,6443552780,1573133,12,Normal,-,1,41,100,100,504990,-,495,513000,513000,30kHz,503172,1099,-,ms20,Connected,SA,-0.7,-1,0,-60,96,-76.4,-12.1,4.7,1,Not Barred,6,6312,-35.6,504990,495,-73.7;-85.3;-83.2;-97.8,-,3.8;4.9;2.3;-4.9,12.3;7.4;12.3;6,-35.6;-52.4;-45.6;-47.1,1;4;2;5;7;1;3;2,495;495;495;495;722;560;496;497,-75.6;-82.2;-82.3;-88;-86.7;-82.8;-74.4;-82.6,-11.6;-13.9;-18.2;-15.9;-16.5;-18.5;-11.3;-15.2,255;255;255;255;255;255;255;255,1;0;0;0;0,504990;504990;504990;504990;504990,495;496;497;560;722,1;3;2;1;7,-,4;1;1;1;1,-76.4;-75.5;-82.6;-84.5;-86.7,-12.1;-11.9;-15.2;-16.2;-16.5,4.7;255;255;255;255,0,0,0,QPSK,-,100,0,0,0,0.00,0.00,0.00,0.00,0,1,Rank 2,18,108,2,69,-,69,9,23.9,25,25,256QAM,0,SISO,3.4,0,0,0.00,0.00,0.00,0.14,Rank 1,4,116,20,-,4 x 4,HandOver,49922,Free,17,FORMAT_0,44,57,Success,49922,2,-,12,-3,-9,-,20,-,1,2,-,-,-,-,-,-,-,-,-,-,-,-,-,Registered,Normal Service,9,269,18,89CE79EC,914,18,30kHz,992,-,4,1,-,-,New trans.,0,0,256QAM,12,1,49922,909,13,0,0,Pass,0,QPSK,0,16,1,0,15,30kHz,Re trans.,-,346,
20260725 15:16:15.887,24.826227,102.851548,12.74,1950,3,1,0.00,0.00,,,,,,,1,SA,460,00,中国移动,4456484,6443552780,1573133,12,Normal,-,1,41,100,100,504990,-,495,513000,513000,30kHz,503172,1099,-,ms20,Connected,SA,-0.7,1,0,-60,100,-83.4,-14,1.2,1,Not Barred,6,6312,-42,504990,495,-79.4;-85.8;-91.8;-93.5,-,5.7;-5.7;4.1;-1,8.6;3.2;6.5;6.2,-42;-52.4;-46.8;-49.1,1;2;4;6;7;1;3;2,495;495;495;495;722;560;496;497,-82.8;-89.3;-92;-92.2;-89.8;-89.8;-81.2;-82.9,-13.5;-19.1;-16.2;-15.2;-16.9;-20.4;-11.5;-13.8,255;255;255;255;255;255;255;255,1;0;0;0;0,504990;504990;504990;504990;504990,495;496;497;560;722,1;3;2;1;7,-,4;1;1;1;1,-83.4;-79.2;-83;-89.8;-89.9,-14;-11.8;-13.8;-18.3;-17,1.2;255;255;255;255,2,28,0,QPSK,-,100,0,0,0,0.00,0.00,0.00,0.00,5.3,3,Rank 2,20,448,21,69,-,69,12,23.2,25,25,256QAM,0,SMDL,1.9,0,11.5,0.00,0.00,0.00,0.21,Rank 2,4,208,82,-,4 x 4,HandOver,49922,Free,17,FORMAT_0,44,57,Success,49922,2,-,14,5,-9,-,82,-,3,18,-,-,-,-,-,-,-,-,-,-,-,-,-,Registered,Normal Service,9,269,18,89CE79EC,16,18,30kHz,992,-,4,1,-,-,New trans.,0,0,256QAM,80,1,49922,11,13,0,0,Pass,0,QPSK,0,16,1,0,15,30kHz,Re trans.,-,2942,
20260725 15:16:16.895,24.826197,102.851537,13.21,1950,3,1,0.00,0.00,,,,,,,1,SA,460,00,中国移动,4456484,6443552779,1573133,11,Normal,-,1,41,100,100,504990,-,495,513000,513000,30kHz,503172,1099,-,ms20,Connected,SA,-0.7,0,0,-60,105,-87.5,-14.5,2.1,1,Not Barred,6,6312,-44,504990,495,-81.6;-88.7;-96.8;-95,-,0.9;-5.5;-13.9;3.8,1.1;-0.1;1.8;6,-44;-58.1;-50.1;-46.6,1;2;4;6;7;7;3;2;5;6;1,495;495;495;495;722;560;496;497;220;532;238,-87.2;-104.6;-96.3;-106.2;-91.5;-87.9;-84.6;-83.3;-100.7;-99.5;-95.1,-14.3;-23.8;-17.4;-21.7;-17.5;-14;-11.4;-11.8;-19.4;-18.5;-20.8,255;255;255;255;255;255;255;255;255;255;255,1;0;0;0;0;0;0;0,504990;504990;504990;504990;504990;504990;504990;504990,495;497;496;560;722;238;220;532,1;2;3;7;7;1;5;6,-,4;1;1;1;1;1;1;1,-87.5;-84.7;-85.4;-90.1;-91.5;-95.1;-100.7;-114.2,-14.5;-12.8;-12.5;-15.4;-17.5;-20.8;-19.4;-25.5,2.1;255;255;255;255;255;255;255,3.7,28,0,QPSK,-,100,0,0,0,0.00,0.00,0.00,0.00,0,1,Rank 2,17,176,4,60,-,60,10,23.5,31,22,256QAM,0,SMDL,0,0,0,0.00,0.00,0.02,0.33,Rank 2,4,200,50,-,4 x 4,HandOver,49922,Free,17,FORMAT_0,44,57,Success,49922,2,-,17,9,-9,-,50,-,3,4,-,-,-,-,-,-,-,-,-,-,-,-,-,Registered,Normal Service,9,269,18,89CE79EC,124,19,30kHz,992,-,4,1,-,-,New trans.,0,2,256QAM,76,1,49922,120,0,0,0,Pass,0,QPSK,0,16,1,0,15,30kHz,Re trans.,-,915,
20260725 15:16:17.905,24.826162,102.851541,14.65,1950,3,1,0.00,0.00,,,,,,,1,SA,460,00,中国移动,4456484,6443552779,1573133,11,Normal,-,1,41,100,100,504990,-,495,513000,513000,30kHz,503172,1099,-,ms20,Connected,SA,-0.7,0,0,-60,105,-88.5,-15.2,-3.4,1,Not Barred,6,6312,-48.5,504990,495,-93.1;-89.3;-95.7;-97,-,-5.6;-8.4;-3.5;-7.4,0;2.9;1.8;10.1,-48.5;-53.3;-51.5;-50.6,1;4;6;0;7;7;3;2;1;6;0,495;495;495;495;722;560;496;497;875;532;876,-88.1;-97.5;-102.2;-131;-91.2;-97.8;-82.4;-82.8;-119.9;-100;-95.2,-15;-16.4;-19.8;-33.3;-17.8;-19.6;-10.8;-11.7;-30;-19.2;-18.6,255;255;255;255;255;255;255;255;255;255;255,1;0;0;0;0;0;0;0,504990;504990;504990;504990;504990;504990;504990;504990,495;497;496;722;560;876;532;875,1;2;3;7;7;0;6;1,-,4;1;1;1;1;1;1;1,-88.5;-83.5;-83.9;-91.2;-93;-95.2;-100;-119.9,-15.2;-12.4;-11.9;-17.8;-17.7;-18.6;-19.3;-30,-3.4;255;255;255;255;255;255;255,3.7,28,0,QPSK,-,100,0,0,0,0.00,0.00,0.00,0.00,14.3,1,Rank 2,17,176,9,60,-,60,9,24.8,31,25,256QAM,0,SMDL,0,0,0,0.00,0.00,0.01,0.34,Rank 2,4,200,50,-,4 x 4,HandOver,49922,Free,17,FORMAT_0,44,57,Success,49922,2,-,17,17,-9,-,50,-,1,8,-,-,-,-,-,-,-,-,-,-,-,-,-,Registered,Normal Service,9,269,18,89CE79EC,202,19,30kHz,944,-,4,1,-,-,New trans.,0,1,256QAM,60,1,49922,198,0,0,0,Pass,0,QPSK,0,16,1,0,15,30kHz,Re trans.,-,915,
20260725 15:16:18.918,24.826126,102.851555,14.65,1950,3,1,0.00,0.00,,,,,,,1,SA,460,00,中国移动,4456484,6443552780,1573133,12,Normal,-,1,41,100,100,504990,-,497,513000,513000,30kHz,503172,1099,-,ms20,Connected,SA,-0.7,0,4,-60,102,-85.6,-12.6,11.7,2,Not Barred,6,6312,-47.8,504990,497,-81.9;-91.4;-83.8;-94.3,-,7.9;6.3;7.1;-1.8,18.4;18.1;19.8;17.4,-47.8;-57.4;-49.8;-48.9,1;7;7;0;2;1;0;4;1;6;0,495;722;560;496;497;497;497;497;875;532;876,-90.5;-94.6;-89.9;-87;-84.9;-86.4;-100.1;-97.1;-87.2;-98.8;-87.8,-19.1;-17;-14.4;-14.1;-11.6;-13.6;-20.1;-15.9;-16;-17.6;-15.2,255;255;255;255;255;255;255;255;255;255;255,1;0;0;0;0;0;0;0,504990;504990;504990;504990;504990;504990;504990;504990,497;875;496;876;495;560;722;532,2;1;0;0;1;7;7;6,-,4;1;1;1;1;1;1;1,-85.6;-87.2;-87.8;-87.8;-90.6;-91.6;-94.6;-98.8,-12.6;-16;-13.6;-15.2;-19.1;-16.1;-17;-17.6,11.7;255;255;255;255;255;255;255,5,28,0,QPSK,-,100,0,0,0,0.00,0.00,0.01,0.01,20,1,Rank 2,19,228,11,63,-,63,12,24.8,31,25,256QAM,0,SMDL,0,0,0,0.00,0.00,0.02,0.37,Rank 2,5,448,111,-,4 x 4,HandOver,49175,Free,17,FORMAT_0,38,57,Success,49175,1,-,19,3,2,-,111,-,1,11,-,-,-,-,-,-,-,-,-,-,-,-,-,Registered,Normal Service,9,269,18,89CE79EC,335,19,30kHz,1249,-,5,1,-,-,New trans.,0,0,256QAM,251,1,49175,332,3,0,0,Pass,0,QPSK,0,16,1,0,15,30kHz,Re trans.,-,1224,
20260725 15:16:19.932,24.826092,102.851571,13.86,1951,3,1,0.00,0.00,,,,,,,1,SA,460,00,中国移动,4456484,6443552779,1573133,11,Normal,-,1,41,100,100,504990,-,497,513000,513000,30kHz,503172,1099,-,ms20,Connected,SA,-0.7,-1,4,-60,105,-87,-12.7,7.1,2,Not Barred,6,6312,-52.8,504990,497,-88.4;-88.5;-91.1;-94.8,-,3.5;3.6;7.2;6.1,17;14.6;15;14.7,-52.8;-55.6;-58.5;-52.9,1;7;7;7;2;1;4;5;1;6;0;1,495;722;560;496;497;497;497;497;875;532;876;238,-93.7;-111.4;-88.8;-86.2;-87.6;-86.3;-93.8;-96.7;-84.7;-95.9;-84.2;-95,-19.8;-26.6;-15.4;-13.1;-11.7;-14.1;-12.7;-14.2;-14.2;-17.5;-11.6;-17.8,255;255;255;255;255;255;255;255;255;255;255;255,1;0;0;0;0;0;0;0;0,504990;504990;504990;504990;504990;504990;504990;504990;504990,497;876;875;496;560;495;238;532;722,2;0;1;7;7;1;1;6;7,-,4;1;1;1;1;1;1;1;1,-87;-84.2;-84.7;-87.2;-89.8;-93.3;-95;-96.4;-111.4,-12.7;-11.6;-14.2;-13.3;-15.7;-19.5;-17.8;-17.8;-26.6,7.1;255;255;255;255;255;255;255;255,3.7,28,0,QPSK,-,100,0,0,0,0.00,0.00,0.02,0.02,10,1,Rank 2,20,408,18,63,-,63,11,22.2,25,25,256QAM,0,SMDL,2.7,0,6.8,0.00,0.00,0.03,0.83,Rank 2,5,300,88,-,4 x 4,HandOver,49175,Free,17,FORMAT_0,38,57,Success,49175,1,-,19,9,2,-,88,-,2,16,-,-,-,-,-,-,-,-,-,-,-,-,-,Registered,Normal Service,9,269,18,89CE79EC,436,18,30kHz,1249,-,5,1,-,-,New trans.,0,0,256QAM,231,1,49175,436,3,0,0,Pass,0,QPSK,0,16,1,0,15,30kHz,Re trans.,-,2577,
20260725 15:16:20.946,24.826058,102.851586,13.86,1951,3,1,0.00,0.00,,,,,,,1,SA,460,00,中国移动,4456485,6679580736,1630757,64,Normal,-,1,41,100,100,504990,-,876,513000,513000,30kHz,503172,1099,-,ms20,Connected,SA,-0.7,1,7,-60,91,-73.3,-10.6,17.5,0,Not Barred,6,6312,-32.9,504990,876,-72;-75.8;-77.5;-90.1,-,17.5;14.1;13.5;5.6,30.4;25.8;28.2;15.7,-32.9;-56.3;-41.4;-40.5,1;7;7;1;1;1;6;0;1,495;722;560;496;497;875;532;876;238,-108.6;-100.9;-85.5;-91.6;-85.8;-91.8;-94.4;-73.3;-103,-23.6;-23;-12.4;-18.3;-12.8;-18.5;-14.5;-10.6;-23.9,255;255;255;255;255;255;255;255;255,1;0;0;0;0;0;0;0;0,504990;504990;504990;504990;504990;504990;504990;504990;504990,876;497;560;496;875;532;495;722;238,0;1;7;1;1;6;1;7;1,-,1;1;1;1;1;1;1;1;1,-73.3;-86.1;-87.7;-91.1;-91.8;-93.1;-96.2;-100.9;-101.2,-10.6;-12.6;-14;-15.5;-18.5;-14.4;-18.2;-23;-21.6,17.5;255;255;255;255;255;255;255;255,2,28,0,QPSK,-,100,0,0,0,0.00,0.00,0.01,0.01,0,1,Rank 1,22,596,23,185,-,185,12,24.5,31,25,256QAM,0,SMSL,1.2,0,9.6,0.00,0.00,0.04,0.47,Rank 1,4,406,86,-,4 x 4,HandOver,57584,Free,17,FORMAT_0,753,127,Success,57584,1,-,7,-5,-7,-,86,-,3,20,-,-,-,-,-,-,-,-,-,-,-,-,-,Registered,Normal Service,9,269,18,10A04B1D,536,18,30kHz,544,-,4,1,-,-,New trans.,0,0,256QAM,11,1,57584,535,3,0,0,Pass,1,QPSK,2,16,1,0,15,30kHz,Re trans.,-,4253,
20260725 15:16:21.956,24.826023,102.851597,14.51,1951,3,1,0.00,0.00,,,,,,,1,SA,460,00,中国移动,4456485,6443552780,1573133,12,Normal,-,1,41,100,100,504990,-,876,513000,513000,30kHz,503172,1099,-,ms20,Connected,SA,-0.7,1,7,-60,97,-78.1,-11,10.4,0,Not Barred,6,6312,-41.3,504990,876,-76.2;-85.2;-82.2;-96.6,-,6.3;3.5;5.7;-9.2,24;21.6;26.6;14.9,-41.3;-57.5;-45.5;-46.5,1;7;7;3;2;1;3;0;1,495;722;560;496;497;875;532;876;238,-103.5;-96.6;-92.5;-90.7;-87;-97.7;-92.8;-78.1;-90.6,-22.9;-18.7;-14.7;-13.7;-12;-19.8;-14.9;-11;-15.8,255;255;255;255;255;255;255;255;255,1;0;0;0;0;0;0;0;0,504990;504990;504990;504990;504990;504990;504990;504990;504990,876;497;238;496;532;560;495;722;875,0;2;1;3;3;7;1;7;1,-,1;1;1;1;1;1;1;1;1,-78.1;-87.1;-91;-91.7;-92.6;-93.3;-95.9;-96.6;-97.7,-11;-13;-16.1;-14.8;-14.5;-15.7;-19.4;-18.7;-19.8,10.4;255;255;255;255;255;255;255;255,1.7,4,2,QPSK,-,100,0,0,0,0.00,0.00,0.01,0.01,3.8,1,Rank 1,20,144,9,69,-,69,12,22.7,31,25,256QAM,0,SMSL,0,0,21.6,0.01,0.00,0.07,0.72,Rank 1,4,388,80,-,4 x 4,HandOver,57584,Free,17,FORMAT_0,753,127,Success,57584,1,-,13,5,-7,-,80,-,1,8,-,-,-,-,-,-,-,-,-,-,-,-,-,Registered,Normal Service,9,269,18,10A04B1D,642,18,30kHz,469,-,4,1,-,-,New trans.,0,0,256QAM,15,1,57584,637,13,0,0,Pass,0,QPSK,0,16,1,0,15,30kHz,Re trans.,-,1179,
20260725 15:16:22.962,24.825986,102.851607,15.34,1951,3,1,0.00,0.00,,,,,,,1,SA,460,00,中国移动,4456484,6443552780,1573133,12,Normal,-,1,41,100,100,504990,-,497,513000,513000,30kHz,503172,1099,-,ms20,Connected,SA,-0.7,-2,4,-60,106,-87.1,-12.8,0.4,1,Not Barred,6,6312,-48,504990,497,-85.9;-86.3;-92.4;-91,-,-5.7;0.7;1.5;-1.3,14.2;14.1;16.2;13.4,-49.1;-54.1;-48;-51,1;6;7;7;1;2;0;4;0,238;532;560;496;497;497;497;497;876,-91.3;-93.8;-89.1;-90.7;-87;-87.5;-90.5;-95.8;-98.3,-16.3;-14;-13.3;-14;-13.7;-11.5;-14.4;-13.9;-20.9,255;255;255;255;255;255;255;255;255,1;0;0;0;0;0,504990;504990;504990;504990;504990;504990,497;560;496;238;532;876,1;7;7;1;6;0,-,4;1;1;1;1;1,-87.1;-90.5;-91.8;-91.9;-94.8;-98.3,-12.8;-13.5;-14.9;-16.9;-16;-20.9,0.4;255;255;255;255;255,0.6,4,0,QPSK,-,100,0,0,0,0.00,0.00,0.04,0.04,0,1,Rank 2,17,480,12,69,-,69,12,25.7,31,25,256QAM,0,SMSL,0,0,0,0.00,0.00,0.02,0.35,Rank 1,5,292,122,-,4 x 4,HandOver,48398,Free,17,FORMAT_0,38,57,Success,48398,2,-,19,7,-1,-,122,-,1,11,-,-,-,-,-,-,-,-,-,-,-,-,-,Registered,Normal Service,9,269,18,60CB82BF,739,8,30kHz,1249,-,5,1,-,-,New trans.,0,0,256QAM,219,1,48398,738,3,0,0,Pass,1,QPSK,0,16,1,0,15,30kHz,Re trans.,-,3285,
20260725 15:16:23.968,24.825948,102.851616,14.83,1950,3,1,0.00,0.00,,,,,,,1,SA,460,00,中国移动,4456484,6679580736,1630757,64,Normal,-,1,41,100,100,504990,-,497,513000,513000,30kHz,503172,1099,-,ms20,Connected,SA,-0.7,4,4,-60,106,-89.3,-13.3,4.9,2,Not Barred,6,6312,-50.4,504990,497,-91.6;-90;-96.9;-98,-,2.5;1.9;4.3;7.4,14.1;13.3;14.9;13.2,-50.4;-60.5;-57.6;-53.3,1;6;7;7;2;0;1;4;0;4;7,238;532;560;496;497;497;497;497;876;239;722,-83.5;-94;-85.3;-89.8;-88.3;-89.9;-91.4;-95.4;-123.1;-97.3;-134.9,-12;-14.4;-12.3;-15.2;-11.9;-13.9;-15.5;-13.8;-30.5;-15.6;-35,255;255;255;255;255;255;255;255;255;255;255,1;0;0;0;0;0;0;0,504990;504990;504990;504990;504990;504990;504990;504990,497;238;560;496;532;239;876;722,2;1;7;7;6;4;0;7,-,4;1;1;1;1;1;1;1,-89.3;-83.8;-87;-91;-94.5;-97.3;-123.1;-134.9,-13.3;-12.2;-12.5;-16.7;-15.9;-15.6;-30.5;-35,4.9;255;255;255;255;255;255;255,0.3,2,0,QPSK,-,100,0,0,0,0.00,0.00,0.02,0.03,0,1,Rank 2,20,160,23,63,-,63,12,25,31,24,256QAM,0,SMDL,1.4,0,2.9,0.00,0.00,0.16,0.29,Rank 2,5,620,109,-,4 x 4,HandOver,48398,Free,17,FORMAT_0,38,57,Success,48398,2,-,19,10,-1,-,109,-,3,20,-,-,-,-,-,-,-,-,-,-,-,-,-,Registered,Normal Service,9,269,18,60CB82BF,836,18,30kHz,1121,-,5,1,-,-,New trans.,0,0,256QAM,195,1,48398,836,3,0,0,Pass,1,QPSK,0,16,1,0,15,30kHz,Re trans.,-,740,
20260725 15:16:24.974,24.825910,102.851625,15.41,1950,3,1,0.00,0.00,,,,,,,1,SA,460,00,中国移动,4456484,6443552780,1573133,12,Normal,-,1,41,100,100,504990,-,497,513000,513000,30kHz,503172,1099,-,ms20,Connected,SA,-0.7,4,4,-60,108,-90.1,-13.6,4.1,2,Not Barred,6,6312,-51.5,504990,497,-94.7;-91.1;-91.9;-97,-,5.3;5.5;0.9;6.7,14.6;9.6;12.7;16.9,-51.5;-58.4;-55.5;-54.4,1;6;7;7;2;0;1;4;7;4,238;532;560;496;497;497;497;497;722;239,-89.1;-93.1;-82.4;-91.1;-91.4;-88.7;-94;-97.8;-154;-119.6,-13.3;-14.9;-11.3;-19.4;-12.8;-13.6;-17.1;-15.5;-42.3;-27,255;255;255;255;255;255;255;255;255;255,1;0;0;0;0;0;0,504990;504990;504990;504990;504990;504990;504990,497;560;238;496;532;239;722,2;7;1;7;6;4;7,-,4;1;1;1;1;1;1,-90.1;-84.2;-89.2;-92.4;-94.7;-107.5;-154,-13.6;-11.4;-13.4;-17.5;-16.8;-21.9;-42.3,4.1;255;255;255;255;255;255,0.3,2,0,QPSK,-,100,0,0,0,0.00,0.00,0.01,0.01,0,1,Rank 2,20,160,7,69,-,69,11,23.7,31,24,256QAM,0,SMDL,0,0,0,0.00,0.00,0.08,0.87,Rank 2,5,300,68,-,4 x 4,HandOver,48398,Free,17,FORMAT_0,38,57,Success,48398,2,-,19,10,-1,-,68,-,3,7,-,-,-,-,-,-,-,-,-,-,-,-,-,Registered,Normal Service,9,269,18,60CB82BF,906,8,30kHz,992,-,5,1,-,-,New trans.,0,0,256QAM,249,1,48398,901,3,0,0,Pass,1,QPSK,0,16,1,0,15,30kHz,Re trans.,-,740,
20260725 15:16:25.981,24.825873,102.851637,15.19,1950,3,1,0.00,0.00,,,,,,,1,SA,460,00,中国移动,4456484,6443552780,1573133,12,Normal,-,1,41,100,100,504990,-,497,513000,513000,30kHz,503172,1099,-,ms20,Connected,SA,-0.7,3,4,-60,111,-89.8,-13,3.9,2,Not Barred,6,6312,-54.5,504990,497,-93.1;-100.3;-94.7;-102.4,-,2.7;-0.8;-4.3;-0.5,16.8;10.8;14.6;12.9,-54.5;-60.4;-58;-56.3,1;3;7;7;2;0;1;4;5,238;532;560;496;497;497;497;497;558,-92.7;-93.8;-88.6;-96.6;-93.6;-89.2;-98.5;-109;-106,-14.5;-14.6;-11.8;-18.4;-13.5;-13;-17.8;-20.4;-19.3,255;255;255;255;255;255;255;255;255,1;0;0;0;0;0,504990;504990;504990;504990;504990;504990,497;560;532;238;496;558,2;7;3;1;7;5,-,4;1;1;1;1;1,-89.8;-89.7;-93.4;-94.1;-96.5;-106,-13;-12.6;-13.4;-15.5;-17.6;-19.3,3.9;255;255;255;255;255,0.1,1,0,QPSK,-,100,0,0,0,0.00,0.00,0.00,0.00,0,4,Rank 2,16,112,10,69,-,69,10,22.7,31,22,256QAM,0,SMDL,0,0,0,0.00,0.00,0.08,0.53,Rank 2,5,245,61,-,4 x 4,HandOver,48398,Free,17,FORMAT_0,38,57,Success,48398,2,-,19,19,-1,-,61,-,3,10,-,-,-,-,-,-,-,-,-,-,-,-,-,Registered,Normal Service,9,269,18,60CB82BF,13,18,30kHz,1057,-,5,1,-,-,New trans.,0,0,256QAM,195,1,48398,1004,3,0,0,Pass,1,QPSK,0,16,4,0,15,30kHz,Re trans.,-,595,
20260725 15:16:26.995,24.825837,102.851653,14.83,1950,3,1,0.00,0.00,,,,,,,1,SA,460,00,中国移动,4456484,6443552780,1573133,12,Normal,-,1,41,100,100,504990,-,497,513000,513000,30kHz,503172,1099,-,ms20,Connected,SA,-0.7,5,4,-60,112,-93.1,-14.6,1,2,Not Barred,6,6312,-52.5,504990,497,-95;-92.6;-101;-103.4,-,-2.2;-2.5;-9.1;3.6,10.6;12.4;12.4;14.4,-52.5;-64;-58.4;-53.9,1;6;7;7;2;0;1;5;5;1;5;4,238;532;560;496;497;497;497;497;558;876;220;239,-88;-88;-92.4;-97.9;-94.9;-91.9;-97.9;-105.9;-127.2;-103.2;-117.1;-102.9,-11.8;-11.4;-15;-19.4;-14.6;-14.1;-17.9;-19.2;-29.7;-22.7;-24.3;-20.2,255;255;255;255;255;255;255;255;255;255;255;255,1;0;0;0;0;0;0;0;0,504990;504990;504990;504990;504990;504990;504990;504990;504990,497;532;238;560;496;239;876;220;558,2;6;1;7;7;4;1;5;5,-,4;1;1;1;1;1;1;1;1,-93.1;-89.5;-90;-93.7;-99.2;-102.9;-103.2;-117.1;-127.2,-14.6;-12;-13.1;-15.8;-19.7;-20.2;-22.7;-24.3;-29.7,1;255;255;255;255;255;255;255;255,0.4,4,0,QPSK,-,100,0,0,0,0.00,0.00,0.01,0.01,0,1,Rank 3,16,176,7,63,-,63,9,21.4,31,21,256QAM,0,SMDL,0,0,1.5,0.00,0.00,0.01,0.41,Rank 2,5,325,64,-,4 x 4,HandOver,48398,Free,17,FORMAT_0,38,57,Success,48398,2,-,19,23,-1,-,64,-,1,6,-,-,-,-,-,-,-,-,-,-,-,-,-,Registered,Normal Service,9,269,18,60CB82BF,105,9,30kHz,1121,-,5,1,-,-,New trans.,0,0,256QAM,235,1,48398,100,3,0,0,Pass,1,QPSK,0,16,1,0,15,30kHz,Re trans.,-,1042,
20260725 15:16:28.007,24.825806,102.851676,14.65,1950,3,1,0.00,0.00,,,,,,,1,SA,460,00,中国移动,4456484,6443552780,1573133,12,Normal,-,1,41,100,100,504990,-,238,513000,513000,30kHz,503172,1099,-,ms20,Connected,SA,-0.7,0,0,-60,111,-91.7,-13.7,3.4,1,Not Barred,6,6312,-49.5,504990,238,-92.3;-156;-95.7;-92.5,-,-0.3;-6.8;-5.7;3.4,6;8.2;8.7;6.1,-49.5;-56;-52.3;-53.9,1;2;0;7;6;7;7;0;5;4,238;238;238;238;532;560;496;497;558;239,-90.4;-95.9;-94.1;-94.9;-91.6;-99.2;-97.9;-93.5;-109;-104.1,-13.1;-15.2;-14.8;-14.9;-12.1;-17.5;-16.9;-14;-20.3;-19.9,255;255;255;255;255;255;255;255;255;255,1;0;0;0;0;0;0,504990;504990;504990;504990;504990;504990;504990,238;532;497;560;496;239;558,1;6;0;7;7;4;5,-,4;1;1;1;1;1;1,-91.7;-92.5;-95.1;-98.2;-98.4;-104.6;-109,-13.7;-13.1;-15.3;-17;-17.4;-19.8;-20.3,3.4;255;255;255;255;255;255,0,0,0,QPSK,-,100,0,0,0,0.00,0.00,0.00,0.00,0,4,Rank 3,16,180,17,69,-,69,11,21.8,24,22,256QAM,0,SMDL,0,0,0,0.00,0.00,0.02,0.50,Rank 2,4,360,99,-,4 x 4,HandOver,12223,Free,17,FORMAT_0,7,127,Success,12223,5,-,10,19,7,-,99,-,1,16,-,-,-,-,-,-,-,-,-,-,-,-,-,Registered,Normal Service,9,269,18,60CB82BF,217,19,30kHz,896,-,4,1,-,-,New trans.,0,0,256QAM,135,1,12223,214,14,0,0,Pass,0,QPSK,0,16,1,0,15,30kHz,Re trans.,-,756,
20260725 15:16:29.013,24.825781,102.851705,14.26,1950,3,1,0.00,0.00,,,,,,,1,SA,460,00,中国移动,4456484,6443552780,1573133,12,Normal,-,1,41,100,100,504990,-,238,513000,513000,30kHz,503172,1099,-,ms20,Connected,SA,-0.7,1,0,-60,113,-93.6,-14.4,0.3,1,Not Barred,6,6312,-55.9,504990,238,-99.5;-97;-95.7;-101.7,-,2;-2.5;-3.4;3.3,-1.1;-0.3;1.9;5.3,-57.8;-59.5;-55.9;-57.4,1;2;6;7;6;7;7;0;5;5;5;1,238;238;238;238;532;560;496;497;558;239;220;876,-92.9;-96.3;-96.7;-100.1;-89.1;-95.9;-98.1;-92.8;-106.9;-109.1;-105.8;-101.8,-13.9;-15.3;-17.3;-18.3;-11.6;-13.5;-17.8;-13.8;-20;-21.2;-18.1;-18.5,255;255;255;255;255;255;255;255;255;255;255;255,1;0;0;0;0;0;0;0;0,504990;504990;504990;504990;504990;504990;504990;504990;504990,238;532;497;560;496;876;220;558;239,1;6;0;7;7;1;5;5;5,-,4;1;1;1;1;1;1;1;1,-93.6;-90.6;-93.5;-97;-98.1;-101.8;-105.8;-106.9;-108.3,-14.4;-12;-14;-15.3;-17.8;-18.5;-18.1;-20;-20.9,0.3;255;255;255;255;255;255;255;255,0.8,4,0,QPSK,-,100,0,0,0,0.00,0.00,0.02,0.02,0,1,Rank 2,18,340,7,69,-,69,12,23.4,31,25,256QAM,0,SMDL,1.1,0,8.3,0.00,0.00,0.00,0.57,Rank 2,4,1148,285,-,4 x 4,HandOver,12223,Free,17,FORMAT_0,7,127,Success,12223,5,-,9,20,7,-,285,-,1,6,-,-,-,-,-,-,-,-,-,-,-,-,-,Registered,Normal Service,9,269,18,60CB82BF,315,18,30kHz,800,-,4,1,-,-,New trans.,0,0,256QAM,151,1,12223,313,13,0,0,Pass,1,QPSK,0,16,1,0,15,30kHz,Re trans.,-,2162,
20260725 15:16:30.026,24.825760,102.851737,14.40,1949,3,1,0.00,0.00,,,,,,,1,SA,460,00,中国移动,4456484,6443552780,1573133,12,Normal,-,1,41,100,100,504990,-,238,513000,513000,30kHz,503172,1099,-,ms20,Connected,SA,-0.7,0,0,-60,112,-92.3,-14.5,2.5,1,Not Barred,6,6312,-51.9,504990,238,-91.6;-91.5;-92.6;-103,-,-12.4;-0.2;2.2;3.3,1.7;-2.7;-0.3;2.8,-51.9;-55.9;-52.8;-51.9,1;6;2;0;6;7;7;0;1;4;5;1,238;238;238;238;532;560;496;497;558;239;237;876,-91.6;-98.2;-95.1;-97.4;-89.2;-92.1;-99.4;-93;-99.9;-102.5;-107.8;-96.6,-13.5;-18.5;-15.1;-17.3;-11.4;-13.4;-20;-13.8;-20.4;-20.7;-19.8;-18.5,255;255;255;255;255;255;255;255;255;255;255;255,1;0;0;0;0;0;0;0;0,504990;504990;504990;504990;504990;504990;504990;504990;504990,238;532;497;560;876;496;558;239;237,1;6;0;7;1;7;1;4;5,-,4;1;1;1;1;1;1;1;1,-92.3;-90;-93.5;-93.6;-96.6;-99.7;-99.9;-103.6;-107.8,-14.5;-12.2;-14.4;-14.8;-18.5;-19.4;-20.4;-19.5;-19.8,2.5;255;255;255;255;255;255;255;255,0.8,4,0,QPSK,-,100,0,0,0,0.00,0.00,0.00,0.00,0,1,Rank 2,18,340,8,69,-,69,12,20.8,31,19,256QAM,0,SMDL,0,0,38.5,0.00,0.00,0.08,1.94,Rank 2,4,540,213,-,4 x 4,HandOver,12223,Free,17,FORMAT_0,7,127,Success,12223,5,-,10,15,7,-,213,-,1,8,-,-,-,-,-,-,-,-,-,-,-,-,-,Registered,Normal Service,9,269,18,60CB82BF,424,18,30kHz,848,-,4,1,-,-,New trans.,0,0,256QAM,152,1,12223,399,13,0,0,Pass,0,QPSK,0,16,1,0,15,30kHz,Re trans.,-,2162,
20260725 15:16:31.038,24.825738,102.851768,14.15,1949,3,1,0.00,0.00,,,,,,,1,SA,460,00,中国移动,4456484,6471196684,1579882,12,Normal,-,1,41,100,100,504990,-,238,513000,513000,30kHz,503172,1099,-,ms20,Connected,SA,-0.7,1,0,-60,106,-85.1,-12,3.5,1,Not Barred,6,6312,-50.1,504990,238,-92.1;-96.3;-94.2;-100.3,-,7;-2.1;1.7;-1.9,8.8;6.1;6.6;0.8,-50.1;-58.3;-52.8;-53.1,1;0;7;2;6;7;7;0;5;5,238;238;238;238;532;560;496;497;237;239,-86.2;-90.2;-86.1;-91.7;-92.9;-90.2;-99.6;-95;-102.6;-106.8,-11.7;-13.5;-12.4;-13.4;-13.8;-14.1;-21.2;-17.9;-18.3;-20,255;255;255;255;255;255;255;255;255;255,1;0;0;0;0;0;0,504990;504990;504990;504990;504990;504990;504990,238;560;532;497;496;237;239,1;7;6;0;7;5;5,-,4;1;1;1;1;1;1,-85.1;-91.7;-93.8;-94.7;-98.5;-102.6;-105.1,-12;-14.1;-14.6;-16;-20.5;-18.3;-19.7,3.5;255;255;255;255;255;255,0,0,0,QPSK,-,100,0,0,0,0.00,0.00,0.00,0.00,0,1,Rank 2,16,128,2,69,-,69,11,20.5,31,20,256QAM,0,SMDL,0,0,43.1,0.00,0.00,0.06,0.80,Rank 2,4,724,70,-,4 x 4,HandOver,12223,Free,17,FORMAT_0,7,127,Success,12223,5,-,6,10,7,-,70,-,1,2,-,-,-,-,-,-,-,-,-,-,-,-,-,Registered,Normal Service,9,269,18,60CB82BF,524,18,30kHz,800,-,4,1,-,-,New trans.,0,0,256QAM,151,1,12223,513,13,0,0,Pass,0,QPSK,0,16,1,0,15,30kHz,Re trans.,-,552,
20260725 15:16:32.052,24.825716,102.851792,13.82,1949,3,1,0.00,0.00,,,,,,,1,SA,460,00,中国移动,4456484,6471196684,1579882,12,Normal,-,1,41,100,100,504990,-,238,513000,513000,30kHz,503172,1099,-,ms20,Connected,SA,-0.7,1,0,-60,111,-89.4,-12.6,6.7,1,Not Barred,6,6312,-52.4,504990,238,-86.6;-92.2;-88.5;-100.5,-,6.1;0.9;7.5;-0.2,8.8;5.3;9.9;3.9,-52.4;-56.5;-53.4;-53.6,1;0;7;2;6;7;7;2;5;4,238;238;238;238;532;560;496;497;237;239,-90.3;-90.6;-90.3;-90.4;-91.2;-92.6;-101.4;-93.2;-111.3;-103.6,-12.5;-12.9;-12.4;-13.2;-11.9;-15.6;-20.5;-15.2;-22.6;-21,255;255;255;255;255;255;255;255;255;255,1;0;0;0;0;0;0,504990;504990;504990;504990;504990;504990;504990,238;532;560;497;496;239;237,1;6;7;2;7;4;5,-,4;1;1;1;1;1;1,-89.4;-92.9;-93.3;-93.4;-101.5;-103.9;-111.3,-12.6;-12.9;-15.6;-15.1;-19.1;-20.3;-22.6,6.7;255;255;255;255;255;255,0,0,0,QPSK,-,100,0,0,0,0.00,0.00,0.00,0.00,0,1,Rank 2,16,128,6,69,-,69,12,22.1,31,21,256QAM,0,SMDL,0,0,7,0.00,0.00,0.06,1.05,Rank 2,4,400,214,-,4 x 4,HandOver,12223,Free,17,FORMAT_0,7,127,Success,12223,5,-,9,13,7,-,214,-,1,6,-,-,-,-,-,-,-,-,-,-,-,-,-,Registered,Normal Service,9,269,18,60CB82BF,616,19,30kHz,896,-,4,1,-,-,New trans.,0,0,256QAM,151,0,12223,591,13,0,0,Pass,0,QPSK,0,16,1,0,15,30kHz,Re trans.,-,552,
20260725 15:16:33.066,24.825697,102.851808,13.32,1949,3,1,0.00,0.00,,,,,,,1,SA,460,00,中国移动,4456484,6471196684,1579882,12,Normal,-,1,41,100,100,504990,-,238,513000,513000,30kHz,503172,1099,-,ms20,Connected,SA,-0.7,1,0,-60,112,-92.6,-13.5,6.3,1,Not Barred,6,6312,-52,504990,238,-92;-88.1;-88.5;-95.6,-,-3.6;5.9;1.3;1.4,4.7;8.5;6.3;4.4,-52.9;-56.8;-52.4;-52,1;7;2;0;6;7;7;2;5;4;5;5,238;238;238;238;532;560;496;497;237;239;558;533,-92;-95.9;-93.4;-94.6;-91.6;-92.7;-97.8;-95.8;-109.3;-105.9;-109.4;-128.6,-12.8;-15.3;-13.9;-14.5;-11.5;-13.8;-17.5;-15.6;-19.8;-21.6;-19.5;-29.3,255;255;255;255;255;255;255;255;255;255;255;255,1;0;0;0;0;0;0;0;0,504990;504990;504990;504990;504990;504990;504990;504990;504990,238;532;560;497;496;239;237;558;533,1;6;7;2;7;4;5;5;5,-,4;1;1;1;1;1;1;1;1,-92.6;-92.6;-93.8;-96.9;-98.2;-106.4;-109.3;-109.4;-128.6,-13.5;-12;-14;-16.1;-17.4;-21.7;-19.8;-19.5;-29.3,6.3;255;255;255;255;255;255;255;255,0.1,1,0,QPSK,-,100,0,0,0,0.00,0.00,0.00,0.00,0,1,Rank 2,16,128,2,123,-,123,13,21.7,31,21,256QAM,0,SMDL,0,0,17,0.00,0.00,0.07,0.64,Rank 2,4,660,67,-,4 x 4,HandOver,12223,Free,17,FORMAT_0,7,127,Success,12223,5,-,9,13,7,-,67,-,1,2,-,-,-,-,-,-,-,-,-,-,-,-,-,Registered,Normal Service,9,269,18,60CB82BF,725,18,30kHz,848,-,4,1,-,-,New trans.,0,0,256QAM,151,1,12223,722,14,0,0,Pass,0,QPSK,1,16,4,0,15,30kHz,Re trans.,-,606,
20260725 15:16:34.072,24.825675,102.851823,12.78,1949,3,1,0.00,0.00,,,,,,,1,SA,460,00,中国移动,4456484,6471196684,1579882,12,Normal,-,1,41,100,100,504990,-,238,513000,513000,30kHz,503172,1099,-,ms20,Connected,SA,-0.7,1,0,-60,113,-92,-12.7,6.9,1,Not Barred,6,6312,-51.6,504990,238,-90.9;-91.3;-91.9;-94.7,-,-0.3;-7;1.1;1.3,7.3;5.3;10.7;0.2,-52.5;-57.8;-53.9;-51.6,1;2;0;7;3;7;7;2;5;4;1,238;238;238;238;532;560;496;497;237;239;558,-92.1;-93.7;-91.7;-94.7;-96.8;-96.2;-100.5;-95.8;-109.1;-104.2;-96.5,-12.9;-13.2;-12.4;-13.4;-14.1;-14.2;-18.6;-14.6;-20;-18.3;-17.8,255;255;255;255;255;255;255;255;255;255;255,1;0;0;0;0;0;0;0,504990;504990;504990;504990;504990;504990;504990;504990,238;497;560;532;558;496;239;237,1;2;7;3;1;7;4;5,-,4;1;1;1;1;1;1;1,-92;-96.6;-97.3;-97.6;-97.7;-101.7;-105.2;-109.1,-12.7;-16.2;-15.4;-14.3;-17.7;-17.8;-18.4;-20,6.9;255;255;255;255;255;255;255,1,3,1,QPSK,-,100,0,0,0,0.00,0.00,0.00,0.00,0,1,Rank 2,16,80,4,69,-,69,12,21.9,31,20,256QAM,0,SMDL,0,0,15.3,0.00,0.00,0.11,1.02,Rank 2,4,444,110,-,4 x 4,HandOver,12223,Free,17,FORMAT_0,7,127,Success,12223,5,-,7,13,7,-,110,-,1,4,-,-,-,-,-,-,-,-,-,-,-,-,-,Registered,Normal Service,9,269,18,60CB82BF,822,18,30kHz,656,-,4,1,-,-,New trans.,0,0,64QAM,131,1,12223,817,13,0,0,Pass,0,QPSK,0,16,1,0,15,30kHz,Re trans.,-,669,
20260725 15:16:35.084,24.825669,102.851819,11.48,1949,3,1,0.00,0.00,,,,,,,1,SA,460,00,中国移动,4456484,6471196684,1579882,12,Normal,-,1,41,100,100,504990,-,238,513000,513000,30kHz,503172,1099,-,ms20,Connected,SA,-0.8,1,0,-60,115,-92.1,-13.7,3.3,1,Not Barred,6,6312,-54.3,504990,238,-91.2;-92.2;-98.9;-107.4,-,-6.7;-1.7;-3.4;-3.5,8.6;11.6;14.4;4.4,-54.3;-63.5;-57.1;-54.4,1;0;2;6;6;7;0;2;5;4;1,238;238;238;238;532;560;496;497;237;239;558,-94.6;-91.1;-93;-96.9;-94.6;-92.8;-101.4;-93;-106.6;-118.8;-96.4,-14.4;-13.2;-14.4;-15.4;-13.6;-13.5;-21.1;-14.5;-19.3;-25.4;-15.4,255;255;255;255;255;255;255;255;255;255;255,1;0;0;0;0;0;0;0,504990;504990;504990;504990;504990;504990;504990;504990,238;560;497;532;558;496;237;239,1;7;2;6;1;0;5;4,-,4;1;1;1;1;1;1;1,-92.1;-93.2;-93.7;-95.8;-96.7;-101.6;-106.6;-107.6,-13.7;-13.7;-15;-14.5;-15.5;-18.5;-19.3;-20.7,3.3;255;255;255;255;255;255;255,1,3,1,QPSK,-,100,0,0,0,0.00,0.00,0.00,0.00,0,1,Rank 2,16,80,6,123,-,123,12,19.8,31,19,64QAM,0,SMDL,0,0,62.7,0.00,0.00,0.05,0.67,Rank 2,4,440,180,-,4 x 4,HandOver,12223,Free,17,FORMAT_0,7,127,Success,12223,5,-,8,20,7,-,180,-,1,6,-,-,-,-,-,-,-,-,-,-,-,-,-,Registered,Normal Service,9,269,18,60CB82BF,924,9,30kHz,848,-,4,1,-,-,New trans.,0,0,256QAM,128,1,12223,899,4,0,0,Pass,0,QPSK,1,16,4,0,15,30kHz,Re trans.,-,669,
20260725 15:16:36.100,24.825630,102.851835,12.24,1949,3,1,0.00,0.00,,,,,,,1,SA,460,00,中国移动,4456484,6471196684,1579882,12,Normal,-,1,41,100,100,504990,-,238,513000,513000,30kHz,503172,1099,-,ms20,Connected,SA,-0.7,1,0,-60,112,-87.7,-12.6,0.4,1,Not Barred,6,6312,-51.8,504990,238,-101.3;-92.7;-102.6;-107.5,-,-7.8;0.4;-0.4;-2,7.8;10.4;6.6;12.7,-53.3;-59.9;-53.3;-51.8,1;0;7;2;6;0;7;1;1;4,238;238;238;238;532;560;496;497;558;239,-91.9;-86.5;-91.3;-91.7;-93;-88.9;-95.6;-93.8;-96.7;-98.1,-13.6;-13.1;-12.9;-13.2;-12.8;-14.2;-16.9;-15.3;-18.2;-15.8,255;255;255;255;255;255;255;255;255;255,1;0;0;0;0;0;0,504990;504990;504990;504990;504990;504990;504990,238;560;532;497;558;496;239,1;0;6;1;1;7;4,-,4;1;1;1;1;1;1,-87.7;-89.4;-94.3;-94.9;-97.4;-97.8;-99.9,-12.6;-14.5;-13.7;-15.9;-18.7;-16.3;-17.1,0.4;255;255;255;255;255;255,1.6,7,1,QPSK,-,88.9,11.1,0,0,0.00,0.00,0.01,0.01,0,4,Rank 3,16,144,6,76,-,76,10,20.1,31,19,256QAM,0,SMDL,0,0,48.3,0.03,0.00,0.08,0.62,Rank 2,4,624,159,-,4 x 4,HandOver,12223,Free,17,FORMAT_0,7,127,Success,12223,5,-,6,13,7,-,159,-,1,6,-,-,-,-,-,-,-,-,-,-,-,-,-,Registered,Normal Service,9,269,18,60CB82BF,7,19,30kHz,736,-,4,1,-,-,New trans.,0,0,64QAM,131,1,12223,2,5,0,0,Pass,0,QPSK,0,16,4,0,15,30kHz,Re trans.,-,1538,
20260725 15:16:37.115,24.825585,102.851840,12.78,1949,3,1,0.00,0.00,,,,,,,1,SA,460,00,中国移动,4456484,6471196684,1579882,12,Normal,-,1,41,100,100,504990,-,238,513000,513000,30kHz,503172,1099,-,ms20,Connected,SA,-0.7,0,0,-60,99,-79.7,-10.8,12.6,0,Not Barred,6,6312,-37.5,504990,238,-82.4;-80.9;-84.3;-86,-,12.6;12.9;13.7;7.2,7.2;11.7;9.6;8.8,-42.9;-55.4;-45.9;-37.5,0;7;1;4;6;3;7;1;1;5,238;238;238;238;532;560;496;497;558;239,-78.6;-84.1;-90.3;-95.4;-93.3;-124.8;-109.1;-96.6;-99.5;-100.9,-10.7;-11;-12.5;-13.9;-12.8;-29.5;-23.3;-18.2;-19.8;-18.1,255;255;255;255;255;255;255;255;255;255,1;0;0;0;0;0;0,504990;504990;504990;504990;504990;504990;504990,238;532;496;497;239;558;560,0;6;7;1;5;1;3,-,4;1;1;1;1;1;1,-79.7;-95.2;-96.2;-97.4;-100.3;-100.6;-124.4,-10.8;-14.5;-15.3;-17.3;-17.8;-20.1;-29.7,12.6;255;255;255;255;255;255,0.8,3,0,QPSK,-,100,0,0,0,0.00,0.00,0.00,0.00,0,4,Rank 2,16,64,12,123,-,123,13,20.6,31,19,64QAM,0,SMDL,0,1.1,51.9,0.00,0.03,0.10,0.90,Rank 2,4,732,125,-,4 x 4,HandOver,12223,Free,17,FORMAT_0,7,127,Success,12223,5,-,2,6,7,-,125,-,1,12,-,-,-,-,-,-,-,-,-,-,-,-,-,Registered,Normal Service,9,269,18,60CB82BF,109,18,30kHz,480,-,4,1,-,-,New trans.,0,0,64QAM,137,1,12223,88,4,0,0,Pass,1,QPSK,1,16,4,0,15,30kHz,Re trans.,-,499,
20260725 15:16:38.127,24.825546,102.851834,13.93,1949,3,1,0.00,0.00,,,,,,,1,SA,460,00,中国移动,4456484,6471196684,1579882,12,Normal,-,1,41,100,100,504990,-,238,513000,513000,30kHz,503172,1099,-,ms20,Connected,SA,-0.7,-1,0,-60,105,-91.1,-12.3,1.5,0,Not Barred,6,6312,-56.5,504990,238,-94.3;-95.9;-97.6;-107.8,-,-2.4;0.1;5.2;-0.2,9.2;9.2;12;4.7,-56.5;-64.8;-60.9;-56.6,0;2;1;3;6;0;7;2;1;4,238;238;238;238;532;560;496;497;558;239,-90.3;-93;-96.5;-100.8;-96.7;-95.2;-100.6;-96.1;-107.9;-108.9,-12.2;-13.1;-13.8;-16;-12.5;-13.7;-15.3;-15.4;-21.1;-21.5,255;255;255;255;255;255;255;255;255;255,1;0;0;0;0;0;0,504990;504990;504990;504990;504990;504990;504990,238;560;497;532;496;558;239,0;0;2;6;7;1;4,-,4;1;1;1;1;1;1,-91.1;-96.4;-97;-98;-100.9;-102.8;-109,-12.3;-14.5;-14.9;-13.9;-15.2;-18.1;-21.5,1.5;255;255;255;255;255;255,0.8,3,0,QPSK,-,100,0,0,0,0.00,0.00,0.02,0.02,0,4,Rank 2,16,64,12,69,-,69,12,17.6,31,16,64QAM,0,SMDL,0,0,79.4,0.00,0.00,0.03,1.06,Rank 2,4,428,125,-,4 x 4,HandOver,12223,Free,17,FORMAT_0,7,127,Success,12223,5,-,8,21,7,-,125,-,1,12,-,-,-,-,-,-,-,-,-,-,-,-,-,Registered,Normal Service,9,269,18,60CB82BF,170,19,30kHz,608,-,4,1,-,-,New trans.,0,0,64QAM,155,2,12223,145,14,0,0,Pass,0,QPSK,0,16,1,0,15,30kHz,Re trans.,-,499,
20260725 15:16:39.133,24.825506,102.851821,14.08,1949,3,1,0.00,0.00,,,,,,,1,SA,460,00,中国移动,4456484,6471196684,1579882,12,Normal,-,1,41,100,100,504990,-,238,513000,513000,30kHz,503172,1099,-,ms20,Connected,SA,-0.8,-1,0,-60,114,-93.2,-12.3,4.7,0,Not Barred,6,6312,-57.4,504990,238,-91.3;-96;-101.2;-105.5,-,1.2;-0.1;-4.2;0.6,8;7.9;9.1;6.4,-59.1;-65.4;-60.9;-57.4,0;2;1;3;6;0;5;1;1;4,238;238;238;238;532;560;496;497;558;239,-93;-92.9;-96.2;-100.4;-95.9;-98.6;-105.7;-96.5;-102;-105.8,-12.2;-12.2;-13.6;-15.4;-12.7;-15.7;-15.3;-14.5;-18.5;-19.8,255;255;255;255;255;255;255;255;255;255,1;0;0;0;0;0;0,504990;504990;504990;504990;504990;504990;504990,238;497;532;560;558;496;239,0;1;6;0;1;5;4,-,4;1;1;1;1;1;1,-93.2;-97.4;-97.6;-99.5;-100.7;-106;-106.6,-12.3;-15.5;-13.1;-16.4;-17.6;-16.7;-19.6,4.7;255;255;255;255;255;255,0.9,3,0,QPSK,-,100,0,0,0,0.00,0.00,0.00,0.00,4.8,1,Rank 2,16,304,7,69,-,69,12,21.7,31,23,256QAM,0,SMDL,0,0,31.4,0.01,0.00,0.03,0.53,Rank 2,4,408,124,-,4 x 4,HandOver,12223,Free,17,FORMAT_0,7,127,Success,12223,5,-,18,20,7,-,124,-,1,7,-,-,-,-,-,-,-,-,-,-,-,-,-,Registered,Normal Service,9,269,18,60CB82BF,305,8,30kHz,992,-,4,1,-,-,New trans.,0,0,256QAM,152,1,12223,303,13,0,0,Pass,1,QPSK,0,16,1,0,15,30kHz,Re trans.,-,2495,
20260725 15:16:40.145,24.825470,102.851807,13.46,1949,3,1,0.00,0.00,,,,,,,1,SA,460,00,中国移动,4456484,6471196684,1579882,12,Normal,-,1,41,100,100,504990,-,238,513000,513000,30kHz,503172,1099,-,ms20,Connected,SA,-0.8,-1,0,-60,111,-92.6,-12.6,3.4,0,Not Barred,6,6312,-53.8,504990,238,-91.7;-92.7;-104.4;-104.1,-,3.1;5.3;0.2;2.5,5.9;8;9.2;5.7,-53.8;-66.8;-61.4;-55,0;2;7;6;3;0;7;2;2;5;5,238;238;238;238;532;560;496;497;558;239;237,-91.9;-95;-99;-105.8;-95.8;-96.6;-101.5;-97.4;-101.4;-111.2;-109.5,-12.2;-13.4;-14.1;-19.8;-12.5;-17.3;-15.7;-15.2;-20;-20;-19.7,255;255;255;255;255;255;255;255;255;255;255,1;0;0;0;0;0;0;0,504990;504990;504990;504990;504990;504990;504990;504990,238;532;560;497;558;496;237;239,0;3;0;2;2;7;5;5,-,4;1;1;1;1;1;1;1,-92.6;-96.4;-97.5;-98;-101.3;-102.9;-109.5;-110.4,-12.6;-13.2;-16.9;-14.4;-17.7;-16.3;-19.7;-20.4,3.4;255;255;255;255;255;255;255,3.3,29,1,QPSK,-,72.7,27.3,0,0,0.05,0.06,0.14,0.15,0,1,Rank 2,27,608,22,69,-,69,10,24.8,31,25,256QAM,0,SMDL,0,0,0,0.00,0.00,0.08,0.61,Rank 2,4,548,133,-,4 x 4,HandOver,12223,Free,17,FORMAT_0,7,127,Success,12223,5,-,8,18,7,-,133,-,1,22,-,-,-,-,-,-,-,-,-,-,-,-,-,Registered,Normal Service,9,269,18,60CB82BF,405,9,30kHz,560,-,4,1,-,-,New trans.,0,0,64QAM,135,1,12223,392,13,0,0,Pass,0,QPSK,0,16,1,0,15,30kHz,Re trans.,-,18732,
20260725 15:16:41.158,24.825441,102.851794,13.14,1949,3,1,0.00,0.00,,,,,,,1,SA,460,00,中国移动,4456484,6471196684,1579882,12,Normal,-,1,41,100,100,504990,-,238,513000,513000,30kHz,503172,1099,-,ms20,Connected,SA,-0.8,-1,0,-60,116,-96.8,-14.2,0.2,0,Not Barred,6,6312,-56.5,504990,238,-99.3;-97.5;-97.7;-109.3,-,-6.8;-2.8;-0.9;-8.3,8.3;5.9;7.9;5.8,-56.8;-67.4;-61.3;-56.5,0;2;7;1;6;0;7;2;1;5,238;238;238;238;532;560;496;497;558;237,-99.3;-95.7;-98.3;-99;-96;-95.2;-100.1;-99.1;-97;-116.3,-15.9;-13.1;-14.2;-15.8;-12.6;-14.2;-15.6;-15.6;-14.3;-24.6,255;255;255;255;255;255;255;255;255;255,1;0;0;0;0;0;0,504990;504990;504990;504990;504990;504990;504990,238;560;532;496;558;497;237,0;0;6;7;1;2;5,-,4;1;1;1;1;1;1,-96.8;-95.2;-97.7;-98.8;-99.1;-99.5;-116.3,-14.2;-14.2;-13.5;-14.6;-15.9;-15.8;-24.6,0.2;255;255;255;255;255;255,3.3,29,1,QPSK,-,72.7,27.3,0,0,0.01,0.00,0.00,0.00,0,1,Rank 2,27,608,3,69,-,69,10,21.7,31,25,256QAM,0,SMDL,0,0,39.5,0.03,0.00,0.05,0.71,Rank 2,4,456,112,-,4 x 4,HandOver,12223,Free,17,FORMAT_0,7,127,Success,12223,5,-,10,26,7,-,112,-,1,3,-,-,-,-,-,-,-,-,-,-,-,-,-,Registered,Normal Service,9,269,18,60CB82BF,490,8,30kHz,656,-,4,1,-,-,New trans.,0,0,64QAM,174,1,12223,465,13,0,0,Pass,0,QPSK,0,16,1,0,15,30kHz,Re trans.,-,18732,
20260725 15:16:42.173,24.825388,102.851772,14.72,1948,3,1,0.00,0.00,,,,,,,1,SA,460,00,中国移动,4456484,6471196684,1579882,12,Normal,-,1,41,100,100,504990,-,238,513000,513000,30kHz,503172,1099,-,ms20,Connected,SA,-0.8,-1,0,-60,110,-93.3,-12.6,3.7,0,Not Barred,6,6312,-52.4,504990,238,-97.8;-91.4;-97;-107,-,1.9;3.3;-1.9;3.6,7;7.8;7.3;6.4,-52.4;-63.6;-61.4;-53,0;7;3;2;6;0;7;2;1;5,238;238;238;238;532;560;496;497;558;237,-91.2;-94.9;-98.9;-96.4;-98.7;-96.1;-103;-93.2;-100.3;-110.2,-12.1;-12;-14.5;-15.9;-13.3;-17;-19.8;-12;-16.6;-20.6,255;255;255;255;255;255;255;255;255;255,1;0;0;0;0;0;0,504990;504990;504990;504990;504990;504990;504990,238;497;560;532;558;496;237,0;2;0;6;1;7;5,-,4;1;1;1;1;1;1,-93.3;-94.9;-96.3;-99.6;-100.9;-104.5;-110.2,-12.6;-12.7;-16.8;-15;-17.8;-18.7;-20.6,3.7;255;255;255;255;255;255,0,0,0,QPSK,-,100,0,0,0,0.00,0.00,0.00,0.00,0,1,Rank 2,16,80,3,123,-,123,12,18.4,31,18,64QAM,0,SMDL,0,0,93.5,0.00,0.00,0.01,0.41,Rank 2,4,308,81,-,4 x 4,HandOver,12223,Free,17,FORMAT_0,7,127,Success,12223,5,-,8,19,7,-,81,-,1,3,-,-,-,-,-,-,-,-,-,-,-,-,-,Registered,Normal Service,9,269,18,60CB82BF,583,8,30kHz,768,-,4,1,-,-,-,0,0,256QAM,175,1,12223,557,13,0,0,Pass,1,QPSK,1,16,4,0,15,30kHz,Re trans.,-,345,
20260725 15:16:43.188,24.825260,102.851694,17.64,1947,3,1,0.00,0.00,,,,,,,1,SA,460,00,中国移动,4456484,6471196684,1579882,12,Normal,-,1,41,100,100,504990,-,238,513000,513000,30kHz,503172,1099,-,ms20,Connected,SA,-0.8,-2,0,-60,108,-90,-11.4,9.5,0,Not Barred,6,6312,-51.4,504990,238,-89.1;-85.7;-91.8;-96.7,-,-0.7;4.7;4.7;9.4,8.5;9.6;8.5;5.8,-55.8;-61.4;-61.3;-51.4,0;7;2;1;4;0;7;2;2;5,238;238;238;238;532;560;496;497;558;239,-89.1;-97;-95.2;-99.2;-101.8;-101.8;-102.4;-94.2;-100.9;-109.4,-11;-12.5;-12.8;-13.9;-15.7;-19.9;-18.1;-13.6;-19.2;-21.3,255;255;255;255;255;255;255;255;255;255,1;0;0;0;0;0;0,504990;504990;504990;504990;504990;504990;504990,238;497;560;532;558;496;239,0;2;0;4;2;7;5,-,4;1;1;1;1;1;1,-90;-96.2;-100.1;-100.6;-101.8;-103.1;-109.4,-11.4;-14;-19.1;-15.8;-18.1;-17.4;-21.3,9.5;255;255;255;255;255;255,1.3,3,1,QPSK,-,100,0,0,0,0.00,0.00,0.01,0.01,0,4,Rank 2,16,64,3,69,-,69,12,17.6,31,16,64QAM,0,SMDL,0,0,82.6,0.00,0.00,0.02,0.58,Rank 2,4,460,118,-,4 x 4,HandOver,12223,Free,17,FORMAT_0,7,127,Success,12223,5,-,9,17,7,-,118,-,1,3,-,-,-,-,-,-,-,-,-,-,-,-,-,Registered,Normal Service,9,269,18,60CB82BF,709,19,30kHz,688,-,4,1,-,-,New trans.,0,0,64QAM,155,1,12223,706,3,0,0,Pass,0,QPSK,0,16,1,0,15,30kHz,Re trans.,-,600,
20260725 15:16:44.202,24.825239,102.851665,17.39,1947,3,1,0.00,0.00,,,,,,,1,SA,460,00,中国移动,4456484,6471196684,1579882,12,Normal,-,1,41,100,100,504990,-,238,513000,513000,30kHz,503172,1099,-,ms20,Connected,SA,-0.8,-2,0,-60,107,-89,-10.8,9.4,0,Not Barred,6,6312,-52,504990,238,-89.1;-89.3;-94.1;-97.8,-,8.1;8.5;2.6;7.3,9.8;7.6;5.5;9.2,-52;-62.1;-60.6;-53.1,0;2;7;1;6;3;1;1;2;5,238;238;238;238;532;560;496;497;558;239,-88.5;-97.2;-95.8;-98.2;-94;-119.7;-114.2;-101.5;-108.3;-122.2,-10.7;-12.7;-11.6;-12.9;-11.7;-26.6;-23.5;-16.1;-21.5;-26.5,255;255;255;255;255;255;255;255;255;255,1;0;0;0;0;0;0,504990;504990;504990;504990;504990;504990;504990,238;532;497;558;496;560;239,0;6;1;2;1;3;5,-,4;1;1;1;1;1;1,-89;-96;-100.5;-102.9;-105.2;-119.6;-122.2,-10.8;-12.3;-15.3;-19.4;-18.5;-26.5;-26.5,9.4;255;255;255;255;255;255,0.2,1,0,QPSK,-,100,0,0,0,0.00,0.00,0.00,0.00,0,1,Rank 2,16,164,10,69,-,69,12,19.3,31,19,64QAM,0,SMDL,0,0,76.3,0.00,0.00,0.06,0.64,Rank 2,4,472,123,-,4 x 4,HandOver,12223,Free,17,FORMAT_0,7,127,Success,12223,5,-,8,16,7,-,123,-,1,9,-,-,-,-,-,-,-,-,-,-,-,-,-,Registered,Normal Service,9,269,18,60CB82BF,817,19,30kHz,736,-,4,1,-,-,New trans.,0,0,64QAM,155,2,12223,802,1,0,0,Pass,0,QPSK,0,16,1,0,15,30kHz,Re trans.,-,743,
20260725 15:16:45.208,24.825207,102.851624,17.71,1947,3,1,0.00,0.00,,,,,,,1,SA,460,00,中国移动,4456484,6471196684,1579882,12,Normal,-,1,41,100,100,504990,-,238,513000,513000,30kHz,503172,1099,-,ms20,Connected,SA,-0.8,-2,0,-60,111,-92.2,-11.3,9.8,0,Not Barred,6,6312,-55.6,504990,238,-89.1;-97.8;-98;-98.9,-,6;7.9;3;7.2,9.3;5.3;8.5;8.5,-55.6;-62.4;-60.1;-57.4,0;2;6;7;6;2;5;4;1,238;238;238;238;532;558;496;497;130,-91.6;-97.6;-101.5;-98.7;-98.8;-103.3;-104.5;-96.1;-106.2,-11;-13.4;-14.8;-12.7;-13.2;-19.3;-15.4;-12.1;-17.5,255;255;255;255;255;255;255;255;255,1;0;0;0;0;0,504990;504990;504990;504990;504990;504990,238;497;532;558;496;130,0;4;6;2;5;1,-,4;1;1;1;1;1,-92.2;-97.4;-99.3;-104.1;-105.2;-106.2,-11.3;-13.3;-13.7;-19.4;-17;-17.5,9.8;255;255;255;255;255,0.2,1,0,QPSK,-,100,0,0,0,0.00,0.00,0.00,0.00,0,1,Rank 2,16,164,2,69,-,69,11,22.1,31,24,256QAM,0,SMDL,0,0,25,0.00,0.00,0.05,0.42,Rank 2,4,272,71,-,4 x 4,HandOver,12223,Free,17,FORMAT_0,7,127,Success,12223,5,-,9,24,7,-,71,-,1,2,-,-,-,-,-,-,-,-,-,-,-,-,-,Registered,Normal Service,9,269,18,60CB82BF,911,19,30kHz,736,-,4,1,-,-,New trans.,0,0,64QAM,135,1,12223,889,13,0,0,Pass,0,QPSK,0,16,1,0,15,30kHz,Re trans.,-,743,
20260725 15:16:46.220,24.825213,102.851619,16.06,1947,3,1,0.00,0.00,,,,,,,1,SA,460,00,中国移动,4456484,6471196684,1579882,12,Normal,-,1,41,100,100,504990,-,238,513000,513000,30kHz,503172,1099,-,ms20,Connected,SA,-0.8,-2,0,-60,108,-87.8,-10.7,10.3,0,Not Barred,6,6312,-51.6,504990,238,-90.9;-91.2;-101;-97.7,-,6.5;10.3;4.1;9.9,8.8;2.3;8.9;7.7,-52.4;-61.1;-62.3;-51.6,0;1;2;7;6;6;5;4,238;238;238;238;532;558;496;497,-87.7;-97.9;-96.1;-98.5;-93.5;-102.9;-102.4;-94.8,-10.6;-13.1;-13.4;-12.4;-12;-21.2;-14.6;-12.7,255;255;255;255;255;255;255;255,1;0;0;0;0,504990;504990;504990;504990;504990,238;532;497;496;558,0;6;4;5;6,-,4;1;1;1;1,-87.8;-94.6;-96;-102.8;-103.4,-10.7;-12.8;-13.9;-15.5;-20,10.3;255;255;255;255,0.6,1,1,QPSK,-,100,0,0,0,0.00,0.00,0.00,0.00,0,4,Rank 2,16,80,4,69,-,69,12,19.7,31,19,64QAM,0,SMDL,0,0,80.4,0.00,0.00,0.09,0.85,Rank 2,4,632,150,-,4 x 4,HandOver,12223,Free,17,FORMAT_0,7,127,Success,12223,5,-,10,20,7,-,150,-,1,4,-,-,-,-,-,-,-,-,-,-,-,-,-,Registered,Normal Service,9,269,18,60CB82BF,1018,19,30kHz,736,-,4,1,-,-,New trans.,0,0,64QAM,167,1,12223,1009,13,0,0,Pass,1,QPSK,0,16,1,0,15,30kHz,Re trans.,-,507,
20260725 15:16:47.226,24.825211,102.851610,15.05,1947,3,1,0.00,0.00,,,,,,,1,SA,460,00,中国移动,4456484,6471196684,1579882,12,Normal,-,1,41,100,100,504990,-,238,513000,513000,30kHz,503172,1099,-,ms20,Connected,SA,-0.8,-2,0,-60,115,-93.7,-12.8,2.8,0,Not Barred,6,6312,-57.4,504990,238,-95.1;-99.2;-104.7;-111.9,-,1.7;2.7;-4.5;-3.5,3;1.2;4.7;6.6,-57.4;-69.6;-62;-61.8,0;2;1;7;6;6;5;1;7,238;238;238;238;532;558;496;497;495,-94.2;-93.5;-97.3;-99.9;-93;-103.1;-101.1;-96.4;-103.8,-12.1;-13.3;-14.4;-14.5;-11.4;-21.1;-14.2;-13;-17.3,255;255;255;255;255;255;255;255;255,1;0;0;0;0;0,504990;504990;504990;504990;504990;504990,238;532;497;496;558;495,0;6;1;5;6;7,-,4;1;1;1;1;1,-93.7;-94;-96.9;-102.2;-102.8;-103.8,-12.8;-12.2;-14.2;-15.4;-20.7;-17.3,2.8;255;255;255;255;255,0.3,1,0,QPSK,-,100,0,0,0,0.00,0.00,0.00,0.00,0,1,Rank 2,16,48,2,69,-,69,12,19.6,31,20,64QAM,0,SMDL,0,0,61,0.00,0.00,0.03,0.41,Rank 2,4,328,90,-,4 x 4,HandOver,12223,Free,17,FORMAT_0,7,127,Success,12223,5,-,9,26,7,-,90,-,1,2,-,-,-,-,-,-,-,-,-,-,-,-,-,Registered,Normal Service,9,269,18,60CB82BF,77,18,30kHz,768,-,4,1,-,-,New trans.,0,0,256QAM,153,0,12223,51,13,0,0,Pass,0,QPSK,0,16,1,0,15,30kHz,Re trans.,-,261,
20260725 15:16:48.238,24.825206,102.851598,13.90,1947,3,1,0.00,0.00,,,,,,,1,SA,460,00,中国移动,4456484,6471196684,1579882,12,Normal,-,1,41,100,100,504990,-,238,513000,513000,30kHz,503172,1099,-,ms20,Connected,SA,-0.8,-2,0,-60,110,-87.9,-11.4,7.3,0,Not Barred,6,6312,-52.9,504990,238,-87.5;-95.7;-108;-104,-,9;-1;-5.6;3.3,6.4;8.6;5.3;4.6,-52.9;-64;-60;-57.3,0;7;1;3;6;7;5;4,238;238;238;238;532;558;496;497,-87.1;-93.4;-97.8;-108.4;-91.4;-104.6;-99;-87.1,-11.2;-13.2;-13.8;-21.1;-12;-20.5;-15.3;-11.4,255;255;255;255;255;255;255;255,1;0;0;0;0,504990;504990;504990;504990;504990,238;497;532;496;558,0;4;6;5;7,-,4;1;1;1;1,-87.9;-88.6;-92.6;-100.3;-104.7,-11.4;-11.8;-13.3;-15.9;-20.5,7.3;255;255;255;255,0.3,1,0,QPSK,-,100,0,0,0,0.00,0.00,0.00,0.00,0,1,Rank 2,16,48,2,123,-,123,12,20.2,31,19,64QAM,0,SMDL,0,0,59.6,0.00,0.00,0.03,0.46,Rank 2,4,208,72,-,4 x 4,HandOver,12223,Free,17,FORMAT_0,7,127,Success,12223,5,-,8,20,7,-,72,-,1,2,-,-,-,-,-,-,-,-,-,-,-,-,-,Registered,Normal Service,9,269,18,60CB82BF,140,8,30kHz,768,-,4,1,-,-,-,0,0,256QAM,171,1,12223,112,13,0,0,Pass,0,QPSK,1,16,4,0,15,30kHz,Re trans.,-,261,
20260725 15:16:49.252,24.825193,102.851576,12.42,1947,3,1,0.00,0.00,,,,,,,1,SA,460,00,中国移动,4456484,6471196684,1579882,12,Normal,-,1,41,100,100,504990,-,238,513000,513000,30kHz,503172,1099,-,ms20,Connected,SA,-0.8,-3,0,-60,110,-92.2,-11.9,8,0,Not Barred,6,6312,-53.8,504990,238,-92.6;-91.3;-94.3;-101.2,-,1;11.4;5.3;5.9,6.7;7;5.8;3.9,-54.6;-67.8;-57.8;-53.8,0;2;7;3;6;7;5;4;7;1,238;238;238;238;532;722;496;497;495;876,-90.6;-95.5;-96.8;-104.4;-96.6;-101.8;-94.9;-91.7;-101.8;-142.3,-10.9;-13.3;-13.6;-17.4;-13.3;-18.6;-13.5;-11.9;-18.5;-36.3,255;255;255;255;255;255;255;255;255;255,1;0;0;0;0;0;0,504990;504990;504990;504990;504990;504990;504990,238;497;496;532;722;495;876,0;4;5;6;7;7;1,-,4;1;1;1;1;1;1,-92.2;-93;-95;-96.4;-102.3;-102.4;-142.3,-11.9;-12.9;-13.7;-15.6;-18.3;-18.5;-36.3,8;255;255;255;255;255;255,0.7,1,1,QPSK,-,100,0,0,0,0.00,0.00,0.00,0.00,0,1,Rank 2,16,48,2,69,-,69,11,20,31,16,64QAM,0,SMDL,0,0,69.5,0.00,0.00,0.03,0.29,Rank 2,4,420,53,-,4 x 4,HandOver,12223,Free,17,FORMAT_0,7,127,Success,12223,5,-,6,16,7,-,53,-,1,2,-,-,-,-,-,-,-,-,-,-,-,-,-,Registered,Normal Service,9,269,18,60CB82BF,265,18,30kHz,560,-,4,1,-,-,-,0,0,64QAM,147,1,12223,239,14,0,0,Pass,1,QPSK,0,16,1,0,15,30kHz,Re trans.,-,315,
20260725 15:16:50.258,24.825195,102.851572,11.41,1947,3,1,0.00,0.00,,,,,,,1,SA,460,00,中国移动,4456484,6443552780,1573133,12,Normal,-,1,41,100,100,504990,-,497,513000,513000,30kHz,503172,1099,-,ms20,Connected,SA,-0.8,0,4,-60,111,-87.6,-11,3.5,4,Not Barred,6,6312,-55.1,504990,497,-87.5;-88.3;0;0,-,3.4;6.8;10.3;8.6,1.6;1.6;1.6;2.6,-55.1;-65;-55.8;-57.5,2;6;7;5;4;2;5;1;3;1;5,238;532;722;496;497;497;497;497;495;876;701,-95.4;-93.6;-103;-90.2;-87.4;-94.8;-95.5;-97.3;-102.6;-128.1;-103.4,-13.4;-13.2;-19;-12.3;-10.9;-13.7;-13.9;-12.2;-18.5;-30.3;-18,255;255;255;255;255;255;255;255;255;255;255,1;0;0;0;0;0;0;0,504990;504990;504990;504990;504990;504990;504990;504990,497;496;532;238;495;722;701;876,4;5;6;2;3;7;5;1,-,4;1;1;1;1;1;1;1,-87.6;-90.2;-94.7;-95.5;-99.6;-100.5;-103.4;-128.1,-11;-12.4;-14.2;-13.8;-17.4;-18;-18;-30.3,3.5;255;255;255;255;255;255;255,0,0,0,QPSK,-,100,0,0,0,0.00,0.00,0.00,0.00,0,1,Rank 2,16,80,4,269,-,269,10,20,31,16,64QAM,0,SMDL,0,0,69.5,0.00,0.00,0.05,0.56,Rank 2,5,420,96,-,4 x 4,HandOver,48042,Free,17,FORMAT_0,38,57,Success,48042,2,-,19,15,4,-,96,-,1,4,-,-,-,-,-,-,-,-,-,-,-,-,-,Registered,Normal Service,9,269,18,60CB82BF,394,19,30kHz,1185,-,5,1,-,-,New trans.,0,0,256QAM,215,1,48042,392,14,0,2,Pass,1,QPSK,2,48,1,0,0,30kHz,Re trans.,-,345,
20260725 15:16:51.266,24.825197,102.851571,11.20,1946,3,1,0.00,0.00,,,,,,,1,SA,460,00,中国移动,4456484,6471196684,1579882,12,Normal,-,1,41,100,100,504990,-,497,513000,513000,30kHz,503172,1099,-,ms20,Connected,SA,-0.8,1,4,-60,110,-90,-12.1,8.5,4,Not Barred,6,6312,-51.4,504990,497,-87;-87.3;-89.6;-102.8,-,4.7;3.7;-2.8;2.7,-3.2;-4.6;0.7;4.9,-51.4;-64.6;-54.6;-51.8,0;6;7;5;4;2;5;6;7;5,238;532;722;496;497;497;497;497;495;701,-87;-95.7;-97.7;-93.4;-88.9;-95.7;-104.1;-106.4;-107.8;-91.8,-10.8;-15.7;-17.4;-14.6;-11.5;-14.3;-19.8;-20;-22;-14.7,255;255;255;255;255;255;255;255;255;255,1;0;0;0;0;0;0,504990;504990;504990;504990;504990;504990;504990,497;238;701;496;532;722;495,4;0;5;5;6;7;7,-,4;1;1;1;1;1;1,-90;-87.2;-92.4;-93.4;-97.3;-97.5;-101.5,-12.1;-10.9;-14.6;-14.6;-16.1;-17.5;-19.1,8.5;255;255;255;255;255;255,0,0,0,QPSK,-,100,0,0,0,0.00,0.00,0.01,0.02,0,1,Rank 2,16,80,4,69,-,69,9,23,31,21,256QAM,0,SMDL,0,0,0,0.00,0.00,0.05,0.29,Rank 2,5,385,96,-,4 x 4,HandOver,48042,Free,17,FORMAT_0,38,57,Success,48042,2,-,19,11,4,-,125,-,2,17,-,-,-,-,-,-,-,-,-,-,-,-,-,Registered,Normal Service,9,269,18,60CB82BF,500,8,30kHz,1057,-,5,1,-,-,New trans.,0,0,256QAM,211,1,48042,500,13,0,0,Pass,0,QPSK,0,16,1,0,15,30kHz,Re trans.,-,345,
20260725 15:16:52.273,24.825182,102.851542,10.94,1946,3,1,0.00,0.00,,,,,,,1,SA,460,00,中国移动,4456484,6471196684,1579882,12,Normal,-,1,41,100,100,504990,-,238,513000,513000,30kHz,503172,1099,-,ms20,Connected,SA,-0.8,0,0,-60,103,-84.9,-11.1,3.8,0,Not Barred,6,6312,-48.6,504990,238,-82.8;-93.9;0;0,-,11.7;1;1.5;17.8,8.5;-0.7;1.8;4.8,-48.6;-59.1;-59.8;-58.4,0;7;2;3;3;7;5;4;7;5,238;238;238;238;532;722;496;497;495;701,-83.8;-89.8;-94.2;-98.5;-94.9;-110.8;-98.3;-93;-97;-94.9,-10.7;-12.3;-13.6;-16;-14;-24.5;-17.1;-12.7;-16.9;-13.4,255;255;255;255;255;255;255;255;255;255,1;0;0;0;0;0;0,504990;504990;504990;504990;504990;504990;504990,238;497;532;701;495;496;722,0;4;3;5;7;5;7,-,4;1;1;1;1;1;1,-84.9;-93.8;-94.9;-94.9;-97.4;-98.3;-101,-11.1;-13.4;-14.2;-13.4;-16.5;-17.1;-20.1,3.8;255;255;255;255;255;255,0.6,3,0,QPSK,-,100,0,0,0,0.00,0.00,0.00,0.00,0,1,Rank 1,18,344,19,69,-,69,11,21.1,25,21,256QAM,0,SMDL,1.5,0,4.5,0.00,0.00,0.16,0.60,Rank 2,4,322,125,-,4 x 4,HandOver,11579,Free,17,FORMAT_0,7,57,Success,11579,7,-,19,11,2,-,125,-,2,17,-,-,-,-,-,-,-,-,-,-,-,-,-,Registered,Normal Service,9,269,18,60CB82BF,597,8,30kHz,992,-,4,1,-,-,New trans.,0,0,256QAM,179,1,11579,596,14,0,0,Pass,1,QPSK,0,16,1,0,15,30kHz,Re trans.,-,2070,
20260725 15:16:53.279,24.825171,102.851512,10.01,1946,3,1,0.00,0.00,,,,,,,1,SA,460,00,中国移动,4456484,6443552780,1573133,12,Normal,-,1,41,100,100,504990,-,701,513000,513000,30kHz,503172,1099,-,ms20,Connected,SA,-0.8,3,6,-60,105,-89.2,-12.2,4,5,Not Barred,6,6312,-50.3,504990,701,-90.2;-90.4;-107;-100,-,3.7;1.1;-10.7;3.8,10.6;10.9;-0.8;11.7,-50.3;-62;-55.6;-52.3,2;4;7;5;4;7;5;6;1,238;532;722;496;497;495;701;701;876,-95.4;-96;-98.7;-90.4;-89.6;-96.8;-87.8;-93.2;-105.5,-13.8;-18.7;-17.7;-14.9;-12.2;-16.3;-11.9;-13;-18.9,255;255;255;255;255;255;255;255;255,1;0;0;0;0;0;0;0,504990;504990;504990;504990;504990;504990;504990;504990,701;496;497;238;532;495;722;876,5;5;4;2;4;7;7;1,-,2;1;1;1;1;1;1;1,-89.2;-90.4;-91.2;-94.5;-95.7;-97.4;-98.8;-105.5,-12.2;-14.9;-13.2;-14.3;-15.7;-17;-18.3;-18.9,4;255;255;255;255;255;255;255,2.4,28,0,QPSK,-,100,0,0,0,0.00,0.00,0.03,0.04,2.9,1,Rank 2,22,404,17,69,-,69,12,22.8,31,25,256QAM,0,SMDL,1.6,0,25.8,0.00,0.00,0.02,0.79,Rank 2,4,504,72,-,4 x 4,HandOver,60483,Free,17,FORMAT_0,283,57,Success,60483,11,-,8,7,2,-,72,-,2,15,-,-,-,-,-,-,-,-,-,-,-,-,-,Registered,Normal Service,9,269,18,60CB82BF,696,18,30kHz,688,-,4,1,-,-,-,0,0,64QAM,243,0,60483,693,3,0,0,Pass,1,QPSK,0,16,1,0,15,30kHz,Re trans.,-,2192,
20260725 15:16:54.289,24.825151,102.851443,11.88,1946,3,1,0.00,0.00,,,,,,,1,SA,460,00,中国移动,4456484,6443552780,1573133,12,Normal,-,1,41,100,100,504990,-,701,513000,513000,30kHz,503172,1099,-,ms20,Connected,SA,-0.7,3,6,-60,105,-88,-11.8,4.6,5,Not Barred,6,6312,-51.8,504990,701,-92.1;-89.4;-100.9;-99.9,-,-2;1.7;-5;4.6,5.9;7.9;0.5;9.1,-53.4;-61.3;-57.9;-51.8,0;4;7;5;4;7;5;6;7;3;1,238;532;722;496;497;495;701;701;701;701;876,-92.5;-99.3;-95.1;-94.7;-88;-95.9;-87.7;-94.9;-101.6;-104.4;-104,-12.2;-20.8;-13.8;-17.6;-11.1;-15.9;-11.7;-13.6;-20;-17.9;-17.5,255;255;255;255;255;255;255;255;255;255;255,1;0;0;0;0;0;0;0,504990;504990;504990;504990;504990;504990;504990;504990,701;497;238;496;722;495;532;876,5;4;0;5;7;7;4;1,-,4;1;1;1;1;1;1;1,-88;-88.4;-93.3;-94.7;-95.4;-96;-99.7;-104,-11.8;-11.4;-13;-17.6;-14.3;-16;-18.4;-17.5,4.6;255;255;255;255;255;255;255,0.6,4,0,QPSK,-,100,0,0,0,0.00,0.00,0.00,0.00,0,3,Rank 2,19,520,24,317,-,317,12,20,30,30,64QAM,0,SMDL,0,0,95.2,0.00,0.00,0.13,0.14,Rank 2,4,96,120,-,4 x 4,HandOver,60483,Free,17,FORMAT_0,283,57,Success,60483,11,-,12,8,2,-,120,-,4,20,-,-,-,-,-,-,-,-,-,-,-,-,-,Registered,Normal Service,9,269,18,60CB82BF,798,8,30kHz,480,-,4,1,-,-,New trans.,0,0,64QAM,241,1,60483,793,4,0,0,Pass,0,QPSK,1,16,3,0,15,30kHz,Re trans.,-,2984,
20260725 15:16:55.301,24.825146,102.851379,14.80,1946,3,1,0.00,0.00,,,,,,,1,SA,460,00,中国移动,4456484,6443495436,1573119,12,Normal,-,1,41,100,100,504990,-,701,513000,513000,30kHz,503172,1099,-,ms20,Connected,SA,-0.7,3,6,-60,110,-93.7,-14.9,-1.4,5,Not Barred,6,6312,-55.4,504990,701,-94.9;-96.9;-104.8;-103.9,-,-0.1;-2;-6.8;-6.2,5.9;6;-1.4;4.9,-55.4;-62.6;-58.9;-56.3,2;4;6;5;4;7;5;6;7;1,238;532;722;496;497;495;701;701;701;876,-94.7;-99.7;-95.5;-92;-86.9;-92.8;-93.1;-99.2;-130.5;-97.3,-13.1;-20.3;-14.4;-14.7;-10.9;-13.2;-14.5;-17.9;-32.1;-13.6,255;255;255;255;255;255;255;255;255;255,1;0;0;0;0;0;0;0,504990;504990;504990;504990;504990;504990;504990;504990,701;497;496;495;722;238;876;532,5;4;5;7;6;2;1;4,-,3;1;1;1;1;1;1;1,-93.7;-87.1;-92;-94.9;-95.1;-96.1;-97.3;-100.2,-14.9;-11.2;-14.7;-14;-14.2;-13.7;-13.6;-19.3,-1.4;255;255;255;255;255;255;255,0.6,4,0,QPSK,-,100,0,0,0,0.00,0.00,0.01,0.01,0,3,Rank 2,19,520,6,69,-,69,10,15.1,30,16,64QAM,0,SMDL,0,0,100,0.00,0.00,0.02,0.15,Rank 2,4,140,21,-,4 x 4,HandOver,60483,Free,17,FORMAT_0,283,57,Success,60483,11,-,13,17,2,-,21,-,4,6,-,-,-,-,-,-,-,-,-,-,-,-,-,Registered,Normal Service,9,269,18,60CB82BF,896,19,30kHz,608,-,4,1,-,-,New trans.,0,0,64QAM,111,1,60483,892,13,0,0,Pass,0,QPSK,0,16,1,0,15,30kHz,Re trans.,-,2984,
20260725 15:16:56.314,24.825161,102.851324,15.52,1946,3,1,0.00,0.00,,,,,,,1,SA,460,00,中国移动,4456485,6443495436,1573119,12,Normal,-,1,41,100,100,504990,-,876,513000,513000,30kHz,503172,1099,-,ms20,Connected,SA,-0.8,1,7,-60,110,-93.1,-12.4,3.6,1,Not Barred,6,6312,-52.4,504990,876,-91.1;-96.9;-94.4;-101.8,-,9.7;6.9;4.5;-4.3,19.5;16.8;18.7;13,-52.4;-62;-54.9;-57.6,2;6;6;5;4;7;5;1,238;532;722;496;497;495;701;876,-116.2;-101.5;-93;-93.4;-92.7;-89;-94.7;-93.1,-23.7;-20.9;-12.8;-14.1;-12.1;-11.7;-15;-12.4,255;255;255;255;255;255;255;255,1;0;0;0;0;0;0;0,504990;504990;504990;504990;504990;504990;504990;504990,876;495;722;496;497;701;238;532,1;7;6;5;4;5;2;6,-,1;1;1;1;1;1;1;1,-93.1;-90.7;-93.4;-93.4;-94;-96;-100.6;-101.3,-12.4;-12;-13.2;-14.1;-13.2;-15.9;-16.3;-20.1,3.6;255;255;255;255;255;255;255,0.8,2,0,QPSK,-,100,0,0,0,0.00,0.00,0.02,0.02,0,2,Rank 1,16,208,11,69,-,69,11,13.7,16,15,64QAM,0,SMSL,1.1,5.6,93.3,0.00,0.00,0.01,0.01,Rank 1,4,368,35,-,4 x 4,HandOver,56163,Free,17,FORMAT_0,753,57,Success,56163,2,-,17,13,6,-,35,-,4,11,-,-,-,-,-,-,-,-,-,-,-,-,-,Registered,Normal Service,9,269,18,9A1F9DB2,996,18,30kHz,333,-,4,1,-,-,New trans.,0,0,64QAM,11,1,56163,991,13,0,0,Pass,0,QPSK,0,16,1,0,14,30kHz,Re trans.,-,1743,
20260725 15:16:57.325,24.825187,102.851279,16.74,1947,3,1,0.00,0.00,,,,,,,1,SA,460,00,中国移动,4456484,6443495436,1573119,12,Normal,-,1,41,100,100,504990,-,497,513000,513000,30kHz,503172,1099,-,ms20,Connected,SA,-0.8,-1,4,-60,106,-88,-10.8,12.7,4,Not Barred,6,6312,-49.4,504990,497,-85.6;-87.9;-95.9;-85.7,-,9.9;12.7;10.9;8.9,-5.3;1.6;0.3;-1.2,-50.4;-52.8;-63.1;-49.4,2;6;7;5;4;3;2;5;7;5;1;7;0,238;532;722;496;497;497;497;497;495;701;876;720;875,-105.7;-145.7;-94.9;-90.1;-86.8;-92.1;-94.5;-95.4;-100.2;-91.5;-99;-104.7;-104.2,-19.4;-38.4;-14.4;-13.4;-10.8;-11.7;-11.4;-14;-18.1;-14.9;-15.4;-22;-19,255;255;255;255;255;255;255;255;255;255;255;255;255,1;0;0;0;0;0;0;0;0;0,504990;504990;504990;504990;504990;504990;504990;504990;504990;504990,497;496;701;722;876;495;875;720;238;532,4;5;5;7;1;7;0;7;2;6,-,4;1;1;1;1;1;1;1;1;1,-88;-90.2;-91.8;-95.8;-99;-101.5;-104.2;-104.7;-105.1;-145.6,-10.8;-13.5;-15;-14.4;-15.4;-16.6;-19;-22;-19.1;-38.4,12.7;255;255;255;255;255;255;255;255;255,0.7,4,0,QPSK,-,100,0,0,0,0.00,0.00,0.04,0.04,0,1,Rank 2,17,620,28,69,-,69,11,23,31,25,256QAM,0,SMDL,3,0,12,0.01,0.00,0.18,0.21,Rank 2,5,758,91,-,4 x 4,HandOver,50192,Free,17,FORMAT_0,38,127,Success,50192,2,-,19,9,7,-,91,-,3,25,-,-,-,-,-,-,-,-,-,-,-,-,-,Registered,Normal Service,9,269,18,F6861449,82,8,30kHz,1249,-,5,1,-,-,New trans.,0,0,256QAM,195,1,50192,48,13,0,0,Pass,1,QPSK,0,16,1,0,15,30kHz,Re trans.,-,4355,
20260725 15:16:58.341,24.825271,102.851273,18.14,1947,3,1,0.00,0.00,,,,,,,1,SA,460,00,中国移动,4456484,6443495436,1573119,12,Normal,-,1,41,100,100,504990,-,497,513000,513000,30kHz,503172,1099,-,ms20,Connected,SA,-0.7,-1,4,-60,108,-91.3,-12,8.8,4,Not Barred,6,6312,-50,504990,497,-89.1;-92.5;-97.2;-101.6,-,2.8;2.7;3.6;9.2,-1.3;-6.6;1.2;0.2,-50;-62.8;-57.1;-52.8,7;0;6;5;4;2;3;5;1;5;1,720;875;722;496;497;497;497;497;495;701;876,-100.7;-140.9;-92.9;-86.5;-89.3;-92.6;-93.8;-96.2;-96;-91.2;-94.5,-19.4;-36.4;-13.6;-12;-11.5;-11.9;-13.1;-20.6;-15.8;-16.5;-14.4,255;255;255;255;255;255;255;255;255;255;255,1;0;0;0;0;0;0;0,504990;504990;504990;504990;504990;504990;504990;504990,497;496;701;722;876;495;720;875,4;5;5;6;1;1;7;0,-,4;1;1;1;1;1;1;1,-91.3;-86.6;-92.6;-93.5;-94.5;-95;-100.7;-140.9,-12;-12.1;-16.3;-14.3;-14.4;-14.8;-19.4;-36.4,8.8;255;255;255;255;255;255;255,1.3,9,0,QPSK,-,100,0,0,0,0.00,0.00,0.00,0.00,0,1,Rank 2,21,644,36,69,-,69,10,23,31,25,256QAM,0,SMDL,3,0,12,0.00,0.00,0.18,1.09,Rank 2,5,758,171,-,4 x 4,HandOver,50192,Free,17,FORMAT_0,38,127,Success,50192,2,-,19,13,7,-,171,-,4,32,-,-,-,-,-,-,-,-,-,-,-,-,-,Registered,Normal Service,9,269,18,F6861449,180,8,30kHz,1249,-,5,1,-,-,New trans.,0,0,256QAM,199,1,50192,180,13,0,0,Pass,0,QPSK,0,16,1,0,15,30kHz,Re trans.,-,4095,
20260725 15:16:59.352,24.825304,102.851240,18.97,1947,3,1,0.00,0.00,,,,,,,1,SA,460,00,中国移动,4456484,6443552780,1573133,12,Normal,-,1,41,100,100,504990,-,496,513000,513000,30kHz,503172,1099,-,ms20,Connected,SA,-0.7,0,3,-60,106,-90.5,-14,5.9,5,Not Barred,6,6312,-48.3,504990,496,-94.5;-86.5;-92.9;-98.3,-,-4.5;0.1;-6.2;-2.4,-8.8;-15.1;-6.3;4.6,-49.9;-61.8;-53.6;-48.3,7;0;6;5;7;0;4;7;5;1;0,720;875;722;496;496;496;497;495;701;876;130,-119.8;-98.5;-93.2;-89.8;-97.9;-102.1;-87.3;-93.5;-90.3;-91.4;-103.6,-28.4;-17.2;-14.1;-13.8;-18.5;-18.7;-11;-14.1;-13.7;-12.5;-20.1,255;255;255;255;255;255;255;255;255;255;255,1;0;0;0;0;0;0;0;0,504990;504990;504990;504990;504990;504990;504990;504990;504990,496;497;876;701;722;495;130;875;720,5;4;1;5;6;7;0;0;7,-,3;1;1;1;1;1;1;1;1,-90.5;-88.5;-91.4;-91.8;-94.7;-95.1;-103.6;-109.7;-119.8,-14;-11.4;-12.5;-14.2;-15.1;-15.3;-20.1;-23.9;-28.4,5.9;255;255;255;255;255;255;255;255,1.3,9,0,QPSK,-,100,0,0,0,0.00,0.00,0.01,0.01,6.3,1,Rank 2,21,644,3,269,-,269,10,25.7,31,24,256QAM,0,SMDL,0,0,0,0.00,0.00,0.14,0.50,Rank 2,5,275,60,-,4 x 4,HandOver,48031,Free,17,FORMAT_0,41,57,Success,48031,2,-,19,10,2,-,60,-,4,3,-,-,-,-,-,-,-,-,-,-,-,-,-,Registered,Normal Service,9,269,18,F6861449,252,9,30kHz,1249,-,5,1,-,-,-,0,0,256QAM,179,1,48031,266,15,0,2,Pass,0,QPSK,2,48,1,0,0,30kHz,Re trans.,-,4095,
20260725 15:17:00.366,24.825337,102.851203,19.33,1947,3,1,0.00,0.00,,,,,,,1,SA,460,00,中国移动,4456484,6443552780,1573133,12,Normal,-,1,41,100,100,504990,-,496,513000,513000,30kHz,503172,1099,-,ms20,Connected,SA,-0.7,0,3,-60,97,-82.9,-11.7,4,5,Not Barred,6,6312,-44.3,504990,496,-79.8;-85.1;-85.6;-106.1,-,1.8;-0.3;0.5;4.4,-8.8;-15.1;-6.3;4.6,-44.3;-64.3;-48.4;-47.6,1;0;7;5;6;7;0;3;7;5,876;875;722;496;496;496;496;497;495;701,-87.3;-103.7;-94.2;-82.9;-97;-120;-103.2;-90.5;-89.7;-87.1,-11.6;-20.7;-16.8;-11.7;-17.6;-28.5;-19.2;-12.6;-13.6;-16.1,255;255;255;255;255;255;255;255;255;255,1;0;0;0;0;0;0,504990;504990;504990;504990;504990;504990;504990,496;876;701;497;495;722;875,5;1;5;3;7;7;0,-,4;1;1;1;1;1;1,-82.9;-87.3;-88.7;-90;-91.1;-94.3;-102,-11.7;-11.6;-15;-12.3;-13.8;-15.6;-20.1,4;255;255;255;255;255;255,2.2,28,0,QPSK,-,100,0,0,0,0.00,0.00,0.00,0.00,0,1,Rank 1,24,436,16,60,-,60,11,24.2,31,25,256QAM,0,SMDL,1.3,0,7.5,0.00,0.00,0.12,0.61,Rank 2,4,387,69,-,4 x 4,HandOver,48031,Free,17,FORMAT_0,41,57,Success,48031,2,-,17,6,2,-,69,-,3,13,-,-,-,-,-,-,-,-,-,-,-,-,-,Registered,Normal Service,9,269,18,F6861449,360,19,30kHz,992,-,4,1,-,-,New trans.,0,1,256QAM,179,1,48031,356,0,0,0,Pass,1,QPSK,0,16,1,0,15,30kHz,Re trans.,-,2039,
20260725 15:17:01.380,24.825373,102.851164,19.87,1947,3,1,0.00,0.00,,,,,,,1,SA,460,00,中国移动,4456484,6443552781,1573133,13,Normal,-,1,41,100,100,504990,-,496,513000,513000,30kHz,503172,1099,-,ms20,Connected,SA,-0.8,1,3,-60,102,-87.7,-15.3,1.6,5,Not Barred,6,6312,-46.4,504990,496,-87.9;-87.5;-94.8;-98,-,-6.9;-4.3;-6.1;-3.5,-8.8;-15.1;-6.3;4.6,-46.4;-61.3;-52;-48.8,1;0;6;5;6;0;3;7;5,876;875;722;496;496;496;497;495;701,-87.7;-100.9;-85.4;-87.7;-95.2;-100.8;-89.5;-85.5;-84.6,-12.3;-20.1;-12.2;-15.3;-20.9;-20.5;-14.8;-12.2;-12.6,255;255;255;255;255;255;255;255;255,1;0;0;0;0;0;0,504990;504990;504990;504990;504990;504990;504990,496;722;495;701;876;497;875,5;6;7;5;1;3;0,-,3;1;1;1;1;1;1,-87.7;-85.6;-86.2;-86.4;-87.7;-87.9;-100.9,-15.3;-12.2;-11.8;-13.3;-12.3;-12.6;-20.1,1.6;255;255;255;255;255;255,0,0,0,QPSK,-,100,0,0,0,0.00,0.00,0.00,0.00,0,1,Rank 2,16,96,5,69,-,69,10,24.6,25,25,256QAM,0,SMDL,0,0,0,0.00,0.00,0.00,0.54,Rank 2,4,290,70,-,4 x 4,HandOver,48031,Free,17,FORMAT_0,41,57,Success,48031,2,-,19,15,2,-,70,-,3,5,-,-,-,-,-,-,-,-,-,-,-,-,-,Registered,Normal Service,9,269,18,F6861449,486,19,30kHz,944,-,4,1,-,-,New trans.,0,0,256QAM,123,1,48031,486,11,0,0,Pass,0,QPSK,0,16,1,0,15,30kHz,Re trans.,-,396,
20260725 15:17:02.395,24.825409,102.851125,20.20,1947,3,1,0.00,0.00,,,,,,,1,SA,460,00,中国移动,4456484,6443552781,1573133,13,Normal,-,1,41,100,100,504990,-,496,513000,513000,30kHz,503172,1099,-,ms20,Connected,SA,-0.8,1,3,-60,99,-84,-13.1,0.3,5,Not Barred,6,6312,-46.6,504990,496,-85;-85.9;-87.8;-101.3,-,-0.8;3.3;1.3;-5.2,-8.8;-15.1;-6.3;4.6,-46.6;-62.8;-51.8;-49.5,1;0;6;5;7;6;0;3;7;5,876;875;722;496;496;496;496;497;495;701,-116.7;-106.3;-92.5;-83.9;-100.9;-100;-103.3;-84.9;-85.8;-84.3,-26.6;-24.3;-16.6;-13;-22.3;-20.5;-20.5;-12.2;-12.6;-14.2,255;255;255;255;255;255;255;255;255;255,1;0;0;0;0;0;0,504990;504990;504990;504990;504990;504990;504990,496;701;497;495;722;875;876,5;5;3;7;6;0;1,-,4;1;1;1;1;1;1,-84;-85.4;-86.2;-87.4;-91.9;-106.3;-116.7,-13.1;-13.9;-12.4;-13.1;-16.9;-24.3;-26.6,0.3;255;255;255;255;255;255,0,0,0,QPSK,-,100,0,0,0,0.00,0.00,0.01,0.01,0,1,Rank 2,16,96,6,69,-,69,10,24.1,25,25,256QAM,0,SMDL,0,0,2.2,0.00,0.00,0.00,0.33,Rank 2,4,180,47,-,4 x 4,HandOver,48031,Free,17,FORMAT_0,41,57,Success,48031,2,-,14,8,2,-,47,-,3,6,-,-,-,-,-,-,-,-,-,-,-,-,-,Registered,Normal Service,9,269,18,F6861449,551,8,30kHz,944,-,4,1,-,-,-,0,0,256QAM,179,1,48031,545,13,0,0,Pass,1,QPSK,0,16,1,0,15,30kHz,Re trans.,-,396,
20260725 15:17:03.408,24.825447,102.851088,20.41,1947,3,1,0.00,0.00,,,,,,,1,SA,460,00,中国移动,4456484,6443552781,1573133,13,Normal,-,1,41,100,100,504990,-,496,513000,513000,30kHz,503172,1099,-,ms20,Connected,SA,-0.8,1,3,-60,99,-82.3,-11.7,9.3,5,Not Barred,6,6312,-45.1,504990,496,-90.4;-82;-82.3;-106,-,-0.2;2.3;6;5.9,-8.8;-15.1;-6.3;4.6,-46.1;-61.3;-52.1;-45.1,1;0;6;5;4;7;6;4;7;5,876;875;722;496;496;496;496;497;495;701,-121.5;-102.5;-87.5;-82.3;-94.6;-97.4;-92.9;-91.4;-87.2;-89.6,-27.3;-21.3;-12.3;-11.6;-16.4;-20.6;-17.5;-13;-13.2;-16.5,255;255;255;255;255;255;255;255;255;255,1;0;0;0;0;0;0,504990;504990;504990;504990;504990;504990;504990,496;722;495;701;497;875;876,5;6;7;5;4;0;1,-,4;1;1;1;1;1;1,-82.3;-87.5;-88.2;-90.4;-91.9;-102.5;-121.5,-11.7;-12.5;-13.3;-17.2;-13.4;-21.3;-27.3,9.3;255;255;255;255;255;255,0.3,1,0,QPSK,-,100,0,0,0,0.00,0.00,0.00,0.00,0,1,Rank 2,18,144,4,14,-,14,10,20.9,22,21,256QAM,0,SMDL,0,0,0,0.00,0.00,0.00,0.32,Rank 2,4,32,42,-,4 x 4,HandOver,48031,Free,17,FORMAT_0,41,57,Success,48031,2,-,14,8,2,-,42,-,3,4,-,-,-,-,-,-,-,-,-,-,-,-,-,Registered,Normal Service,9,269,18,F6861449,592,18,30kHz,848,-,4,1,-,-,New trans.,0,0,256QAM,176,1,48031,641,15,0,4,Pass,0,QPSK,0,20,1,0,0,30kHz,Re trans.,-,730,
20260725 15:17:04.416,24.825447,102.851088,20.41,1947,3,1,0.00,0.00,,,,,,,1,SA,460,00,中国移动,4456484,6443552781,1573133,13,Normal,-,1,41,100,100,504990,-,496,513000,513000,30kHz,503172,1099,-,ms20,Connected,SA,-0.8,1,3,-60,98,-83.6,-12.4,8.2,5,Not Barred,6,6312,-44.3,504990,496,-81.8;-85.2;-82.6;-91,-,3.3;4.9;5.3;8.2,-8.8;-15.1;-6.3;4.6,-46.6;-56.8;-48.1;-44.3,1;0;7;5;0;4;7;3;7;5,876;875;722;496;496;496;496;497;495;701,-99;-100.7;-90.6;-83.6;-98.1;-95.8;-97.4;-90.2;-87.1;-87.9,-17.9;-18.7;-15.6;-12.4;-17;-17.6;-19.8;-12.9;-13.2;-17.1,255;255;255;255;255;255;255;255;255;255,1;0;0;0;0;0;0,504990;504990;504990;504990;504990;504990;504990,496;495;701;722;497;876;875,5;7;5;7;3;1;0,-,4;1;1;1;1;1;1,-83.6;-89.1;-89.2;-89.7;-91.2;-99;-100.4,-12.4;-13.3;-17;-14.2;-13.1;-17.9;-18.4,8.2;255;255;255;255;255;255,0,0,0,QPSK,-,100,0,0,0,0.00,0.00,0.00,0.00,0,1,Rank 2,20,40,2,14,-,14,10,20.9,22,21,256QAM,0,SMDL,0,0,0,0.00,0.00,0.00,0.05,Rank 2,4,32,4,-,4 x 4,HandOver,48031,Free,17,FORMAT_0,41,57,Success,48031,2,-,13,12,2,-,4,-,2,4,-,-,-,-,-,-,-,-,-,-,-,-,-,Registered,Normal Service,9,269,18,F6861449,785,8,30kHz,800,-,4,1,-,-,New trans.,0,0,256QAM,136,1,48031,769,15,0,4,Pass,0,QPSK,0,20,1,0,0,30kHz,Re trans.,-,28,
20260725 15:17:05.430,24.825534,102.851033,19.98,1948,3,1,0.00,0.00,,,,,,,1,SA,460,00,中国移动,4456484,6443552781,1573133,13,Normal,-,1,41,100,100,504990,-,496,513000,513000,30kHz,503172,1099,-,ms20,Connected,SA,-0.8,2,3,-60,101,-85.6,-14.1,2,5,Not Barred,6,6312,-46.6,504990,496,-86.1;-94.3;-86;-99,-,-0.5;-1.2;0.3;-3.3,-8.8;-15.1;-6.3;4.6,-46.6;-57.6;-48.6;-47.4,1;0;6;5;6;3;4;4;7;5,876;875;722;496;496;496;496;497;495;701,-103.9;-97.3;-84.6;-85.4;-96.8;-96.7;-100.5;-89;-81.1;-85.9,-21.1;-18.5;-12.8;-13.9;-21.4;-20.6;-19.6;-14.1;-12;-13.8,255;255;255;255;255;255;255;255;255;255,1;0;0;0;0;0;0,504990;504990;504990;504990;504990;504990;504990,496;495;722;701;497;875;876,5;7;6;5;4;0;1,-,4;1;1;1;1;1;1,-85.6;-81.3;-85.6;-87.4;-89.3;-97.3;-103.9,-14.1;-12;-14.1;-15;-13.9;-18.5;-21.1,2;255;255;255;255;255;255,6.2,28,1,QPSK,-,100,0,0,0,0.00,0.00,0.00,0.00,20,4,Rank 2,19,96,4,123,-,123,12,22.5,31,21,256QAM,0,SMDL,0,0,0,0.00,0.00,0.01,0.04,Rank 2,4,148,38,-,4 x 4,HandOver,48031,Free,17,FORMAT_0,41,57,Success,48031,2,-,15,17,2,-,38,-,2,4,-,-,-,-,-,-,-,-,-,-,-,-,-,Registered,Normal Service,9,269,18,F6861449,891,19,30kHz,992,-,4,1,-,-,New trans.,0,0,256QAM,135,1,48031,886,11,0,0,Pass,0,QPSK,1,16,4,0,15,30kHz,Re trans.,-,561,
20260725 15:17:06.437,24.825576,102.851003,20.12,1948,3,1,0.00,0.00,,,,,,,1,SA,460,00,中国移动,4456484,6443552781,1573133,13,Normal,-,1,41,100,100,504990,-,495,513000,513000,30kHz,503172,1099,-,ms20,Connected,SA,-0.8,0,5,-60,100,-82.2,-11.9,4.5,7,Not Barred,6,6312,-44,504990,495,-81.8;-91.3;-93;-89.5,-,-6.2;3;12;1.2,12.8;12.5;16.5;13.2,-44;-56.6;-50.1;-51.1,1;0;6;5;4;7;2;6;5;5;7,876;875;722;496;497;495;495;495;495;701;720,-110.4;-97.9;-84.2;-87.4;-92.6;-82;-89.7;-91.2;-93.6;-87.6;-97,-22.4;-19.3;-12;-13.7;-14.8;-11.8;-12.3;-18;-19.4;-14.4;-22.6,255;255;255;255;255;255;255;255;255;255;255,1;0;0;0;0;0;0;0,504990;504990;504990;504990;504990;504990;504990;504990,495;722;496;701;497;720;875;876,7;6;5;5;4;7;0;1,-,4;1;1;1;1;1;1;1,-82.2;-84.1;-87.7;-89.1;-93.5;-94.1;-97.9;-110.4,-11.9;-12.3;-13.7;-16;-15.5;-19.9;-19.3;-22.4,4.5;255;255;255;255;255;255;255,6.2,28,1,QPSK,-,100,0,0,0,0.00,0.00,0.02,0.02,0,4,Rank 2,19,96,4,69,-,69,8,22.5,31,21,256QAM,0,SMDL,0,0,0,0.00,0.00,0.01,0.24,Rank 2,4,148,38,-,4 x 4,HandOver,49644,Free,17,FORMAT_0,44,127,Success,49644,1,-,12,2,-5,-,38,-,2,4,-,-,-,-,-,-,-,-,-,-,-,-,-,Registered,Normal Service,9,269,18,F6861449,932,18,30kHz,992,-,4,1,-,-,New trans.,0,0,256QAM,75,1,49644,927,13,0,0,Pass,0,QPSK,0,16,1,0,15,30kHz,Re trans.,-,561,
20260725 15:17:07.452,24.825611,102.850964,20.63,1947,3,1,0.00,0.00,,,,,,,1,SA,460,00,中国移动,4456484,6443552779,1573133,11,Normal,-,1,41,100,100,504990,-,722,513000,513000,30kHz,503172,1099,-,ms20,Connected,SA,-0.8,-2,2,-60,104,-81.9,-13.3,10.4,6,Not Barred,6,6312,-45.8,504990,722,-80.5;-77.5;-92.9;-81.4,-,5.7;-2.6;2.9;6.1,10.4;10;6.9;13.4,-45.8;-58;-45.9;-46.3,7;0;6;7;5;0;5;4;7;5,720;875;722;722;722;722;496;497;495;701,-86.5;-92.1;-81.8;-81.9;-94.9;-91.9;-83.6;-100.2;-79.7;-88.7,-20.4;-17.2;-12;-14.9;-19.5;-15.1;-12.4;-18.8;-11.7;-16.6,255;255;255;255;255;255;255;255;255;255,1;0;0;0;0;0;0,504990;504990;504990;504990;504990;504990;504990,722;495;496;701;720;497;875,6;7;5;5;7;4;0,-,4;1;1;1;1;1;1,-81.9;-81.3;-84.2;-88.7;-89.4;-91.3;-92.1,-13.3;-11.7;-13.4;-16.6;-18.9;-16.1;-17.2,10.4;255;255;255;255;255;255,1.1,9,0,QPSK,-,100,0,0,0,0.00,0.00,0.02,0.02,0,1,Rank 2,20,436,18,129,-,129,12,23,25,25,256QAM,0,SMDL,3.1,0,12.3,0.00,0.00,0.00,0.39,Rank 2,4,260,71,-,4 x 4,HandOver,41887,Free,17,FORMAT_0,226,127,Success,41887,4,-,19,25,-3,-,71,-,2,16,-,-,-,-,-,-,-,-,-,-,-,-,-,Registered,Normal Service,9,269,18,F6861449,67,19,30kHz,992,-,4,1,-,-,New trans.,0,0,256QAM,191,0,41887,63,4,0,0,Pass,0,QPSK,28,16,3,0,15,30kHz,New trans.,-,3050,
20260725 15:17:08.468,24.825647,102.850928,20.12,1947,3,1,0.00,0.00,,,,,,,1,SA,460,00,中国移动,4456484,6443552779,1573133,11,Normal,-,1,41,100,100,504990,-,722,513000,513000,30kHz,503172,1099,-,ms20,Connected,SA,-0.8,-2,2,-60,98,-78.5,-12.3,8.3,6,Not Barred,6,6312,-41,504990,722,-79.9;-86.8;-82.1;-93.5,-,13.4;7.6;5;1.6,14.2;12.3;11.3;10.1,-46.3;-53;-46.6;-41,7;0;6;7;1;0;5;4;7;5,720;875;722;722;722;722;496;497;495;701,-116.9;-98.7;-78;-80.2;-89.8;-88;-84.4;-107.7;-80.5;-87.7,-28.7;-21.1;-11.4;-13.8;-14.3;-13.3;-13.2;-21.8;-13.9;-14.5,255;255;255;255;255;255;255;255;255;255,1;0;0;0;0;0;0,504990;504990;504990;504990;504990;504990;504990,722;495;496;701;497;720;875,6;7;5;5;4;7;0,-,4;1;1;1;1;1;1,-78.5;-81.7;-85.1;-87.7;-91.2;-95.1;-99,-12.3;-13.1;-13.3;-14.5;-15.2;-19.1;-21.4,8.3;255;255;255;255;255;255,3.1,28,0,QPSK,-,100,0,0,0,0.00,0.00,0.01,0.01,28.6,1,Rank 2,19,468,25,69,-,69,9,25.7,31,25,256QAM,0,SMDL,0.9,0,1.8,0.00,0.00,0.19,0.92,Rank 2,4,503,113,-,4 x 4,HandOver,41887,Free,17,FORMAT_0,226,127,Success,41887,4,-,9,13,-3,-,113,-,3,22,-,-,-,-,-,-,-,-,-,-,-,-,-,Registered,Normal Service,9,269,18,F6861449,167,18,30kHz,800,-,4,1,-,-,-,0,0,256QAM,211,1,41887,168,3,0,0,Pass,0,QPSK,0,16,1,0,15,30kHz,Re trans.,-,2995,
20260725 15:17:09.482,24.825684,102.850891,20.41,1947,3,1,0.00,0.00,,,,,,,1,SA,460,00,中国移动,4456484,6443511819,1573123,11,Normal,-,1,41,100,100,504990,-,722,513000,513000,30kHz,503172,1099,-,ms20,Connected,SA,-0.8,-2,2,-60,92,-71.3,-11.2,11.2,6,Not Barred,6,6312,-28.4,504990,722,-74.8;-73.5;-75.1;-83.2,-,18;11.6;9.6;-2.6,22.1;14.6;18.1;10.6,-28.4;-45.3;-37.4;-37.1,7;5;6;7;0;5;5;3;7,720;701;722;722;722;722;496;497;495,-79.1;-86;-70.7;-72.5;-80.5;-81.2;-86.6;-94.5;-78,-20.1;-15.8;-10.7;-12;-11.5;-13;-16.8;-17;-15.7,255;255;255;255;255;255;255;255;255,1;0;0;0;0;0,504990;504990;504990;504990;504990;504990,722;495;701;720;496;497,6;7;5;7;5;3,-,4;1;1;1;1;1,-71.3;-78.3;-86;-86.1;-88.4;-94.7,-11.2;-15;-15.8;-16.6;-17.4;-17.7,11.2;255;255;255;255;255,3,28,0,QPSK,-,100,0,0,0,0.00,0.00,0.01,0.01,10,1,Rank 3,17,208,9,69,-,69,11,23.1,31,22,256QAM,0,SMDL,0,0,2,0.00,0.00,0.04,0.45,Rank 2,4,200,70,-,4 x 4,HandOver,41887,Free,17,FORMAT_0,226,127,Success,41887,4,-,4,6,-3,-,70,-,3,9,-,-,-,-,-,-,-,-,-,-,-,-,-,Registered,Normal Service,9,269,18,F6861449,263,8,30kHz,800,-,4,1,-,-,-,0,0,256QAM,211,1,41887,236,13,0,0,Pass,1,QPSK,0,16,1,0,15,30kHz,Re trans.,-,2172,
20260725 15:17:10.490,24.825721,102.850851,20.56,1947,3,1,0.00,0.00,,,,,,,1,SA,460,00,中国移动,4456484,6443511819,1573123,11,Normal,-,1,41,100,100,504990,-,722,513000,513000,30kHz,503172,1099,-,ms20,Connected,SA,-0.8,-1,2,-60,93,-73.1,-11.5,13.5,6,Not Barred,6,6312,-34,504990,722,-82.1;-69.2;-72.6;-77.7,-,3.9;9.3;17.5;5.2,10.3;15;11.6;12.2,-34.8;-46;-34.6;-34,7;5;6;7;5;0;5;4;7,720;701;722;722;722;722;496;497;495,-84.3;-88.6;-72.5;-73.4;-80.9;-82;-83.4;-121.1;-79,-17.2;-17.1;-10.9;-11.8;-13.2;-11.9;-14.7;-29.8;-15.8,255;255;255;255;255;255;255;255;255,1;0;0;0;0;0,504990;504990;504990;504990;504990;504990,722;495;720;496;701;497,6;7;7;5;5;4,-,4;1;1;1;1;1,-73.1;-79.7;-82.6;-85.1;-88.6;-121.4,-11.5;-14.7;-14.9;-15.4;-17.1;-29.5,13.5;255;255;255;255;255,3,28,0,QPSK,-,100,0,0,0,0.00,0.05,0.02,0.02,16.7,1,Rank 3,17,208,6,111,-,111,9,24.1,31,25,256QAM,0,SMDL,0,0,1.4,0.00,0.04,0.10,0.31,Rank 2,4,300,49,-,4 x 4,HandOver,41887,Free,17,FORMAT_0,226,127,Success,41887,4,-,10,1,-3,-,49,-,3,6,-,-,-,-,-,-,-,-,-,-,-,-,-,Registered,Normal Service,9,269,18,F6861449,374,18,30kHz,992,-,4,1,-,-,New trans.,0,0,256QAM,211,1,41887,375,3,0,0,Pass,1,QPSK,1,16,4,0,15,30kHz,Re trans.,-,2172,
20260725 15:17:11.502,24.825755,102.850815,19.15,1947,3,1,0.00,0.00,,,,,,,1,SA,460,00,中国移动,4456484,6443511819,1573123,11,Normal,-,1,41,100,100,504990,-,722,513000,513000,30kHz,503172,1099,-,ms20,Connected,SA,-0.8,0,2,-60,96,-74,-11.8,13.2,6,Not Barred,6,6312,-40.6,504990,722,-70.8;-73.1;-71.3;-80.2,-,7.1;12.3;-7.1;11.1,3.8;7.2;9.3;8.5,-46.8;-50.1;-40.6;-42.1,7;5;6;7;5;0;5;7,720;701;722;722;722;722;496;495,-82.9;-93.4;-73.5;-77.4;-82.2;-83.7;-82.4;-82.1,-16.8;-21.4;-11.1;-13.4;-14.6;-13;-14.1;-16.6,255;255;255;255;255;255;255;255,1;0;0;0;0,504990;504990;504990;504990;504990,722;495;496;720;701,6;7;5;7;5,-,4;1;1;1;1,-74;-82.2;-83.2;-83.7;-93.4,-11.8;-14.2;-14.1;-16.3;-21.4,13.2;255;255;255;255,6.1,30,1,QPSK,-,72.2,16.7,11.1,0,0.10,0.05,0.15,0.16,4.5,4,Rank 3,24,898,36,69,-,69,10,24.5,31,24,256QAM,0,SMDL,0,0,0,0.06,0.03,0.10,0.53,Rank 2,4,389,78,-,4 x 4,HandOver,41887,Free,17,FORMAT_0,226,127,Success,41887,4,-,12,8,-3,-,78,-,3,36,-,-,-,-,-,-,-,-,-,-,-,-,-,Registered,Normal Service,9,269,18,F6861449,473,19,30kHz,992,-,4,1,-,-,New trans.,0,0,256QAM,211,1,41887,473,4,0,0,Pass,1,QPSK,0,16,1,0,15,30kHz,Re trans.,-,33427,
20260725 15:17:12.516,24.825790,102.850780,18.11,1947,3,1,0.00,0.00,,,,,,,1,SA,460,00,中国移动,4456484,6443511819,1573123,11,Normal,-,1,41,100,100,504990,-,722,513000,513000,30kHz,503172,1099,-,ms20,Connected,SA,-0.8,0,2,-60,96,-76,-11.3,9.7,6,Not Barred,6,6312,-42.8,504990,722,-77.5;-79.3;-82.9;-86.4,-,9.7;4.5;4.7;6.1,8.4;11.6;13;9.3,-43.6;-49.6;-42.8;-48.6,7;5;6;7;5;0;5;3;1,720;701;722;722;722;722;496;495;558,-101.6;-88.8;-75.7;-76.8;-84.1;-85.1;-82.5;-84.6;-98.6,-23.6;-18.8;-11.1;-11.4;-14.1;-13.1;-13.3;-12.7;-20.3,255;255;255;255;255;255;255;255;255,1;0;0;0;0;0,504990;504990;504990;504990;504990;504990,722;496;495;720;701;558,6;5;3;7;5;1,-,4;1;1;1;1;1,-76;-83.1;-84.6;-88.6;-88.8;-98.6,-11.3;-13.4;-13.5;-17.4;-18.8;-20.3,9.7;255;255;255;255;255,0.9,3,0,QPSK,-,100,0,0,0,0.00,0.00,0.01,0.01,0,4,Rank 3,16,224,12,145,-,145,8,24.5,31,24,256QAM,0,SMDL,0,0,0,0.00,0.00,0.03,0.71,Rank 2,4,389,93,-,4 x 4,HandOver,41887,Free,17,FORMAT_0,226,127,Success,41887,4,-,12,8,-3,-,93,-,3,12,-,-,-,-,-,-,-,-,-,-,-,-,-,Registered,Normal Service,9,269,18,F6861449,559,19,30kHz,992,-,4,1,-,-,New trans.,0,0,256QAM,207,1,41887,523,17,0,0,Pass,0,QPSK,1,16,4,0,15,30kHz,Re trans.,-,3568,
20260725 15:17:13.527,24.825823,102.850747,17.42,1947,3,1,0.00,0.00,,,,,,,1,SA,460,00,中国移动,4456484,6443511819,1573123,11,Normal,-,1,41,100,100,504990,-,722,513000,513000,30kHz,503172,1099,-,ms20,Connected,SA,-0.8,0,2,-60,98,-76.3,-11.4,5.4,6,Not Barred,6,6312,-43.6,504990,722,-79.4;-84.9;-76.8;-78.2,-,-0.1;1.3;255;255,7.6;11;255;255,-43.6;-46.4,7;5;6;7;0;5;4;6,720;701;722;722;722;722;496;495,-84.2;-87.5;-77.4;-75.6;-86.7;-85.5;-85.7;-87,-18.1;-15.9;-11.4;-11.4;-13.9;-15.2;-13.9;-19.8,255;255;255;255;255;255;255;255,1;0;0;0;0,504990;504990;504990;504990;504990,722;720;496;495;701,6;7;4;6;5,-,4;1;1;1;1,-76.3;-85.3;-86.5;-86.5;-87.5,-11.4;-16.8;-14.9;-15.3;-15.9,5.4;255;255;255;255,0.5,1,1,QPSK,-,100,0,0,0,0.00,0.00,0.01,0.01,0,1,Rank 1,16,32,3,69,-,69,13,25,25,25,256QAM,0,SMDL,0,0,0,0.00,0.00,0.00,0.42,Rank 2,4,84,49,-,2 x 2,HandOver,41887,Free,17,FORMAT_0,226,127,Success,41887,4,-,14,8,-3,-,49,-,3,3,-,-,-,-,-,-,-,-,-,-,-,-,-,Registered,Normal Service,9,269,18,F6861449,678,18,30kHz,992,-,4,1,-,-,New trans.,0,0,256QAM,207,1,41887,675,13,0,0,Pass,0,QPSK,0,16,1,0,15,30kHz,Re trans.,-,214,
20260725 15:17:14.540,24.825855,102.850715,16.70,1947,3,1,0.00,0.00,,,,,,,1,SA,460,00,中国移动,4456484,6443511819,1573123,11,Normal,-,1,41,100,100,504990,-,722,513000,513000,30kHz,503172,1099,-,ms20,Connected,SA,-0.8,-1,2,-60,96,-76.4,-11.3,7.6,7,Not Barred,6,6312,-40.1,504990,722,-75.5;-76.5;-86.3;-90.6,-,12.4;4.1;255;255,11.1;10.6;255;255,-40.9;-40.1,7;5;7;6;5;0;5;7;4,720;701;722;722;722;722;496;495;497,-125.2;-87.9;-75.2;-78.9;-86.8;-86;-83.6;-84.9;-110.4,-32.3;-16.5;-11.2;-11.4;-16.1;-13.5;-14.5;-19.2;-24.7,255;255;255;255;255;255;255;255;255,1;0;0;0;0;0,504990;504990;504990;504990;504990;504990,722;495;496;701;497;720,7;7;5;5;4;7,-,4;1;1;1;1;1,-76.4;-84.1;-84.6;-87.9;-110.4;-117.9,-11.3;-14.4;-14.2;-16.5;-24.7;-28.2,7.6;255;255;255;255;255,0.3,2,0,QPSK,-,100,0,0,0,0.00,0.00,0.00,0.00,0,2,Rank 1,16,96,5,101,-,101,13,25.1,31,25,256QAM,0,SMDL,0,0,0,0.00,0.00,0.00,0.16,Rank 2,4,228,67,-,2 x 2,HandOver,41887,Free,17,FORMAT_0,226,127,Success,41887,4,-,14,8,-3,-,67,-,3,5,-,-,-,-,-,-,-,-,-,-,-,-,-,Registered,Normal Service,9,269,18,F6861449,775,8,30kHz,992,-,4,1,-,-,New trans.,0,0,256QAM,203,1,41887,763,4,0,0,Pass,1,QPSK,2,16,2,0,15,30kHz,Re trans.,-,446,
20260725 15:17:15.556,24.825880,102.850679,16.24,1947,3,1,0.00,0.00,,,,,,,1,SA,460,00,中国移动,4456484,6443511819,1573123,11,Normal,-,1,41,100,100,504990,-,722,513000,513000,30kHz,503172,1099,-,ms20,Connected,SA,-0.8,-1,2,-60,94,-74.8,-11.1,8.8,7,Not Barred,6,6312,-34.4,504990,722,-75.8;-84.9;-79.5;-90.5,-,11.8;7.7;255;255,11.5;12.5;255;255,-34.4;-39.3,7;5;7;6;0;3;4;4,720;701;722;722;722;722;496;495,-90;-106.7;-73.5;-78.3;-85.1;-87.4;-87.6;-80.7,-19.4;-25.4;-11;-11.3;-13.7;-14.6;-17.5;-11.4,255;255;255;255;255;255;255;255,1;0;0;0;0,504990;504990;504990;504990;504990,722;495;720;496;701,7;4;7;4;5,-,4;1;1;1;1,-74.8;-81.3;-87.7;-87.7;-106.7,-11.1;-11.9;-17.9;-17.4;-25.4,8.8;255;255;255;255,0.3,2,0,QPSK,-,100,0,0,0,0.00,0.00,0.00,0.00,0,2,Rank 1,16,96,6,101,-,101,13,24.5,31,25,256QAM,0,SMDL,0,0,0,0.00,0.00,0.01,0.43,Rank 2,4,264,68,-,2 x 2,HandOver,41887,Free,17,FORMAT_0,226,127,Success,41887,4,-,13,9,-3,-,68,-,3,6,-,-,-,-,-,-,-,-,-,-,-,-,-,Registered,Normal Service,9,269,18,F6861449,874,8,30kHz,944,-,4,1,-,-,New trans.,0,0,256QAM,204,1,41887,865,13,0,0,Pass,0,QPSK,2,16,2,0,15,30kHz,Re trans.,-,446,
20260725 15:17:16.570,24.825893,102.850640,14.69,1948,3,1,0.00,0.00,,,,,,,1,SA,460,00,中国移动,4456484,6443511819,1573123,11,Normal,-,1,41,100,100,504990,-,722,513000,513000,30kHz,503172,1099,-,ms20,Connected,SA,-0.8,-1,2,-60,90,-68.7,-10.6,13.7,7,Not Barred,6,6312,-35.4,504990,722,-70.6;-78.3;-75;-81.2,-,13.8;11.9;255;255,13.7;12;255;255,-35.4;-37,0;5;7;6;5;0;5;4,720;495;722;722;722;722;496;497,-117.3;-83.2;-68.6;-80.8;-83.6;-83.5;-85.2;-139.9,-29.4;-14.8;-10.5;-12.4;-14.7;-12.5;-16.1;-36.9,255;255;255;255;255;255;255;255,1;0;0;0;0,504990;504990;504990;504990;504990,722;495;496;720;497,7;5;5;0;4,-,4;1;1;1;1,-68.7;-82.9;-86.2;-96.1;-139.9,-10.6;-13.9;-15.7;-21.1;-36.9,13.7;255;255;255;255,1,2,2,QPSK,-,100,0,0,0,0.00,0.00,0.00,0.00,0,2,Rank 1,16,96,3,69,-,69,13,24.7,25,25,256QAM,0,SMDL,0,0,0,0.00,0.00,0.01,0.48,Rank 2,4,140,44,-,2 x 2,HandOver,41887,Free,17,FORMAT_0,226,127,Success,41887,4,-,10,5,-3,-,44,-,3,3,-,-,-,-,-,-,-,-,-,-,-,-,-,Registered,Normal Service,9,269,18,F6861449,982,19,30kHz,992,-,4,1,-,-,New trans.,0,0,256QAM,199,1,41887,977,14,0,0,Pass,0,QPSK,0,16,1,0,15,30kHz,Re trans.,-,510,
20260725 15:17:17.579,24.825894,102.850602,14.26,1947,3,1,0.00,0.00,,,,,,,1,SA,460,00,中国移动,4456484,6443511819,1573123,11,Normal,-,1,41,100,100,504990,-,722,513000,513000,30kHz,503172,1099,-,ms20,Connected,SA,-0.8,1,2,-60,89,-67.7,-10.5,14.6,7,Not Barred,6,6312,-31.4,504990,722,-68.2;-69.1;-73.5;-94.7,-,18.8;13.6;255;255,21;18.9;255;255,-31.4;-36.4,0;3;7;6;0;5;5,720;495;722;722;722;722;496,-90;-83.6;-67.7;-79.5;-78.1;-83;-83.9,-20.4;-12.8;-10.5;-12.6;-11.5;-15.2;-15.4,255;255;255;255;255;255;255,1;0;0;0,504990;504990;504990;504990,722;495;496;720,7;3;5;0,-,4;1;1;1,-67.7;-82.6;-85.5;-90,-10.5;-13.3;-16.4;-19.1,14.6;255;255;255,0,0,0,QPSK,-,100,0,0,0,0.00,0.00,0.00,0.00,0,1,Rank 1,16,64,4,101,-,101,13,24.6,25,25,256QAM,0,SMDL,0,0,0,0.00,0.00,0.00,0.26,Rank 2,4,192,49,-,2 x 2,HandOver,41887,Free,17,FORMAT_0,226,127,Success,41887,4,-,9,1,-3,-,49,-,3,4,-,-,-,-,-,-,-,-,-,-,-,-,-,Registered,Normal Service,9,269,18,F6861449,56,8,30kHz,992,-,4,1,-,-,New trans.,0,0,256QAM,199,1,41887,55,4,0,0,Pass,1,QPSK,2,16,2,0,15,30kHz,Re trans.,-,276,
20260725 15:17:18.590,24.825884,102.850565,15.08,1947,3,1,0.00,0.00,,,,,,,1,SA,460,00,中国移动,4456484,6443511819,1573123,11,Normal,-,1,41,100,100,504990,-,722,513000,513000,30kHz,503172,1099,-,ms20,Connected,SA,-0.8,2,2,-60,85,-63.6,-10.4,21,7,Not Barred,6,6312,-28.8,504990,722,-66.4;-63.9;-74.9;-77,-,10.9;19.4;255;255,21.5;27.1;255;255,-32.6;-28.8,0;5;7;6;0;5;4,720;495;722;722;722;722;496,-87.1;-80.5;-63.6;-76.9;-79.4;-81;-86.9,-18.1;-13.2;-10.4;-11.7;-11.4;-12.8;-15.7,255;255;255;255;255;255;255,1;0;0;0,504990;504990;504990;504990,722;495;720;496,7;5;0;4,-,4;1;1;1,-63.6;-81.6;-86.6;-86.8,-10.4;-13.6;-17.9;-16.3,21;255;255;255,1,2,2,QPSK,-,100,0,0,0,0.00,0.00,0.00,0.00,0,1,Rank 1,17,68,3,14,-,14,14,24.9,25,25,256QAM,0,SMDL,0,0,0,0.00,0.00,0.00,0.35,Rank 2,4,132,34,-,2 x 2,HandOver,41887,Free,17,FORMAT_0,226,127,Success,41887,4,-,7,-3,-3,-,34,-,1,2,-,-,-,-,-,-,-,-,-,-,-,-,-,Registered,Normal Service,9,269,18,F6861449,155,8,30kHz,992,-,4,1,-,-,New trans.,0,0,256QAM,199,1,41887,145,17,0,4,Pass,0,QPSK,0,20,1,0,0,30kHz,Re trans.,-,285,
20260725 15:17:19.603,24.825864,102.850531,15.70,1947,3,1,0.00,0.00,,,,,,,1,SA,460,00,中国移动,4456484,6443511819,1573123,11,Normal,-,1,41,100,100,504990,-,722,513000,513000,30kHz,503172,1099,-,ms20,Connected,SA,-0.8,2,2,-60,85,-61.2,-10.5,18.9,7,Not Barred,6,6312,-22.6,504990,722,-60.4;-61.7;-66.4;-94.4,-,19.7;22.5;255;255,27.3;28.5;255;255,-22.6;-27.5,0;6;7;6;5;0;5,720;495;722;722;722;722;496,-80.3;-84.8;-61.2;-72.5;-75.2;-81.9;-99,-12.1;-17;-10.5;-10.8;-11.3;-14.4;-25.1,255;255;255;255;255;255;255,1;0;0;0,504990;504990;504990;504990,722;720;495;496,7;0;6;5,-,4;1;1;1,-61.2;-82.3;-85.1;-86.9,-10.5;-13.9;-16;-18.7,18.9;255;255;255,1,2,2,QPSK,-,100,0,0,0,0.00,0.00,0.00,0.00,0,1,Rank 1,17,68,3,14,-,14,13,24.1,31,24,256QAM,0,SMDL,0,0,0,0.00,0.00,0.01,0.25,Rank 2,4,144,34,-,2 x 2,HandOver,41887,Free,17,FORMAT_0,226,127,Success,41887,4,-,8,-6,-3,-,34,-,1,2,-,-,-,-,-,-,-,-,-,-,-,-,-,Registered,Normal Service,9,269,18,F6861449,201,9,30kHz,944,-,4,1,-,-,New trans.,0,0,256QAM,236,1,41887,209,17,0,4,Pass,0,QPSK,0,20,1,0,0,30kHz,Re trans.,-,285,
20260725 15:17:20.615,24.825836,102.850496,17.71,1947,3,1,0.00,0.00,,,,,,,1,SA,460,00,中国移动,4456484,6443511819,1573123,11,Normal,-,1,41,100,100,504990,-,722,513000,513000,30kHz,503172,1099,-,ms20,Connected,SA,-0.8,1,2,-60,85,-65.2,-10.6,11.5,7,Not Barred,6,6312,-31.3,504990,722,-75.5;-66.6;-76.6;-85.5,-,11.9;14.7;255;255,22.9;22.5;255;255,-36.8;-31.3,5;6;7;6;0;5;5;4,720;495;722;722;722;722;496;497,-88.5;-84.9;-65.2;-75.8;-78;-76.3;-108.3;-126,-18.9;-18.5;-10.5;-11.7;-11.5;-11.5;-28.1;-31.5,255;255;255;255;255;255;255;255,1;0;0;0;0,504990;504990;504990;504990;504990,722;495;720;496;497,7;6;5;5;4,-,4;1;1;1;1,-65.2;-86.5;-87.9;-89.1;-126,-10.6;-18.6;-18.3;-20.1;-31.5,11.5;255;255;255;255,1,2,2,QPSK,-,100,0,0,0,0.00,0.00,0.00,0.00,0,1,Rank 1,17,68,3,14,-,14,14,24.1,31,24,256QAM,0,SMDL,0,0,0,0.00,0.00,0.01,0.26,Rank 2,4,0,34,-,2 x 2,HandOver,41887,Free,17,FORMAT_0,226,127,Success,41887,4,-,8,0,-3,-,34,-,1,2,-,-,-,-,-,-,-,-,-,-,-,-,-,Registered,Normal Service,9,269,18,F6861449,201,9,30kHz,944,-,4,1,-,-,New trans.,0,0,256QAM,236,1,41887,209,17,0,4,Pass,0,QPSK,0,20,1,0,0,30kHz,Re trans.,-,285,
20260725 15:17:21.623,24.825806,102.850461,18.72,1948,3,1,0.00,0.00,,,,,,,1,SA,460,00,中国移动,4456484,6443511819,1573123,11,Normal,-,1,41,100,100,504990,-,722,513000,513000,30kHz,503172,1099,-,ms20,Connected,SA,-0.8,2,2,-60,75,-55.9,-10.4,21.3,7,Not Barred,6,6312,-18.3,504990,722,-54.8;-56.2;-67;-78.4,-,19.1;23;255;255,22.1;24.8;255;255,-18.3;-20.1,6;6;7;3;4;6;3;4;5,720;495;722;722;722;722;496;497;721,-84.5;-82.8;-55.9;-74.5;-76.7;-78.3;-85.5;-155.9;-81.5,-18;-17;-10.4;-10.9;-11.2;-12.3;-20.9;-43;-14.9,255;255;255;255;255;255;255;255;255,1;0;0;0;0;0,504990;504990;504990;504990;504990;504990,722;495;721;720;496;497,7;6;5;6;3;4,-,4;1;1;1;1;1,-55.9;-82.6;-83.6;-84.2;-85.3;-155.9,-10.4;-17.8;-17;-17.7;-20.1;-43,21.3;255;255;255;255;255,0,0,0,QPSK,-,100,0,0,0,0.00,0.00,0.00,0.00,0,1,Rank 1,18,72,4,101,-,101,13,28,31,31,256QAM,0,SMDL,0,0,0,0.00,0.00,0.01,0.00,Rank 2,4,8,33,-,2 x 2,HandOver,41887,Free,17,FORMAT_0,226,127,Success,41887,4,-,0,-10,-3,-,33,-,2,2,-,-,-,-,-,-,-,-,-,-,-,-,-,Registered,Normal Service,9,269,18,F6861449,461,9,30kHz,992,-,4,1,-,-,New trans.,0,0,256QAM,207,1,41887,455,13,0,0,Pass,1,QPSK,2,16,2,0,15,30kHz,Re trans.,-,160,
20260725 15:17:22.630,24.825773,102.850423,20.20,1948,3,1,0.00,0.00,,,,,,,1,SA,460,00,中国移动,4456484,6443511819,1573123,11,Normal,-,1,41,100,100,504990,-,722,513000,513000,30kHz,503172,1099,-,ms20,Connected,SA,-0.8,2,2,-60,80,-63.8,-10.5,14.7,7,Not Barred,6,6312,-29.9,504990,722,-61.4;-65.9;-62.1;-75.8,-,10.9;6;255;255,31;24.2;255;255,-30.6;-29.9,0;5;7;6;3;5;3;4;5,720;495;722;722;722;722;496;497;721,-80.7;-81.2;-63.5;-73.6;-72.9;-72.9;-85.8;-111.9;-94.2,-15.6;-16.6;-10.5;-11.7;-10.6;-11.3;-21.6;-28.2;-20.5,255;255;255;255;255;255;255;255;255,1;0;0;0;0;0,504990;504990;504990;504990;504990;504990,722;720;495;496;721;497,7;0;5;3;5;4,-,4;1;1;1;1;1,-63.8;-81.5;-81.5;-87.4;-95.4;-111.9,-10.5;-17.1;-17;-21.3;-22.2;-28.2,14.7;255;255;255;255;255,0,0,0,QPSK,-,100,0,0,0,0.00,0.00,0.00,0.00,0,1,Rank 1,18,72,4,69,-,69,14,24.7,25,25,256QAM,0,SMDL,0,0,0,0.00,0.00,0.00,0.02,Rank 2,4,148,33,-,2 x 2,HandOver,41887,Free,17,FORMAT_0,226,127,Success,41887,4,-,7,0,-3,-,33,-,2,2,-,-,-,-,-,-,-,-,-,-,-,-,-,Registered,Normal Service,9,269,18,F6861449,499,9,30kHz,992,-,4,1,-,-,New trans.,0,0,256QAM,191,0,41887,474,1,0,0,Pass,0,QPSK,0,16,1,0,15,30kHz,Re trans.,-,160,
20260725 15:17:23.642,24.825738,102.850384,20.88,1948,3,1,0.00,0.00,,,,,,,1,SA,460,00,中国移动,4456484,6443511819,1573123,11,Normal,-,1,41,100,100,504990,-,722,513000,513000,30kHz,503172,1099,-,ms20,Connected,SA,-0.8,2,2,-60,80,-57.7,-10.4,17.5,7,Not Barred,6,6312,-20.9,504990,722,-59.1;-61.6;-66.9;-72.6,-,21.7;19.2;255;255,30.2;26.3;255;255,-20.9;-27,0;6;7;6;4;0;5;5;4,720;495;722;722;722;722;496;721;497,-80.3;-79.6;-57.7;-72.1;-79;-75.5;-90.7;-83.7;-89,-15.7;-20.1;-10.4;-11.3;-12.3;-12;-21.9;-17.6;-17.9,255;255;255;255;255;255;255;255;255,1;0;0;0;0;0,504990;504990;504990;504990;504990;504990,722;495;720;721;496;497,7;6;0;5;5;4,-,4;1;1;1;1;1,-57.7;-81.2;-82.3;-84.5;-85.8;-89,-10.4;-19.5;-15.5;-18.6;-20.3;-17.9,17.5;255;255;255;255;255,0,0,0,QPSK,-,100,0,0,0,0.00,0.00,0.00,0.00,0,1,Rank 1,18,72,2,69,-,69,13,25,25,25,256QAM,0,SMDL,0,0,0,0.00,0.00,0.00,0.27,Rank 2,4,4,40,-,2 x 2,HandOver,41887,Free,17,FORMAT_0,226,127,Success,41887,4,-,6,-5,-3,-,40,-,2,2,-,-,-,-,-,-,-,-,-,-,-,-,-,Registered,Normal Service,9,269,18,F6861449,609,8,30kHz,992,-,4,1,-,-,New trans.,0,0,256QAM,203,0,41887,474,1,0,0,Pass,0,QPSK,0,16,1,0,15,30kHz,Re trans.,-,160,
20260725 15:17:24.652,24.825706,102.850343,20.09,1948,3,1,0.00,0.00,,,,,,,1,SA,460,00,中国移动,4456484,6443511819,1573123,11,Normal,-,1,41,100,100,504990,-,722,513000,513000,30kHz,503172,1099,-,ms20,Connected,SA,-0.8,3,2,-60,69,-49.1,-10.4,27.4,7,Not Barred,6,6312,-11.6,504990,722,-47.1;-52.5;-54.1;-65.4,-,29.6;22.9;255;255,29.1;34.8;255;255,-11.6;-19,6;6;7;3;2;6;3;5;4,720;495;722;722;722;722;496;721;497,-102.4;-78.4;-49.1;-69.2;-73.1;-71.9;-80.6;-72.9;-155.8,-27.7;-19.7;-10.4;-10.8;-11.4;-12.3;-22;-11.7;-42.9,255;255;255;255;255;255;255;255;255,1;0;0;0;0;0,504990;504990;504990;504990;504990;504990,722;721;495;720;496;497,7;5;6;6;3;4,-,4;1;1;1;1;1,-49.1;-75.6;-79.5;-81;-81.4;-155.8,-10.4;-14.5;-19.6;-18;-20.8;-42.9,27.4;255;255;255;255;255,0.7,2,0,QPSK,-,100,0,0,0,0.00,0.00,0.00,0.00,0,1,Rank 1,17,52,2,349,-,349,13,24.3,25,25,256QAM,0,SMDL,0,0,0,0.00,0.00,0.00,0.01,Rank 2,4,36,40,-,2 x 2,HandOver,41887,Free,17,FORMAT_0,226,127,Success,41887,4,-,-5,-15,-3,-,40,-,2,2,-,-,-,-,-,-,-,-,-,-,-,-,-,Registered,Normal Service,9,269,18,F6861449,763,18,30kHz,992,-,4,1,-,-,New trans.,0,0,256QAM,195,1,41887,757,4,0,0,Pass,0,QPSK,2,16,2,0,15,30kHz,Re trans.,-,184,
20260725 15:17:25.664,24.825673,102.850299,20.30,1948,3,1,0.00,0.00,,,,,,,1,SA,460,00,中国移动,4456484,6443511819,1573123,11,Normal,-,1,41,100,100,504990,-,722,513000,513000,30kHz,503172,1099,-,ms20,Connected,SA,-0.8,3,2,-60,76,-55.5,-10.4,23.6,7,Not Barred,6,6312,-20,504990,722,-56.5;-62;-66.2;-72.8,-,23.6;22.6;10.8;10.3,31.9;29.4;28.8;23.9,-20;-45.3;-31.6;-24,6;6;7;6;5;3;4;5;4,720;495;722;722;722;722;496;721;497,-94.9;-85.4;-55.5;-72.3;-76;-73.4;-86.4;-82.6;-156,-20.7;-19.3;-10.4;-11.4;-12.9;-11;-20.6;-18;-43,255;255;255;255;255;255;255;255;255,1;0;0;0;0;0,504990;504990;504990;504990;504990;504990,722;720;495;721;496;497,7;6;6;5;4;4,-,4;1;1;1;1;1,-55.5;-78.5;-81.4;-84.6;-87;-156,-10.4;-14.7;-18.8;-17;-20.1;-43,23.6;255;255;255;255;255,5.6,24,2,QPSK,-,72.7,0,22.7,4.5,0.00,0.00,0.08,0.09,0,2,Rank 3,18,416,20,101,-,101,13,24.8,31,25,256QAM,0,SMDL,0,0,0,0.00,0.06,0.00,0.07,Rank 2,4,288,52,-,4 x 4,HandOver,41887,Free,17,FORMAT_0,226,127,Success,41887,4,-,6,-3,-3,-,52,-,1,19,-,-,-,-,-,-,-,-,-,-,-,-,-,Registered,Normal Service,9,269,18,F6861449,864,18,30kHz,992,-,4,1,-,-,New trans.,0,0,256QAM,215,1,41887,858,13,0,0,Pass,1,QPSK,2,16,2,0,15,30kHz,Re trans.,-,10944,
20260725 15:17:26.670,24.825638,102.850261,19.37,1948,3,1,0.00,0.00,,,,,,,1,SA,460,00,中国移动,4456484,6443511819,1573123,11,Normal,-,1,41,100,100,504990,-,722,513000,513000,30kHz,503172,1099,-,ms20,Connected,SA,-0.8,3,2,-60,78,-56.3,-10.4,24.9,7,Not Barred,6,6312,-18.3,504990,722,-54.9;-59;-60.5;-77.6,-,23.1;18.3;15.9;7.1,31.6;32.2;28.5;21.4,-19.9;-41.5;-20;-18.3,5;6;7;3;6;4;3;5,720;495;722;722;722;722;496;721,-76.2;-78.3;-56.3;-70.8;-69.8;-75.2;-80.6;-78.4,-15.5;-17.7;-10.4;-10.7;-10.9;-11.2;-21.6;-16.8,255;255;255;255;255;255;255;255,1;0;0;0;0,504990;504990;504990;504990;504990,722;720;495;496;721,7;5;6;3;5,-,4;1;1;1;1,-56.3;-77;-78.3;-80.3;-80.6,-10.4;-14.4;-17.8;-21.4;-17.1,24.9;255;255;255;255,5.6,24,2,QPSK,-,72.7,0,22.7,4.5,0.05,0.05,0.00,0.00,0,2,Rank 3,18,416,4,129,-,129,12,24.6,31,25,256QAM,0,SMDL,0,0,0,0.06,0.00,0.07,0.53,Rank 2,4,220,48,-,4 x 4,HandOver,41887,Free,17,FORMAT_0,226,127,Success,41887,4,-,0,-1,-3,-,48,-,1,4,-,-,-,-,-,-,-,-,-,-,-,-,-,Registered,Normal Service,9,269,18,F6861449,951,9,30kHz,992,-,4,1,-,-,New trans.,0,0,256QAM,191,0,41887,926,4,0,0,Pass,1,QPSK,2,16,3,0,15,30kHz,Re trans.,-,10944,
20260725 15:17:27.678,24.825608,102.850226,17.21,1948,3,1,0.00,0.00,,,,,,,1,SA,460,00,中国移动,4456484,6443511819,1573123,11,Normal,-,1,41,100,100,504990,-,722,513000,513000,30kHz,503172,1099,-,ms20,Connected,SA,-0.8,3,2,-60,77,-56.2,-10.4,21.3,7,Not Barred,6,6312,-20,504990,722,-63.2;-56.2;-61.9;-72.2,-,22.5;21.1;255;255,33.2;30.4;255;255,-20;-21.9,6;6;7;6;3;5;3;5,720;495;722;722;722;722;496;721,-78.8;-80.8;-56.2;-68;-67.6;-69.3;-81.1;-96,-20.8;-21.9;-10.4;-10.8;-10.6;-11.6;-21.2;-23.7,255;255;255;255;255;255;255;255,1;0;0;0;0,504990;504990;504990;504990;504990,722;720;496;495;721,7;6;3;6;5,-,4;1;1;1;1,-56.2;-77.4;-79.2;-80.5;-81.8,-10.4;-18.4;-20.5;-21.9;-15.6,21.3;255;255;255;255,1.7,2,2,QPSK,-,100,0,0,0,0.00,0.00,0.00,0.00,0,3,Rank 1,16,48,1,101,-,101,13,24,25,24,256QAM,0,SMDL,0,0,0,0.00,0.00,0.07,0.40,Rank 2,4,28,30,-,4 x 4,HandOver,41887,Free,17,FORMAT_0,226,127,Success,41887,4,-,3,-3,-3,-,30,-,1,1,-,-,-,-,-,-,-,-,-,-,-,-,-,Registered,Normal Service,9,269,18,F6861449,44,19,30kHz,992,-,4,1,-,-,New trans.,0,0,256QAM,195,1,41887,37,3,0,0,Pass,1,QPSK,2,16,2,0,15,30kHz,Re trans.,-,559,
20260725 15:17:28.684,24.825581,102.850193,15.73,1947,3,1,0.00,0.00,,,,,,,1,SA,460,00,中国移动,4456484,6443511819,1573123,11,Normal,-,1,41,100,100,504990,-,722,513000,513000,30kHz,503172,1099,-,ms20,Connected,SA,-0.8,2,2,-60,81,-60.6,-10.6,17,7,Not Barred,6,6312,-25.1,504990,722,-60.1;-64.5;-63.5;-74.5,-,17;12.6;255;255,30.7;30.6;255;255,-25.1;-29.6,6;5;7;6;3;0;3;5,720;495;722;722;722;722;496;721,-71.8;-108.2;-60;-68;-70.8;-73;-86.4;-80.2,-16.5;-28.7;-10.5;-12.2;-10.8;-10.8;-23.6;-16.9,255;255;255;255;255;255;255;255,1;0;0;0;0,504990;504990;504990;504990;504990,722;720;721;496;495,7;6;5;3;5,-,4;1;1;1;1,-60.6;-71.3;-81.8;-85.2;-87.2,-10.6;-16.4;-17.1;-23.2;-21.3,17;255;255;255;255,1.7,2,2,QPSK,-,100,0,0,0,0.00,0.00,0.00,0.00,0,3,Rank 1,16,48,2,69,-,69,13,24.5,31,25,256QAM,0,SMDL,0,0,0,0.00,0.00,0.01,0.05,Rank 2,4,80,27,-,2 x 2,HandOver,41887,Free,17,FORMAT_0,226,127,Success,41887,4,-,2,0,-3,-,27,-,1,2,-,-,-,-,-,-,-,-,-,-,-,-,-,Registered,Normal Service,9,269,18,F6861449,144,19,30kHz,992,-,4,1,-,-,New trans.,0,0,256QAM,195,1,41887,133,13,0,0,Pass,0,QPSK,0,16,1,0,15,30kHz,Re trans.,-,559,
20260725 15:17:29.698,24.825553,102.850158,16.56,1947,3,1,0.00,0.00,,,,,,,1,SA,460,00,中国移动,4456484,6443511819,1573123,11,Normal,-,1,41,100,100,504990,-,722,513000,513000,30kHz,503172,1099,-,ms20,Connected,SA,-0.8,3,2,-60,87,-64.6,-10.8,20.9,7,Not Barred,6,6312,-31.4,504990,722,-69.4;-57.9;-64.1;-73.3,-,12.3;9.8;13.4;12.9,28.8;25;255;255,-37.3;-31.4,6;1;7;3;5;6;3;4,720;495;722;722;722;722;496;721,-71.8;-86.3;-65;-66.4;-67.5;-66.5;-76.5;-94,-14.9;-17.9;-11.1;-10.5;-10.7;-11.6;-22;-20.3,255;255;255;255;255;255;255;255,1;0;0;0;0,504990;504990;504990;504990;504990,722;720;496;495;721,7;6;3;1;4,-,4;1;1;1;1,-64.6;-71.7;-76.5;-87.4;-89.1,-10.8;-14.3;-22;-18.7;-18.5,20.9;255;255;255;255,0.7,2,0,QPSK,-,100,0,0,0,0.00,0.00,0.00,0.00,0,1,Rank 1,16,48,4,69,-,69,14,25.3,31,25,256QAM,0,SMDL,0,0,0,0.00,0.00,0.01,0.14,Rank 2,4,292,77,-,2 x 2,HandOver,41887,Free,17,FORMAT_0,226,127,Success,41887,4,-,0,2,-3,-,77,-,1,4,-,-,-,-,-,-,-,-,-,-,-,-,-,Registered,Normal Service,9,269,18,F6861449,243,8,30kHz,992,-,4,1,-,-,-,0,0,256QAM,219,1,41887,217,13,0,0,Pass,1,QPSK,0,16,1,0,15,30kHz,Re trans.,-,196,
20260725 15:17:30.710,24.825523,102.850123,18.00,1947,3,1,0.00,0.00,,,,,,,1,SA,460,00,中国移动,4456484,6443511819,1573123,11,Normal,-,1,41,100,100,504990,-,722,513000,513000,30kHz,503172,1099,-,ms20,Connected,SA,-0.8,3,2,-60,80,-61.9,-10.5,19.9,6,Not Barred,6,6312,-22,504990,722,-59.9;-57.6;0;0,-,20.7;19.1;12.6;21.5,23;27;255;255,-24.6;-22,2;7;6;3;7;5;3;4,720;495;722;722;722;722;496;721,-82;-85;-59.9;-64.5;-65.2;-66.5;-78.1;-89.9,-13.3;-22.3;-10.5;-10.5;-10.7;-10.7;-22.5;-20.6,255;255;255;255;255;255;255;255,1;0;0;0;0,504990;504990;504990;504990;504990,722;496;495;720;721,6;3;7;2;4,-,4;1;1;1;1,-61.9;-78.1;-78.7;-83;-87.8,-10.5;-22.5;-20.1;-15.5;-19.9,19.9;255;255;255;255,0,0,0,QPSK,-,100,0,0,0,0.00,0.00,0.00,0.00,0,1,Rank 1,16,48,2,69,-,69,12,25.3,31,25,256QAM,0,SMDL,0,0,0,0.00,0.00,0.06,0.54,Rank 2,4,168,43,-,2 x 2,HandOver,41887,Free,17,FORMAT_0,226,127,Success,41887,4,-,-1,-2,-3,-,43,-,1,2,-,-,-,-,-,-,-,-,-,-,-,-,-,Registered,Normal Service,9,269,18,F6861449,341,19,30kHz,992,-,4,1,-,-,New trans.,0,0,256QAM,195,1,41887,327,14,0,0,Pass,1,QPSK,0,16,1,0,15,30kHz,Re trans.,-,207,
20260725 15:17:31.720,24.825496,102.850086,17.17,1947,3,1,0.00,0.00,,,,,,,1,SA,460,00,中国移动,4456484,6443511819,1573123,11,Normal,-,1,41,100,100,504990,-,722,513000,513000,30kHz,503172,1099,-,ms20,Connected,SA,-0.8,3,2,-60,91,-63.7,-10.5,9.2,6,Not Barred,6,6312,-31.3,504990,722,-66.9;-70.1;-71.4;-92.7,-,17.8;4.4;255;255,26.2;27.1;255;255,-31.3;-39.4,2;7;6;3;7;0;3;5,720;495;722;722;722;722;496;721,-80.2;-130.4;-68.6;-65.6;-63.8;-68.9;-76.3;-79.4,-14.1;-36;-10.9;-10.5;-10.6;-10.6;-21.5;-14.2,255;255;255;255;255;255;255;255,1;0;0;0;0,504990;504990;504990;504990;504990,722;496;720;721;495,6;3;2;5;7,-,4;1;1;1;1,-63.7;-76.3;-80.6;-80.7;-89.9,-10.5;-21.5;-14.9;-14.6;-21.9,9.2;255;255;255;255,0.5,1,1,QPSK,-,100,0,0,0,0.00,0.00,0.00,0.00,0,2,Rank 1,16,32,1,63,-,63,14,25.3,31,25,256QAM,0,SMDL,0,0,0,0.00,0.00,0.03,0.31,Rank 2,4,76,18,-,2 x 2,HandOver,41887,Free,17,FORMAT_0,226,127,Success,41887,4,-,2,7,-3,-,18,-,1,1,-,-,-,-,-,-,-,-,-,-,-,-,-,Registered,Normal Service,9,269,18,F6861449,449,8,30kHz,944,-,4,1,-,-,New trans.,0,0,256QAM,195,1,41887,431,13,0,0,Pass,0,QPSK,1,16,2,0,15,30kHz,Re trans.,-,132,
20260725 15:17:32.734,24.825475,102.850043,17.86,1946,3,1,0.00,0.00,,,,,,,1,SA,460,00,中国移动,4456484,6443511819,1573123,11,Normal,-,1,41,100,100,504990,-,722,513000,513000,30kHz,503172,1099,-,ms20,Connected,SA,-0.8,2,2,-60,86,-65,-10.6,25.7,3,Not Barred,6,6312,-30.9,504990,722,-63.4;-65.3;-93.9;-67.9,-,25.7;14.1;20.2;19.2,19.5;23.4;255;255,-30.9;-34.9,2;6;3;6;7;0;4;5,720;495;722;722;722;722;496;721,-82.8;-79.6;-65.1;-72.1;-65.6;-72.7;-86.7;-81.1,-13.4;-19.7;-10.4;-11.3;-10.8;-10.7;-17.3;-17.4,255;255;255;255;255;255;255;255,1;0;0;0;0,504990;504990;504990;504990;504990,722;495;496;721;720,3;6;4;5;2,-,4;1;1;1;1,-65;-81.2;-81.3;-82.4;-83.2,-10.6;-17.9;-19.6;-16.3;-14,25.7;255;255;255;255,0.5,1,1,QPSK,-,100,0,0,0,0.00,0.00,0.00,0.00,0,2,Rank 1,16,32,4,14,-,14,14,24.8,25,25,256QAM,0,SMDL,0,0,0,0.00,0.00,0.00,0.14,Rank 2,4,200,50,-,2 x 2,HandOver,41887,Free,17,FORMAT_0,226,127,Success,41887,4,-,1,4,-3,-,50,-,1,3,-,-,-,-,-,-,-,-,-,-,-,-,-,Registered,Normal Service,9,269,18,F6861449,547,18,30kHz,992,-,4,1,-,-,New trans.,0,0,256QAM,195,1,41887,529,13,0,4,Pass,0,QPSK,0,20,1,0,0,30kHz,Re trans.,-,132,
20260725 15:17:33.749,24.825457,102.849998,18.29,1946,3,1,0.00,0.00,,,,,,,1,SA,460,00,中国移动,4456484,6443511819,1573123,11,Normal,-,1,41,100,100,504990,-,722,513000,513000,30kHz,503172,1099,-,ms20,Connected,SA,-0.8,3,2,-60,83,-63.1,-10.5,24.4,3,Not Barred,6,6312,-25,504990,722,-60.7;-70.9;-99.1;-66.4,-,24.4;10.6;14.1;16.5,18.4;27.9;255;255,-25;-33.9,5;6;3;7;0;6;4;6,720;495;722;722;722;722;496;721,-91.2;-78.4;-62.1;-67.1;-71.4;-73.5;-132.8;-79.4,-19.8;-16.4;-10.4;-10.7;-10.6;-11.9;-34.3;-16.7,255;255;255;255;255;255;255;255,1;0;0;0;0,504990;504990;504990;504990;504990,722;495;721;720;496,3;6;6;5;4,-,4;1;1;1;1,-63.1;-78.4;-80;-84.2;-132.8,-10.5;-16.4;-16.6;-16.3;-34.3,24.4;255;255;255;255,0.4,2,0,QPSK,-,100,0,0,0,0.00,0.00,0.00,0.00,0,1,Rank 1,16,84,4,14,-,14,14,25.1,31,25,256QAM,0,SMDL,0,0,0,0.00,0.00,0.00,0.37,Rank 2,4,148,50,-,2 x 2,HandOver,41887,Free,17,FORMAT_0,226,127,Success,41887,4,-,0,1,-3,-,50,-,1,3,-,-,-,-,-,-,-,-,-,-,-,-,-,Registered,Normal Service,9,269,18,F6861449,607,19,30kHz,992,-,4,1,-,-,New trans.,0,0,256QAM,259,0,41887,593,13,0,4,Pass,0,QPSK,0,20,1,0,0,30kHz,Re trans.,-,322,
20260725 15:17:34.762,24.825435,102.849954,17.86,1946,3,1,0.00,0.00,,,,,,,1,SA,460,00,中国移动,4456484,6443511819,1573123,11,Normal,-,1,41,100,100,504990,-,722,513000,513000,30kHz,503172,1099,-,ms20,Connected,SA,-0.8,4,2,-60,79,-57.8,-10.5,25,3,Not Barred,6,6312,-21.9,504990,722,-56.2;-76.4;-97;-63.5,-,22.8;12.4;255;255,25.2;27.9;255;255,-21.9;-29.8,4;6;3;7;0;1;4;6,720;495;722;722;722;722;496;721,-82.1;-79.6;-56.9;-59.3;-69.1;-73.7;-86.8;-70.9,-16.3;-21.3;-10.4;-10.5;-10.9;-11;-20.9;-12.9,255;255;255;255;255;255;255;255,1;0;0;0;0,504990;504990;504990;504990;504990,722;721;495;720;496,3;6;6;4;4,-,4;1;1;1;1,-57.8;-71.3;-81.1;-83.3;-86.8,-10.5;-13.1;-19.9;-16.9;-20.9,25;255;255;255;255,0.7,2,0,QPSK,-,100,0,0,0,0.00,0.00,0.00,0.00,0,2,Rank 1,18,56,2,69,-,69,14,24.9,25,25,256QAM,0,SMDL,0,0,0,0.00,0.00,0.00,0.27,Rank 2,4,44,33,-,2 x 2,HandOver,41887,Free,17,FORMAT_0,226,127,Success,41887,4,-,-10,-6,-3,-,33,-,1,1,-,-,-,-,-,-,-,-,-,-,-,-,-,Registered,Normal Service,9,269,18,F6861449,751,19,30kHz,944,-,4,1,-,-,New trans.,0,0,256QAM,227,1,41887,748,4,0,0,Pass,1,QPSK,0,16,1,0,15,30kHz,Re trans.,-,129,
20260725 15:17:35.775,24.825435,102.849954,17.86,1946,3,1,0.00,0.00,,,,,,,1,SA,460,00,中国移动,4456484,6443511819,1573123,11,Normal,-,1,41,100,100,504990,-,722,513000,513000,30kHz,503172,1099,-,ms20,Connected,SA,-0.8,4,2,-60,81,-59.3,-10.4,22,3,Not Barred,6,6312,-25.5,504990,722,-61.2;-63.9;-99.7;-62.8,-,24.4;13.5;255;255,29.4;34.5;255;255,-25.5;-28,4;6;3;7;0;1;4;6,720;495;722;722;722;722;496;721,-80.6;-75.1;-60;-58.7;-68.7;-73.6;-111.6;-67.9,-14.8;-19.6;-10.4;-10.4;-10.9;-11.2;-29.1;-12.4,255;255;255;255;255;255;255;255,1;0;0;0;0,504990;504990;504990;504990;504990,722;721;495;720;496,3;6;6;4;4,-,4;1;1;1;1,-59.3;-67.9;-75.2;-81.5;-111.6,-10.4;-12.4;-19.4;-15.4;-29.1,22;255;255;255;255,1.5,2,2,QPSK,-,100,0,0,0,0.00,0.00,0.00,0.00,0,2,Rank 1,16,64,5,101,-,101,14,24.8,25,25,256QAM,0,SMDL,0,0,0,0.00,0.00,0.01,0.08,Rank 2,4,244,62,-,2 x 2,HandOver,41887,Free,17,FORMAT_0,226,127,Success,41887,4,-,-10,-6,-3,-,62,-,1,4,-,-,-,-,-,-,-,-,-,-,-,-,-,Registered,Normal Service,9,269,18,F6861449,847,8,30kHz,992,-,4,1,-,-,New trans.,0,0,256QAM,195,1,41887,847,13,0,0,Pass,0,QPSK,2,16,2,0,15,30kHz,Re trans.,-,372,
20260725 15:17:36.789,24.825384,102.849869,18.94,1946,3,1,0.00,0.00,,,,,,,1,SA,460,00,中国移动,4456484,6443511819,1573123,11,Normal,-,1,41,100,100,504990,-,722,513000,513000,30kHz,503172,1099,-,ms20,Connected,SA,-0.8,4,2,-60,88,-64.4,-10.6,14.7,3,Not Barred,6,6312,-29.5,504990,722,-70.5;-78.2;-107.4;-71.4,-,14.4;13.8;255;255,26.7;32.3;255;255,-33.4;-29.5,4;6;3;7;0;5;6,720;495;722;722;722;722;721,-97.4;-78;-67.4;-63.8;-72.1;-76.3;-69.1,-20.5;-18.7;-10.6;-10.6;-11.4;-11.9;-11.5,255;255;255;255;255;255;255,1;0;0;0,504990;504990;504990;504990,722;721;495;720,3;6;6;4,-,4;1;1;1,-64.4;-69.1;-77.6;-81.2,-10.6;-11.5;-18.5;-14.6,14.7;255;255;255,4,17,2,QPSK,-,77.8,16.7,5.6,0,0.05,0.06,0.10,0.11,0,2,Rank 1,29,530,18,101,-,101,14,24.9,27,25,256QAM,0,SMDL,0,0,0,0.01,0.04,0.00,0.45,Rank 2,4,272,75,-,2 x 2,HandOver,41887,Free,17,FORMAT_0,226,127,Success,41887,4,-,-7,1,-3,-,75,-,1,18,-,-,-,-,-,-,-,-,-,-,-,-,-,Registered,Normal Service,9,269,18,F6861449,955,9,30kHz,944,-,4,1,-,-,New trans.,0,0,256QAM,223,0,41887,955,4,0,0,Pass,0,QPSK,2,16,2,0,15,30kHz,Re trans.,-,13210,
20260725 15:17:37.804,24.825355,102.849827,18.68,1946,3,1,0.00,0.00,,,,,,,1,SA,460,00,中国移动,4456484,6443511819,1573123,11,Normal,-,1,41,100,100,504990,-,722,513000,513000,30kHz,503172,1099,-,ms20,Connected,SA,-0.8,4,2,-60,93,-71,-11.1,4.8,3,Not Barred,6,6312,-35.4,504990,722,-81.5;-77.4;-78;-70.4,-,9.6;3.1;255;255,16;31;255;255,-35.4;-35.9,4;6;3;7;5;6;6,720;495;722;722;722;722;721,-79.6;-100.1;-72;-70;-76.2;-75.1;-75.9,-13.7;-23.3;-10.8;-11.1;-11.8;-13.5;-15.6,255;255;255;255;255;255;255,1;0;0;0,504990;504990;504990;504990,722;721;720;495,3;6;4;6,-,4;1;1;1,-71;-76.5;-81;-86.5,-11.1;-15.1;-14.5;-18.7,4.8;255;255;255,4,17,2,QPSK,-,77.8,16.7,5.6,0,0.01,0.00,0.01,0.01,0,2,Rank 1,29,530,11,69,-,69,13,24.9,27,25,256QAM,0,SMDL,0,0,0,0.03,0.03,0.05,0.51,Rank 2,4,260,77,-,2 x 2,HandOver,41887,Free,17,FORMAT_0,226,127,Success,41887,4,-,-4,3,-3,-,77,-,1,11,-,-,-,-,-,-,-,-,-,-,-,-,-,Registered,Normal Service,9,269,18,F6861449,32,9,30kHz,944,-,4,1,-,-,New trans.,0,0,256QAM,195,1,41887,21,13,0,0,Pass,1,QPSK,0,16,1,0,15,30kHz,Re trans.,-,13210,
20260725 15:17:38.820,24.825321,102.849792,18.65,1946,3,1,0.00,0.00,,,,,,,1,SA,460,00,中国移动,4456484,6443511819,1573123,11,Normal,-,1,41,100,100,504990,-,722,513000,513000,30kHz,503172,1099,-,ms20,Connected,SA,-0.8,4,2,-60,83,-62,-10.7,10,7,Not Barred,6,6312,-26.5,504990,722,-65;-61.7;-75.6;-57.1,-,5.3;8.6;0.8;12.6,18.5;21.1;255;255,-29.3;-26.5,4;6;7;3;5;4;6,720;495;722;722;722;722;721,-87.5;-87.5;-60.9;-66;-71.9;-70.5;-71.5,-22.4;-22.5;-10.7;-10.6;-11.1;-10.9;-12.3,255;255;255;255;255;255;255,1;0;0;0,504990;504990;504990;504990,722;721;720;495,7;6;4;6,-,4;1;1;1,-62;-71.6;-83.2;-87.5,-10.7;-12.4;-19.6;-22.4,10;255;255;255,2,14,0,QPSK,-,90.9,0,9.1,0,0.00,0.00,0.00,0.00,0,1,Rank 1,16,176,3,69,-,69,11,24.8,31,25,256QAM,0,SMDL,0,0,0,0.03,0.00,0.01,0.49,Rank 2,4,404,89,-,2 x 2,HandOver,41887,Free,17,FORMAT_0,226,127,Success,41887,4,-,-6,-4,-3,-,89,-,1,3,-,-,-,-,-,-,-,-,-,-,-,-,-,Registered,Normal Service,9,269,18,F6861449,131,8,30kHz,944,-,4,1,-,-,New trans.,0,0,256QAM,211,1,41887,131,13,0,0,Pass,1,QPSK,0,16,1,0,15,30kHz,Re trans.,-,1426,
20260725 15:17:39.833,24.825289,102.849755,18.00,1946,3,1,0.00,0.00,,,,,,,1,SA,460,00,中国移动,4456484,6443511819,1573123,11,Normal,-,1,41,100,100,504990,-,722,513000,513000,30kHz,503172,1099,-,ms20,Connected,SA,-0.8,5,2,-60,88,-67.6,-11.4,2.8,7,Not Barred,6,6312,-27.4,504990,722,-72.8;-68.8;-74.7;-57.6,-,2.7;-3.2;255;255,18;17.9;255;255,-32.4;-27.4,7;6;7;3;0;5;6,720;495;722;722;722;722;721,-68.6;-79.6;-66.3;-68.1;-72.7;-72.9;-79.2,-14.1;-17.5;-12.6;-10.7;-11.5;-11.4;-14.7,255;255;255;255;255;255;255,1;0;0;0,504990;504990;504990;504990,722;720;721;495,7;7;6;6,-,4;1;1;1,-67.6;-68.8;-80.3;-80.8,-11.4;-14;-15.6;-18.1,2.8;255;255;255,0,0,0,QPSK,-,100,0,0,0,0.00,0.00,0.00,0.00,0,1,Rank 1,16,112,3,69,-,69,12,24.9,31,25,256QAM,0,SMDL,0,0,0,0.00,0.00,0.00,0.75,Rank 2,4,300,89,-,2 x 2,HandOver,41887,Free,17,FORMAT_0,226,127,Success,41887,4,-,-2,-2,-3,-,89,-,1,3,-,-,-,-,-,-,-,-,-,-,-,-,-,Registered,Normal Service,9,269,18,F6861449,231,9,30kHz,992,-,4,1,-,-,New trans.,0,0,256QAM,215,1,41887,227,13,0,0,Pass,0,QPSK,0,16,1,0,15,30kHz,Re trans.,-,483,
20260725 15:17:40.845,24.825263,102.849716,18.36,1946,3,1,0.00,0.00,,,,,,,1,SA,460,00,中国移动,4456484,6443511819,1573123,11,Normal,-,1,41,100,100,504990,-,720,513000,513000,30kHz,503172,1099,-,ms20,Connected,SA,-0.8,-2,0,-60,90,-74.1,-16.2,-9,7,Not Barred,6,6312,-25,504990,720,-82;-156;-74.3;-150,-,-10.8;-7.7;-10.3;-30.1,11.6;18.9;16.3;20.1,-33.3;-40.8;-25;-27.8,7;4;5;3;6;7;6,720;720;720;720;495;722;721,-73.7;-79.4;-81.6;-82;-80.6;-66.8;-81,-17.8;-14.6;-18;-17.5;-18.1;-11.5;-17.1,255;255;255;255;255;255;255,1;0;0;0,504990;504990;504990;504990,720;722;721;495,7;7;6;6,-,4;1;1;1,-74.1;-67.9;-79.9;-81.4,-16.2;-11;-16.9;-18.4,-9;255;255;255,1.2,9,0,QPSK,-,96,4,0,0,0.00,0.00,0.02,0.03,0,1,Rank 3,29,728,6,141,-,141,11,24.1,31,25,256QAM,0,SMDL,3.5,0,2.4,0.00,0.00,0.04,0.56,Rank 2,4,340,86,-,4 x 4,HandOver,40742,Free,17,FORMAT_0,222,127,Success,40742,4,-,3,-4,-10,-,86,-,1,6,-,-,-,-,-,-,-,-,-,-,-,-,-,Registered,Normal Service,9,269,18,F6861449,314,18,30kHz,992,-,4,1,-,-,New trans.,0,0,256QAM,33,1,40742,331,2,0,2,Pass,1,QPSK,0,48,1,0,2,30kHz,New trans.,-,3623,
20260725 15:17:41.859,24.825235,102.849678,17.86,1946,3,1,0.00,0.00,,,,,,,1,SA,460,00,中国移动,4456484,6443511819,1573123,11,Normal,-,1,41,100,100,504990,-,722,513000,513000,30kHz,503172,1099,-,ms20,Connected,SA,-0.8,4,2,-60,75,-55,-10.4,24.2,7,Not Barred,6,6312,-17.5,504990,722,-54.6;-59.3;-66;-56.2,-,21.3;20.4;15;20.9,27.7;23.8;27.5;31.3,-17.5;-23.8;-33.5;-19.8,5;6;7;0;6;1;1,720;495;722;722;722;722;721,-79.1;-105.9;-55;-65.8;-71;-72.6;-140.1,-17.1;-28.4;-10.4;-10.6;-11.2;-11;-38,255;255;255;255;255;255;255,1;0;0;0,504990;504990;504990;504990,722;720;495;721,7;5;6;1,-,4;1;1;1,-55;-80.1;-105.9;-136.5,-10.4;-17;-28.4;-36.9,24.2;255;255;255,1.2,9,0,QPSK,-,96,4,0,0,0.00,0.00,0.02,0.02,0,1,Rank 3,29,728,24,177,-,177,12,24.1,25,25,256QAM,0,SMDL,1.5,0,1.5,0.00,0.00,0.02,0.58,Rank 2,4,260,80,-,4 x 4,HandOver,41223,Free,17,FORMAT_0,226,57,Success,41223,1,-,1,0,-13,-,80,-,7,17,-,-,-,-,-,-,-,-,-,-,-,-,-,Registered,Normal Service,9,269,18,F6861449,433,19,30kHz,992,-,4,1,-,-,New trans.,0,0,256QAM,231,1,41223,429,13,0,0,Pass,0,QPSK,2,16,4,0,15,30kHz,Re trans.,-,3623,
20260725 15:17:42.871,24.825207,102.849640,17.42,1946,3,1,0.00,0.00,,,,,,,1,SA,460,00,中国移动,4456484,6443511820,1573123,12,Normal,-,1,41,100,100,504990,-,722,513000,513000,30kHz,503172,1099,-,ms20,Connected,SA,-0.8,4,2,-60,85,-64.7,-10.6,13.5,7,Not Barred,6,6312,-25.5,504990,722,-73.8;-64.6;-75.3;-61.3,-,6.8;11.2;7.9;11,26.6;24.9;22.6;31.6,-35.6;-28.9;-39.8;-25.5,5;6;7;5;3;0;1,720;495;722;722;722;722;721,-88.5;-114.1;-63.5;-67.9;-69;-71.5;-84.1,-21.4;-28.9;-10.6;-10.7;-10.5;-11;-17.4,255;255;255;255;255;255;255,1;0;0;0,504990;504990;504990;504990,722;720;721;495,7;5;1;6,-,4;1;1;1,-64.7;-79;-82;-114.1,-10.6;-16.2;-17.2;-28.9,13.5;255;255;255,1.9,9,0,QPSK,-,100,0,0,0,0.00,0.00,0.01,0.01,0,1,Rank 1,21,372,0,69,-,69,14,25,25,25,256QAM,0,SMDL,0,0,0,0.00,0.00,0.02,0.46,Rank 2,4,172,17,-,4 x 4,HandOver,41223,Free,17,FORMAT_0,226,57,Success,41223,1,-,9,11,-13,-,17,-,3,13,-,-,-,-,-,-,-,-,-,-,-,-,-,Registered,Normal Service,9,269,18,F6861449,540,8,30kHz,992,-,4,1,-,-,New trans.,0,0,256QAM,231,1,41223,540,13,0,0,Pass,1,QPSK,0,16,1,0,15,30kHz,Re trans.,-,2731,
20260725 15:17:43.884,24.825180,102.849605,16.49,1946,3,1,0.00,0.00,,,,,,,1,SA,460,00,中国移动,4456484,6443511819,1573123,11,Normal,-,1,41,100,100,504990,-,722,513000,513000,30kHz,503172,1099,-,ms20,Connected,SA,-0.8,4,2,-60,87,-67.9,-10.8,9.7,5,Not Barred,6,6312,-29.1,504990,722,-65.5;-70.3;-79.2;-68.9,-,10.4;12.1;9.5;10,21.3;18;25.4;27.7,-29.1;-30.6;-38.8;-31.8,7;6;5;7;4;0,720;721;722;722;722;722,-76.8;-98.1;-67.7;-71.2;-69.1;-69.5,-15.6;-24.7;-10.7;-12.5;-10.6;-10.8,255;255;255;255;255;255,1;0;0,504990;504990;504990,722;720;721,5;7;6,-,4;1;1,-67.9;-74.9;-80.7,-10.8;-15.7;-17.9,9.7;255;255,1.9,9,0,QPSK,-,100,0,0,0,0.00,0.00,0.01,0.01,71.4,1,Rank 3,21,372,9,69,-,69,11,24.6,25,25,256QAM,0,SMDL,0,0,0,0.00,0.00,0.00,0.32,Rank 2,4,232,95,-,4 x 4,HandOver,41223,Free,17,FORMAT_0,226,57,Success,41223,1,-,1,10,-13,-,95,-,3,9,-,-,-,-,-,-,-,-,-,-,-,-,-,Registered,Normal Service,9,269,18,F6861449,640,18,30kHz,896,-,4,1,-,-,New trans.,0,0,256QAM,209,1,41223,615,13,0,0,Pass,1,QPSK,0,16,1,0,15,30kHz,Re trans.,-,2731,
20260725 15:17:44.891,24.825163,102.849565,16.06,1947,3,1,0.00,0.00,,,,,,,1,SA,460,00,中国移动,4456484,6443511819,1573123,11,Normal,-,1,41,100,100,504990,-,722,513000,513000,30kHz,503172,1099,-,ms20,Connected,SA,-0.8,4,2,-60,90,-67.8,-11.1,10.3,5,Not Barred,6,6312,-32.3,504990,722,-68.5;-67.6;-78.8;-76.1,-,5.6;10.3;-1.5;6.6,27.1;22.4;28.1;24.7,-32.3;-36.4;-43;-33,5;0;5;4;6;2;1,720;721;722;722;722;722;868,-76.9;-79.8;-69.1;-68.9;-67.1;-73.1;-81.9,-18.7;-15.6;-11.2;-10.8;-11.5;-11.2;-18.7,255;255;255;255;255;255;255,1;0;0;0,504990;504990;504990;504990,722;720;721;868,5;5;0;1,-,4;1;1;1,-67.8;-77.3;-79;-83,-11.1;-16.6;-15.7;-19.1,10.3;255;255;255,13.3,28,28,QPSK,-,100,0,0,0,0.00,0.00,0.00,0.00,0,4,Rank 3,23,208,9,177,-,177,12,23.8,25,24,256QAM,0,SMDL,0,0,0,0.00,0.00,0.00,0.43,Rank 2,4,192,95,-,4 x 4,HandOver,41223,Free,17,FORMAT_0,226,57,Success,41223,1,-,1,11,-13,-,95,-,3,9,-,-,-,-,-,-,-,-,-,-,-,-,-,Registered,Normal Service,9,269,18,F6861449,740,9,30kHz,848,-,4,1,-,-,New trans.,0,0,256QAM,239,1,41223,716,13,0,0,Pass,1,QPSK,2,16,4,0,15,30kHz,Re trans.,-,1936,
20260725 15:17:45.897,24.825152,102.849522,16.56,1947,3,1,0.00,0.00,,,,,,,1,SA,460,00,中国移动,4456484,6443511819,1573123,11,Normal,-,1,41,100,100,504990,-,722,513000,513000,30kHz,503172,1099,-,ms20,Connected,SA,-0.8,5,2,-60,86,-62.4,-10.6,7.6,5,Not Barred,6,6312,-27.4,504990,722,-65.7;-69.8;-77.8;-63.7,-,6.5;1.1;1.1;2.3,31.8;29.4;31.3;27.6,-30.9;-32.5;-39.4;-27.4,6;6;5;0;6;1;1,720;721;722;722;722;722;868,-73.7;-76.4;-64.8;-60.8;-68.7;-72.6;-80.7,-16.8;-17.9;-10.5;-10.5;-12.2;-11.5;-19.9,255;255;255;255;255;255;255,1;0;0;0,504990;504990;504990;504990,722;720;721;868,5;6;6;1,-,4;1;1;1,-62.4;-74.8;-76;-80.8,-10.6;-15.8;-15.6;-20,7.6;255;255;255,2,2,2,QPSK,-,100,0,0,0,0.00,0.00,0.01,0.01,0,4,Rank 3,16,48,2,640,-,640,12,21.9,24,23,256QAM,0,SMDL,0,0,7.9,0.00,0.00,0.00,0.34,Rank 2,4,152,40,-,4 x 4,HandOver,41223,Free,17,FORMAT_0,226,57,Success,41223,1,-,0,5,-13,-,40,-,3,2,-,-,-,-,-,-,-,-,-,-,-,-,-,Registered,Normal Service,9,269,18,F6861449,840,19,30kHz,992,-,4,1,-,-,New trans.,0,0,256QAM,211,1,41223,816,13,0,0,Pass,1,QPSK,2,16,4,0,15,30kHz,Re trans.,-,994,
20260725 15:17:46.908,24.825145,102.849476,16.99,1947,3,1,0.00,0.00,,,,,,,1,SA,460,00,中国移动,4456484,6443511819,1573123,11,Normal,-,1,41,100,100,504990,-,722,513000,513000,30kHz,503172,1099,-,ms20,Connected,SA,-0.8,5,2,-60,83,-61.7,-10.5,25.9,0,Not Barred,6,6312,-27,504990,722,-62.1;-72.5;-63.1;-68.1,-,10.3;10.3;21.7;9,26.9;28;30.1;28,-27;-35.9;-28.1;-31.8,7;7;0;1;3;2;1,720;721;722;722;722;722;868,-72.5;-74.2;-61.3;-62.3;-67.1;-69.3;-72,-16.5;-15.6;-10.5;-10.5;-10.5;-10.8;-19.7,255;255;255;255;255;255;255,1;0;0;0,504990;504990;504990;504990,722;868;720;721,0;1;7;7,-,4;1;1;1,-61.7;-72;-73.8;-75,-10.5;-19.7;-15.2;-14.6,25.9;255;255;255,2,2,2,QPSK,-,100,0,0,0,0.00,0.00,0.01,0.01,0,4,Rank 3,16,48,2,69,-,69,11,22.9,25,22,256QAM,0,SMDL,0,0,0,0.00,0.00,0.00,0.25,Rank 2,4,140,44,-,4 x 4,HandOver,41223,Free,17,FORMAT_0,226,57,Success,41223,1,-,0,6,-13,-,44,-,3,2,-,-,-,-,-,-,-,-,-,-,-,-,-,Registered,Normal Service,9,269,18,F6861449,937,19,30kHz,992,-,4,1,-,-,New trans.,0,0,256QAM,191,1,41223,912,13,0,0,Pass,0,QPSK,0,16,1,0,15,30kHz,Re trans.,-,994,
20260725 15:17:47.923,24.825146,102.849427,18.00,1947,3,1,0.00,0.00,,,,,,,1,SA,460,00,中国移动,4456484,6443511819,1573123,11,Normal,-,1,41,100,100,504990,-,722,513000,513000,30kHz,503172,1099,-,ms20,Connected,SA,-0.8,4,2,-60,79,-58.9,-10.5,22.1,1,Not Barred,6,6312,-23,504990,722,-58.3;-60.4;-62.6;-63.7,-,22.7;18.5;20.8;6,26.8;28.5;25.3;25.1,-23;-25;-27.3;-28.8,6;6;1;2;6;0;1,720;721;722;722;722;722;868,-72.6;-73.7;-58.4;-67.5;-69;-69;-68.5,-16.4;-15.3;-10.4;-10.9;-12.9;-11.7;-20.2,255;255;255;255;255;255;255,1;0;0;0,504990;504990;504990;504990,722;868;721;720,1;1;6;6,-,4;1;1;1,-58.9;-68.5;-73.5;-74.6,-10.5;-20.2;-15.2;-17.4,22.1;255;255;255,1,2,2,QPSK,-,100,0,0,0,0.00,0.00,0.00,0.00,0,4,Rank 3,16,64,3,177,-,177,12,24.8,25,25,256QAM,0,SMDL,0,0,0,0.00,0.00,0.00,0.24,Rank 2,4,204,53,-,4 x 4,HandOver,41223,Free,17,FORMAT_0,226,57,Success,41223,1,-,1,4,-13,-,53,-,3,3,-,-,-,-,-,-,-,-,-,-,-,-,-,Registered,Normal Service,9,269,18,F6861449,15,9,30kHz,992,-,4,1,-,-,New trans.,0,0,256QAM,207,1,41223,1018,3,0,0,Pass,1,QPSK,2,16,4,0,15,30kHz,Re trans.,-,492,
20260725 15:17:48.934,24.825148,102.849377,18.29,1947,3,1,0.00,0.00,,,,,,,1,SA,460,00,中国移动,4456484,6443511819,1573123,11,Normal,-,1,41,100,100,504990,-,722,513000,513000,30kHz,503172,1099,-,ms20,Connected,SA,-0.8,3,2,-60,83,-64,-11.1,6.2,1,Not Barred,6,6312,-27.8,504990,722,-63.3;-67.5;-64.5;-69.1,-,2.9;3.9;4.7;0.1,28.3;27.9;30.7;25.4,-27.8;-29.8;-29.4;-33.9,7;6;1;2;3;5;1,720;721;722;722;722;722;868,-70.9;-69.5;-62.7;-66.7;-66.1;-66.4;-73.5,-12.6;-12.4;-11.4;-11.2;-10.8;-11.1;-21.3,255;255;255;255;255;255;255,1;0;0;0,504990;504990;504990;504990,722;721;720;868,1;6;7;1,-,4;1;1;1,-64;-70.4;-72.8;-73.5,-11.1;-13.6;-14.2;-21.3,6.2;255;255;255,1,2,2,QPSK,-,100,0,0,0,0.00,0.00,0.00,0.00,0,4,Rank 3,16,64,2,69,-,69,10,24.8,31,25,256QAM,0,SMDL,0,0,0,0.00,0.00,0.01,0.38,Rank 2,4,308,75,-,4 x 4,HandOver,41223,Free,17,FORMAT_0,226,57,Success,41223,1,-,1,5,-13,-,75,-,3,2,-,-,-,-,-,-,-,-,-,-,-,-,-,Registered,Normal Service,9,269,18,F6861449,123,8,30kHz,992,-,4,1,-,-,New trans.,0,0,256QAM,191,1,41223,119,13,0,0,Pass,0,QPSK,0,16,1,0,15,30kHz,Re trans.,-,492,
20260725 15:17:49.939,24.825154,102.849326,18.50,1948,3,1,0.00,0.00,,,,,,,1,SA,460,00,中国移动,4456484,6443511819,1573123,11,Normal,-,1,41,100,100,504990,-,722,513000,513000,30kHz,503172,1099,-,ms20,Connected,SA,-0.8,5,2,-60,87,-67.3,-11.6,8.7,3,Not Barred,6,6312,-32.3,504990,722,-68.7;-73.3;-74;-73.8,-,5.2;2.7;2.1;9.9,24.1;24.5;9.6;25.1,-33;-32.3;-36.3;-37.4,7;1;3;2;4;5,720;721;722;722;722;722,-74.3;-66.4;-67.2;-66.1;-70;-70.9,-14.3;-10.8;-10.8;-12.2;-11.2;-12.2,255;255;255;255;255;255,1;0;0,504990;504990;504990,722;721;720,3;1;7,-,4;1;1,-67.3;-67.1;-74.6,-11.6;-12;-15.5,8.7;255;255,0,0,0,QPSK,-,100,0,0,0,0.00,0.00,0.00,0.00,0,1,Rank 3,16,64,2,69,-,69,12,25.2,31,25,256QAM,0,SMDL,0,0,0,0.00,0.00,0.00,0.57,Rank 2,4,148,75,-,4 x 4,HandOver,41223,Free,17,FORMAT_0,226,57,Success,41223,1,-,3,14,-13,-,75,-,3,2,-,-,-,-,-,-,-,-,-,-,-,-,-,Registered,Normal Service,9,269,18,F6861449,209,18,30kHz,992,-,4,1,-,-,New trans.,0,0,256QAM,199,1,41223,184,13,0,0,Pass,1,QPSK,0,16,1,0,15,30kHz,Re trans.,-,276,
20260725 15:17:50.949,24.825159,102.849277,17.82,1948,3,1,0.00,0.00,,,,,,,1,SA,460,00,中国移动,4456484,6443511819,1573123,11,Normal,-,1,41,100,100,504990,-,722,513000,513000,30kHz,503172,1099,-,ms20,Connected,SA,-0.8,5,2,-60,87,-69.5,-12.2,6.9,5,Not Barred,6,6312,-29.5,504990,722,-68.7;-67.2;-100;-70.2,-,0.2;4.5;1.7;-4,20.3;24.3;7;25.4,-33.6;-34;-63.4;-29.5,7;6;5;4;6;3,720;721;722;722;722;722,-67.5;-68.5;-68.3;-72.5;-77.1;-75,-11;-11.8;-11.6;-12.2;-18.5;-13.5,255;255;255;255;255;255,1;0;0,504990;504990;504990,722;720;721,5;7;6,-,4;1;1,-69.5;-68.3;-69.6,-12.2;-11.8;-11.6,6.9;255;255,0,0,0,QPSK,-,100,0,0,0,0.00,0.00,0.00,0.00,0,1,Rank 3,16,64,2,69,-,69,11,25.1,31,25,256QAM,0,SMDL,0,0,0,0.00,0.00,0.02,0.28,Rank 2,4,128,75,-,4 x 4,HandOver,41223,Free,17,FORMAT_0,226,57,Success,41223,1,-,3,20,-13,-,75,-,3,2,-,-,-,-,-,-,-,-,-,-,-,-,-,Registered,Normal Service,9,269,18,F6861449,209,18,30kHz,992,-,4,1,-,-,New trans.,0,0,256QAM,199,1,41223,184,13,0,0,Pass,1,QPSK,0,16,1,0,15,30kHz,Re trans.,-,276,
20260725 15:17:51.962,24.825164,102.849230,16.92,1948,3,1,0.00,0.00,,,,,,,1,SA,460,00,中国移动,4456484,6443511819,1573123,11,Normal,-,1,41,100,100,504990,-,722,513000,513000,30kHz,503172,1099,-,ms20,Connected,SA,-0.8,1,2,-60,94,-74,-12.5,6.3,5,Not Barred,6,6312,-36.1,504990,722,-83.3;-69.7;-109.9;-75.1,-,-2.2;3.8;5.9;4.7,21.4;21.5;1.4;22.7,-42.6;-38.4;-71.8;-36.1,7;6;5;6;2;4,720;721;722;722;722;722,-74;-72.2;-72.9;-76;-77.5;-75.5,-11.7;-13.3;-11.8;-15.4;-14.4;-11.6,255;255;255;255;255;255,1;0;0,504990;504990;504990,722;721;720,5;6;7,-,4;1;1,-74;-73;-73.2,-12.5;-12;-13.1,6.3;255;255,0,0,0,QPSK,-,100,0,0,0,0.00,0.00,0.00,0.00,25,1,Rank 3,16,64,4,177,-,177,11,24.5,25,25,256QAM,0,SMDL,0,0,0,0.00,0.00,0.00,0.24,Rank 2,4,164,68,-,4 x 4,HandOver,41223,Free,17,FORMAT_0,226,57,Success,41223,1,-,12,23,-13,-,68,-,1,3,-,-,-,-,-,-,-,-,-,-,-,-,-,Registered,Normal Service,9,269,18,F6861449,420,9,30kHz,944,-,4,1,-,-,New trans.,0,0,256QAM,203,1,41223,404,3,0,0,Pass,1,QPSK,2,16,4,0,15,30kHz,Re trans.,-,276,
20260725 15:17:52.974,24.825160,102.849185,15.84,1949,3,1,0.00,0.00,,,,,,,1,SA,460,00,中国移动,4456484,6443511819,1573123,11,Normal,-,1,41,100,100,504990,-,722,513000,513000,30kHz,503172,1099,-,ms20,Connected,SA,-0.8,3,2,-60,95,-72.4,-12.5,8.9,5,Not Barred,6,6312,-36.9,504990,722,-80.5;-72.2;-108.9;-81.7,-,-1.8;6.1;5;-1.4,20.1;21.6;2.9;21,-42.3;-43;-72.8;-36.9,7;6;5;6;4;2,720;721;722;722;722;722,-72.6;-72.7;-74.8;-70.7;-77.5;-78.6,-11.5;-13.3;-11.9;-13.2;-13;-16.2,255;255;255;255;255;255,1;0;0,504990;504990;504990,722;721;720,5;6;7,-,4;1;1,-72.4;-71.4;-73.5,-12.5;-11.2;-13.2,8.9;255;255,5.1,28,2,QPSK,-,100,0,0,0,0.00,0.00,0.00,0.00,0,1,Rank 3,18,128,6,19,-,19,11,24.5,25,25,256QAM,0,SMDL,0,0,0,0.00,0.00,0.00,0.30,Rank 2,4,204,92,-,4 x 4,HandOver,41223,Free,17,FORMAT_0,226,57,Success,41223,1,-,12,24,-13,-,92,-,1,5,-,-,-,-,-,-,-,-,-,-,-,-,-,Registered,Normal Service,9,269,18,F6861449,435,19,30kHz,992,-,4,1,-,-,New trans.,0,0,256QAM,203,1,41223,465,15,0,4,Pass,0,QPSK,0,28,1,0,0,30kHz,Re trans.,-,918,
20260725 15:17:53.979,24.825156,102.849150,12.06,1949,3,1,0.00,0.00,,,,,,,1,SA,460,00,中国移动,4456484,6443511819,1573123,11,Normal,-,1,41,100,100,504990,-,722,513000,513000,30kHz,503172,1099,-,ms20,Connected,SA,-0.8,-3,2,-60,95,-74.7,-13.3,5.1,6,Not Barred,6,6312,-32.9,504990,722,-74.3;-76.1;-113;-104.3,-,-5.5;-6.3;-11.4;-30.1,18.2;20;3.1;17.7,-33.4;-42.4;-71.1;-32.9,7;2;6;5;2;0,720;721;722;722;722;722,-72.8;-71.3;-73.7;-75.9;-88.4;-80.5,-11.1;-11.3;-14.6;-11.8;-20.5;-12.8,255;255;255;255;255;255,1;0;0,504990;504990;504990,722;721;720,6;2;7,-,4;1;1,-74.7;-71.9;-74.5,-13.3;-11.3;-13,5.1;255;255,5.1,28,2,QPSK,-,100,0,0,0,0.00,0.00,0.00,0.00,0,1,Rank 2,18,128,6,69,-,69,12,24.5,25,25,256QAM,0,SMDL,0,0,0,0.00,0.00,0.00,0.38,Rank 2,4,0,92,-,4 x 4,HandOver,41223,Free,17,FORMAT_0,226,57,Success,41223,1,-,14,26,-13,-,92,-,1,5,-,-,-,-,-,-,-,-,-,-,-,-,-,Registered,Normal Service,9,269,18,F6861449,623,8,30kHz,992,-,4,1,-,-,New trans.,0,0,256QAM,203,1,41223,603,2,0,0,Pass,0,QPSK,0,16,1,0,15,30kHz,Re trans.,-,918,
20260725 15:17:54.990,24.825157,102.849120,10.08,1949,3,1,0.00,0.00,,,,,,,1,SA,460,00,中国移动,4456484,6443511819,1573123,11,Normal,-,1,41,100,100,504990,-,721,513000,513000,30kHz,503172,1099,-,ms20,Connected,SA,-0.8,2,1,-60,89,-72.4,-11.3,10.3,3,Not Barred,6,6312,-32.5,504990,721,-79.6;-67.7;-79.9;-78,-,13.5;8.3;20.3;17.1,29.2;24.2;26.6;30.1,-35.4;-32.5;-41.3;-37.5,7;3;1;2;6;5,720;721;721;721;721;722,-75.5;-71.2;-75.3;-74;-74.6;-72.4,-11.7;-10.7;-11.3;-12.2;-11.9;-11.6,255;255;255;255;255;255,1;0;0,504990;504990;504990,721;722;720,3;5;7,-,4;1;1,-72.4;-73;-76.2,-11.3;-12;-13.4,10.3;255;255,0.5,4,0,QPSK,-,100,0,0,0,0.00,0.00,0.02,0.02,0,1,Rank 3,29,568,18,14,-,14,14,24.2,31,25,256QAM,0,SMDL,2.2,0,1.1,0.00,0.00,0.00,0.00,Rank 2,4,364,112,-,4 x 4,HandOver,40534,Free,17,FORMAT_0,219,127,Success,40534,1,-,-1,-1,-8,-,112,-,4,14,-,-,-,-,-,-,-,-,-,-,-,-,-,Registered,Normal Service,9,269,18,F6861449,721,19,30kHz,992,-,4,1,-,-,New trans.,0,0,256QAM,135,1,40534,721,13,0,4,Pass,0,QPSK,0,20,1,0,0,30kHz,Re trans.,-,2464,
20260725 15:17:55.995,24.825159,102.849087,12.02,1949,3,1,0.00,0.00,,,,,,,1,SA,460,00,中国移动,4456484,6443511821,1573123,13,Normal,-,1,41,100,100,504990,-,721,513000,513000,30kHz,503172,1099,-,ms20,Connected,SA,-0.8,2,1,-60,87,-69.5,-11,12,3,Not Barred,6,6312,-29.9,504990,721,-75;-72.7;-81.6;-72.6,-,18.8;11.1;18.2;12.7,31;23.1;25.8;27.5,-41.6;-36.6;-57.6;-29.9,7;3;6;4;2;5,720;721;721;721;721;722,-79.1;-69.2;-69;-74.9;-72.7;-71,-12.7;-10.6;-11.3;-12.2;-11.3;-11.1,255;255;255;255;255;255,1;0;0,504990;504990;504990,721;722;720,3;5;7,-,4;1;1,-69.5;-72.5;-80.6,-11;-11.8;-14.5,12;255;255,0.5,4,0,QPSK,-,100,0,0,0,0.00,0.00,0.00,0.00,0,1,Rank 3,29,568,4,123,-,123,14,25.4,31,25,256QAM,0,SMDL,0,0,0,0.00,0.00,0.05,0.64,Rank 2,4,200,53,-,4 x 4,HandOver,40534,Free,17,FORMAT_0,219,127,Success,40534,1,-,-5,-2,-8,-,53,-,2,2,-,-,-,-,-,-,-,-,-,-,-,-,-,Registered,Normal Service,9,269,18,F6861449,822,19,30kHz,944,-,4,1,-,-,New trans.,0,0,256QAM,163,2,40534,797,13,0,0,Pass,0,QPSK,1,16,4,0,15,30kHz,Re trans.,-,2464,
20260725 15:17:57.002,24.825159,102.849051,13.39,1950,3,1,0.00,0.00,,,,,,,1,SA,460,00,中国移动,4456484,6443511821,1573123,13,Normal,-,1,41,100,100,504990,-,721,513000,513000,30kHz,503172,1099,-,ms20,Connected,SA,-0.8,3,1,-60,87,-69.6,-10.6,19.4,3,Not Barred,6,6312,-33,504990,721,-71.2;-69.9;-81.6;-69.9,-,19.5;10.1;15.8;18.4,26.2;18.9;27.2;25.4,-35.1;-33;-42.4;-35.6,7;3;2;4;6;5,720;721;721;721;721;722,-76.2;-69.1;-72.1;-72.9;-71.5;-73.7,-11.5;-10.5;-10.8;-11.1;-10.8;-12.6,255;255;255;255;255;255,1;0;0,504990;504990;504990,721;722;720,3;5;7,-,4;1;1,-69.6;-75.2;-76.2,-10.6;-13.5;-11.6,19.4;255;255,0.5,1,1,QPSK,-,100,0,0,0,0.00,0.00,0.00,0.00,0,1,Rank 3,17,68,3,69,-,69,13,24.9,31,25,256QAM,0,SMDL,0,0,0,0.00,0.00,0.04,0.37,Rank 2,4,220,56,-,4 x 4,HandOver,40534,Free,17,FORMAT_0,219,127,Success,40534,1,-,-1,-2,-8,-,56,-,2,3,-,-,-,-,-,-,-,-,-,-,-,-,-,Registered,Normal Service,9,269,18,F6861449,927,8,30kHz,992,-,4,1,-,-,New trans.,0,0,256QAM,135,1,40534,914,3,0,0,Pass,0,QPSK,0,16,1,0,15,30kHz,Re trans.,-,329,
20260725 15:17:58.014,24.825157,102.849026,14.29,1950,3,1,0.00,0.00,,,,,,,1,SA,460,00,中国移动,4456484,6443511821,1573123,13,Normal,-,1,41,100,100,504990,-,721,513000,513000,30kHz,503172,1099,-,ms20,Connected,SA,-0.8,3,1,-60,86,-68.6,-10.7,14.8,3,Not Barred,6,6312,-32.4,504990,721,-81;-65.9;-79.3;-74.2,-,14.3;13.2;11.4;11.2,27;23.4;28.3;22.8,-36.3;-32.4;-65.6;-34.9,7;3;2;4;6;6,720;721;721;721;721;722,-77.4;-67.9;-72.3;-71;-71;-89.1,-12;-10.6;-10.7;-11;-10.9;-21.6,255;255;255;255;255;255,1;0;0,504990;504990;504990,721;722;720,3;6;7,-,4;1;1,-68.6;-76.4;-77.8,-10.7;-13.3;-12.6,14.8;255;255,0.6,1,1,QPSK,-,100,0,0,0,0.00,0.00,0.00,0.00,0,4,Rank 3,16,80,3,123,-,123,12,24.7,25,25,256QAM,0,SMDL,0,0,0,0.00,0.00,0.00,0.40,Rank 2,4,276,67,-,4 x 4,HandOver,40534,Free,17,FORMAT_0,219,127,Success,40534,1,-,-2,-4,-8,-,67,-,2,3,-,-,-,-,-,-,-,-,-,-,-,-,-,Registered,Normal Service,9,269,18,F6861449,1023,9,30kHz,992,-,4,1,-,-,New trans.,0,0,256QAM,136,1,40534,999,13,0,0,Pass,0,QPSK,1,16,4,0,15,30kHz,Re trans.,-,514,
20260725 15:17:59.028,24.825154,102.848989,12.78,1950,3,1,0.00,0.00,,,,,,,1,SA,460,00,中国移动,4456484,6443511821,1573123,13,Normal,-,1,41,100,100,504990,-,721,513000,513000,30kHz,503172,1099,-,ms20,Connected,SA,-0.8,2,1,-60,87,-70.6,-10.7,18,3,Not Barred,6,6312,-30.3,504990,721,-82.3;-70.9;-77.9;-69.3,-,12.4;13.4;11.8;12.7,24.6;24.2;26.1;24.3,-36.9;-35.4;-44.4;-30.3,7;3;4;6;2;5,720;721;721;721;721;722,-80.8;-69.1;-72.2;-73.4;-73;-68.1,-12.8;-10.5;-10.9;-11.8;-10.7;-11.1,255;255;255;255;255;255,1;0;0,504990;504990;504990,721;722;720,3;5;7,-,4;1;1,-70.6;-69;-80.8,-10.7;-11.7;-12.8,18;255;255,0.6,1,1,QPSK,-,100,0,0,0,0.00,0.00,0.00,0.00,0,4,Rank 3,16,80,5,1537,-,76,12,24.8,25,25,256QAM,0,SMDL,0,0,0,0.00,0.00,0.00,0.51,Rank 2,4,168,24,-,4 x 4,HandOver,40534,Free,17,FORMAT_0,219,127,Success,40534,1,-,0,-2,-8,-,24,-,1,4,-,-,-,-,-,-,-,-,-,-,-,-,-,Registered,Normal Service,9,269,18,F6861449,101,19,30kHz,992,-,4,1,-,-,New trans.,0,0,256QAM,164,1,40534,101,13,0,0,Pass,0,16QAM,9,32,4,0,15,30kHz,Re trans.,-,514,
20260725 15:18:00.043,24.825166,102.848960,11.05,1950,3,1,0.00,0.00,,,,,,,1,SA,460,00,中国移动,4456484,6443511821,1573123,13,Normal,-,1,41,100,100,504990,-,721,513000,513000,30kHz,503172,1099,-,ms20,Connected,SA,-0.8,2,1,-60,87,-70,-10.7,20.5,3,Not Barred,6,6312,-38.9,504990,721,-72.6;-72.5;-80.7;-74.6,-,18.2;20.4;18.7;13.4,23.7;24.7;28;24.3,-38.9;-43.1;-42.3;-39.1,7;3;4;6;5;5,720;721;721;721;721;722,-81.3;-69.8;-70.3;-71.9;-90.7;-68.5,-12.7;-10.5;-10.7;-11.2;-18.5;-10.6,255;255;255;255;255;255,1;0;0,504990;504990;504990,721;722;720,3;5;7,-,4;1;1,-70;-68.8;-81.6,-10.7;-10.9;-13.3,20.5;255;255,0.6,1,1,QPSK,-,100,0,0,0,0.00,0.05,0.16,0.17,10.5,4,Rank 3,16,80,15,69,-,69,12,24.8,31,25,256QAM,0,SMDL,0,0,0,0.00,0.03,0.03,0.31,Rank 2,4,452,106,-,4 x 4,HandOver,40534,Free,17,FORMAT_0,219,127,Success,40534,1,-,-1,-3,-8,-,106,-,1,15,-,-,-,-,-,-,-,-,-,-,-,-,-,Registered,Normal Service,9,269,18,F6861449,202,8,30kHz,992,-,4,1,-,-,New trans.,0,0,256QAM,172,1,40534,202,13,0,0,Pass,1,QPSK,0,16,1,0,15,30kHz,Re trans.,-,20886,
20260725 15:18:01.052,24.825177,102.848934,10.08,1950,3,1,0.00,0.00,,,,,,,1,SA,460,00,中国移动,4456484,6443511821,1573123,13,Normal,-,1,41,100,100,504990,-,721,513000,513000,30kHz,503172,1099,-,ms20,Connected,SA,-0.8,2,1,-60,86,-69.3,-10.6,24.4,3,Not Barred,6,6312,-27.8,504990,721,-68.9;-75.5;-84.4;-68.4,-,14.6;10.4;14.2;24.6,21.9;27.5;10.1;18.8,-31.4;-27.8;-46.9;-34,7;3;2;4;1;5,720;721;721;721;721;722,-80.5;-68.1;-73.7;-72;-75.8;-76.3,-11.8;-10.5;-10.5;-10.7;-10.7;-12.8,255;255;255;255;255;255,1;0;0,504990;504990;504990,721;722;720,3;5;7,-,4;1;1,-69.3;-77;-80.5,-10.6;-13.8;-12.5,24.4;255;255,5.2,30,2,QPSK,-,71.4,19,9.5,0,0.06,0.01,0.00,0.00,0,1,Rank 1,29,612,15,69,-,69,14,24.7,31,25,256QAM,0,SMDL,0,0,0,0.03,0.00,0.02,0.85,Rank 2,4,156,106,-,4 x 4,HandOver,40534,Free,17,FORMAT_0,219,127,Success,40534,1,-,0,-3,-8,-,106,-,1,15,-,-,-,-,-,-,-,-,-,-,-,-,-,Registered,Normal Service,9,269,18,F6861449,247,19,30kHz,944,-,4,1,-,-,New trans.,0,0,256QAM,115,1,40534,202,13,0,0,Pass,1,QPSK,0,16,1,0,15,30kHz,Re trans.,-,20886,
20260725 15:18:02.067,24.825198,102.848912,11.23,1950,3,1,0.00,0.00,,,,,,,1,SA,460,00,中国移动,4456484,6443511821,1573123,13,Normal,-,1,41,100,100,504990,-,721,513000,513000,30kHz,503172,1099,-,ms20,Connected,SA,-0.8,2,1,-60,84,-66.6,-10.6,21.6,3,Not Barred,6,6312,-28.6,504990,721,-66.7;-64.9;-108.8;-68.9,-,21.6;13.8;255;255,25.1;24.4;255;255,-37.6;-28.6,5;3;2;6;5;4,720;721;721;721;721;722,-79.8;-65.6;-70.7;-73.4;-77.5;-90.7,-17.2;-10.5;-10.6;-10.7;-12.8;-20.2,255;255;255;255;255;255,1;0;0,504990;504990;504990,721;722;720,3;4;5,-,4;1;1,-66.6;-80.6;-81.7,-10.6;-16.3;-16.6,21.6;255;255,5.2,30,2,QPSK,-,71.4,19,9.5,0,0.00,0.00,0.00,0.00,0,1,Rank 1,29,612,1,14,-,14,13,22.7,23,23,256QAM,0,SMDL,0,0,0,0.00,0.00,0.02,0.29,Rank 2,4,24,39,-,2 x 2,HandOver,40534,Free,17,FORMAT_0,219,127,Success,40534,1,-,2,-5,-8,-,39,-,1,1,-,-,-,-,-,-,-,-,-,-,-,-,-,Registered,Normal Service,9,269,18,F6861449,411,19,30kHz,992,-,4,1,-,-,New trans.,0,0,256QAM,184,1,40534,401,13,0,4,Pass,0,QPSK,0,20,1,0,0,30kHz,Re trans.,-,20886,
20260725 15:18:03.079,24.825240,102.848869,13.28,1950,3,1,0.00,0.00,,,,,,,1,SA,460,00,中国移动,4456484,6443511821,1573123,13,Normal,-,1,41,100,100,504990,-,721,513000,513000,30kHz,503172,1099,-,ms20,Connected,SA,-0.8,2,1,-60,84,-67,-10.5,22.3,3,Not Barred,6,6312,-28.6,504990,721,-71.9;-65.2;-104;-72.1,-,21.1;22.3;255;255,20;11.4;255;255,-28.6;-29.4,7;3;2;6;4;5,720;721;721;721;721;722,-108.8;-66.2;-72.2;-73.4;-73;-79.8,-25.8;-10.4;-10.6;-10.6;-11;-14.2,255;255;255;255;255;255,1;0;0,504990;504990;504990,721;722;720,3;5;7,-,4;1;1,-67;-79.7;-106.9,-10.5;-14.7;-25.3,22.3;255;255,5.2,30,2,QPSK,-,71.4,19,9.5,0,0.00,0.00,0.00,0.00,16.7,1,Rank 1,29,612,7,69,-,69,11,24.6,25,25,256QAM,0,SMDL,0,0,0,0.00,0.00,0.01,0.04,Rank 2,4,316,79,-,2 x 2,HandOver,40534,Free,17,FORMAT_0,219,127,Success,40534,1,-,1,-5,-8,-,79,-,1,6,-,-,-,-,-,-,-,-,-,-,-,-,-,Registered,Normal Service,9,269,18,F6861449,483,19,30kHz,944,-,4,1,-,-,New trans.,0,0,256QAM,139,1,40534,458,13,0,0,Pass,0,QPSK,0,16,1,0,15,30kHz,Re trans.,-,20886,
20260725 15:18:04.093,24.825277,102.848852,14.76,1949,3,1,0.00,0.00,,,,,,,1,SA,460,00,中国移动,4456484,6443511821,1573123,13,Normal,-,1,41,100,100,504990,-,721,513000,513000,30kHz,503172,1099,-,ms20,Connected,SA,-0.8,3,1,-60,84,-63.7,-10.4,30.6,3,Not Barred,6,6312,-26.8,504990,721,-62.2;-62.2;-104.3;-63.9,-,21.7;20.7;255;255,21.9;11.7;255;255,-27.3;-26.8,7;3;2;6;1;4,720;721;721;721;721;722,-137.7;-63;-66.9;-65.4;-72.9;-78.7,-36.3;-10.4;-10.4;-10.5;-10.5;-18.7,255;255;255;255;255;255,1;0;0,504990;504990;504990,721;722;720,3;4;7,-,4;1;1,-63.7;-79;-137.7,-10.4;-17.5;-36.2,30.6;255;255,5.2,30,2,QPSK,-,71.4,19,9.5,0,0.00,0.00,0.00,0.00,0,1,Rank 1,29,612,7,69,-,69,12,24.9,25,25,256QAM,0,SMDL,0,0,0,0.00,0.00,0.00,0.59,Rank 2,4,72,79,-,2 x 2,HandOver,40534,Free,17,FORMAT_0,219,127,Success,40534,1,-,1,-8,-8,-,79,-,1,6,-,-,-,-,-,-,-,-,-,-,-,-,-,Registered,Normal Service,9,269,18,F6861449,483,19,30kHz,944,-,4,1,-,-,New trans.,0,0,256QAM,139,1,40534,458,13,0,0,Pass,0,QPSK,0,16,1,0,15,30kHz,Re trans.,-,20886,
20260725 15:18:05.110,24.825373,102.848842,16.52,1949,3,1,0.00,0.00,,,,,,,1,SA,460,00,中国移动,4456484,6443511821,1573123,13,Normal,-,1,41,100,100,504990,-,721,513000,513000,30kHz,503172,1099,-,ms20,Connected,SA,-0.8,2,1,-60,85,-67.4,-10.5,22.8,3,Not Barred,6,6312,-28.3,504990,721,-75.8;-64.1;-110.4;-66.8,-,21.9;24.7;255;255,21.5;21.1;255;255,-29.5;-28.3,5;3;2;4;6;7;4,722;721;721;721;721;720;701,-85.6;-67.5;-67.9;-74.4;-70.5;-130.5;-81.5,-17.6;-10.5;-10.4;-11.4;-10.5;-32.9;-18.4,255;255;255;255;255;255;255,1;0;0;0,504990;504990;504990;504990,721;701;722;720,3;4;5;7,-,4;1;1;1,-67.4;-81.5;-85.6;-130.5,-10.5;-18.4;-17.8;-32.9,22.8;255;255;255,3.9,28,0,QPSK,-,100,0,0,0,0.00,0.00,0.00,0.00,0,2,Rank 1,18,148,0,69,-,69,14,25.4,31,25,256QAM,0,SMDL,0,0,0,0.00,0.00,0.00,0.14,Rank 2,4,32,24,-,2 x 2,HandOver,40534,Free,17,FORMAT_0,219,127,Success,40534,1,-,1,-2,-8,-,24,-,1,6,-,-,-,-,-,-,-,-,-,-,-,-,-,Registered,Normal Service,9,269,18,F6861449,707,9,30kHz,992,-,4,1,-,-,New trans.,0,0,256QAM,180,1,40534,681,13,0,0,Pass,1,QPSK,0,16,1,0,15,30kHz,Re trans.,-,568,
20260725 15:18:06.125,24.825410,102.848851,16.78,1948,3,1,0.00,0.00,,,,,,,1,SA,460,00,中国移动,4456484,6443511821,1573123,13,Normal,-,1,41,100,100,504990,-,721,513000,513000,30kHz,503172,1099,-,ms20,Connected,SA,-0.8,1,1,-60,88,-68.4,-10.5,24.1,3,Not Barred,6,6312,-34,504990,721,-68.9;-76.4;-77.3;-75.6,-,13.2;13;255;255,20;22.6;255;255,-34;-34,4;3;2;6;1;7;4,722;721;721;721;721;720;701,-83.6;-70.1;-66.6;-76.2;-76.4;-149.6;-82.9,-15.8;-10.5;-10.4;-10.7;-10.6;-40.7;-14.9,255;255;255;255;255;255;255,1;0;0;0,504990;504990;504990;504990,721;701;722;720,3;4;4;7,-,4;1;1;1,-68.4;-82.9;-83.9;-149.6,-10.5;-14.9;-14.5;-40.7,24.1;255;255;255,4.7,29,0,QPSK,-,77.8,22.2,0,0,0.00,0.00,0.01,0.01,12.5,2,Rank 1,17,160,9,106,-,106,14,24.9,25,25,256QAM,0,SMDL,0,0,0,0.00,0.00,0.00,0.06,Rank 2,4,396,106,-,2 x 2,HandOver,40534,Free,17,FORMAT_0,219,127,Success,40534,1,-,2,-2,-8,-,106,-,1,9,-,-,-,-,-,-,-,-,-,-,-,-,-,Registered,Normal Service,9,269,18,F6861449,813,19,30kHz,992,-,4,1,-,-,New trans.,0,0,256QAM,171,1,40534,794,14,0,0,Pass,0,QPSK,2,16,2,0,15,30kHz,Re trans.,-,1519,
20260725 15:18:07.139,24.825460,102.848860,17.03,1948,3,1,0.00,0.00,,,,,,,1,SA,460,00,中国移动,4456484,6443511821,1573123,13,Normal,-,1,41,100,100,504990,-,721,513000,513000,30kHz,503172,1099,-,ms20,Connected,SA,-0.8,1,1,-60,83,-68,-10.4,23.5,2,Not Barred,6,6312,-30.1,504990,721,-64.3;-69.5;-77.2;-62,-,22.7;25.9;11.6;23.5,21.1;20.2;255;255,-30.1;-31,4;2;3;6;1;4;7,722;721;721;721;721;701;699,-80.3;-67.5;-73.6;-78.3;-79.4;-97.8;-97.9,-12.2;-10.4;-10.5;-10.7;-10.7;-24.3;-21.1,255;255;255;255;255;255;255,1;0;0;0,504990;504990;504990;504990,721;722;701;699,2;4;4;7,-,4;1;1;1,-68;-80.4;-97.8;-97.9,-10.4;-11.9;-24.3;-21.1,23.5;255;255;255,4.7,29,0,QPSK,-,77.8,22.2,0,0,0.00,0.00,0.01,0.01,0,2,Rank 1,17,160,9,69,-,69,14,25,31,25,256QAM,0,SMDL,0,0,0,0.00,0.00,0.00,0.74,Rank 2,4,404,106,-,2 x 2,HandOver,40534,Free,17,FORMAT_0,219,127,Success,40534,1,-,2,0,-8,-,106,-,1,9,-,-,-,-,-,-,-,-,-,-,-,-,-,Registered,Normal Service,9,269,18,F6861449,850,9,30kHz,992,-,4,1,-,-,New trans.,0,0,256QAM,136,1,40534,824,13,0,0,Pass,1,QPSK,0,16,1,0,15,30kHz,Re trans.,-,1519,
20260725 15:18:08.147,24.825480,102.848867,14.40,1948,3,1,0.00,0.00,,,,,,,1,SA,460,00,中国移动,4456484,6443511821,1573123,13,Normal,-,1,41,100,100,504990,-,721,513000,513000,30kHz,503172,1099,-,ms20,Connected,SA,-0.8,1,1,-60,79,-66.5,-10.4,23.1,2,Not Barred,6,6312,-30.8,504990,721,-74.4;-69;-73.6;-51.1,-,12;23.1;255;255,20.1;17.1;255;255,-35.1;-30.8,5;2;6;1;4;4;4;7,722;721;721;721;721;560;701;699,-89.5;-65.2;-69.9;-76.8;-75.3;-133.7;-85;-153.9,-15.8;-10.4;-10.4;-10.5;-10.8;-34.9;-16.7;-42.2,255;255;255;255;255;255;255;255,1;0;0;0;0,504990;504990;504990;504990;504990,721;701;722;560;699,2;4;5;4;7,-,4;1;1;1;1,-66.5;-85;-89.5;-133.7;-153.9,-10.4;-16.7;-16;-34.9;-42.2,23.1;255;255;255;255,2.2,7,2,QPSK,-,83.3,16.7,0,0,0.00,0.00,0.00,0.00,0,1,Rank 1,16,96,6,106,-,106,14,24.8,25,25,256QAM,0,SMDL,0,0,0,0.00,0.00,0.00,0.76,Rank 2,4,24,102,-,2 x 2,HandOver,40534,Free,17,FORMAT_0,219,127,Success,40534,1,-,1,-7,-8,-,102,-,1,6,-,-,-,-,-,-,-,-,-,-,-,-,-,Registered,Normal Service,9,269,18,F6861449,1008,19,30kHz,992,-,4,1,-,-,New trans.,0,0,256QAM,103,1,40534,983,14,0,0,Pass,0,QPSK,2,16,2,0,15,30kHz,Re trans.,-,797,
20260725 15:18:09.153,24.825493,102.848869,12.89,1948,3,1,0.00,0.00,,,,,,,1,SA,460,00,中国移动,4456484,6443511821,1573123,13,Normal,-,1,41,100,100,504990,-,721,513000,513000,30kHz,503172,1099,-,ms20,Connected,SA,-0.8,1,1,-60,73,-55.6,-10.4,31,2,Not Barred,6,6312,-20.9,504990,721,-55.8;-58.5;-62.6;-74.1,-,28.2;29.5;255;255,18.5;17.7;255;255,-20.9;-23.5,4;2;6;1;3;4;4;7,722;721;721;721;721;560;701;699,-95.8;-55.5;-64.9;-67.9;-68.6;-92.2;-78.5;-153.5,-22.9;-10.4;-10.3;-10.4;-10.4;-22.5;-14.2;-42.2,255;255;255;255;255;255;255;255,1;0;0;0;0,504990;504990;504990;504990;504990,721;701;722;560;699,2;4;4;4;7,-,4;1;1;1;1,-55.6;-78.5;-79.7;-92.2;-153.5,-10.4;-14.2;-16.4;-22.5;-42.2,31;255;255;255;255,2,2,2,QPSK,-,100,0,0,0,0.00,0.00,0.00,0.00,0,2,Rank 1,16,48,4,106,-,106,14,24.6,31,25,256QAM,0,SMDL,0,0,0,0.00,0.00,0.01,0.04,Rank 2,4,312,83,-,2 x 2,HandOver,40534,Free,17,FORMAT_0,219,127,Success,40534,1,-,-3,-17,-8,-,83,-,1,4,-,-,-,-,-,-,-,-,-,-,-,-,-,Registered,Normal Service,9,269,18,F6861449,92,19,30kHz,992,-,4,1,-,-,New trans.,0,0,256QAM,100,1,40534,74,1,0,0,Pass,1,QPSK,2,16,2,0,15,30kHz,Re trans.,-,318,
20260725 15:18:10.164,24.825489,102.848869,9.47,1948,3,1,0.00,0.00,,,,,,,1,SA,460,00,中国移动,4456484,6443511821,1573123,13,Normal,-,1,41,100,100,504990,-,721,513000,513000,30kHz,503172,1099,-,ms20,Connected,SA,-0.8,1,1,-60,73,-56.7,-10.4,28.3,2,Not Barred,6,6312,-23.5,504990,721,-58.6;-64.2;-59.9;-73.6,-,31.1;19.3;255;255,19.1;18.9;255;255,-23.5;-27.5,4;2;3;1;6;4;4,722;721;721;721;721;560;701,-81.8;-56.7;-69.4;-67.6;-71.9;-85.2;-80,-16.5;-10.4;-10.4;-10.4;-10.4;-18.3;-13.3,255;255;255;255;255;255;255,1;0;0;0,504990;504990;504990;504990,721;701;722;560,2;4;4;4,-,4;1;1;1,-56.7;-80;-82;-85.2,-10.4;-13.3;-15.5;-18.3,28.3;255;255;255,2,2,2,QPSK,-,100,0,0,0,0.00,0.00,0.00,0.00,0,2,Rank 1,16,48,4,106,-,106,14,24.9,25,25,256QAM,0,SMDL,0,0,0,0.00,0.00,0.04,0.56,Rank 2,4,136,83,-,2 x 2,HandOver,40534,Free,17,FORMAT_0,219,127,Success,40534,1,-,-3,-14,-8,-,83,-,1,4,-,-,-,-,-,-,-,-,-,-,-,-,-,Registered,Normal Service,9,269,18,F6861449,99,8,30kHz,992,-,4,1,-,-,New trans.,0,0,256QAM,99,1,40534,74,1,0,0,Pass,1,QPSK,2,16,2,0,15,30kHz,Re trans.,-,318,
20260725 15:18:11.173,24.825472,102.848871,7.16,1947,3,1,0.00,0.00,,,,,,,1,SA,460,00,中国移动,4456484,6443511821,1573123,13,Normal,-,1,41,100,100,504990,-,721,513000,513000,30kHz,503172,1099,-,ms20,Connected,SA,-0.8,1,1,-60,73,-61.9,-10.4,29.9,2,Not Barred,6,6312,-26.9,504990,721,-60.8;-71.4;-73;-65.5,-,25.2;14.8;255;255,18.5;18.1;255;255,-26.9;-33.5,5;2;1;3;0;4;4;7,722;721;721;721;721;560;701;699,-87.5;-60.9;-68.3;-71.3;-73.5;-106.4;-85.3;-148.3,-16;-10.4;-10.4;-10.5;-10.4;-28;-17.7;-40.5,255;255;255;255;255;255;255;255,1;0;0;0;0,504990;504990;504990;504990;504990,721;701;722;560;699,2;4;5;4;7,-,4;1;1;1;1,-61.9;-85.3;-88.2;-106.4;-148.3,-10.4;-17.7;-17.9;-28;-40.5,29.9;255;255;255;255,2,2,2,QPSK,-,100,0,0,0,0.00,0.00,0.00,0.00,0,2,Rank 1,16,48,4,106,-,106,14,24.9,25,25,256QAM,0,SMDL,0,0,0,0.00,0.00,0.04,0.26,Rank 2,4,0,83,-,2 x 2,HandOver,40534,Free,17,FORMAT_0,219,127,Success,40534,1,-,-3,-10,-8,-,83,-,1,4,-,-,-,-,-,-,-,-,-,-,-,-,-,Registered,Normal Service,9,269,18,F6861449,99,8,30kHz,992,-,4,1,-,-,New trans.,0,0,256QAM,99,1,40534,74,1,0,0,Pass,1,QPSK,2,16,2,0,15,30kHz,Re trans.,-,318,
20260725 15:18:12.188,24.825502,102.848863,10.40,1947,3,1,0.00,0.00,,,,,,,1,SA,460,00,中国移动,4456484,6443511821,1573123,13,Normal,-,1,41,100,100,504990,-,721,513000,513000,30kHz,503172,1099,-,ms20,Connected,SA,-0.8,1,1,-60,86,-69.4,-10.5,27,2,Not Barred,6,6312,-33,504990,721,-65.8;-64.2;-80.8;-71.7,-,20.8;21.8;255;255,14.9;11.5;255;255,-33;-38.6,4;2;1;3;6;4;4;7;7;1,722;721;721;721;721;560;701;699;559;252,-91;-69;-75.9;-79.4;-80.9;-88.3;-84.5;-129.6;-96.8;-109.4,-17.6;-10.5;-10.4;-10.9;-10.6;-18.3;-13.3;-33.1;-18.4;-25.5,255;255;255;255;255;255;255;255;255;255,1;0;0;0;0;0;0,504990;504990;504990;504990;504990;504990;504990,721;701;560;722;559;252;699,2;4;4;4;7;1;7,-,4;1;1;1;1;1;1,-69.4;-84.5;-89;-89.1;-96.8;-109.4;-129.6,-10.5;-13.3;-17.6;-16.3;-18.4;-25.5;-33.1,27;255;255;255;255;255;255,2,2,2,QPSK,-,100,0,0,0,0.00,0.00,0.00,0.00,0,2,Rank 1,16,48,0,106,-,106,14,26.5,31,25,256QAM,0,SMDL,0,0,0,0.00,0.00,0.04,0.00,Rank 2,4,16,35,-,2 x 2,HandOver,40534,Free,17,FORMAT_0,219,127,Success,40534,1,-,3,1,-8,-,35,-,1,4,-,-,-,-,-,-,-,-,-,-,-,-,-,Registered,Normal Service,9,269,18,F6861449,392,9,30kHz,992,-,4,1,-,-,New trans.,0,0,256QAM,151,1,40534,380,4,0,0,Pass,0,QPSK,2,16,2,0,15,30kHz,Re trans.,-,318,
20260725 15:18:13.202,24.825543,102.848853,11.09,1947,3,1,0.00,0.00,,,,,,,1,SA,460,00,中国移动,4456484,6443511821,1573123,13,Normal,-,1,41,100,100,504990,-,721,513000,513000,30kHz,503172,1099,-,ms20,Connected,SA,-0.8,0,1,-60,88,-68.5,-10.4,23.9,2,Not Barred,6,6312,-28.4,504990,721,-72.2;-67.5;-66.4;-69.2,-,22.1;25.6;255;255,12.5;19.7;255;255,-32.8;-28.4,4;2;1;0;4;4;4;5,722;721;721;721;721;560;701;559,-88.6;-67.4;-73.7;-81.6;-80.8;-91;-85.9;-110.2,-18;-10.4;-10.5;-11;-11.8;-20.1;-14.6;-27,255;255;255;255;255;255;255;255,1;0;0;0;0,504990;504990;504990;504990;504990,721;701;722;560;559,2;4;4;4;5,-,4;1;1;1;1,-68.5;-85.9;-88.4;-90.1;-98.4,-10.4;-14.6;-17.2;-19.5;-22.1,23.9;255;255;255;255,2,2,2,QPSK,-,100,0,0,0,0.00,0.00,0.00,0.00,0,2,Rank 1,16,48,6,69,-,69,14,24.9,31,25,256QAM,0,SMDL,0,0,0,0.00,0.00,0.00,1.10,Rank 2,4,592,150,-,2 x 2,HandOver,40534,Free,17,FORMAT_0,219,127,Success,40534,1,-,7,0,-8,-,150,-,1,6,-,-,-,-,-,-,-,-,-,-,-,-,-,Registered,Normal Service,9,269,18,F6861449,444,8,30kHz,992,-,4,1,-,-,New trans.,0,0,256QAM,155,1,40534,418,13,0,0,Pass,1,QPSK,0,16,1,0,15,30kHz,Re trans.,-,318,
20260725 15:18:14.209,24.825551,102.848849,9.32,1947,3,1,0.00,0.00,,,,,,,1,SA,460,00,中国移动,4456484,6443511821,1573123,13,Normal,-,1,41,100,100,504990,-,721,513000,513000,30kHz,503172,1099,-,ms20,Connected,SA,-0.8,1,1,-60,92,-73.6,-10.6,11.2,2,Not Barred,6,6312,-41,504990,721,-76;-80.6;-80.3;-86.5,-,12.8;7.5;255;255,9.3;18.8;255;255,-41;-42.3,2;2;1;3;4;4;4;5;7;5,722;721;721;721;721;560;701;559;699;7,-127.9;-72.8;-78.5;-80;-83.4;-91.1;-84.2;-97.7;-94.5;-111.6,-33.8;-10.5;-10.6;-10.9;-12.5;-20;-12;-19;-15.9;-23.6,255;255;255;255;255;255;255;255;255;255,1;0;0;0;0;0;0,504990;504990;504990;504990;504990;504990;504990,721;701;722;560;699;559;7,2;4;2;4;7;5;5,-,4;1;1;1;1;1;1,-73.6;-84.2;-91.1;-92.6;-94.5;-97.7;-111.6,-10.6;-12;-18.1;-19.2;-15.9;-19;-23.6,11.2;255;255;255;255;255;255,1.3,3,2,QPSK,-,100,0,0,0,0.00,0.00,0.00,0.00,0,1,Rank 1,16,112,1,106,-,106,13,25,25,25,256QAM,0,SMDL,0,0,0,0.00,0.00,0.01,0.01,Rank 2,4,124,33,-,2 x 2,HandOver,40534,Free,17,FORMAT_0,219,127,Success,40534,1,-,6,6,-8,-,33,-,1,1,-,-,-,-,-,-,-,-,-,-,-,-,-,Registered,Normal Service,9,269,18,F6861449,601,9,30kHz,992,-,4,1,-,-,New trans.,0,0,256QAM,151,1,40534,600,13,0,0,Pass,0,QPSK,2,16,2,0,15,30kHz,Re trans.,-,682,
20260725 15:18:15.221,24.825613,102.848844,1.26,1947,3,1,0.00,0.00,,,,,,,1,SA,460,00,中国移动,4456484,6443511821,1573123,13,Normal,-,1,41,100,100,504990,-,721,513000,513000,30kHz,503172,1099,-,ms20,Connected,SA,-0.8,1,1,-60,89,-70.9,-10.4,18.2,2,Not Barred,6,6312,-33.8,504990,721,-71.7;-74.9;-67.4;-78.1,-,24.2;11.2;255;255,14.9;13;255;255,-33.8;-41.9,3;2;6;3;1;4;4;5;7,722;721;721;721;721;560;701;793;699,-94.9;-70.8;-78.7;-82.7;-79.8;-90.6;-86.3;-95.5;-90.3,-17.1;-10.4;-10.5;-11.2;-10.6;-19.4;-12.3;-17.8;-14.6,255;255;255;255;255;255;255;255;255,1;0;0;0;0;0,504990;504990;504990;504990;504990;504990,721;701;560;699;722;793,2;4;4;7;3;5,-,4;1;1;1;1;1,-70.9;-86.3;-90.3;-90.4;-92.3;-95.5,-10.4;-12.3;-17.1;-14.7;-16.4;-17.8,18.2;255;255;255;255;255,1.3,3,2,QPSK,-,100,0,0,0,0.00,0.00,0.00,0.00,0,1,Rank 1,16,112,1,69,-,69,13,24.9,25,25,256QAM,0,SMDL,0,0,0,0.00,0.00,0.00,0.23,Rank 2,4,380,33,-,2 x 2,HandOver,40534,Free,17,FORMAT_0,219,127,Success,40534,1,-,7,-3,-8,-,33,-,1,1,-,-,-,-,-,-,-,-,-,-,-,-,-,Registered,Normal Service,9,269,18,F6861449,697,19,30kHz,992,-,4,1,-,-,New trans.,0,0,256QAM,180,1,40534,681,14,0,0,Pass,0,QPSK,0,16,1,0,15,30kHz,Re trans.,-,682,
20260725 15:18:16.237,24.825613,102.848842,0.00,1947,3,1,0.00,0.00,,,,,,,1,SA,460,00,中国移动,4456484,6443511821,1573123,13,Normal,-,1,41,100,100,504990,-,721,513000,513000,30kHz,503172,1099,-,ms20,Connected,SA,-0.8,0,1,-60,89,-69.8,-10.4,24.8,2,Not Barred,6,6312,-35,504990,721,-90.7;-70.8;-69.9;-70.3,-,4.5;24.8;255;255,18.8;13.6;255;255,-46.3;-35,5;2;3;1;6;4;4;5;7;5,722;721;721;721;721;560;701;793;699;7,-93.4;-69.8;-78.2;-78.8;-79.5;-91.8;-91.2;-153.4;-101.2;-95.9,-15.8;-10.4;-10.4;-10.4;-10.5;-18.9;-17.9;-42;-16.2;-18.3,255;255;255;255;255;255;255;255;255;255,1;0;0;0;0;0;0,504990;504990;504990;504990;504990;504990;504990,721;701;560;722;7;699;793,2;4;4;5;5;7;5,-,4;1;1;1;1;1;1,-69.8;-91.2;-91.7;-94;-95.9;-101.2;-153.4,-10.4;-17.9;-18.8;-17.7;-18.3;-16.2;-42,24.8;255;255;255;255;255;255,0.9,2,0,QPSK,-,100,0,0,0,0.00,0.00,0.00,0.00,0,1,Rank 1,16,144,8,106,-,106,14,24.7,31,25,256QAM,0,SMDL,0,0,0,0.00,0.00,0.02,0.72,Rank 2,4,572,185,-,2 x 2,HandOver,40534,Free,17,FORMAT_0,219,127,Success,40534,1,-,8,-1,-8,-,185,-,1,8,-,-,-,-,-,-,-,-,-,-,-,-,-,Registered,Normal Service,9,269,18,F6861449,792,9,30kHz,992,-,4,1,-,-,New trans.,0,0,256QAM,104,1,40534,762,13,0,0,Pass,1,QPSK,2,16,2,0,15,30kHz,Re trans.,-,769,
20260725 15:18:17.252,24.825612,102.848841,0.00,1947,3,1,0.00,0.00,,,,,,,1,SA,460,00,中国移动,4456484,6443511821,1573123,13,Normal,-,1,41,100,100,504990,-,721,513000,513000,30kHz,503172,1099,-,ms20,Connected,SA,-0.8,1,1,-60,89,-72.1,-10.4,20.6,2,Not Barred,6,6312,-37.8,504990,721,-73.6;-80.7;-77.4;-71.4,-,20.2;10.6;255;255,12.9;15;255;255,-37.8;-44.1,4;2;3;1;6;5;4;5;7;5,722;721;721;721;721;560;701;793;699;7,-91.2;-71.1;-73.6;-78.1;-80.3;-96.7;-95.6;-98.8;-117.8;-139.9,-19;-10.4;-10.5;-10.4;-10.5;-23;-19;-20.7;-28.4;-36.8,255;255;255;255;255;255;255;255;255;255,1;0;0;0;0;0;0,504990;504990;504990;504990;504990;504990;504990,721;722;701;560;793;699;7,2;4;4;5;5;7;5,-,4;1;1;1;1;1;1,-72.1;-92.6;-95.6;-98.1;-98.8;-117.8;-139.9,-10.4;-19.6;-19;-22.4;-20.7;-28.4;-36.8,20.6;255;255;255;255;255;255,0.9,2,0,QPSK,-,100,0,0,0,0.00,0.00,0.00,0.00,0,1,Rank 1,16,144,8,106,-,106,14,24.8,25,25,256QAM,0,SMDL,0,0,0,0.00,0.00,0.02,1.06,Rank 2,4,200,185,-,2 x 2,HandOver,40534,Free,17,FORMAT_0,219,127,Success,40534,1,-,8,1,-8,-,185,-,1,8,-,-,-,-,-,-,-,-,-,-,-,-,-,Registered,Normal Service,9,269,18,F6861449,792,9,30kHz,992,-,4,1,-,-,New trans.,0,0,256QAM,104,1,40534,762,13,0,0,Pass,1,QPSK,2,16,2,0,15,30kHz,Re trans.,-,769,