"TIME","LATITUDE","LONGITUDE","SPEED(M/s)","ALT(M)","ACCURACY(M)","IS_OUTDOOR","X_POS","Y_POS","EVENT","EVENT_ID","TASK_TYPE","APP_DOWN(Mbps)","APP_UP(Mbps)","PING_DELAY(ms)","ISDATASLOT","NETWORK_TYPE","MCC","MNC","OPERATOR","NR5G TAC","NR5G NCI","NR5G gNodeB ID","NR5G Cell ID","NR5G CP Type","NR5G Duplex Mode","NR5G Numerology","NR5G Band","NR5G BandWidth DL","NR5G Bandwidth UL","NR5G SSB ARFCN DL","NR5G SSB ARFCN UL","NR5G PCI","NR5G Center ARFCN DL","NR5G Center ARFCN UL","NR5G SubCarrierSpacing","NR5G Absolute Frequency PointA","NR5G Init BWP Downlink Location Width","NR5G Init BWP Uplink Location Width","NR5G SSB Periodicity","NR5G RRC State","NR5G Connectivity Mode","NR5G Frequency Offset","NR5G Timing Offset","NR5G ServingCellIndex","NR5G Q_LEX_MIN","NR5G Pathloss DL","NR5G SS RSRP","NR5G SS RSRQ","NR5G SS SINR","NR5G SSB Beam Index","NR5G CellBarred","NR5G SubCarrierOffset","NR5G Serving GSCN","NR5G Carrier RSSI","NR5G Handover Target Arfcn","NR5G Handover Target PCI","NR5G SS RSRP Ant List","NR5G SS RSRQ Ant List","NR5G SS SINR Ant List","NR5G TRS SINR Ant List","NR5G SS RSSI Ant List","NR5G SSB Beam Index List","NR5G SSB Beam PCI List","NR5G SSB Beam RSRP List","NR5G SSB Beam RSRQ List","NR5G SSB Beam SINR List","NR5G ServingType List","NR5G Cells ARFCN List","NR5G Cells PCI List","NR5G Cells SSB Index List","NR5G Cells Band List","NR5G Cells BeamNum List","NR5G Cells RSRP List","NR5G Cells RSRQ List","NR5G Cells SINR List","NR5G MCS Avg DL","NR5G MCS Max DL","NR5G MCS Most DL","NR5G Modulation DL","NR5G Trans.Mode","NR5G DL QPSK Ratio(%)/s","NR5G DL 16QAM Ratio(%)/s","NR5G DL 64QAM Ratio(%)/s","NR5G DL 256QAM Ratio(%)/s","NR5G PDCP Tput DL(Mbps)","NR5G RLC Tput DL(Mbps)","NR5G MAC Tput Dl(Mbps)","NR5G PHY Tput DL(Mbps)","NR5G BLER DL","NR5G Layers Num DL","NR5G Rank DL","NR5G RB Num DL/slot","NR5G Pdsch Num RB/s","NR5G Grant Num DL/s","NR5G Pdsch TB Size/slot","NR5G TB0 Avg Size DL/s","NR5G TB1 Avg Size DL/s","NR5G CQI","NR5G MCS Avg UL","NR5G MCS Max UL","NR5G MCS Most UL","NR5G Modulation UL","NR5G Bler UL","NR5G Tx Mode UL","NR5G UL QPSK Ratio(%)/s","NR5G UL 16QAM Ratio(%)/s","NR5G UL 64QAM Ratio(%)/s","NR5G PDCP Tput UL(Mbps)","NR5G RLC Tput UL(Mbps)","NR5G MAC Tput UL(Mbps)","NR5G PHY Tput UL(Mbps)","NR5G Rank UL","NR5G RB Num UL/slot","NR5G Pusch Num RB/s","NR5G Grant Num UL/s","NR5G Pusch TB Size/s","NR5G MIMO","NR5G Rach Reason","NR5G C-RNTI","NR5G RACH Contention","NR5G PRACH Config","NR5G RACH Preamble Format","NR5G RACH LogicalRoot Index","NR5G RACH RA-RNTI","NR5G RACH Access Result","NR5G RACH T-RNTI","NR5G TA","NR5G Access Delay","NR5G PUSCH TxPower(dBm)","NR5G PUCCH TxPower(dBm)","NR5G PRACH TxPower(dBm)","NR5G DCI Format 0_0 Num/s","NR5G DCI Format 0_1 Num/s","NR5G DCI Format 0_2 Num/s","NR5G DCI Format 1_0 Num/s","NR5G DCI Format 1_1 Num/s","NR5G DCI Format 1_2 Num/s","NR5G DCI Format 2_0 Num/s","NR5G DCI Format 2_1 Num/s","NR5G DCI Format 2_2 Num/s","NR5G DCI Format 2_3 Num/s","NR5G DCI Format 0_0 AggLevel","NR5G DCI Format 0_1 AggLevel","NR5G DCI Format 1_0 AggLevel","NR5G DCI Format 1_1 AggLevel","NR5G DCI Format 2_0 AggLevel","NR5G DCI Format 2_1 AggLevel","NR5G DCI Format 2_2 AggLevel","NR5G DCI Format 2_3 AggLevel","NR5G MM State","NR5G MM Sub State","NR5G AMF Region ID","NR5G AMF SET ID","NR5G AMF Pointer","NR5G TMSI","NR5G Pusch Frame","NR5G Pusch Slot","NR5G Pusch SCS","NR5G Pusch TB Size/slot","NR5G Pusch TBIndex","NR5G Pusch Num RB/slot","NR5G Pusch BWP Id","NR5G Pusch TxPower","NR5G Pusch Actual TxPower","NR5G Pusch TxType","NR5G Pusch Carrier ID","NR5G Pusch HARQ ID","NR5G Pusch Modulation","NR5G Pusch Start RB","NR5G Pusch TPC","NR5G Pusch RNTI","NR5G Pdsch Frame","NR5G Pdsch Slot","NR5G Pdsch TB Index","NR5G Pdsch RNTI Type","NR5G Pdsch CRC Status","NR5G Pdsch NDI","NR5G Pdsch Modulation","NR5G Pdsch MCS","NR5G Pdsch Num RB/slot","NR5G Pdsch Num Layers","NR5G Pdsch Carrier ID","NR5G Pdsch HARQ ID","NR5G Pdsch SCS","NR5G Pdsch TxType","NR5G Pdsch BWP ID","NR5G Pdsch TB Size/s"
0,0,0,0,0,0,0,0,0,0,0,0,0,0,0,0,0,0,0,0,FA4919EA,EC624327,E97D2DB1,9581D094,84B5E45B,73EA1822,B7198906,421ADD10,63B29582,52E6A949,A6E20666,A64DBCCD,747E61BB,B9FEBE7C,6603415F,314EF0D7,96163A2D,F5A6C7A9,49A224C7,8013B21A,45945C1F,34C86FE6,9866E60A,CACA8AB5,854A4DF4,DB9676EE,4ED8C0A1,3E0CF468,70709913,5FA4ACDA,FEEB4C2B,EE1F7FF2,FB73865,BBBBDB47,DD5393B9,280A6C55,5A6E1100,E3B2283E,8FB6CB21,7EEAFEE8,B14E8393,F88BFD1F,264CB3B,F198FF01,813C654C,B3A009F7,A2D43DBE,88C3CD03,77F7E0CA,AA5B8575,A932D243,998FB93C,5F104341,4E447708,80A81BB3,6FDC2F7A,EA11974A,23FC83AD,1330B774,D945AB11,5B027A99,8D661F44,7C9A330B,289ED5EE,17D2E9B5,B7ADF29F,C879DED8,1C753BF6,1BE0D25D,6BCE46D2,3D788ACF,2CACBE96,D8B14178,C30BB7F8,FD2E2F60,9D6616DE,455CD119,3490E4E0,C7E5753F,5E7BF9A8,BF355A56,AE696E1D,41867377,C34322FE,6F47C5E1,D0959028,BFC9A3EF,52525FB0,9E31EB7D,AEFDD7B6,2F934D4,B14E624,A1AB6A8C,D40F0F37,CBBBD2E1,DFA1B9A,DC87BF1A,173E801C,4A368E60,396AA227,E56F4509,D4A378D0,7071D7C,F63B3142,A23FD425,9173E7EC,C3D78C97,B30BA05E,788C4A63,8958369C,2490ED46,4628A5B8,D001268F,7C05C972,6B39FD39,9D9D81E4,8CD1B5AB,1F5A516C,E8E6533,40F209DE,30263DA5,DC2AC087,5DE4A4A,F5127E10,277602BC,16AA3683,C2AED965,B1E2ED2C,E44691D7,D37AA59E,A54A5D28,947E70EF,C6E2159A,B6162961,621ACC44,514EE00B,954A458E,847E7955,B6E21E00,A61631C7,521AD4AA,414EE871,73B28D1C,62E6A0E3,EEB43C6,FE1F778C,30831C38,1FB72FFF,BAEFE6A8,ED538B53,A208491F,913C7CE6,7BCE5E6C,6B027233,8C9A2AA5,389ECD88,27D2E14F,5A3685FA,496AB9C1,F56F5CA3,E4A3706A,17071516,63B28DD,B23FCBBF,A173FF86,D3D78431,888C41FD,5628BD52,
20260725 15:37:15.853,24.830778,102.844256,23.54,1936,3,1,0.00,0.00,,,,,,,1,SA,460,00,中国移动,4456485,6453981196,1575679,12,Normal,-,1,41,100,100,504990,-,872,513000,513000,30kHz,503172,1099,-,ms20,Connected,SA,-0.7,4,6,-60,103,-80.7,-12.1,0.1,1,Not Barred,6,6312,-40.1,504990,872,-83.7;-89.2;-98.5;-87.2,-,1.4;1.3;255;255,4.8;0.6;255;255,-40.1;-51.5,1;6;7;2;6;0;1;0;3,475;476;8;742;664;944;872;872;665,-88.6;-105.5;-97.9;-119.4;-97.9;-90;-80.6;-92.3;-107.9,-18.5;-17.5;-13.2;-28.6;-11.7;-12.9;-12.1;-15.2;-18.7,255;255;255;255;255;255;255;255;255,1;0;0;0;0;0;0;0,504990;504990;504990;504990;504990;504990;504990;504990,872;475;944;8;664;476;742;665,1;1;0;7;6;6;2;3,-,2;1;1;1;1;1;1;1,-80.7;-89.1;-89.8;-97.9;-100;-105.4;-107;-107.9,-12.1;-13.9;-13.8;-13.6;-12.4;-17.8;-20.6;-18.7,0.1;255;255;255;255;255;255;255,1.7,9,0,QPSK,-,91.4,8.6,0,0,0.00,0.00,0.00,0.00,0,2,Rank 1,18,644,34,66,-,66,9,18.8,30,30,64QAM,0,SMSL,0.8,0,76.6,0.00,0.00,0.10,0.58,Rank 1,4,497,188,-,2 x 2,HandOver,55997,Free,17,FORMAT_0,256,57,Success,55997,2,-,13,5,7,-,188,-,2,32,-,-,-,-,-,-,-,-,-,-,-,-,-,Registered,Normal Service,9,269,18,4DF32676,1011,18,30kHz,421,-,4,1,-,-,New trans.,0,0,256QAM,139,1,55997,1009,3,0,0,Pass,0,QPSK,1,16,2,0,15,30kHz,Re trans.,-,4489,
20260725 15:37:16.863,24.830754,102.844194,25.24,1936,3,1,0.00,0.00,,,,,,,1,SA,460,00,中国移动,4456485,6679580732,1630757,60,Normal,-,1,41,100,100,504990,-,872,513000,513000,30kHz,503172,1099,-,ms20,Connected,SA,-0.7,4,6,-60,111,-87.2,-13.5,-3.6,1,Not Barred,6,6312,-50,504990,872,-87.8;-156;-110.7;-96.3,-,-2.8;-17.1;-18.1;-13.4,6.8;-9.3;-0.9;2.1,-50;-51.4;-68;-50.5,1;6;7;4;5;1;1;0,475;476;8;742;664;944;872;872,-88.9;-113.5;-96.4;-95.2;-101.1;-88.6;-89.1;-87.3,-14.6;-21.5;-12.8;-13.6;-16.6;-13.7;-15.3;-12.8,255;255;255;255;255;255;255;255,1;0;0;0;0;0;0,504990;504990;504990;504990;504990;504990;504990,872;944;475;742;8;664;476,1;1;1;4;7;5;6,-,2;1;1;1;1;1;1,-87.2;-88.6;-90.5;-93.1;-96.1;-102.4;-102.8,-13.5;-13.7;-12.8;-12.1;-15.2;-15.3;-18,-3.6;255;255;255;255;255;255,1.7,9,0,QPSK,-,91.4,8.6,0,0,0.00,0.00,0.03,0.03,0,2,Rank 1,18,644,4,69,-,69,12,15.4,31,12,64QAM,0,SMSL,0,2.2,84.4,0.00,0.00,0.03,0.50,Rank 1,4,360,60,-,4 x 4,HandOver,55997,Free,17,FORMAT_0,256,57,Success,55997,2,-,12,18,7,-,60,-,2,4,-,-,-,-,-,-,-,-,-,-,-,-,-,Registered,Normal Service,9,269,18,4DF32676,64,8,30kHz,185,-,4,1,-,-,New trans.,0,0,16QAM,139,1,55997,59,3,0,0,Pass,0,QPSK,0,16,1,0,15,30kHz,Re trans.,-,4489,
20260725 15:37:17.874,24.830736,102.844124,26.50,1936,3,1,0.00,0.00,,,,,,,1,SA,460,00,中国移动,4456485,6679580732,1630757,60,Normal,-,1,41,100,100,504990,-,872,513000,513000,30kHz,503172,1099,-,ms20,Connected,SA,-0.7,4,6,-60,113,-92.8,-14.8,1,0,Not Barred,6,6312,-49.4,504990,872,-95.5;-97.6;-114.9;-91.4,-,-0.3;-13.2;0.4;0.3,3.1;-4.6;2.4;6.7,-56.3;-49.4;-77.8;-55.3,1;4;7;3;5;0;0;1,475;476;8;742;664;944;872;872,-88.7;-113.4;-101.6;-100.9;-106.1;-98.9;-93.7;-93.6,-11.7;-20.6;-14.1;-12.2;-16.5;-18.3;-14.7;-15.9,255;255;255;255;255;255;255;255,1;0;0;0;0;0;0,504990;504990;504990;504990;504990;504990;504990,872;475;944;742;8;664;476,0;1;0;3;7;5;4,-,2;1;1;1;1;1;1,-92.8;-90.6;-97.9;-101.7;-101.9;-106.8;-107.2,-14.8;-11.7;-18.4;-14.2;-14.6;-16.8;-17.9,1;255;255;255;255;255;255,0.3,2,0,QPSK,-,100,0,0,0,0.00,0.00,0.00,0.00,0,1,Rank 1,16,112,3,14,-,14,12,8.2,11,7,16QAM,0,SMSL,0,92.3,7.7,0.00,0.00,0.03,0.20,Rank 1,4,92,37,-,4 x 4,HandOver,55997,Free,17,FORMAT_0,256,57,Success,55997,2,-,15,26,7,-,37,-,2,3,-,-,-,-,-,-,-,-,-,-,-,-,-,Registered,Normal Service,9,269,18,4DF32676,150,8,30kHz,141,-,4,1,-,-,New trans.,0,0,16QAM,135,1,55997,171,10,0,4,Pass,0,QPSK,0,20,1,0,0,30kHz,Re trans.,-,520,
20260725 15:37:18.885,24.830714,102.844053,27.29,1936,3,1,0.00,0.00,,,,,,,1,SA,460,00,中国移动,4456484,6679580732,1630757,60,Normal,-,1,41,100,100,504990,-,475,513000,513000,30kHz,503172,1099,-,ms20,Connected,SA,-0.7,1,0,-60,107,-91.5,-12.8,-0.3,1,Not Barred,6,6312,-51.1,504990,475,-90.1;-92.1;-124.4;-87.6,-,-2;4.5;-2.9;8.8,10.7;10.2;-14.5;11.4,-52;-51.1;-82.4;-53.5,1;0;2;5;6;7;3;5;1;1,475;475;475;475;476;8;742;664;944;872,-90.4;-91.8;-96.3;-98.7;-105.8;-92.4;-92.8;-105.6;-98.1;-92.8,-12.5;-13.4;-12.2;-12.5;-18.2;-11;-11;-18.6;-19.5;-14.7,255;255;255;255;255;255;255;255;255;255,1;0;0;0;0;0;0,504990;504990;504990;504990;504990;504990;504990,475;872;8;742;944;664;476,1;1;7;3;1;5;6,-,4;1;1;1;1;1;1,-91.5;-92.2;-92.8;-94.1;-98.6;-105.9;-106,-12.8;-14.7;-12;-11.8;-19.2;-19.4;-19,-0.3;255;255;255;255;255;255,0.3,2,0,QPSK,-,100,0,0,0,0.00,0.00,0.00,0.00,21.4,1,Rank 1,16,112,29,269,-,269,8,21.4,31,31,256QAM,0,SMDL,3.1,1,28.9,0.00,0.00,0.00,0.03,Rank 2,5,431,94,-,4 x 4,HandOver,27578,Free,17,FORMAT_0,249,127,Success,27578,5,-,19,8,4,-,94,-,3,26,-,-,-,-,-,-,-,-,-,-,-,-,-,Registered,Normal Service,9,269,18,B83D5D3A,248,18,30kHz,960,-,5,1,-,-,New trans.,0,0,256QAM,159,1,27578,258,11,0,2,Pass,0,QPSK,2,48,1,0,0,30kHz,Re trans.,-,520,
20260725 15:37:19.897,24.830693,102.843985,27.00,1936,3,1,0.00,0.00,,,,,,,1,SA,460,00,中国移动,4456484,6679580732,1630757,60,Normal,-,1,41,100,100,504990,-,475,513000,513000,30kHz,503172,1099,-,ms20,Connected,SA,-0.7,-2,0,-60,107,-88.3,-13.4,2.2,1,Not Barred,6,6312,-47.9,504990,475,-92.4;-83.7;-99.8;-92,-,2;-0.4;-5.6;-6,8.9;10.6;7.6;8.5,-55.4;-52.4;-63.6;-47.9,1;0;2;5;4;0;2;5;1;1;4,475;475;475;475;476;8;742;664;944;872;665,-87;-88.9;-91.9;-94.3;-115.1;-87.1;-90.6;-105.2;-89.4;-124.7;-114.5,-13.2;-13.8;-14.2;-12.9;-24;-13.3;-12.6;-17.4;-14.5;-31.8;-25.9,255;255;255;255;255;255;255;255;255;255;255,1;0;0;0;0;0;0;0,504990;504990;504990;504990;504990;504990;504990;504990,475;8;944;742;872;476;664;665,1;0;1;2;1;4;5;4,-,4;1;1;1;1;1;1;1,-88.3;-86.9;-89.4;-90.4;-99.1;-102.5;-105.7;-114.5,-13.4;-11.9;-14.5;-11.8;-18.7;-18.3;-19.1;-25.9,2.2;255;255;255;255;255;255;255,7,28,0,QPSK,-,100,0,0,0,0.00,0.00,0.02,0.03,14.3,1,Rank 2,31,936,7,69,-,69,10,19.4,31,18,64QAM,0,SMDL,0,0,64.9,0.00,0.00,0.15,0.60,Rank 2,5,385,76,-,4 x 4,HandOver,27578,Free,17,FORMAT_0,249,127,Success,27578,5,-,22,8,4,-,76,-,2,5,-,-,-,-,-,-,-,-,-,-,-,-,-,Registered,Normal Service,9,269,18,B83D5D3A,354,8,30kHz,864,-,5,1,-,-,New trans.,0,0,64QAM,128,1,27578,349,3,0,0,Pass,0,QPSK,0,16,1,0,15,30kHz,Re trans.,-,3573,
20260725 15:37:20.911,24.830664,102.843914,29.16,1935,3,1,0.00,0.00,,,,,,,1,SA,460,00,中国移动,4456484,6453981196,1575679,12,Normal,-,1,41,100,100,504990,-,8,513000,513000,30kHz,503172,1099,-,ms20,Connected,SA,-0.7,2,2,-60,95,-76.1,-10.5,28.3,7,Not Barred,6,6312,-34.9,504990,8,-83.3;-74.4;-82.6;-76.4,-,13.6;20.6;12.5;26.6,10.3;16;12.2;19.6,-46.6;-44.6;-41.9;-34.9,1;6;7;0;6;1;3;4;1;4,475;476;8;8;8;8;742;664;944;665,-88.8;-95.7;-75.3;-77.1;-86.2;-86.2;-87.9;-104.5;-88.8;-99.2,-15.6;-20.6;-10.4;-10.6;-11.1;-12.5;-11.6;-21.2;-15.5;-17.6,255;255;255;255;255;255;255;255;255;255,1;0;0;0;0;0;0,504990;504990;504990;504990;504990;504990;504990,8;742;944;475;476;665;664,7;3;1;1;6;4;4,-,4;1;1;1;1;1;1,-76.1;-88.4;-88.8;-89.9;-95.5;-99.2;-101.8,-10.5;-11.9;-15.5;-15.8;-20.6;-17.6;-20.1,28.3;255;255;255;255;255;255,6.7,28,0,QPSK,-,100,0,0,0,0.00,0.00,0.01,0.01,10,1,Rank 1,20,180,10,69,-,69,9,22.6,31,31,256QAM,0,SMDL,2.3,0,19.8,0.00,0.00,0.15,0.52,Rank 2,4,408,65,-,4 x 4,HandOver,44489,Free,17,FORMAT_0,726,57,Success,44489,10,-,13,-2,5,-,65,-,1,9,-,-,-,-,-,-,-,-,-,-,-,-,-,Registered,Normal Service,9,269,18,B83D5D3A,493,19,30kHz,768,-,4,1,-,-,New trans.,0,0,256QAM,119,1,44489,466,3,0,0,Pass,1,QPSK,0,16,1,0,15,30kHz,Re trans.,-,787,
20260725 15:37:21.920,24.830634,102.843850,26.82,1936,3,1,0.00,0.00,,,,,,,1,SA,460,00,中国移动,4456484,6453981196,1575679,12,Normal,-,1,41,100,100,504990,-,8,513000,513000,30kHz,503172,1099,-,ms20,Connected,SA,-0.7,1,2,-60,86,-68,-10.4,26.3,7,Not Barred,6,6312,-34.5,504990,8,-72;-68.5;-71.8;-95.6,-,22.2;25.5;255;255,23;25.5;255;255,-34.5;-42.1,2;6;7;0;6;1;3;5;1;3,475;476;8;8;8;8;742;664;944;665,-139.3;-87.3;-67.7;-68.2;-76.9;-77.3;-83.7;-136.7;-137.2;-108,-36.9;-20.5;-10.3;-10.4;-10.5;-10.9;-13;-35.8;-36.4;-26.9,255;255;255;255;255;255;255;255;255;255,1;0;0;0;0;0;0,504990;504990;504990;504990;504990;504990;504990,8;742;476;665;475;664;944,7;3;6;3;2;5;1,-,4;1;1;1;1;1;1,-68;-85.2;-87.3;-95.9;-133.1;-136.7;-137.2,-10.4;-14.2;-20.5;-21.4;-34.7;-35.8;-36.4,26.3;255;255;255;255;255;255,4.1,28,0,QPSK,-,100,0,0,0,0.00,0.00,0.01,0.01,13.3,1,Rank 1,22,468,15,69,-,69,8,20.8,31,16,64QAM,0,SMDL,0,0,65.1,0.00,0.00,0.06,0.60,Rank 2,4,610,141,-,4 x 4,HandOver,44489,Free,17,FORMAT_0,726,57,Success,44489,10,-,10,-6,5,-,141,-,2,13,-,-,-,-,-,-,-,-,-,-,-,-,-,Registered,Normal Service,9,269,18,B83D5D3A,583,19,30kHz,848,-,4,1,-,-,New trans.,0,0,256QAM,239,1,44489,558,3,0,0,Pass,0,QPSK,0,16,1,0,15,30kHz,Re trans.,-,3179,
20260725 15:37:22.931,24.830604,102.843781,27.36,1936,3,1,0.00,0.00,,,,,,,1,SA,460,00,中国移动,4456484,6677397517,1630224,13,Normal,-,1,41,100,100,504990,-,8,513000,513000,30kHz,503172,1099,-,ms20,Connected,SA,-0.7,1,2,-60,103,-83.2,-11.2,5.7,7,Not Barred,6,6312,-43.5,504990,8,-94.3;-95.3;-94.9;-100.8,-,9.1;-9.6;255;255,16.8;8.9;255;255,-43.5;-59.8,1;6;7;0;1;6;3;5;1,475;476;8;8;8;8;742;664;741,-91;-139.7;-83.6;-82.8;-101.7;-99.6;-83.2;-100.1;-100.6,-14.1;-36.2;-11;-11.4;-21.1;-18.2;-10.7;-15.7;-14.9,255;255;255;255;255;255;255;255;255,1;0;0;0;0;0,504990;504990;504990;504990;504990;504990,8;742;475;741;664;476,7;3;1;1;5;6,-,4;1;1;1;1;1,-83.2;-84.7;-92.3;-100.6;-100.9;-139.7,-11.2;-11.1;-15.8;-14.9;-16.3;-36.2,5.7;255;255;255;255;255,4.1,28,0,QPSK,-,100,0,0,0,0.00,0.00,0.01,0.01,0,1,Rank 1,22,468,4,69,-,69,9,18.6,31,17,64QAM,0,SMDL,0,0,87.2,0.00,0.00,0.21,0.82,Rank 2,4,468,107,-,2 x 2,HandOver,44489,Free,17,FORMAT_0,726,57,Success,44489,10,-,22,11,5,-,107,-,2,4,-,-,-,-,-,-,-,-,-,-,-,-,-,Registered,Normal Service,9,269,18,B83D5D3A,686,18,30kHz,656,-,4,1,-,-,-,0,0,64QAM,239,1,44489,647,13,0,0,Pass,1,QPSK,0,16,1,0,15,30kHz,Re trans.,-,3179,
20260725 15:37:23.938,24.830578,102.843711,27.76,1935,3,1,0.00,0.00,,,,,,,1,SA,460,00,中国移动,4456484,6677397517,1630224,13,Normal,-,1,41,100,100,504990,-,8,513000,513000,30kHz,503172,1099,-,ms20,Connected,SA,-0.7,0,2,-60,108,-88.1,-12.8,6.2,7,Not Barred,6,6312,-46.3,504990,8,-96.6;-98.2;-96.5;-99.2,-,-0.3;-12.5;255;255,11;7.6;255;255,-46.3;-57,1;5;7;0;6;3;5;1;1,475;741;8;8;8;742;664;873;944,-88;-97.8;-87.6;-88.3;-101.7;-85.1;-97.5;-84.7;-111.5,-14.3;-17;-11.8;-13.9;-18.8;-10.9;-15.5;-11.9;-27.2,255;255;255;255;255;255;255;255;255,1;0;0;0;0;0;0,504990;504990;504990;504990;504990;504990;504990,8;742;873;475;664;741;944,7;3;1;1;5;5;1,-,3;1;1;1;1;1;1,-88.1;-85;-85.7;-88.5;-97.7;-104.8;-111.5,-12.8;-11.1;-12.5;-14.8;-16.2;-22;-27.2,6.2;255;255;255;255;255;255,0,0,0,QPSK,-,100,0,0,0,0.00,0.00,0.00,0.00,0,2,Rank 1,16,80,6,69,-,69,8,13,30,12,64QAM,0,SMDL,0,5.5,94.5,0.00,0.00,0.08,0.58,Rank 2,5,822,174,-,2 x 2,HandOver,44489,Free,17,FORMAT_0,726,57,Success,44489,10,-,22,22,5,-,174,-,2,6,-,-,-,-,-,-,-,-,-,-,-,-,-,Registered,Normal Service,9,269,18,B83D5D3A,788,8,30kHz,752,-,5,1,-,-,New trans.,0,0,64QAM,215,1,44489,755,14,0,0,Pass,0,QPSK,0,16,1,0,15,30kHz,Re trans.,-,318,
20260725 15:37:24.944,24.830559,102.843635,29.05,1935,3,1,0.00,0.00,,,,,,,1,SA,460,00,中国移动,4456485,6677397517,1630224,13,Normal,-,1,41,100,100,504990,-,873,513000,513000,30kHz,503172,1099,-,ms20,Connected,SA,-0.7,2,5,-60,101,-84.3,-12,5.1,0,Not Barred,6,6312,-43.3,504990,873,-79.7;-92.5;-100.5;-91.3,-,13.5;6.1;255;255,25.6;20.4;255;255,-43.3;-52,1;7;7;4;5;0;1;1,475;741;8;742;664;873;873;944,-90;-99.8;-92.8;-87.3;-95.9;-83.7;-87.1;-90.5,-16.3;-16.8;-13;-11.1;-14.7;-11.6;-13.6;-18.1,255;255;255;255;255;255;255;255,1;0;0;0;0;0;0,504990;504990;504990;504990;504990;504990;504990,873;742;944;475;8;664;741,0;4;1;1;7;5;7,-,2;1;1;1;1;1;1,-84.3;-85.4;-90.5;-91.9;-94.2;-95.9;-100.3,-12;-10.9;-18.1;-17.3;-15;-14.7;-17.2,5.1;255;255;255;255;255;255,0.8,4,0,QPSK,-,100,0,0,0,0.00,0.00,0.00,0.00,0,2,Rank 1,18,500,28,141,-,141,9,19.2,31,21,256QAM,0,SMSL,0.3,13,40.3,0.00,0.00,0.08,0.70,Rank 1,4,1615,266,-,2 x 2,HandOver,55294,Free,17,FORMAT_0,709,57,Success,55294,1,-,9,21,0,-,266,-,6,22,-,-,-,-,-,-,-,-,-,-,-,-,-,Registered,Normal Service,9,269,18,32808B95,891,19,30kHz,261,-,4,1,-,-,New trans.,0,1,64QAM,143,1,55294,887,4,0,0,Pass,0,QPSK,28,32,2,0,15,30kHz,New trans.,-,3394,
20260725 15:37:25.955,24.830540,102.843560,27.90,1935,3,1,0.00,0.00,,,,,,,1,SA,460,00,中国移动,4456485,6677397517,1630224,13,Normal,-,1,41,100,100,504990,-,873,513000,513000,30kHz,503172,1099,-,ms20,Connected,SA,-0.7,2,5,-60,106,-83.9,-12.4,-5.6,0,Not Barred,6,6312,-50.5,504990,873,-95.1;-102.2;-99.5;-95.9,-,0.3;-4.9;255;255,18;13.9;255;255,-50.5;-57.3,1;1;7;2;5;0;1;1,475;741;8;742;664;873;873;944,-89.6;-95.7;-90.1;-84.7;-93.3;-84.3;-86.4;-89.6,-16.4;-20;-13.4;-11.2;-12.9;-12.3;-13.7;-17.6,255;255;255;255;255;255;255;255,1;0;0;0;0;0;0,504990;504990;504990;504990;504990;504990;504990,873;742;944;8;475;664;741,0;2;1;7;1;5;1,-,2;1;1;1;1;1;1,-83.9;-84;-89.6;-90.5;-90.9;-94.1;-96.5,-12.4;-10.9;-17.6;-14.3;-17.2;-13.9;-18.7,-5.6;255;255;255;255;255;255,3.9,28,0,QPSK,-,93.3,3.3,3.3,0,0.06,0.06,0.03,0.03,12,1,Rank 1,19,596,24,69,-,69,9,15.6,31,15,64QAM,0,SMSL,0,2.9,88.2,0.00,0.00,0.16,1.81,Rank 1,4,1204,291,-,2 x 2,HandOver,55294,Free,17,FORMAT_0,709,57,Success,55294,1,-,17,10,0,-,291,-,1,23,-,-,-,-,-,-,-,-,-,-,-,-,-,Registered,Normal Service,9,269,18,32808B95,1000,18,30kHz,285,-,4,1,-,-,New trans.,0,0,64QAM,143,1,55294,991,13,0,0,Pass,0,QPSK,0,16,1,0,15,30kHz,Re trans.,-,12458,
20260725 15:37:26.961,24.830518,102.843482,28.80,1935,3,1,0.00,0.00,,,,,,,1,SA,460,00,中国移动,4456484,6679580733,1630757,61,Normal,-,1,41,100,100,504990,-,742,513000,513000,30kHz,503172,1099,-,ms20,Connected,SA,-0.7,3,3,-58,98,-80,-10.5,24.3,3,Not Barred,6,6312,-38.9,504990,742,-78.8;-83.6;-87.3;-70.9,-,19.9;14.9;255;255,11.5;9.7;255;255,-39.3;-53.1;-51.4;-38.9,1;1;7;3;2;6;1;5;0;1;1,475;741;8;742;742;742;742;664;873;944;834,-92.3;-100;-101.5;-79.6;-86.6;-93.2;-92.6;-89.2;-90.1;-122.3;-97,-16.1;-20;-17.9;-10.5;-11.1;-11.9;-14.9;-11.7;-13.4;-29;-18.6,255;255;255;255;255;255;255;255;255;255;255,1;0;0;0;0;0;0;0,504990;504990;504990;504990;504990;504990;504990;504990,742;475;664;873;834;741;8;944,3;1;5;0;1;1;7;1,-,4;1;1;1;1;1;1;1,-80;-88.7;-89.3;-90.2;-97.7;-98.9;-101.1;-122.3,-10.5;-13.9;-11.7;-13.6;-18.3;-18.7;-18.4;-29,24.3;255;255;255;255;255;255;255,4.8,29,0,QPSK,-,78.7,21.3,0,0,0.00,0.00,0.09,0.10,9.5,1,Rank 1,21,1028,44,63,-,63,10,18.5,31,25,256QAM,0,SMDL,3.3,17.1,27.8,0.07,0.07,0.22,0.68,Rank 2,4,1354,228,-,4 x 4,HandOver,15248,Free,17,FORMAT_0,262,57,Success,15248,4,-,6,2,-3,-,228,-,2,42,-,-,-,-,-,-,-,-,-,-,-,-,-,Registered,Normal Service,9,269,18,D4A654C1,74,9,30kHz,920,-,4,1,-,-,New trans.,0,1,256QAM,187,1,15248,69,13,0,0,Pass,0,QPSK,0,16,1,0,15,30kHz,Re trans.,-,19609,
20260725 15:37:27.975,24.830493,102.843416,26.86,1935,3,1,0.00,0.00,,,,,,,1,SA,460,00,中国移动,4456484,6679580733,1630757,61,Normal,-,1,41,100,100,504990,-,742,513000,513000,30kHz,503172,1099,-,ms20,Connected,SA,-0.7,3,3,-58,96,-80,-11.1,14,3,Not Barred,6,6312,-45.5,504990,742,-83.2;-79.6;-118.4;-92.4,-,23;13.6;255;255,9.1;6.2;255;255,-49.4;-45.5,1;7;0;3;2;5;1;5;0;0;4,475;741;8;742;742;742;742;664;873;834;743,-87.8;-90;-99.9;-79.6;-83.5;-105.5;-90.4;-80.9;-96.7;-91.9;-110.6,-13.3;-13.5;-22.5;-10.8;-11.7;-22.4;-16.1;-11.1;-19.2;-15.6;-23.4,255;255;255;255;255;255;255;255;255;255;255,1;0;0;0;0;0;0;0,504990;504990;504990;504990;504990;504990;504990;504990,742;664;475;741;834;873;8;743,3;5;1;7;0;0;0;4,-,4;1;1;1;1;1;1;1,-80;-80.9;-89.2;-90.7;-93;-96.8;-99.9;-110.6,-11.1;-11.1;-14.8;-14.8;-16.9;-19.2;-22.4;-23.4,14;255;255;255;255;255;255;255,7.1,28,0,QPSK,-,100,0,0,0,0.00,0.00,0.14,0.15,25,1,Rank 1,20,160,10,63,-,63,7,25.1,31,25,256QAM,0,SMDL,0,0,0,0.01,0.07,0.02,1.23,Rank 2,4,768,250,-,2 x 2,HandOver,15248,Free,17,FORMAT_0,262,57,Success,15248,4,-,5,1,-3,-,250,-,2,10,-,-,-,-,-,-,-,-,-,-,-,-,-,Registered,Normal Service,9,269,18,D4A654C1,178,8,30kHz,944,-,4,1,-,-,New trans.,0,0,256QAM,188,0,15248,159,14,0,0,Pass,0,QPSK,0,16,1,0,15,30kHz,Re trans.,-,684,
20260725 15:37:28.987,24.830464,102.843356,25.24,1935,3,1,0.00,0.00,,,,,,,1,SA,460,00,中国移动,4456484,6443507723,1573122,11,Normal,-,1,41,100,100,504990,-,742,513000,513000,30kHz,503172,1099,-,ms20,Connected,SA,-0.7,4,3,-58,92,-71.1,-10.5,11.1,3,Not Barred,6,6312,-40.8,504990,742,-76.8;-78.6;-116.2;-80.9,-,12;13.4;255;255,6;-3.4;255;255,-40.8;-43.4,2;1;0;3;2;4;5;5;0;0,475;741;8;742;742;742;742;664;873;834,-87.7;-90.5;-130.1;-69.9;-74.2;-79.7;-83.2;-74.5;-122.7;-109.4,-21.3;-19.1;-33.8;-10.5;-10.6;-11.4;-16.7;-11.1;-31.6;-25.6,255;255;255;255;255;255;255;255;255;255,1;0;0;0;0;0;0,504990;504990;504990;504990;504990;504990;504990,742;664;741;475;834;873;8,3;5;1;2;0;0;0,-,4;1;1;1;1;1;1,-71.1;-74.5;-87.6;-88;-95;-122.7;-129.5,-10.5;-11.1;-15.5;-21.1;-20.4;-31.6;-33.5,11.1;255;255;255;255;255;255,7.1,28,0,QPSK,-,100,0,0,0,0.00,0.00,0.01,0.01,28.6,1,Rank 1,20,160,7,63,-,63,10,23.1,31,23,256QAM,0,SMDL,0,0,7.2,0.01,0.03,0.36,1.38,Rank 2,4,884,222,-,4 x 4,HandOver,15248,Free,17,FORMAT_0,262,57,Success,15248,4,-,7,-2,-3,-,222,-,2,7,-,-,-,-,-,-,-,-,-,-,-,-,-,Registered,Normal Service,9,269,18,D4A654C1,278,18,30kHz,848,-,4,1,-,-,New trans.,0,0,256QAM,147,1,15248,257,3,0,0,Pass,1,QPSK,0,16,1,0,15,30kHz,Re trans.,-,684,
20260725 15:37:29.994,24.830440,102.843295,23.65,1935,3,1,0.00,0.00,,,,,,,1,SA,460,00,中国移动,4456484,6443507723,1573122,11,Normal,-,1,41,100,100,504990,-,742,513000,513000,30kHz,503172,1099,-,ms20,Connected,SA,-0.7,4,3,-58,90,-71.4,-10.5,22.6,3,Not Barred,6,6312,-36.3,504990,742,-67.5;-77.5;-116.9;-73.4,-,9.8;14.1;6;13.2,6.8;-0;-3;3.1,-36.3;-45.4;-78.6;-46.5,2;1;1;3;2;1;4;5;0;0;4,475;741;834;742;742;742;742;664;665;8;743,-106.4;-107.2;-83.5;-70.7;-78;-83.4;-82.6;-73;-97.9;-106.2;-149.4,-26.8;-25.4;-15;-10.5;-10.9;-14.3;-11.8;-10.8;-21.3;-24.5;-40.3,255;255;255;255;255;255;255;255;255;255;255,1;0;0;0;0;0;0;0,504990;504990;504990;504990;504990;504990;504990;504990,742;664;834;741;665;8;475;743,3;5;1;1;0;0;2;4,-,4;1;1;1;1;1;1;1,-71.4;-73;-90.2;-94.7;-98.4;-104.5;-106.4;-149.4,-10.5;-10.8;-17.8;-18.5;-21.2;-23.9;-26.8;-40.3,22.6;255;255;255;255;255;255;255,7,28,0,QPSK,-,100,0,0,0,0.00,0.00,0.00,0.00,0,1,Rank 2,20,164,3,57,-,57,12,24.3,31,25,256QAM,0,SMDL,0,0,1.6,0.00,0.00,0.08,1.47,Rank 2,4,496,139,-,4 x 4,HandOver,15248,Free,17,FORMAT_0,262,57,Success,15248,4,-,8,-1,-3,-,139,-,1,2,-,-,-,-,-,-,-,-,-,-,-,-,-,Registered,Normal Service,9,269,18,D4A654C1,382,18,30kHz,848,-,4,1,-,-,New trans.,0,0,256QAM,188,1,15248,370,4,0,0,Pass,1,QPSK,28,32,3,0,15,30kHz,New trans.,-,494,
20260725 15:37:31.002,24.830414,102.843237,22.18,1935,3,1,0.00,0.00,,,,,,,1,SA,460,00,中国移动,4456484,6443507723,1573122,11,Normal,-,1,41,100,100,504990,-,742,513000,513000,30kHz,503172,1099,-,ms20,Connected,SA,-0.7,4,3,-58,80,-62.1,-10.4,20.2,3,Not Barred,6,6312,-27.4,504990,742,-61.1;-65;-107.8;-72,-,14.3;21.1;2.5;14.3,17.6;9.5;255;255,-27.4;-30.8,2;1;0;3;2;4;6;5;0,475;741;834;742;742;742;742;664;8,-113.9;-84.4;-121.6;-62;-71.7;-75.2;-77.5;-74.4;-149.3,-31.2;-17;-31.5;-10.4;-10.7;-10.9;-11;-11.2;-40.6,255;255;255;255;255;255;255;255;255,1;0;0;0;0;0,504990;504990;504990;504990;504990;504990,742;664;741;475;834;8,3;5;1;2;0;0,-,4;1;1;1;1;1,-62.1;-74.4;-85.2;-113.9;-116.5;-149.3,-10.4;-11.2;-17.5;-31.2;-29.8;-40.6,20.2;255;255;255;255;255,8.3,28,0,QPSK,-,100,0,0,0,0.00,0.00,0.00,0.00,33.3,1,Rank 1,21,148,5,63,-,63,8,22.2,31,22,256QAM,0,SMDL,0,0,13,0.00,0.00,0.10,0.88,Rank 2,4,524,115,-,2 x 2,HandOver,15248,Free,17,FORMAT_0,262,57,Success,15248,4,-,4,-6,-3,-,115,-,1,4,-,-,-,-,-,-,-,-,-,-,-,-,-,Registered,Normal Service,9,269,18,D4A654C1,473,18,30kHz,944,-,4,1,-,-,New trans.,0,0,256QAM,144,0,15248,473,3,0,0,Pass,1,QPSK,0,16,1,0,15,30kHz,Re trans.,-,374,
20260725 15:37:32.013,24.830394,102.843181,21.06,1935,3,1,0.00,0.00,,,,,,,1,SA,460,00,中国移动,4456484,6443507723,1573122,11,Normal,-,1,41,100,100,504990,-,742,513000,513000,30kHz,503172,1099,-,ms20,Connected,SA,-0.7,4,3,-58,84,-66.7,-10.5,20.5,3,Not Barred,6,6312,-27.5,504990,742,-62.1;-71.2;-111;-67.9,-,23.3;20.4;255;255,13;5.9;255;255,-27.5;-36,1;5;5;3;2;4;1,475;741;664;742;742;742;742,-140;-99.9;-64.7;-66.5;-75.4;-77.9;-81.7,-37.4;-25.1;-10.5;-10.4;-10.9;-11;-12.4,255;255;255;255;255;255;255,1;0;0;0,504990;504990;504990;504990,742;664;741;475,3;5;5;1,-,4;1;1;1,-66.7;-64.7;-89.2;-130,-10.5;-10.5;-18.5;-34.6,20.5;255;255;255,8.3,28,0,QPSK,-,100,0,0,0,0.00,0.00,0.00,0.00,0,1,Rank 1,21,148,2,63,-,63,10,22.5,31,22,256QAM,0,SMDL,0,0,1.5,0.00,0.00,0.08,0.83,Rank 2,4,272,96,-,2 x 2,HandOver,15248,Free,17,FORMAT_0,262,57,Success,15248,4,-,7,-4,-3,-,96,-,1,2,-,-,-,-,-,-,-,-,-,-,-,-,-,Registered,Normal Service,9,269,18,D4A654C1,578,8,30kHz,944,-,4,1,-,-,New trans.,0,0,256QAM,143,1,15248,553,3,0,0,Pass,0,QPSK,0,16,1,0,15,30kHz,Re trans.,-,374,
20260725 15:37:33.020,24.830377,102.843131,18.22,1935,3,1,0.00,0.00,,,,,,,1,SA,460,00,中国移动,4456484,6443507723,1573122,11,Normal,-,1,41,100,100,504990,-,742,513000,513000,30kHz,503172,1099,-,ms20,Connected,SA,-0.7,5,0,-58,80,-62,-10.4,18.5,3,Not Barred,6,6312,-24.5,504990,742,-63.1;-65;-102.3;-68,-,12.1;13.9;18.5;13.3,16.9;12.9;255;255,-24.5;-25,3;2;4;6;1;5;1,742;742;742;742;741;664;743,-62;-74.7;-75.2;-77.2;-85.4;-72.5;-137.8,-10.4;-11.1;-11.3;-11;-15.9;-10.8;-36.8,255;255;255;255;255;255;255,1;0;0;0,504990;504990;504990;504990,742;664;741;743,3;5;1;1,-,4;1;1;1,-62;-72.9;-85.5;-136.5,-10.4;-11;-14.8;-36.4,18.5;255;255;255,1,2,2,QPSK,-,100,0,0,0,0.00,0.00,0.00,0.00,0,2,Rank 1,16,32,1,241,-,241,8,23.1,31,23,256QAM,0,SMDL,0,0,0,0.00,0.00,0.03,0.44,Rank 2,4,252,37,-,2 x 2,HandOver,15248,Free,17,FORMAT_0,262,57,Success,15248,4,-,4,-5,-3,-,37,-,1,1,-,-,-,-,-,-,-,-,-,-,-,-,-,Registered,Normal Service,9,269,18,D4A654C1,680,18,30kHz,944,-,4,1,-,-,New trans.,0,0,256QAM,135,1,15248,667,3,0,0,Pass,1,QPSK,2,16,2,0,15,30kHz,Re trans.,-,304,
20260725 15:37:34.032,24.830360,102.843082,18.22,1935,3,1,0.00,0.00,,,,,,,1,SA,460,00,中国移动,4456484,6443507723,1573122,11,Normal,-,1,41,100,100,504990,-,742,513000,513000,30kHz,503172,1099,-,ms20,Connected,SA,-0.7,5,0,-58,75,-57.6,-10.4,20.1,3,Not Barred,6,6312,-22.5,504990,742,-56.3;-59.6;-102;-61.6,-,13.8;20.6;255;255,18.1;7.4;255;255,-22.5;-23.8,3;6;4;2;1;5;2,742;742;742;742;741;664;743,-57.6;-72.3;-73.8;-74.6;-84.4;-63.7;-82.5,-10.4;-10.7;-11.5;-11.5;-17;-10.7;-16.9,255;255;255;255;255;255;255,1;0;0;0,504990;504990;504990;504990,742;664;743;741,3;5;2;1,-,4;1;1;1,-57.6;-63.7;-84.2;-84.4,-10.4;-10.7;-16.9;-16.3,20.1;255;255;255,1,2,2,QPSK,-,100,0,0,0,0.00,0.00,0.00,0.00,0,2,Rank 1,16,32,5,106,-,106,10,23.9,31,25,256QAM,0,SMDL,0,0,0,0.00,0.00,0.01,0.43,Rank 2,4,692,187,-,2 x 2,HandOver,15248,Free,17,FORMAT_0,262,57,Success,15248,4,-,0,-7,-3,-,187,-,1,5,-,-,-,-,-,-,-,-,-,-,-,-,-,Registered,Normal Service,9,269,18,D4A654C1,785,9,30kHz,944,-,4,1,-,-,New trans.,0,0,256QAM,204,1,15248,768,4,0,0,Pass,0,QPSK,2,16,2,0,15,30kHz,Re trans.,-,304,
20260725 15:37:35.039,24.830341,102.843043,15.98,1935,3,1,0.00,0.00,,,,,,,1,SA,460,00,中国移动,4456484,6443507723,1573122,11,Normal,-,1,41,100,100,504990,-,742,513000,513000,30kHz,503172,1099,-,ms20,Connected,SA,-0.7,6,0,-58,77,-58.8,-10.4,18.1,3,Not Barred,6,6312,-25.5,504990,742,-60.5;-61.4;-98;-66.9,-,16.1;13.2;255;255,12.6;0.3;255;255,-25.5;-27.9,3;4;6;1;7;5;4;0,742;742;742;742;741;664;743;665,-58.8;-77.3;-74.3;-80.3;-85.8;-61.2;-84.2;-93.2,-10.4;-12.3;-10.8;-12.8;-13.6;-10.5;-17.3;-21.6,255;255;255;255;255;255;255;255,1;0;0;0;0,504990;504990;504990;504990;504990,742;664;743;741;665,3;5;4;7;0,-,4;1;1;1;1,-58.8;-61.3;-85.2;-86.5;-93.2,-10.4;-10.5;-17.1;-15.4;-21.6,18.1;255;255;255;255,1,2,2,QPSK,-,100,0,0,0,0.00,0.00,0.00,0.00,0,2,Rank 1,16,96,1,63,-,63,9,24.8,31,25,256QAM,0,SMDL,0,0,0,0.00,0.00,0.01,1.24,Rank 2,4,524,115,-,2 x 2,HandOver,15248,Free,17,FORMAT_0,262,57,Success,15248,4,-,3,-3,-3,-,115,-,1,1,-,-,-,-,-,-,-,-,-,-,-,-,-,Registered,Normal Service,9,269,18,D4A654C1,884,18,30kHz,896,-,4,1,-,-,New trans.,0,0,256QAM,139,1,15248,871,3,0,0,Pass,0,QPSK,0,16,1,0,15,30kHz,Re trans.,-,507,
20260725 15:37:36.052,24.830323,102.843002,15.34,1934,3,1,0.00,0.00,,,,,,,1,SA,460,00,中国移动,4456484,6443507723,1573122,11,Normal,-,1,41,100,100,504990,-,664,513000,513000,30kHz,503172,1099,-,ms20,Connected,SA,-0.7,0,2,-58,78,-58.1,-10.4,9.3,5,Not Barred,6,6312,-30.4,504990,664,-68;-57.4;0;0,-,10.6;25.4;21.7;22.2,-12.6;7.3;-0.2;2.4,-30.4;-36.5,3;0;5;4;2;3;4;0;1,742;741;664;664;664;664;743;665;8,-64.9;-100.9;-58.1;-76.6;-75.6;-83.4;-97.9;-94.1;-86.7,-10.6;-21.6;-10.4;-13.8;-12.2;-18.6;-22.7;-21.1;-15.1,255;255;255;255;255;255;255;255;255,1;0;0;0;0;0,504990;504990;504990;504990;504990;504990,664;742;8;741;665;743,5;3;1;0;0;4,-,4;1;1;1;1;1,-58.1;-64.9;-86.7;-90.6;-94.1;-97.6,-10.4;-10.6;-15.1;-17.9;-21.1;-22.5,9.3;255;255;255;255;255,2,7,2,QPSK,-,87.5,12.5,0,0,0.00,0.00,0.00,0.00,0,2,Rank 2,16,132,6,69,-,69,12,24.3,25,25,256QAM,0,SMDL,0,0,0,0.00,0.00,0.02,0.97,Rank 2,4,244,75,-,4 x 4,HandOver,45472,Free,17,FORMAT_0,418,127,Success,45472,4,-,-4,-24,-9,-,75,-,1,5,-,-,-,-,-,-,-,-,-,-,-,-,-,Registered,Normal Service,9,269,18,D4A654C1,984,9,30kHz,437,-,4,1,-,-,New trans.,0,0,256QAM,208,1,45472,981,14,0,0,Pass,0,QPSK,0,16,1,0,15,30kHz,Re trans.,-,956,
20260725 15:37:37.065,24.830305,102.842966,14.29,1934,3,1,0.00,0.00,,,,,,,1,SA,460,00,中国移动,4456484,6443507723,1573122,11,Normal,-,1,41,100,100,504990,-,664,513000,513000,30kHz,503172,1099,-,ms20,Connected,SA,-0.7,-5,2,-58,93,-72,-10.9,10.9,5,Not Barred,6,6312,-38.4,504990,664,-79.9;-76.9;-84.7;-73.5,-,9.1;7;5.4;10.7,-7.2;-6.2;-7.4;-8.7,-43.1;-48.4;-41.6;-38.4,3;7;5;4;1;2;1;0;3,742;741;664;664;664;664;8;665;743,-68.7;-91.9;-71.8;-81.3;-92.8;-90.7;-111.1;-112.5;-112.4,-10.5;-16.1;-10.7;-14.1;-18.1;-18;-24.7;-26.6;-28.5,255;255;255;255;255;255;255;255;255,1;0;0;0;0;0,504990;504990;504990;504990;504990;504990,664;742;741;8;665;743,5;3;7;1;0;3,-,4;1;1;1;1;1,-72;-68.8;-89.6;-111.1;-112.3;-112.4,-10.9;-10.5;-14.4;-24.7;-26.6;-28.5,10.9;255;255;255;255;255,2,7,2,QPSK,-,87.5,12.5,0,0,0.00,0.00,0.00,0.00,4.8,2,Rank 1,16,132,6,269,-,269,9,22.1,31,25,256QAM,0,SMDL,4.2,4.7,13.2,0.00,0.00,0.00,0.44,Rank 2,4,808,75,-,4 x 4,HandOver,45472,Free,17,FORMAT_0,418,127,Success,45472,4,-,14,-6,-9,-,75,-,1,5,-,-,-,-,-,-,-,-,-,-,-,-,-,Registered,Normal Service,9,269,18,D4A654C1,29,9,30kHz,1057,-,4,1,-,-,New trans.,0,0,256QAM,128,1,45472,10,15,0,2,Pass,1,QPSK,2,48,1,0,0,30kHz,Re trans.,-,956,
20260725 15:37:38.082,24.830279,102.842932,16.81,1933,3,1,0.00,0.00,,,,,,,1,SA,460,00,中国移动,4456484,6443507723,1573122,11,Normal,-,1,41,100,100,504990,-,742,513000,513000,30kHz,503172,1099,-,ms20,Connected,SA,-0.7,0,0,-58,87,-69.3,-10.9,7.8,3,Not Barred,6,6312,-26.3,504990,742,-72.4;-72.9;-82.3;-62.6,-,21.7;2.4;255;255,9.2;8.2;255;255,-26.3;-35.8,3;2;4;6;7;5;1;0;3,742;742;742;742;741;664;8;665;743,-68.9;-79.2;-78.4;-82.6;-91;-72.3;-90;-125.8;-91.4,-10.9;-11.4;-13.1;-11.2;-15.3;-10.6;-19.6;-30.5;-21.5,255;255;255;255;255;255;255;255;255,1;0;0;0;0;0,504990;504990;504990;504990;504990;504990,742;664;741;8;743;665,3;5;7;1;3;0,-,4;1;1;1;1;1,-69.3;-72.4;-89.5;-90;-91.4;-120.8,-10.9;-10.8;-14;-19.6;-21.5;-29,7.8;255;255;255;255;255,2.2,28,0,QPSK,-,100,0,0,0,0.00,0.00,0.02,0.02,0,1,Rank 1,22,420,20,317,-,317,6,24.6,31,25,256QAM,0,SMDL,1.4,0,4.1,0.00,0.00,0.11,1.13,Rank 2,4,296,176,-,2 x 2,HandOver,15027,Free,17,FORMAT_0,262,127,Success,15027,2,-,0,-11,-17,-,176,-,3,17,-,-,-,-,-,-,-,-,-,-,-,-,-,Registered,Normal Service,9,269,18,D4A654C1,150,18,30kHz,992,-,4,1,-,-,New trans.,0,0,256QAM,155,1,15027,134,13,0,2,Pass,0,QPSK,3,48,1,0,0,30kHz,Re trans.,-,2515,
20260725 15:37:39.097,24.830241,102.842909,18.47,1933,3,1,0.00,0.00,,,,,,,1,SA,460,00,中国移动,4456484,6443507723,1573122,11,Normal,-,1,41,100,100,504990,-,742,513000,513000,30kHz,503172,1099,-,ms20,Connected,SA,-0.7,1,0,-58,85,-67.1,-10.6,21.9,3,Not Barred,6,6312,-32.1,504990,742,-64.2;-80.3;-70.2;-66.6,-,23.8;6.7;255;255,9;6;255;255,-32.1;-37.4,3;4;2;6;0;5;1;7,742;742;742;742;741;664;8;665,-66.7;-76;-79.5;-87.2;-88.7;-77.7;-117.6;-111,-10.5;-11.5;-10.8;-12.2;-13.3;-11.2;-28.6;-24.8,255;255;255;255;255;255;255;255,1;0;0;0;0,504990;504990;504990;504990;504990,742;664;741;665;8,3;5;0;7;1,-,4;1;1;1;1,-67.1;-77.8;-90.3;-111;-117.6,-10.6;-11.5;-14.8;-24.8;-28.6,21.9;255;255;255;255,0.8,4,0,QPSK,-,100,0,0,0,0.00,0.00,0.02,0.02,0,1,Rank 1,21,404,19,106,-,106,10,24.8,31,25,256QAM,0,SMDL,0,0,0,0.00,0.00,0.11,0.52,Rank 2,4,264,104,-,2 x 2,HandOver,15027,Free,17,FORMAT_0,262,127,Success,15027,2,-,1,-10,-17,-,104,-,3,16,-,-,-,-,-,-,-,-,-,-,-,-,-,Registered,Normal Service,9,269,18,D4A654C1,264,19,30kHz,944,-,4,1,-,-,New trans.,0,0,256QAM,139,1,15027,246,0,0,0,Pass,0,QPSK,2,16,2,0,15,30kHz,Re trans.,-,2398,
20260725 15:37:40.103,24.830194,102.842894,20.41,1933,3,1,0.00,0.00,,,,,,,1,SA,460,00,中国移动,4456484,6443507723,1573122,11,Normal,-,1,41,100,100,504990,-,742,513000,513000,30kHz,503172,1099,-,ms20,Connected,SA,-0.7,0,0,-58,78,-62,-10.5,24.3,3,Not Barred,6,6312,-21.4,504990,742,-56.7;-58.5;-70.4;-76.8,-,25.9;20.1;255;255,7.7;8;255;255,-21.4;-22.9,3;2;4;5;0;5;3,742;742;742;742;741;664;743,-61.9;-75.1;-75.9;-83.6;-83.8;-69.6;-128.3,-10.5;-10.6;-11.3;-16.7;-13;-10.8;-34,255;255;255;255;255;255;255,1;0;0;0,504990;504990;504990;504990,742;664;741;743,3;5;0;3,-,4;1;1;1,-62;-69.6;-84;-128.3,-10.5;-10.8;-13.3;-34,24.3;255;255;255,1.3,2,2,QPSK,-,100,0,0,0,0.00,0.00,0.00,0.00,0,2,Rank 1,16,48,3,106,-,106,10,24.9,31,25,256QAM,0,SMDL,0,0,0,0.00,0.00,0.07,0.48,Rank 2,4,388,114,-,2 x 2,HandOver,15027,Free,17,FORMAT_0,262,127,Success,15027,2,-,-2,-13,-17,-,114,-,3,3,-,-,-,-,-,-,-,-,-,-,-,-,-,Registered,Normal Service,9,269,18,D4A654C1,360,8,30kHz,992,-,4,1,-,-,New trans.,0,0,256QAM,140,1,15027,359,13,0,0,Pass,1,QPSK,2,16,2,0,15,30kHz,Re trans.,-,275,
20260725 15:37:41.116,24.830140,102.842891,22.64,1933,3,1,0.00,0.00,,,,,,,1,SA,460,00,中国移动,4456484,6443507723,1573122,11,Normal,-,1,41,100,100,504990,-,742,513000,513000,30kHz,503172,1099,-,ms20,Connected,SA,-0.7,0,0,-58,82,-64.5,-10.5,20.9,3,Not Barred,6,6312,-29.6,504990,742,-61.4;-70.7;-68.3;-81,-,20.9;13.1;255;255,10.6;9.6;255;255,-29.6;-46.5;-42.5;-31.4,3;2;1;4;0;5,742;742;742;742;741;664,-64.1;-70.5;-77.1;-75;-101.6;-68.9,-10.5;-10.5;-10.7;-11.8;-20.6;-10.9,255;255;255;255;255;255,1;0;0,504990;504990;504990,742;664;741,3;5;0,-,4;1;1,-64.5;-68.9;-92.5,-10.5;-10.9;-17.7,20.9;255;255,1.7,2,2,QPSK,-,100,0,0,0,0.00,0.00,0.00,0.00,0,1,Rank 1,16,96,5,63,-,63,10,24.7,31,25,256QAM,0,SMDL,0,0,0,0.00,0.00,0.02,0.72,Rank 2,4,552,152,-,2 x 2,HandOver,15027,Free,17,FORMAT_0,262,127,Success,15027,2,-,6,-6,-17,-,152,-,3,5,-,-,-,-,-,-,-,-,-,-,-,-,-,Registered,Normal Service,9,269,18,D4A654C1,465,8,30kHz,992,-,4,1,-,-,New trans.,0,0,256QAM,119,1,15027,461,3,0,0,Pass,0,QPSK,0,16,1,0,15,30kHz,Re trans.,-,812,
20260725 15:37:42.130,24.830082,102.842898,24.19,1933,3,1,0.00,0.00,,,,,,,1,SA,460,00,中国移动,4456484,6443507723,1573122,11,Normal,-,1,41,100,100,504990,-,742,513000,513000,30kHz,503172,1099,-,ms20,Connected,SA,-0.7,0,0,-58,81,-67.5,-10.6,20.1,3,Not Barred,6,6312,-31.1,504990,742,-61.8;-70.4;-76.4;-77.6,-,13.7;7.7;255;255,-1.6;4.4;255;255,-31.1;-40.4;-39.5;-35,3;2;4;0;6;5;1,742;742;742;742;741;664;8,-67.4;-66.5;-75.4;-82.3;-118.3;-65.7;-98.1,-10.6;-10.5;-12.2;-11.8;-27.5;-10.6;-22.3,255;255;255;255;255;255;255,1;0;0;0,504990;504990;504990;504990,742;664;8;741,3;5;1;6,-,4;1;1;1,-67.5;-65.7;-98.1;-118.4,-10.6;-10.6;-22.3;-27.4,20.1;255;255;255,1.7,2,2,QPSK,-,100,0,0,0,0.00,0.00,0.01,0.01,0,1,Rank 1,16,96,5,14,-,14,10,24.9,25,25,256QAM,0,SMDL,0,0,0,0.00,0.00,0.03,1.02,Rank 2,4,460,152,-,2 x 2,HandOver,15027,Free,17,FORMAT_0,262,127,Success,15027,2,-,2,-5,-17,-,152,-,3,5,-,-,-,-,-,-,-,-,-,-,-,-,-,Registered,Normal Service,9,269,18,D4A654C1,486,9,30kHz,992,-,4,1,-,-,New trans.,0,0,256QAM,139,0,15027,513,13,0,4,Pass,0,QPSK,0,20,1,0,0,30kHz,Re trans.,-,812,
20260725 15:37:43.145,24.830022,102.842908,25.49,1932,3,1,0.00,0.00,,,,,,,1,SA,460,00,中国移动,4456484,6443507723,1573122,11,Normal,-,1,41,100,100,504990,-,742,513000,513000,30kHz,503172,1099,-,ms20,Connected,SA,-0.7,0,0,-58,72,-57.6,-10.4,31,2,Not Barred,6,6312,-16.9,504990,742,-52.3;-60.6;0;0,-,20;10.5;255;255,8;0.4;255;255,-16.9;-26.6,2;3;1;0;0;5;1,742;742;742;742;741;664;8,-55.8;-62.1;-67.3;-72;-105.4;-66.8;-133.6,-10.4;-10.5;-10.5;-10.9;-27.4;-11.7;-34.9,255;255;255;255;255;255;255,1;0;0;0,504990;504990;504990;504990,742;664;741;8,2;5;0;1,-,4;1;1;1,-57.6;-66.8;-105;-133.6,-10.4;-11.7;-27.2;-34.9,31;255;255;255,0.7,2,0,QPSK,-,100,0,0,0,0.00,0.00,0.00,0.00,0,2,Rank 1,17,52,3,106,-,106,10,24.7,31,25,256QAM,0,SMDL,0,0,0,0.00,0.00,0.03,0.86,Rank 2,4,172,119,-,2 x 2,HandOver,15027,Free,17,FORMAT_0,262,127,Success,15027,2,-,-3,-11,-17,-,119,-,1,2,-,-,-,-,-,-,-,-,-,-,-,-,-,Registered,Normal Service,9,269,18,D4A654C1,666,8,30kHz,992,-,4,1,-,-,New trans.,0,0,256QAM,140,0,15027,647,3,0,0,Pass,0,QPSK,2,16,2,0,15,30kHz,Re trans.,-,183,
20260725 15:37:44.156,24.829956,102.842918,27.07,1932,3,1,0.00,0.00,,,,,,,1,SA,460,00,中国移动,4456484,6443507723,1573122,11,Normal,-,1,41,100,100,504990,-,742,513000,513000,30kHz,503172,1099,-,ms20,Connected,SA,-0.7,-1,0,-58,79,-61,-10.4,33.9,2,Not Barred,6,6312,-31.5,504990,742,-57.4;-71.1;-69;-81.9,-,35.4;28.2;255;255,15.8;10.8;255;255,-31.5;-34.6,2;3;6;4;7;5;1,742;742;742;742;741;664;8,-60.6;-68.2;-73.7;-75.3;-88;-73.7;-109.9,-10.4;-10.5;-10.5;-11.4;-15.4;-10.8;-25.5,255;255;255;255;255;255;255,1;0;0;0,504990;504990;504990;504990,742;664;741;8,2;5;7;1,-,4;1;1;1,-61;-73.7;-86.4;-109.9,-10.4;-10.8;-14.2;-25.5,33.9;255;255;255,0.7,2,0,QPSK,-,100,0,0,0,0.00,0.00,0.00,0.00,0,2,Rank 1,17,52,3,106,-,106,8,25,31,25,256QAM,0,SMDL,0,0,0,0.00,0.00,0.00,0.31,Rank 2,4,480,151,-,2 x 2,HandOver,15027,Free,17,FORMAT_0,262,127,Success,15027,2,-,4,-4,-17,-,151,-,1,3,-,-,-,-,-,-,-,-,-,-,-,-,-,Registered,Normal Service,9,269,18,D4A654C1,766,19,30kHz,992,-,4,1,-,-,New trans.,0,1,256QAM,139,1,15027,748,14,0,0,Pass,1,QPSK,2,16,2,0,15,30kHz,Re trans.,-,183,
20260725 15:37:45.168,24.829889,102.842928,26.96,1932,3,1,0.00,0.00,,,,,,,1,SA,460,00,中国移动,4456484,6443507723,1573122,11,Normal,-,1,41,100,100,504990,-,742,513000,513000,30kHz,503172,1099,-,ms20,Connected,SA,-0.7,0,0,-58,68,-49.7,-10.4,36.1,2,Not Barred,6,6312,-10.6,504990,742,-45.8;-54.6;-52.1;-69.4,-,34.4;27.9;255;255,25;22.9;255;255,-10.6;-17.4,2;6;1;4;0;5,742;742;742;742;741;664,-49.7;-64.2;-69.7;-68.8;-77.3;-75.8,-10.4;-10.5;-10.7;-10.8;-13.2;-12.6,255;255;255;255;255;255,1;0;0,504990;504990;504990,742;664;741,2;5;0,-,4;1;1,-49.7;-76;-78.5,-10.4;-13.1;-12.8,36.1;255;255,1.2,2,2,QPSK,-,100,0,0,0,0.00,0.00,0.00,0.00,0,2,Rank 1,16,80,4,106,-,106,10,24.6,31,25,256QAM,0,SMDL,0,0,0,0.00,0.00,0.05,0.89,Rank 2,4,760,171,-,2 x 2,HandOver,15027,Free,17,FORMAT_0,262,127,Success,15027,2,-,-9,-19,-17,-,171,-,1,4,-,-,-,-,-,-,-,-,-,-,-,-,-,Registered,Normal Service,9,269,18,D4A654C1,868,19,30kHz,992,-,4,1,-,-,New trans.,0,0,256QAM,123,1,15027,843,13,0,0,Pass,0,QPSK,2,16,2,0,15,30kHz,Re trans.,-,444,
20260725 15:37:46.179,24.829822,102.842939,26.89,1932,3,1,0.00,0.00,,,,,,,1,SA,460,00,中国移动,4456484,6443507723,1573122,11,Normal,-,1,41,100,100,504990,-,742,513000,513000,30kHz,503172,1099,-,ms20,Connected,SA,-0.7,1,0,-58,79,-59.3,-10.4,21.3,2,Not Barred,6,6312,-26.9,504990,742,-65.5;-73.9;-68.4;-79.3,-,24.2;16.8;255;255,5.7;2.3;255;255,-26.9;-31.4,2;1;3;5;6;5,742;742;742;742;741;664,-59;-70.1;-72.7;-75.5;-115.1;-70.6,-10.4;-10.6;-10.8;-16.8;-27.2;-10.8,255;255;255;255;255;255,1;0;0,504990;504990;504990,742;664;741,2;5;6,-,4;1;1,-59.3;-70.6;-90.9,-10.4;-10.9;-18.6,21.3;255;255,4.2,17,2,QPSK,-,68.8,25,6.3,0,0.06,0.06,0.00,0.00,0,2,Rank 1,28,448,15,63,-,63,10,24.2,31,25,256QAM,0,SMDL,0,0,4.1,0.03,0.04,0.02,1.41,Rank 2,4,292,97,-,2 x 2,HandOver,15027,Free,17,FORMAT_0,262,127,Success,15027,2,-,7,-9,-17,-,97,-,1,15,-,-,-,-,-,-,-,-,-,-,-,-,-,Registered,Normal Service,9,269,18,D4A654C1,968,18,30kHz,944,-,4,1,-,-,New trans.,0,0,256QAM,116,1,15027,967,14,0,0,Pass,0,QPSK,0,16,1,0,15,30kHz,Re trans.,-,12190,
20260725 15:37:47.188,24.829755,102.842954,27.50,1931,3,1,0.00,0.00,,,,,,,1,SA,460,00,中国移动,4456484,6443507723,1573122,11,Normal,-,1,41,100,100,504990,-,742,513000,513000,30kHz,503172,1099,-,ms20,Connected,SA,-0.8,1,0,-58,90,-73.5,-11.5,16.2,2,Not Barred,6,6312,-35.1,504990,742,-69.6;-74.3;-78.9;-79.9,-,17.6;17;16.6;10.1,-0.8;1.2;255;255,-39.8;-35.1,2;3;4;6;6;5;3;1;4,742;742;742;742;741;664;254;8;743,-72.4;-77.8;-77.9;-80.2;-89.7;-71;-86.1;-117.8;-99.2,-10.6;-11.5;-13.9;-11.8;-14.7;-11.1;-17.6;-30;-22.5,255;255;255;255;255;255;255;255;255,1;0;0;0;0;0,504990;504990;504990;504990;504990;504990,742;664;254;741;743;8,2;5;3;6;4;1,-,4;1;1;1;1;1,-73.5;-71.1;-86.1;-90.4;-99.2;-117.8,-11.5;-11.2;-17.6;-15.3;-22.5;-30,16.2;255;255;255;255;255,4.2,17,2,QPSK,-,68.8,25,6.3,0,0.00,0.00,0.09,0.10,0,2,Rank 1,28,448,7,63,-,63,10,23.8,25,25,256QAM,0,SMDL,0,0,8.7,0.00,0.00,0.09,0.51,Rank 2,4,460,141,-,4 x 4,HandOver,15027,Free,17,FORMAT_0,262,127,Success,15027,2,-,10,6,-17,-,141,-,2,5,-,-,-,-,-,-,-,-,-,-,-,-,-,Registered,Normal Service,9,269,18,D4A654C1,44,19,30kHz,992,-,4,1,-,-,New trans.,0,0,256QAM,119,1,15027,28,3,0,0,Pass,0,QPSK,0,16,1,0,15,30kHz,Re trans.,-,12190,
20260725 15:37:48.196,24.829692,102.842969,25.60,1931,3,1,0.00,0.00,,,,,,,1,SA,460,00,中国移动,4456484,6443503628,1573121,12,Normal,-,1,41,100,100,504990,-,664,513000,513000,30kHz,503172,1099,-,ms20,Connected,SA,-0.8,0,2,-58,87,-68.2,-10.5,8.3,5,Not Barred,6,6312,-33,504990,664,-68.6;-74;0;0,-,20.3;13.4;12.6;24.7,5.2;1.7;1.1;10.4,-33;-37.9;-40.5;-37.3,2;6;5;4;3;6;3;0;7,742;741;664;664;664;664;254;8;252,-74.4;-87.4;-68.2;-80;-84.7;-86.5;-118.7;-99.1;-94.1,-11;-13.9;-10.5;-11.8;-16.5;-14.3;-30;-17.6;-18.6,255;255;255;255;255;255;255;255;255,1;0;0;0;0;0,504990;504990;504990;504990;504990;504990,664;742;741;8;252;254,5;2;6;0;7;3,-,4;1;1;1;1;1,-68.2;-75.4;-87.5;-92.3;-94.1;-118.7,-10.5;-11.2;-13.5;-17.3;-18.6;-30,8.3;255;255;255;255;255,0.3,2,0,QPSK,-,100,0,0,0,0.00,0.00,0.00,0.00,0,1,Rank 2,17,136,3,69,-,69,10,24.9,25,25,256QAM,0,SMDL,0,0,0,0.00,0.00,0.00,0.82,Rank 2,4,744,162,-,4 x 4,HandOver,45580,Free,17,FORMAT_0,418,57,Success,45580,5,-,0,-16,-15,-,162,-,2,3,-,-,-,-,-,-,-,-,-,-,-,-,-,Registered,Normal Service,9,269,18,D4A654C1,146,9,30kHz,696,-,4,1,-,-,New trans.,0,0,64QAM,115,1,45580,144,4,0,0,Pass,0,QPSK,0,16,1,0,15,30kHz,Re trans.,-,449,
20260725 15:37:49.207,24.829628,102.842986,26.17,1931,3,1,0.00,0.00,,,,,,,1,SA,460,00,中国移动,4456484,6443507723,1573122,11,Normal,-,1,41,100,100,504990,-,664,513000,513000,30kHz,503172,1099,-,ms20,Connected,SA,-0.8,0,2,-58,86,-67.7,-10.4,21.4,5,Not Barred,6,6312,-32.1,504990,664,-68.2;-70;-78.9;-72.2,-,18.4;14.4;255;255,6.9;7.9;255;255,-32.1;-34,1;6;5;4;3;6;0;0,742;741;664;664;664;664;665;8,-79.6;-86.2;-67.7;-78.2;-83.7;-85;-99.8;-95.6,-11.5;-13.6;-10.4;-11.5;-13.8;-13.1;-18.5;-16,255;255;255;255;255;255;255;255,1;0;0;0;0,504990;504990;504990;504990;504990,664;742;741;8;665,5;1;6;0;0,-,4;1;1;1;1,-67.7;-77.1;-87.5;-91.6;-99.8,-10.4;-11.6;-13.9;-16.4;-18.5,21.4;255;255;255;255,0.6,4,0,QPSK,-,100,0,0,0,0.00,0.00,0.01,0.01,0,1,Rank 1,18,308,3,42,-,42,10,23.9,31,24,256QAM,0,SMDL,1.6,0,18.9,0.00,0.00,0.00,1.39,Rank 2,4,740,162,-,2 x 2,HandOver,45580,Free,17,FORMAT_0,418,57,Success,45580,5,-,6,-17,-15,-,162,-,2,3,-,-,-,-,-,-,-,-,-,-,-,-,-,Registered,Normal Service,9,269,18,D4A654C1,226,8,30kHz,896,-,4,1,-,-,New trans.,0,0,256QAM,112,1,45580,201,5,0,0,Pass,1,QPSK,0,16,2,0,15,30kHz,Re trans.,-,2003,
20260725 15:37:50.218,24.829563,102.843003,26.93,1931,3,1,0.00,0.00,,,,,,,1,SA,460,00,中国移动,4456484,6443503628,1573121,12,Normal,-,1,41,100,100,504990,-,664,513000,513000,30kHz,503172,1099,-,ms20,Connected,SA,-0.8,-1,2,-58,85,-67.5,-10.5,18.7,5,Not Barred,6,6312,-32.3,504990,664,-69.1;-70.9;-82.5;-75.2,-,19.5;14.4;255;255,10.1;6.6;255;255,-32.3;-39.5;-50.8;-35.8,2;6;5;4;3;6;0;1;7;3;0,742;741;664;664;664;664;665;8;663;254;944,-78.8;-88.4;-67.5;-77.8;-82.9;-84.5;-100.8;-90.5;-94.7;-91.6;-98,-11.7;-14.7;-10.5;-10.7;-13.9;-13;-19.9;-18.5;-19.2;-20.6;-17.3,255;255;255;255;255;255;255;255;255;255;255,1;0;0;0;0;0;0;0,504990;504990;504990;504990;504990;504990;504990;504990,664;742;741;254;8;663;944;665,5;2;6;3;1;7;0;0,-,4;1;1;1;1;1;1;1,-67.5;-80.2;-89.2;-91.6;-92.1;-94.7;-98;-100.8,-10.5;-12.6;-14.9;-20.6;-18.5;-19.2;-17.3;-19.9,18.7;255;255;255;255;255;255;255,0.8,4,0,QPSK,-,100,0,0,0,0.00,0.00,0.01,0.01,0,1,Rank 1,16,80,21,106,-,106,10,24.7,31,23,256QAM,0,SMDL,0,0,0,0.00,0.00,0.00,1.17,Rank 2,4,232,222,-,4 x 4,HandOver,45580,Free,17,FORMAT_0,418,57,Success,45580,5,-,7,-19,-15,-,222,-,2,19,-,-,-,-,-,-,-,-,-,-,-,-,-,Registered,Normal Service,9,269,18,D4A654C1,350,18,30kHz,944,-,4,1,-,-,New trans.,0,0,256QAM,115,1,45580,346,0,0,0,Pass,0,QPSK,2,16,2,0,15,30kHz,Re trans.,-,431,
20260725 15:37:51.234,24.829499,102.843022,25.81,1930,3,1,0.00,0.00,,,,,,,1,SA,460,00,中国移动,4456484,6443503628,1573121,12,Normal,-,1,41,100,100,504990,-,664,513000,513000,30kHz,503172,1099,-,ms20,Connected,SA,-0.8,-1,2,-58,84,-65.2,-10.4,24.3,5,Not Barred,6,6312,-31.9,504990,664,-64.4;-68;-82.2;-74.5,-,23.4;13.9;2.7;24.3,10.2;10.1;255;255,-31.9;-39.1;-49;-32.9,2;6;5;4;3;6;0;1;7;3;0,742;741;664;664;664;664;665;8;663;254;944,-74.7;-83.9;-65.2;-78.1;-81.4;-82.7;-99.5;-85.5;-92.4;-91.7;-99,-11.2;-13;-10.4;-11.1;-12.9;-11.6;-20.7;-13.6;-17.6;-21.2;-20.3,255;255;255;255;255;255;255;255;255;255;255,1;0;0;0;0;0;0;0,504990;504990;504990;504990;504990;504990;504990;504990,664;742;741;8;254;663;944;665,5;2;6;1;3;7;0;0,-,4;1;1;1;1;1;1;1,-65.2;-74.8;-85.7;-86.1;-91.7;-92.4;-99;-99.5,-10.4;-11.3;-14;-13.8;-21.2;-17.6;-20.3;-20.7,24.3;255;255;255;255;255;255;255,0.6,2,0,QPSK,-,100,0,0,0,0.00,0.00,0.00,0.00,0,1,Rank 1,16,148,21,14,-,14,8,23.9,25,24,256QAM,0,SMDL,0,0,0,0.00,0.00,0.20,0.37,Rank 2,4,88,222,-,2 x 2,HandOver,45580,Free,17,FORMAT_0,418,57,Success,45580,5,-,6,-19,-15,-,222,-,2,19,-,-,-,-,-,-,-,-,-,-,-,-,-,Registered,Normal Service,9,269,18,D4A654C1,374,18,30kHz,944,-,4,1,-,-,New trans.,0,0,256QAM,115,1,45580,385,15,0,4,Pass,0,QPSK,0,20,1,0,0,30kHz,Re trans.,-,615,
20260725 15:37:52.251,24.829435,102.843041,26.50,1930,3,1,0.00,0.00,,,,,,,1,SA,460,00,中国移动,4456484,6443503628,1573121,12,Normal,-,1,41,100,100,504990,-,664,513000,513000,30kHz,503172,1099,-,ms20,Connected,SA,-0.8,0,2,-58,84,-66.2,-10.4,23.5,5,Not Barred,6,6312,-32.4,504990,664,-64.6;-71;-78.1;-73,-,18.1;12.6;255;255,11.2;9.5;255;255,-32.4;-34.3,2;6;5;4;3;6;0;1;7;2;0,742;741;664;664;664;664;665;8;663;475;944,-81;-87.2;-66.2;-77.1;-81.1;-82.8;-104.8;-82.1;-102.5;-80.8;-137.1,-14.5;-14.1;-10.4;-10.7;-12.2;-11.9;-22.5;-13.8;-23.7;-13.2;-35.5,255;255;255;255;255;255;255;255;255;255;255,1;0;0;0;0;0;0;0,504990;504990;504990;504990;504990;504990;504990;504990,664;742;475;8;741;663;665;944,5;2;2;1;6;7;0;0,-,4;1;1;1;1;1;1;1,-66.2;-81.5;-81.8;-83.4;-87.5;-102.5;-104.8;-137.1,-10.4;-14.6;-13.6;-15.1;-14.4;-23.7;-22.5;-35.5,23.5;255;255;255;255;255;255;255,0.6,2,0,QPSK,-,100,0,0,0,0.00,0.00,0.01,0.01,0,1,Rank 1,16,148,10,69,-,69,9,22.2,31,23,256QAM,0,SMDL,0,0,6.5,0.00,0.00,0.20,0.14,Rank 2,4,124,43,-,4 x 4,HandOver,45580,Free,17,FORMAT_0,418,57,Success,45580,5,-,7,-18,-15,-,43,-,1,9,-,-,-,-,-,-,-,-,-,-,-,-,-,Registered,Normal Service,9,269,18,D4A654C1,541,18,30kHz,848,-,4,1,-,-,-,0,0,256QAM,115,1,45580,536,11,0,0,Pass,1,QPSK,0,16,1,0,15,30kHz,Re trans.,-,615,
20260725 15:37:53.259,24.829373,102.843062,25.06,1930,3,1,0.00,0.00,,,,,,,1,SA,460,00,中国移动,4456484,6443503628,1573121,12,Normal,-,1,41,100,100,504990,-,664,513000,513000,30kHz,503172,1099,-,ms20,Connected,SA,-0.8,2,2,-58,82,-63.8,-10.4,24.4,5,Not Barred,6,6312,-26,504990,664,-62.9;-62.4;-70.4;-70.6,-,24;22.8;255;255,17.8;16.7;255;255,-26.4;-26,2;6;5;4;3;6;0;2;7;2;0,742;741;664;664;664;664;665;8;663;475;944,-80.1;-84.5;-63.8;-76;-79.5;-81.6;-96.1;-104.5;-91.9;-86.9;-97.8,-13.8;-14.6;-10.4;-10.7;-11.9;-12.4;-18.5;-23.7;-17.1;-19.7;-19.7,255;255;255;255;255;255;255;255;255;255;255,1;0;0;0;0;0;0;0,504990;504990;504990;504990;504990;504990;504990;504990,664;742;8;741;475;663;665;944,5;2;2;6;2;7;0;0,-,4;1;1;1;1;1;1;1,-63.8;-81.3;-85.4;-86.1;-87.7;-91.9;-96.1;-97.8,-10.4;-13.5;-15.1;-14.7;-18.7;-17.1;-18.5;-19.7,24.4;255;255;255;255;255;255;255,0.3,2,0,QPSK,-,100,0,0,0,0.00,0.00,0.00,0.00,0,2,Rank 1,16,112,5,42,-,42,10,24.2,31,31,256QAM,0,SMDL,0,0,7.7,0.00,0.00,0.01,0.20,Rank 2,4,104,49,-,2 x 2,HandOver,45580,Free,17,FORMAT_0,418,57,Success,45580,5,-,6,-21,-15,-,49,-,1,5,-,-,-,-,-,-,-,-,-,-,-,-,-,Registered,Normal Service,9,269,18,D4A654C1,634,8,30kHz,768,-,4,1,-,-,New trans.,0,0,256QAM,115,1,45580,629,10,0,0,Pass,0,QPSK,0,16,2,0,15,30kHz,Re trans.,-,536,
20260725 15:37:54.270,24.829317,102.843076,22.07,1929,3,1,0.00,0.00,,,,,,,1,SA,460,00,中国移动,4456484,6443503628,1573121,12,Normal,-,1,41,100,100,504990,-,664,513000,513000,30kHz,503172,1099,-,ms20,Connected,SA,-0.8,2,2,-58,82,-64.3,-10.5,14.7,5,Not Barred,6,6312,-29.4,504990,664,-66.6;-64;-70.9;-70.2,-,8.4;13.4;255;255,13.1;12.8;255;255,-34.5;-30.5,2;6;5;4;3;6;0;2;7;3;0,742;741;664;664;664;664;665;8;663;475;944,-84.5;-83.4;-64.3;-75.3;-79;-81.8;-95.6;-102.7;-90.4;-86.6;-95.7,-16.1;-14.4;-10.5;-10.8;-11.6;-12.3;-18.6;-23.4;-19.5;-18.8;-18.8,255;255;255;255;255;255;255;255;255;255;255,1;0;0;0;0;0;0;0,504990;504990;504990;504990;504990;504990;504990;504990,664;741;742;8;475;663;665;944,5;6;2;2;3;7;0;0,-,4;1;1;1;1;1;1;1,-64.3;-84;-85.5;-87;-88;-90.4;-95.6;-95.7,-10.5;-14.3;-16.3;-16.6;-18.9;-19.5;-18.6;-18.8,14.7;255;255;255;255;255;255;255,0.3,2,0,QPSK,-,100,0,0,0,0.00,0.00,0.00,0.00,0,2,Rank 1,16,112,3,66,-,66,10,24.6,31,24,256QAM,0,SMDL,0,0,0,0.00,0.00,0.04,0.17,Rank 2,4,72,24,-,2 x 2,HandOver,45580,Free,17,FORMAT_0,418,57,Success,45580,5,-,6,-17,-15,-,24,-,1,2,-,-,-,-,-,-,-,-,-,-,-,-,-,Registered,Normal Service,9,269,18,D4A654C1,737,9,30kHz,872,-,4,1,-,-,New trans.,0,1,256QAM,181,1,45580,732,10,0,0,Pass,0,QPSK,1,16,2,0,15,30kHz,Re trans.,-,536,
20260725 15:37:55.280,24.829266,102.843085,18.83,1929,3,1,0.00,0.00,,,,,,,1,SA,460,00,中国移动,4456484,6443503628,1573121,12,Normal,-,1,41,100,100,504990,-,664,513000,513000,30kHz,503172,1099,-,ms20,Connected,SA,-0.8,2,2,-58,84,-69,-10.7,10,5,Not Barred,6,6312,-34.3,504990,664,-74.7;-69.4;-70.5;-77.7,-,7.1;11.2;255;255,12.3;12.5;255;255,-39.1;-34.3,2;5;5;4;3;6;0;1;7;1,742;741;664;664;664;664;944;8;663;475,-83.6;-91.7;-69;-79.1;-84.4;-87.5;-88.8;-83.7;-91.7;-81.8,-14.9;-21.6;-10.7;-11.1;-12.9;-15;-14.1;-13.2;-19.7;-14.2,255;255;255;255;255;255;255;255;255;255,1;0;0;0;0;0;0,504990;504990;504990;504990;504990;504990;504990,664;741;742;8;475;944;663,5;5;2;1;1;0;7,-,4;1;1;1;1;1;1,-69;-81.8;-84.4;-84.8;-84.9;-88.8;-91.7,-10.7;-14.2;-14.7;-14.4;-15.5;-14.1;-19.7,10;255;255;255;255;255;255,0.5,1,1,QPSK,-,100,0,0,0,0.00,0.00,0.00,0.00,0,1,Rank 1,18,72,3,66,-,66,10,21.5,31,25,256QAM,0,SMDL,0,0,43.9,0.00,0.00,0.03,0.13,Rank 2,4,164,24,-,2 x 2,HandOver,45580,Free,17,FORMAT_0,418,57,Success,45580,5,-,10,-9,-15,-,24,-,1,2,-,-,-,-,-,-,-,-,-,-,-,-,-,Registered,Normal Service,9,269,18,D4A654C1,825,18,30kHz,688,-,4,1,-,-,New trans.,0,0,64QAM,108,1,45580,820,11,0,0,Pass,0,QPSK,1,16,2,0,15,30kHz,Re trans.,-,160,
20260725 15:37:56.287,24.829224,102.843098,16.24,1929,3,1,0.00,0.00,,,,,,,1,SA,460,00,中国移动,4456484,6443503628,1573121,12,Normal,-,1,41,100,100,504990,-,664,513000,513000,30kHz,503172,1099,-,ms20,Connected,SA,-0.8,2,2,-58,89,-71.2,-11.4,8.5,5,Not Barred,6,6312,-36.3,504990,664,-71.8;-73.2;-70.9;-77.4,-,-4.2;-0.1;255;255,6.4;8.1;255;255,-36.6;-36.3,7;5;5;4;3;6;0;1;7;2,742;741;664;664;664;664;944;8;663;475,-88;-78.7;-71.2;-82.7;-95.4;-88.7;-96.1;-109.2;-93.8;-71.3,-16.3;-17.9;-11.4;-11.8;-22;-16.8;-19.4;-25.5;-21;-10.9,255;255;255;255;255;255;255;255;255;255,1;0;0;0;0;0;0,504990;504990;504990;504990;504990;504990;504990,664;475;741;742;663;944;8,5;2;5;7;7;0;1,-,4;1;1;1;1;1;1,-71.2;-73.2;-80;-88.3;-93.8;-96.1;-109.2,-11.4;-10.9;-14.2;-17.8;-21;-19.4;-25.6,8.5;255;255;255;255;255;255,1.8,5,1,QPSK,-,80,20,0,0,0.00,0.00,0.00,0.00,0,1,Rank 1,16,80,6,66,-,66,10,22.8,31,24,256QAM,0,SMDL,0,0,20,0.00,0.00,0.03,0.26,Rank 2,4,180,44,-,2 x 2,HandOver,45580,Free,17,FORMAT_0,418,57,Success,45580,5,-,7,-5,-15,-,44,-,1,5,-,-,-,-,-,-,-,-,-,-,-,-,-,Registered,Normal Service,9,269,18,D4A654C1,941,8,30kHz,800,-,4,1,-,-,New trans.,0,0,256QAM,95,1,45580,936,11,0,0,Pass,0,QPSK,1,16,2,0,15,30kHz,Re trans.,-,727,
20260725 15:37:57.299,24.829193,102.843120,14.51,1929,3,1,0.00,0.00,,,,,,,1,SA,460,00,中国移动,4456484,6443507724,1573122,12,Normal,-,1,41,100,100,504990,-,741,513000,513000,30kHz,503172,1099,-,ms20,Connected,SA,-0.8,-1,1,-60,87,-66.4,-10.6,10.6,5,Not Barred,6,6312,-36.8,504990,741,-70.6;-80.3;-74.9;-90.2,-,11.8;0.4;3.5;1.8,11.3;6.1;255;255,-36.8;-46.1;-40.3;-41.1,7;5;6;4;0;5;0;1;7;2;4,742;741;741;741;741;664;944;8;663;475;700,-82.3;-66.4;-77.6;-83.3;-87.8;-80.7;-94.3;-84.2;-93;-79;-110.9,-12.9;-10.6;-10.6;-12.6;-13.7;-16.4;-18.9;-15.7;-22.5;-11.5;-24.9,255;255;255;255;255;255;255;255;255;255;255,1;0;0;0;0;0;0;0,504990;504990;504990;504990;504990;504990;504990;504990,741;664;475;742;8;663;944;700,5;5;2;7;1;7;0;4,-,4;1;1;1;1;1;1;1,-66.4;-80.7;-80.8;-82.7;-83.7;-93;-94.3;-110.9,-10.6;-16.4;-11.8;-13.2;-15.9;-22.5;-18.9;-24.9,10.6;255;255;255;255;255;255;255,0.6,2,0,QPSK,-,100,0,0,0,0.00,0.00,0.00,0.00,0,1,Rank 1,17,156,9,69,-,69,10,20.4,31,25,256QAM,0,SMDL,2.5,0,35.4,0.00,0.00,0.02,0.29,Rank 2,4,324,77,-,2 x 2,HandOver,15938,Free,17,FORMAT_0,232,127,Success,15938,4,-,11,-2,-15,-,77,-,1,8,-,-,-,-,-,-,-,-,-,-,-,-,-,Registered,Normal Service,9,269,18,D4A654C1,40,8,30kHz,992,-,4,1,-,-,New trans.,0,0,256QAM,21,1,15938,40,13,0,0,Pass,0,QPSK,0,16,1,0,15,30kHz,Re trans.,-,599,
20260725 15:37:58.313,24.829166,102.843153,16.99,1928,3,1,0.00,0.00,,,,,,,1,SA,460,00,中国移动,4456484,6443503628,1573121,12,Normal,-,1,41,100,100,504990,-,741,513000,513000,30kHz,503172,1099,-,ms20,Connected,SA,-0.8,0,1,-60,88,-68.9,-10.6,12.4,5,Not Barred,6,6312,-35.9,504990,741,-69.3;-77.8;-77.9;-85.8,-,12;12.5;255;255,13.8;13.8;255;255,-35.9;-41,7;5;6;4;3;5;2;2;4;0,742;741;741;741;741;664;475;8;700;944,-83.4;-68.8;-76.7;-83.5;-86.7;-81.4;-80.1;-80.1;-98.7;-96,-14.1;-10.6;-10.6;-12.4;-16.3;-14;-11.5;-13.8;-20.7;-20.9,255;255;255;255;255;255;255;255;255;255,1;0;0;0;0;0;0,504990;504990;504990;504990;504990;504990;504990,741;8;664;475;742;944;700,5;2;5;2;7;0;4,-,4;1;1;1;1;1;1,-68.9;-80.6;-81.4;-81.7;-85.1;-96;-98.7,-10.6;-13.9;-14;-11.5;-14.8;-20.9;-20.7,12.4;255;255;255;255;255;255,0.6,4,0,QPSK,-,100,0,0,0,0.00,0.00,0.00,0.00,0,2,Rank 1,24,712,28,69,-,69,9,24.1,31,25,256QAM,0,SMDL,0,0,7.6,0.00,0.00,0.04,0.45,Rank 2,4,386,112,-,2 x 2,HandOver,15938,Free,17,FORMAT_0,232,127,Success,15938,4,-,9,-4,-15,-,112,-,9,19,-,-,-,-,-,-,-,-,-,-,-,-,-,Registered,Normal Service,9,269,18,D4A654C1,137,19,30kHz,736,-,4,1,-,-,New trans.,0,0,64QAM,75,1,15938,114,3,0,0,Pass,1,QPSK,0,16,1,0,15,30kHz,Re trans.,-,3135,
20260725 15:37:59.327,24.829151,102.843199,19.80,1928,3,1,0.00,0.00,,,,,,,1,SA,460,00,中国移动,4456484,6443503628,1573121,12,Normal,-,1,41,100,100,504990,-,741,513000,513000,30kHz,503172,1099,-,ms20,Connected,SA,-0.8,-2,1,-60,88,-69.8,-10.7,20.6,5,Not Barred,6,6312,-33,504990,741,-70.8;-82.6;-84.6;-76.6,-,21.7;8.9;12.3;1.1,16.3;13.3;255;255,-33;-46,7;5;6;7;4;5;2;1;0,742;741;741;741;741;664;475;8;944,-81.8;-69.7;-78.1;-82.2;-81.8;-86.9;-82.5;-80.9;-108.7,-12.9;-10.7;-10.5;-12.6;-11.3;-19.5;-15.3;-13;-23.2,255;255;255;255;255;255;255;255;255,1;0;0;0;0;0,504990;504990;504990;504990;504990;504990,741;8;742;475;664;944,5;1;7;2;5;0,-,4;1;1;1;1;1,-69.8;-80.2;-83.6;-83.8;-86.5;-108.7,-10.7;-13.2;-13.6;-14.7;-19.4;-23.2,20.6;255;255;255;255;255,0.6,4,0,QPSK,-,100,0,0,0,0.00,0.00,0.02,0.03,0,2,Rank 1,24,712,28,69,-,69,10,21.9,31,25,256QAM,0,SMDL,0,0,37.9,0.00,0.00,0.08,0.69,Rank 2,4,116,112,-,2 x 2,HandOver,15938,Free,17,FORMAT_0,232,127,Success,15938,4,-,9,-5,-15,-,112,-,9,19,-,-,-,-,-,-,-,-,-,-,-,-,-,Registered,Normal Service,9,269,18,D4A654C1,138,19,30kHz,768,-,4,1,-,-,New trans.,0,0,256QAM,76,1,15938,114,3,0,0,Pass,1,QPSK,0,16,1,0,15,30kHz,Re trans.,-,3135,
20260725 15:38:00.335,24.829149,102.843248,18.72,1928,3,1,0.00,0.00,,,,,,,1,SA,460,00,中国移动,4456484,6443507724,1573122,12,Normal,-,1,41,100,100,504990,-,741,513000,513000,30kHz,503172,1099,-,ms20,Connected,SA,-0.8,-1,1,-60,92,-73.6,-10.8,12.4,5,Not Barred,6,6312,-38.5,504990,741,-73.5;-76;-82.1;-77.3,-,10.7;9.3;255;255,14.6;10.6;255;255,-38.5;-43.1,7;5;6;7;4;5;2;2,742;741;741;741;741;664;475;8,-83.8;-72.6;-79.3;-81.6;-83.3;-119.6;-80.2;-79.5,-14;-10.7;-10.8;-13.7;-11.7;-30.2;-14;-13.4,255;255;255;255;255;255;255;255,1;0;0;0;0,504990;504990;504990;504990;504990,741;8;475;742;664,5;2;2;7;5,-,4;1;1;1;1,-73.6;-80.8;-82;-84.3;-119.6,-10.8;-13;-13.2;-14.6;-30.2,12.4;255;255;255;255,0,0,0,QPSK,-,100,0,0,0,0.00,0.00,0.00,0.00,0,1,Rank 1,16,32,3,69,-,69,10,19.5,23,19,64QAM,0,SMDL,0,0,61.1,0.00,0.00,0.08,0.16,Rank 2,4,288,56,-,2 x 2,HandOver,15938,Free,17,FORMAT_0,232,127,Success,15938,4,-,7,5,-15,-,56,-,1,2,-,-,-,-,-,-,-,-,-,-,-,-,-,Registered,Normal Service,9,269,18,D4A654C1,335,19,30kHz,800,-,4,1,-,-,New trans.,0,0,256QAM,76,0,15938,332,13,0,0,Pass,1,QPSK,0,16,1,0,15,30kHz,Re trans.,-,138,
20260725 15:38:01.347,24.829157,102.843297,18.90,1928,3,1,0.00,0.00,,,,,,,1,SA,460,00,中国移动,4456484,6443507724,1573122,12,Normal,-,1,41,100,100,504990,-,741,513000,513000,30kHz,503172,1099,-,ms20,Connected,SA,-0.8,-2,1,-60,93,-75.2,-11.2,8.7,5,Not Barred,6,6312,-36.9,504990,741,-73.5;-82.4;-88.2;-86.8,-,8.7;5.8;5.2;-5,14.4;11.8;8.2;7.4,-36.9;-54.4;-43.6;-41.5,7;5;6;7;4;2;2;5,742;741;741;741;741;8;475;664,-82.1;-74.6;-77.3;-81.7;-85.3;-76.8;-76.8;-92,-13.6;-11.1;-10.7;-13.4;-12.4;-13.3;-13.4;-19.8,255;255;255;255;255;255;255;255,1;0;0;0;0,504990;504990;504990;504990;504990,741;8;475;742;664,5;2;2;7;5,-,4;1;1;1;1,-75.2;-78.1;-78.8;-82.9;-92,-11.2;-12.8;-12.7;-14.1;-19.8,8.7;255;255;255;255,0.7,4,0,QPSK,-,100,0,0,0,0.00,0.00,0.00,0.00,0,1,Rank 1,16,228,13,69,-,69,10,19.4,22,20,256QAM,0,SMDL,0,0,45.5,0.00,0.00,0.02,0.41,Rank 2,4,352,103,-,4 x 4,HandOver,15938,Free,17,FORMAT_0,232,127,Success,15938,4,-,9,8,-15,-,103,-,1,13,-,-,-,-,-,-,-,-,-,-,-,-,-,Registered,Normal Service,9,269,18,D4A654C1,437,9,30kHz,768,-,4,1,-,-,New trans.,0,0,256QAM,75,1,15938,412,11,0,0,Pass,0,QPSK,0,16,1,0,15,30kHz,Re trans.,-,1073,
20260725 15:38:02.359,24.829166,102.843345,18.25,1928,3,1,0.00,0.00,,,,,,,1,SA,460,00,中国移动,4456484,6443507724,1573122,12,Normal,-,1,41,100,100,504990,-,741,513000,513000,30kHz,503172,1099,-,ms20,Connected,SA,-0.8,-2,1,-60,95,-76.4,-11.4,11.9,5,Not Barred,6,6312,-35,504990,741,-69.9;-80.8;-89.4;-79.3,-,8;8.8;255;255,14.4;12.7;255;255,-35;-43.5,7;5;6;7;4;2;2;5,742;741;741;741;741;8;475;664,-81.5;-75.8;-79.8;-79.6;-85.6;-79.7;-76.4;-119.3,-14.4;-11.4;-10.9;-12.6;-12.1;-13;-12.4;-29.3,255;255;255;255;255;255;255;255,1;0;0;0;0,504990;504990;504990;504990;504990,741;475;8;742;664,5;2;2;7;5,-,4;1;1;1;1,-76.4;-78.3;-80.4;-83;-119.3,-11.4;-12.2;-13;-13.9;-29.3,11.9;255;255;255;255,0.7,4,0,QPSK,-,100,0,0,0,0.00,0.00,0.01,0.01,7.1,1,Rank 1,16,228,14,69,-,69,10,20.6,25,19,256QAM,0,SMDL,0,0,42.2,0.00,0.00,0.00,0.50,Rank 2,4,180,76,-,2 x 2,HandOver,15938,Free,17,FORMAT_0,232,127,Success,15938,4,-,10,6,-15,-,76,-,1,13,-,-,-,-,-,-,-,-,-,-,-,-,-,Registered,Normal Service,9,269,18,D4A654C1,488,18,30kHz,944,-,4,1,-,-,New trans.,0,0,256QAM,76,1,15938,463,13,0,0,Pass,0,QPSK,0,16,1,0,15,30kHz,Re trans.,-,1073,
20260725 15:38:03.367,24.829181,102.843394,19.37,1928,3,1,0.00,0.00,,,,,,,1,SA,460,00,中国移动,4456484,6443507724,1573122,12,Normal,-,1,41,100,100,504990,-,741,513000,513000,30kHz,503172,1099,-,ms20,Connected,SA,-0.8,-1,1,-60,95,-77.5,-11.2,11.6,5,Not Barred,6,6312,-34.9,504990,741,-75.2;-83.8;-91.3;-87.4,-,16.7;12.2;5.6;-0.5,17.5;10.8;255;255,-34.9;-43.4,0;5;7;6;4;2;2;5;4,742;741;741;741;741;8;475;664;700,-81;-78.2;-75.9;-79.8;-85.2;-82;-84.2;-94.4;-127.4,-11.6;-11.1;-11.6;-10.8;-12.1;-13.5;-14.1;-22.4;-30.4,255;255;255;255;255;255;255;255;255,1;0;0;0;0;0,504990;504990;504990;504990;504990;504990,741;742;8;475;664;700,5;0;2;2;5;4,-,4;1;1;1;1;1,-77.5;-81.4;-82.6;-85.2;-94.4;-127.4,-11.2;-13.3;-13.3;-13.6;-22.4;-30.4,11.6;255;255;255;255;255,2.7,28,0,QPSK,-,100,0,0,0,0.00,0.00,0.01,0.01,0,1,Rank 1,17,240,1,66,-,66,10,20.9,31,21,256QAM,0,SMDL,0,0,17.2,0.00,0.00,0.00,0.27,Rank 2,4,232,27,-,2 x 2,HandOver,15938,Free,17,FORMAT_0,232,127,Success,15938,4,-,7,7,-15,-,27,-,1,1,-,-,-,-,-,-,-,-,-,-,-,-,-,Registered,Normal Service,9,269,18,D4A654C1,641,19,30kHz,800,-,4,1,-,-,New trans.,0,0,256QAM,59,0,15938,608,13,0,0,Pass,1,QPSK,28,32,2,0,15,30kHz,New trans.,-,1598,
20260725 15:38:04.381,24.829197,102.843443,18.50,1928,3,1,0.00,0.00,,,,,,,1,SA,460,00,中国移动,4456484,6677397517,1630224,13,Normal,-,1,41,100,100,504990,-,8,513000,513000,30kHz,503172,1099,-,ms20,Connected,SA,-0.8,1,2,-60,94,-75.2,-11.1,8.5,2,Not Barred,6,6312,-37.9,504990,8,-82.8;-87.1;-86.6;-90.8,-,9.9;5.1;3.3;-8.4,8.4;8.5;6.5;7.3,-37.9;-52.5;-48.1;-45.9,0;5;2;1;0;4;5;4,742;741;8;8;8;8;475;700,-83.7;-76.8;-74.8;-75.5;-86;-125.1;-102.1;-142.3,-13.4;-10.9;-11.1;-11.1;-14.5;-31.4;-22.8;-37.3,255;255;255;255;255;255;255;255,1;0;0;0;0,504990;504990;504990;504990;504990,8;741;742;475;700,2;5;0;5;4,-,4;1;1;1;1,-75.2;-76.3;-82.2;-86.8;-142.3,-11.1;-11;-14.1;-14.9;-37.3,8.5;255;255;255;255,4.3,28,0,QPSK,-,100,0,0,0,0.00,0.00,0.00,0.00,14.3,1,Rank 3,18,132,7,69,-,69,10,19,22,19,64QAM,0,SMSL,1.5,0,67.7,0.00,0.00,0.00,0.35,Rank 1,4,260,83,-,4 x 4,HandOver,44258,Free,17,FORMAT_0,726,57,Success,44258,7,-,16,1,-9,-,83,-,1,6,-,-,-,-,-,-,-,-,-,-,-,-,-,Registered,Normal Service,9,269,18,D4A654C1,746,8,30kHz,560,-,4,1,-,-,New trans.,0,0,64QAM,195,1,44258,746,12,0,0,Pass,1,QPSK,0,16,1,0,15,30kHz,Re trans.,-,428,
20260725 15:38:05.393,24.829208,102.843489,17.28,1928,3,1,0.00,0.00,,,,,,,1,SA,460,00,中国移动,4456484,6443507724,1573122,12,Normal,-,1,41,100,100,504990,-,8,513000,513000,30kHz,503172,1099,-,ms20,Connected,SA,-0.8,0,2,-60,91,-77.4,-11.2,6.5,2,Not Barred,6,6312,-37,504990,8,-76.8;-88;-92.5;-86.1,-,6.5;2.9;0.9;-0.6,7.2;6.9;5.8;3.8,-37;-55.4;-43.9;-45.6,0;5;2;1;0;2;5,742;741;8;8;8;475;664,-79.3;-80.9;-76.6;-78.1;-86;-86;-95.5,-11.8;-11.6;-11;-11.5;-17.5;-15.7;-19.4,255;255;255;255;255;255;255,1;0;0;0;0,504990;504990;504990;504990;504990,8;741;742;475;664,2;5;0;2;5,-,3;1;1;1;1,-77.4;-74.2;-79.7;-87.8;-95.5,-11.2;-10.9;-13.3;-13.9;-19.4,6.5;255;255;255;255,4.3,28,0,QPSK,-,100,0,0,0,0.00,0.00,0.00,0.00,5,1,Rank 1,18,132,21,269,-,269,8,18,30,15,64QAM,0,SMDL,1.2,0,91.8,0.00,0.00,0.01,0.35,Rank 2,4,340,95,-,4 x 4,HandOver,44258,Free,17,FORMAT_0,726,57,Success,44258,7,-,13,6,-9,-,95,-,2,19,-,-,-,-,-,-,-,-,-,-,-,-,-,Registered,Normal Service,9,269,18,D4A654C1,792,8,30kHz,560,-,4,1,-,-,-,0,0,64QAM,195,1,44258,772,12,0,2,Pass,1,QPSK,2,48,1,0,0,30kHz,Re trans.,-,428,
20260725 15:38:06.408,24.829220,102.843539,18.04,1928,3,1,0.00,0.00,,,,,,,1,SA,460,00,中国移动,4456484,6677397517,1630224,13,Normal,-,1,41,100,100,504990,-,8,513000,513000,30kHz,503172,1099,-,ms20,Connected,SA,-0.8,0,2,-60,89,-70.4,-10.9,11.9,2,Not Barred,6,6312,-31.6,504990,8,-67.1;-79.7;-81.5;-87,-,2.3;-1.6;5.5;1.1,11.8;8;8.1;7.4,-31.6;-45.3;-43.4;-46.5,0;7;2;1;0;6;3;5,742;741;8;8;8;8;475;664,-77.8;-75.5;-69.5;-73.8;-81.6;-87.1;-84.3;-112.2,-12;-11.9;-10.8;-11;-15.5;-16.7;-12.4;-27.2,255;255;255;255;255;255;255;255,1;0;0;0;0,504990;504990;504990;504990;504990,8;741;742;475;664,2;7;0;3;5,-,4;1;1;1;1,-70.4;-76.6;-78.3;-84.3;-112.2,-10.9;-11.3;-12.4;-14.8;-27.2,11.9;255;255;255;255,1.9,28,0,QPSK,-,100,0,0,0,0.00,0.00,0.02,0.02,0,4,Rank 2,20,440,1,76,-,76,12,18.8,21,20,64QAM,0,SMDL,0,0,50,0.00,0.00,0.05,0.35,Rank 2,4,72,30,-,4 x 4,HandOver,44258,Free,17,FORMAT_0,726,57,Success,44258,7,-,14,1,-9,-,30,-,1,19,-,-,-,-,-,-,-,-,-,-,-,-,-,Registered,Normal Service,9,269,18,D4A654C1,943,8,30kHz,656,-,4,1,-,-,New trans.,0,0,64QAM,195,1,44258,925,14,0,0,Pass,0,QPSK,28,32,4,0,15,30kHz,New trans.,-,2648,
20260725 15:38:07.420,24.829228,102.843583,16.06,1928,3,1,0.00,0.00,,,,,,,1,SA,460,00,中国移动,4456484,6677397517,1630224,13,Normal,-,1,41,100,100,504990,-,8,513000,513000,30kHz,503172,1099,-,ms20,Connected,SA,-0.8,-1,2,-60,91,-72.6,-11.1,3.6,2,Not Barred,6,6312,-36.9,504990,8,-75.8;-91.1;-88;-85,-,3.6;-4.2;2.6;0.5,9;9.5;9.4;10.3,-36.9;-51;-44.3;-45.4,0;7;2;1;0;6;3,742;741;8;8;8;8;475,-77.2;-73.9;-71.4;-74.9;-83.3;-102;-87.6,-11.4;-11.5;-10.8;-11.1;-15.5;-22.9;-12.4,255;255;255;255;255;255;255,1;0;0;0,504990;504990;504990;504990,8;741;742;475,2;7;0;2,-,4;1;1;1,-72.6;-75.6;-78.9;-85.1,-11.1;-11;-13.6;-13.3,3.6;255;255;255,7.3,28,0,QPSK,-,100,0,0,0,0.00,0.00,0.00,0.00,50,1,Rank 1,20,164,8,14,-,14,8,18.9,31,19,64QAM,0,SMDL,0,0,91.9,0.00,0.00,0.01,0.10,Rank 2,4,344,102,-,4 x 4,HandOver,44258,Free,17,FORMAT_0,726,57,Success,44258,7,-,15,3,-9,-,102,-,1,8,-,-,-,-,-,-,-,-,-,-,-,-,-,Registered,Normal Service,9,269,18,D4A654C1,1,8,30kHz,800,-,4,1,-,-,New trans.,0,0,256QAM,195,1,44258,1,12,0,4,Pass,0,QPSK,0,20,1,0,0,30kHz,Re trans.,-,541,
20260725 15:38:08.427,24.829226,102.843626,15.23,1928,3,1,0.00,0.00,,,,,,,1,SA,460,00,中国移动,4456484,6677397517,1630224,13,Normal,-,1,41,100,100,504990,-,8,513000,513000,30kHz,503172,1099,-,ms20,Connected,SA,-0.8,0,2,-60,93,-72.2,-10.9,9.2,2,Not Barred,6,6312,-36.5,504990,8,-73;-85;-87.7;-75.3,-,1.7;5.9;255;255,17.8;17;255;255,-36.5;-43.3,7;7;2;1;0;6;3,742;741;8;8;8;8;475,-78.5;-72.6;-71;-74.2;-82.6;-112.6;-88.6,-17.3;-11.1;-10.7;-11;-15.3;-26.7;-12.7,255;255;255;255;255;255;255,1;0;0;0,504990;504990;504990;504990,8;741;742;475,2;7;7;3,-,4;1;1;1,-72.2;-73.5;-77.5;-89.1,-10.9;-11;-13.5;-15.5,9.2;255;255;255,7.3,28,0,QPSK,-,100,0,0,0,0.00,0.00,0.00,0.00,0,1,Rank 1,20,164,8,14,-,14,9,22.9,31,23,256QAM,0,SMDL,0,0,22.9,0.00,0.00,0.05,0.44,Rank 2,4,192,102,-,2 x 2,HandOver,44258,Free,17,FORMAT_0,726,57,Success,44258,7,-,15,5,-9,-,102,-,1,8,-,-,-,-,-,-,-,-,-,-,-,-,-,Registered,Normal Service,9,269,18,D4A654C1,68,18,30kHz,800,-,4,1,-,-,New trans.,0,0,256QAM,195,1,44258,65,12,0,4,Pass,0,QPSK,0,20,1,0,0,30kHz,Re trans.,-,541,
20260725 15:38:09.438,24.829212,102.843665,15.34,1928,3,1,0.00,0.00,,,,,,,1,SA,460,00,中国移动,4456484,6677397517,1630224,13,Normal,-,1,41,100,100,504990,-,8,513000,513000,30kHz,503172,1099,-,ms20,Connected,SA,-0.8,0,2,-60,89,-71,-10.8,10.5,2,Not Barred,6,6312,-37.5,504990,8,-70.4;-82.1;-77.2;-71.2,-,9;-3.3;255;255,5.1;6.5;255;255,-37.5;-45,7;7;2;1;0;4;3,742;741;8;8;8;8;475,-78.9;-70.8;-69.6;-73.3;-80.9;-99.8;-86.9,-17.8;-11.3;-10.6;-10.9;-15.7;-20.6;-11.9,255;255;255;255;255;255;255,1;0;0;0,504990;504990;504990;504990,8;741;742;475,2;7;7;3,-,4;1;1;1,-71;-71.7;-77.9;-87.8,-10.8;-11;-14.4;-14,10.5;255;255;255,0.8,3,0,QPSK,-,100,0,0,0,0.00,0.00,0.00,0.00,0,2,Rank 1,17,68,3,14,-,14,10,20.7,31,25,256QAM,0,SMDL,0,0,38.5,0.00,0.00,0.05,0.30,Rank 2,4,552,50,-,2 x 2,HandOver,44258,Free,17,FORMAT_0,726,57,Success,44258,7,-,13,0,-9,-,50,-,2,1,-,-,-,-,-,-,-,-,-,-,-,-,-,Registered,Normal Service,9,269,18,D4A654C1,216,8,30kHz,848,-,4,1,-,-,New trans.,0,0,256QAM,191,1,44258,193,12,0,4,Pass,0,QPSK,0,20,1,0,0,30kHz,Re trans.,-,309,
20260725 15:38:10.450,24.829187,102.843695,15.44,1928,3,1,0.00,0.00,,,,,,,1,SA,460,00,中国移动,4456484,6677397517,1630224,13,Normal,-,1,41,100,100,504990,-,8,513000,513000,30kHz,503172,1099,-,ms20,Connected,SA,-0.8,-1,2,-60,89,-72.1,-10.7,18.4,2,Not Barred,6,6312,-36.8,504990,8,-72.3;-73.1;-80.9;-83.5,-,6.8;21.2;255;255,10.3;14.6;255;255,-42.6;-36.8,0;7;2;1;0;6;3,742;741;8;8;8;8;475,-84.1;-73;-70.6;-74.5;-78.5;-90.5;-86.3,-15.8;-11.2;-10.6;-10.6;-12.1;-18.3;-13.1,255;255;255;255;255;255;255,1;0;0;0,504990;504990;504990;504990,8;741;742;475,2;7;0;3,-,4;1;1;1,-72.1;-73.8;-83.6;-86.4,-10.7;-11;-16.2;-13.8,18.4;255;255;255,3.3,11,3,QPSK,-,76.9,15.4,7.7,0,0.06,0.06,0.00,0.00,0,2,Rank 1,26,340,13,106,-,106,10,23.7,31,23,256QAM,0,SMDL,0,0,3.3,0.04,0.04,0.04,0.81,Rank 2,4,240,141,-,2 x 2,HandOver,44258,Free,17,FORMAT_0,726,57,Success,44258,7,-,13,1,-9,-,141,-,1,12,-,-,-,-,-,-,-,-,-,-,-,-,-,Registered,Normal Service,9,269,18,D4A654C1,326,18,30kHz,656,-,4,1,-,-,New trans.,0,0,64QAM,191,1,44258,314,4,0,0,Pass,1,QPSK,28,32,2,0,15,30kHz,New trans.,-,11202,
20260725 15:38:11.460,24.829153,102.843714,16.16,1928,3,1,0.00,0.00,,,,,,,1,SA,460,00,中国移动,4456484,6677397517,1630224,13,Normal,-,1,41,100,100,504990,-,8,513000,513000,30kHz,503172,1099,-,ms20,Connected,SA,-0.8,0,2,-60,93,-75.3,-10.7,10.4,2,Not Barred,6,6312,-41.3,504990,8,-81.4;-79.1;-79.7;-91.9,-,4.1;11.8;255;255,9.9;16.3;255;255,-41.3;-43,7;5;2;1;0;6;3,742;741;8;8;8;8;475,-77.8;-77.7;-74.8;-76.6;-84.5;-114.8;-89.3,-13.1;-10.6;-10.7;-10.8;-12.9;-28.5;-13.5,255;255;255;255;255;255;255,1;0;0;0,504990;504990;504990;504990,8;742;741;475,2;7;5;3,-,4;1;1;1,-75.3;-77.4;-78.5;-90.5,-10.7;-12.4;-11.4;-14.4,10.4;255;255;255,5.5,28,1,QPSK,-,100,0,0,0,0.00,0.00,0.09,0.09,33.3,2,Rank 1,18,112,3,66,-,66,9,21,31,20,256QAM,0,SMDL,0,0,26.3,0.00,0.00,0.09,0.40,Rank 2,4,700,87,-,2 x 2,HandOver,44258,Free,17,FORMAT_0,726,57,Success,44258,7,-,14,7,-9,-,87,-,1,3,-,-,-,-,-,-,-,-,-,-,-,-,-,Registered,Normal Service,9,269,18,D4A654C1,432,18,30kHz,656,-,4,1,-,-,New trans.,0,0,64QAM,191,1,44258,425,4,0,0,Pass,0,QPSK,1,16,2,0,15,30kHz,Re trans.,-,533,
20260725 15:38:12.468,24.829112,102.843722,17.93,1928,3,1,0.00,0.00,,,,,,,1,SA,460,00,中国移动,4456484,6677397517,1630224,13,Normal,-,1,41,100,100,504990,-,8,513000,513000,30kHz,503172,1099,-,ms20,Connected,SA,-0.8,0,2,-60,84,-67.9,-10.4,19.5,2,Not Barred,6,6312,-30.6,504990,8,-66.2;-68.5;-75.6;-83.5,-,13.2;20.5;255;255,12.1;15.7;255;255,-30.6;-31.8,7;7;2;1;0;6;3;5,742;741;8;8;8;8;475;664,-76;-72.5;-66.3;-70.4;-77.4;-84.8;-89.1;-113.9,-13.7;-12.7;-10.4;-10.4;-10.8;-17.2;-13.2;-28.5,255;255;255;255;255;255;255;255,1;0;0;0;0,504990;504990;504990;504990;504990,8;741;742;475;664,2;7;7;3;5,-,4;1;1;1;1,-67.9;-74.4;-76.2;-89.9;-113.9,-10.4;-11.8;-14;-14.4;-28.5,19.5;255;255;255;255,5.5,28,1,QPSK,-,100,0,0,0,0.00,0.00,0.00,0.00,0,2,Rank 1,18,112,5,69,-,69,9,17.5,31,16,64QAM,0,SMDL,0,0,81.4,0.00,0.00,0.06,1.06,Rank 2,4,560,183,-,2 x 2,HandOver,44258,Free,17,FORMAT_0,726,57,Success,44258,7,-,11,-1,-9,-,183,-,1,5,-,-,-,-,-,-,-,-,-,-,-,-,-,Registered,Normal Service,9,269,18,D4A654C1,518,18,30kHz,736,-,4,1,-,-,New trans.,0,0,64QAM,207,1,44258,493,13,0,0,Pass,1,QPSK,0,16,1,0,15,30kHz,Re trans.,-,533,
20260725 15:38:13.474,24.829066,102.843724,19.08,1928,3,1,0.00,0.00,,,,,,,1,SA,460,00,中国移动,4456484,6677397517,1630224,13,Normal,-,1,41,100,100,504990,-,741,513000,513000,30kHz,503172,1099,-,ms20,Connected,SA,-0.8,0,1,-60,85,-65.2,-11.5,12.6,7,Not Barred,6,6312,-28.5,504990,741,-64.5;-79.6;0;0,-,3.7;1.5;5.8;8.3,19.3;17.3;20.3;18.1,-28.5;-43.8;-35.5;-42.8,7;7;6;5;4;2;1,742;741;741;741;741;8;475,-70.5;-65.2;-73.9;-77.1;-83.6;-70.6;-84.6,-12.9;-11.5;-10.7;-10.7;-12.6;-10.6;-19.9,255;255;255;255;255;255;255,1;0;0;0,504990;504990;504990;504990,741;742;8;475,7;7;2;1,-,4;1;1;1,-65.2;-70.5;-71.9;-85.6,-11.5;-12.9;-10.6;-15.7,12.6;255;255;255,0,0,0,QPSK,-,100,0,0,0,0.00,0.00,0.00,0.00,0,1,Rank 3,16,64,3,20,-,20,11,19.2,31,20,64QAM,0,SMDL,0,0,61.1,0.00,0.00,0.06,0.70,Rank 2,4,288,108,-,4 x 4,HandOver,14756,Free,17,FORMAT_0,232,127,Success,14756,4,-,19,-10,-18,-,108,-,1,3,-,-,-,-,-,-,-,-,-,-,-,-,-,Registered,Normal Service,9,269,18,D4A654C1,633,8,30kHz,992,-,4,1,-,-,New trans.,0,0,256QAM,36,0,14756,630,14,0,0,Pass,1,QPSK,0,16,1,0,14,30kHz,Re trans.,-,267,
20260725 15:38:14.486,24.829018,102.843715,20.20,1928,3,1,0.00,0.00,,,,,,,1,SA,460,00,中国移动,4456484,6677397517,1630224,13,Normal,-,1,41,100,100,504990,-,741,513000,513000,30kHz,503172,1099,-,ms20,Connected,SA,-0.8,3,1,-60,79,-61,-11.5,5.4,7,Not Barred,6,6312,-22.4,504990,741,-57.7;-71.2;-68.6;-73.4,-,2.7;5.3;2.7;1.4,22.4;21.6;23.4;23.1,-22.4;-36.9;-32.6;-29.9,7;7;6;5;4;2;3,742;741;741;741;741;8;475,-63.2;-60.1;-64.9;-72;-76.2;-72.9;-91.3,-15.3;-11.9;-10.5;-10.8;-11.5;-10.7;-16,255;255;255;255;255;255;255,1;0;0;0,504990;504990;504990;504990,741;742;8;475,7;7;2;3,-,4;1;1;1,-61;-63.2;-74.5;-91.3,-11.5;-15.3;-11.2;-16,5.4;255;255;255,2.1,28,0,QPSK,-,100,0,0,0,0.00,0.00,0.00,0.00,0,1,Rank 3,19,532,25,69,-,69,11,22.6,31,25,256QAM,0,SMDL,0.9,0,26.4,0.00,0.00,0.02,0.39,Rank 2,4,448,135,-,4 x 4,HandOver,14756,Free,17,FORMAT_0,232,127,Success,14756,4,-,6,-15,-18,-,135,-,3,22,-,-,-,-,-,-,-,-,-,-,-,-,-,Registered,Normal Service,9,269,18,D4A654C1,727,8,30kHz,992,-,4,1,-,-,New trans.,0,0,256QAM,40,2,14756,719,13,0,0,Pass,1,QPSK,0,16,1,0,15,30kHz,Re trans.,-,3017,
20260725 15:38:15.498,24.828968,102.843700,21.60,1928,3,1,0.00,0.00,,,,,,,1,SA,460,00,中国移动,4456484,6677397517,1630224,13,Normal,-,1,41,100,100,504990,-,741,513000,513000,30kHz,503172,1099,-,ms20,Connected,SA,-0.8,3,1,-60,77,-58.7,-11.4,6.2,7,Not Barred,6,6312,-19,504990,741,-57.2;-70.1;-61.9;-74.8,-,0.1;0.6;10.4;-1.4,25.5;26.4;21.8;24.8,-19;-38.6;-25.8;-29.5,7;7;6;5;4;2;3,742;741;741;741;741;8;475,-59.7;-57.7;-59.8;-67.6;-71.8;-76.2;-88.5,-14.1;-12.6;-10.4;-10.4;-10.6;-11.3;-15.9,255;255;255;255;255;255;255,1;0;0;0,504990;504990;504990;504990,741;742;8;475,7;7;2;3,-,4;1;1;1,-58.7;-59.7;-77.5;-88.5,-11.4;-14.1;-12;-15.9,6.2;255;255;255,2.1,28,0,QPSK,-,100,0,0,0,0.00,0.00,0.02,0.02,15.4,1,Rank 3,19,532,10,69,-,69,11,24.1,25,25,256QAM,0,SMDL,0,0,1.3,0.00,0.00,0.05,0.73,Rank 2,4,320,85,-,4 x 4,HandOver,14756,Free,17,FORMAT_0,232,127,Success,14756,4,-,4,-14,-18,-,85,-,3,10,-,-,-,-,-,-,-,-,-,-,-,-,-,Registered,Normal Service,9,269,18,D4A654C1,822,8,30kHz,848,-,4,1,-,-,New trans.,0,0,256QAM,40,1,14756,797,14,0,0,Pass,0,QPSK,0,16,1,0,15,30kHz,Re trans.,-,3017,
20260725 15:38:16.509,24.828918,102.843681,22.07,1928,3,1,0.00,0.00,,,,,,,1,SA,460,00,中国移动,4456484,6443507724,1573122,12,Normal,-,1,41,100,100,504990,-,741,513000,513000,30kHz,503172,1099,-,ms20,Connected,SA,-0.8,4,1,-60,76,-57.1,-11.2,26.5,6,Not Barred,6,6312,-23.3,504990,741,-57.5;-63.6;-77.1;-64,-,25.2;18.4;23.7;19.2,26.6;25.3;26.6;23.7,-23.3;-40.9;-28.4;-28.8,7;6;7;5;4;2;3,742;741;741;741;741;8;475,-58.1;-56.8;-57.6;-66.3;-69.8;-74.2;-89.6,-13.9;-10.4;-12.1;-10.4;-10.5;-13.6;-20.4,255;255;255;255;255;255;255,1;0;0;0,504990;504990;504990;504990,741;742;8;475,6;7;2;3,-,4;1;1;1,-57.1;-58.1;-75.4;-89.7,-11.2;-13.9;-14;-20.7,26.5;255;255;255,7.4,28,2,QPSK,-,100,0,0,0,0.00,0.00,0.01,0.01,16.7,3,Rank 3,19,176,1,145,-,145,10,24.8,31,25,256QAM,0,SMDL,0,0,0,0.00,0.00,0.03,0.58,Rank 2,4,196,39,-,4 x 4,HandOver,14756,Free,17,FORMAT_0,232,127,Success,14756,4,-,-1,-14,-18,-,39,-,3,1,-,-,-,-,-,-,-,-,-,-,-,-,-,Registered,Normal Service,9,269,18,D4A654C1,933,9,30kHz,992,-,4,1,-,-,New trans.,0,0,256QAM,25,2,14756,932,0,0,0,Pass,1,QPSK,2,16,3,0,15,30kHz,Re trans.,-,1556,
20260725 15:38:17.521,24.828815,102.843648,20.92,1928,3,1,0.00,0.00,,,,,,,1,SA,460,00,中国移动,4456484,6443507724,1573122,12,Normal,-,1,41,100,100,504990,-,741,513000,513000,30kHz,503172,1099,-,ms20,Connected,SA,-0.8,4,1,-60,73,-52.2,-11.8,30.4,6,Not Barred,6,6312,-15.5,504990,741,-51;-59.1;-80.4;-63.4,-,31.1;33;14.1;28.4,30.2;30.1;17.2;27.1,-15.5;-43;-24.1;-28.5,7;6;7;5;4;0,742;741;741;741;741;8,-52.4;-50.9;-54.1;-61.3;-65;-84.3,-12.8;-10.4;-14;-10.5;-10.5;-19.4,255;255;255;255;255;255,1;0;0,504990;504990;504990,741;742;8,6;7;0,-,4;1;1,-52.2;-52.4;-81.1,-11.8;-12.8;-18.8,30.4;255;255,7.4,28,2,QPSK,-,100,0,0,0,0.00,0.00,0.01,0.01,0,3,Rank 1,19,176,1,145,-,145,10,24.8,31,25,256QAM,0,SMDL,0,0,2.3,0.00,0.00,0.00,0.36,Rank 2,4,176,39,-,4 x 4,HandOver,14756,Free,17,FORMAT_0,232,127,Success,14756,4,-,-1,-21,-18,-,39,-,3,1,-,-,-,-,-,-,-,-,-,-,-,-,-,Registered,Normal Service,9,269,18,D4A654C1,957,19,30kHz,896,-,4,1,-,-,New trans.,0,0,256QAM,75,1,14756,932,0,0,0,Pass,1,QPSK,2,16,3,0,15,30kHz,Re trans.,-,1556,
20260725 15:38:18.527,24.828770,102.843636,17.24,1928,3,1,0.00,0.00,,,,,,,1,SA,460,00,中国移动,4456484,6443507724,1573122,12,Normal,-,1,41,100,100,504990,-,741,513000,513000,30kHz,503172,1099,-,ms20,Connected,SA,-0.8,5,1,-60,68,-48.4,-10.9,31.2,6,Not Barred,6,6312,-12.9,504990,741,-47.2;-56.9;-63.7;-58.3,-,33.4;32.8;255;255,29.7;29.6;255;255,-12.9;-22.4,7;6;7;5;4;2,742;741;741;741;741;8,-50.2;-47.9;-53.8;-60.3;-63.9;-73.9,-11.8;-10.4;-15.4;-10.8;-10.7;-16.6,255;255;255;255;255;255,1;0;0,504990;504990;504990,741;742;8,6;7;2,-,4;1;1,-48.4;-50.2;-73.7,-10.9;-11.8;-17.6,31.2;255;255,0.7,2,0,QPSK,-,100,0,0,0,0.00,0.00,0.00,0.00,0,2,Rank 1,16,116,8,14,-,14,10,23.2,31,22,256QAM,0,SMDL,0,0,8.6,0.00,0.00,0.00,0.31,Rank 2,4,140,81,-,2 x 2,HandOver,14756,Free,17,FORMAT_0,232,127,Success,14756,4,-,-2,-23,-18,-,81,-,1,7,-,-,-,-,-,-,-,-,-,-,-,-,-,Registered,Normal Service,9,269,18,D4A654C1,75,19,30kHz,848,-,4,1,-,-,New trans.,0,0,256QAM,25,1,14756,65,16,0,4,Pass,0,QPSK,0,20,1,0,0,30kHz,Re trans.,-,574,
20260725 15:38:19.536,24.828732,102.843631,14.40,1928,3,1,0.00,0.00,,,,,,,1,SA,460,00,中国移动,4456484,6443507724,1573122,12,Normal,-,1,41,100,100,504990,-,741,513000,513000,30kHz,503172,1099,-,ms20,Connected,SA,-0.8,4,1,-60,66,-46.7,-10.4,33.6,6,Not Barred,6,6312,-12,504990,741,-45.7;-53.1;-68.4;-59.5,-,33.9;32.5;23.9;25.2,28.5;29.1;255;255,-12;-18.9,7;6;7;5;4;2,742;741;741;741;741;8,-50;-46.7;-55.4;-60.4;-63.8;-72.2,-11.7;-10.4;-16.1;-11.1;-11;-17.7,255;255;255;255;255;255,1;0;0,504990;504990;504990,741;742;8,6;7;2,-,4;1;1,-46.7;-50;-72.8,-10.4;-11.7;-18.6,33.6;255;255,2.8,5,5,QPSK,-,50,50,0,0,0.00,0.00,0.00,0.00,0,2,Rank 1,17,68,1,106,-,106,10,23.9,25,25,256QAM,0,SMDL,0,0,0,0.00,0.00,0.04,0.22,Rank 2,4,64,36,-,2 x 2,HandOver,14756,Free,17,FORMAT_0,232,127,Success,14756,4,-,-6,-23,-18,-,36,-,1,7,-,-,-,-,-,-,-,-,-,-,-,-,-,Registered,Normal Service,9,269,18,D4A654C1,209,18,30kHz,944,-,4,1,-,-,New trans.,0,0,256QAM,75,1,14756,206,0,0,0,Pass,1,QPSK,2,16,2,0,14,30kHz,Re trans.,-,602,
20260725 15:38:20.547,24.828698,102.843624,12.35,1928,3,1,0.00,0.00,,,,,,,1,SA,460,00,中国移动,4456484,6443507724,1573122,12,Normal,-,1,41,100,100,504990,-,741,513000,513000,30kHz,503172,1099,-,ms20,Connected,SA,-0.8,5,1,-60,68,-49.9,-10.4,32.9,6,Not Barred,6,6312,-17.4,504990,741,-52.2;-54.5;-66.8;-55.5,-,32.9;27.9;255;255,24;26.8;255;255,-17.4;-20.1,7;6;7;5;4;2;3,742;741;741;741;741;8;475,-53.3;-49.9;-63.4;-65.6;-69.1;-71.7;-82.1,-11;-10.4;-18.5;-12.1;-11.8;-14.2;-20.3,255;255;255;255;255;255;255,1;0;0;0,504990;504990;504990;504990,741;742;8;475,6;7;2;3,-,4;1;1;1,-49.9;-53.3;-73;-82.1,-10.4;-11;-15.6;-20.3,32.9;255;255;255,5.4,29,0,QPSK,-,76.2,14.3,9.5,0,0.00,0.00,0.00,0.00,9.1,1,Rank 1,25,544,23,69,-,69,10,24.6,25,25,256QAM,0,SMDL,0,0,0,0.01,0.01,0.03,0.11,Rank 2,4,608,151,-,2 x 2,HandOver,14756,Free,17,FORMAT_0,232,127,Success,14756,4,-,-7,-22,-18,-,151,-,1,23,-,-,-,-,-,-,-,-,-,-,-,-,-,Registered,Normal Service,9,269,18,D4A654C1,311,9,30kHz,992,-,4,1,-,-,New trans.,0,0,256QAM,76,1,14756,286,14,0,0,Pass,1,QPSK,0,16,1,0,15,30kHz,Re trans.,-,9844,
20260725 15:38:21.560,24.828669,102.843616,11.38,1928,3,1,0.00,0.00,,,,,,,1,SA,460,00,中国移动,4456484,6443507724,1573122,12,Normal,-,1,41,100,100,504990,-,741,513000,513000,30kHz,503172,1099,-,ms20,Connected,SA,-0.8,5,1,-60,68,-46.9,-10.4,33.4,6,Not Barred,6,6312,-13,504990,741,-47.6;-54.8;-67.5;-54.4,-,33.7;30.9;255;255,26.7;27.1;255;255,-13;-19.6,7;6;5;4;7;2;3,742;741;741;741;741;8;475,-50.3;-46.9;-64.7;-68.2;-67.6;-76.4;-89.5,-10.7;-10.4;-12.9;-12.6;-19.4;-16.1;-24.1,255;255;255;255;255;255;255,1;0;0;0,504990;504990;504990;504990,741;742;8;475,6;7;2;3,-,4;1;1;1,-46.9;-50.3;-76.5;-89.5,-10.4;-10.7;-16.1;-24.1,33.4;255;255;255,5.4,29,0,QPSK,-,76.2,14.3,9.5,0,0.05,0.05,0.08,0.08,0,1,Rank 1,25,544,23,66,-,66,10,24.6,25,25,256QAM,0,SMDL,0,0,0,0.05,0.05,0.06,1.12,Rank 2,4,220,151,-,2 x 2,HandOver,14756,Free,17,FORMAT_0,232,127,Success,14756,4,-,-3,-24,-18,-,151,-,1,23,-,-,-,-,-,-,-,-,-,-,-,-,-,Registered,Normal Service,9,269,18,D4A654C1,346,19,30kHz,896,-,4,1,-,-,New trans.,0,0,256QAM,75,2,14756,317,13,0,0,Pass,0,QPSK,1,16,2,0,15,30kHz,Re trans.,-,9844,
20260725 15:38:22.571,24.828646,102.843604,9.65,1928,3,1,0.00,0.00,,,,,,,1,SA,460,00,中国移动,4456484,6443507724,1573122,12,Normal,-,1,41,100,100,504990,-,741,513000,513000,30kHz,503172,1099,-,ms20,Connected,SA,-0.8,4,1,-60,68,-48.5,-10.4,33.1,6,Not Barred,6,6312,-11.6,504990,741,-46.9;-57.6;-61.9;-65.6,-,34.4;30.7;255;255,27.3;27.7;255;255,-11.6;-21.9,7;6;7;5;2;2;3,742;741;741;741;741;8;475,-53.2;-48.5;-74;-69.2;-75.4;-78.3;-79.7,-10.8;-10.4;-19.2;-13.4;-14.3;-15.4;-19.4,255;255;255;255;255;255;255,1;0;0;0,504990;504990;504990;504990,741;742;8;475,6;7;2;3,-,4;1;1;1,-48.5;-53.2;-78.3;-79.7,-10.4;-10.8;-15.1;-19.4,33.1;255;255;255,5.4,29,0,QPSK,-,76.2,14.3,9.5,0,0.00,0.00,0.00,0.00,0,1,Rank 1,25,544,23,66,-,66,10,24.6,25,25,256QAM,0,SMDL,0,0,0,0.00,0.00,0.06,0.41,Rank 2,4,0,151,-,2 x 2,HandOver,14756,Free,17,FORMAT_0,232,127,Success,14756,4,-,-3,-22,-18,-,151,-,1,23,-,-,-,-,-,-,-,-,-,-,-,-,-,Registered,Normal Service,9,269,18,D4A654C1,346,19,30kHz,896,-,4,1,-,-,New trans.,0,0,256QAM,75,2,14756,317,13,0,0,Pass,0,QPSK,1,16,2,0,15,30kHz,Re trans.,-,9844,
20260725 15:38:23.585,24.828628,102.843589,8.64,1928,3,1,0.00,0.00,,,,,,,1,SA,460,00,中国移动,4456484,6443507724,1573122,12,Normal,-,1,41,100,100,504990,-,741,513000,513000,30kHz,503172,1099,-,ms20,Connected,SA,-0.8,4,1,-60,67,-47.7,-10.4,30.9,6,Not Barred,6,6312,-11.8,504990,741,-47.9;-59.6;-65.4;-56.6,-,30.9;23.1;255;255,28;23.8;255;255,-11.8;-26.1,7;6;5;4;0;2;3;3,742;741;741;741;741;8;475;743,-54.4;-47.7;-71.8;-76.3;-75.9;-73.9;-79.3;-87.9,-10.6;-10.4;-11.5;-13.5;-11.3;-11.3;-16.6;-14.7,255;255;255;255;255;255;255;255,1;0;0;0;0,504990;504990;504990;504990;504990,741;742;8;475;743,6;7;2;3;3,-,4;1;1;1;1,-47.7;-54.4;-74.9;-79.3;-87.9,-10.4;-10.6;-11.6;-16.6;-14.7,30.9;255;255;255;255,1,1,1,QPSK,-,100,0,0,0,0.00,0.00,0.00,0.00,0,2,Rank 1,16,32,2,66,-,66,10,25.2,31,25,256QAM,0,SMDL,0,0,0,0.00,0.00,0.06,0.00,Rank 2,4,96,65,-,2 x 2,HandOver,14756,Free,17,FORMAT_0,232,127,Success,14756,4,-,-8,-21,-18,-,65,-,1,2,-,-,-,-,-,-,-,-,-,-,-,-,-,Registered,Normal Service,9,269,18,D4A654C1,614,8,30kHz,992,-,4,1,-,-,New trans.,0,0,256QAM,51,1,14756,605,13,0,0,Pass,0,QPSK,1,16,2,0,15,30kHz,Re trans.,-,132,
20260725 15:38:24.595,24.828610,102.843572,9.29,1928,3,1,0.00,0.00,,,,,,,1,SA,460,00,中国移动,4456484,6443507724,1573122,12,Normal,-,1,41,100,100,504990,-,741,513000,513000,30kHz,503172,1099,-,ms20,Connected,SA,-0.8,5,1,-60,67,-48.5,-10.4,32.3,6,Not Barred,6,6312,-12.1,504990,741,-47.5;-59;-63.2;-67.3,-,32;23;255;255,28.2;25.7;255;255,-12.1;-26.1,7;6;5;0;7;1;3;3,742;741;741;741;741;8;475;743,-55.6;-48.5;-75.2;-76.8;-97.1;-80.7;-83;-91.9,-10.4;-10.4;-11.5;-11.4;-24.5;-12.4;-15.1;-19.6,255;255;255;255;255;255;255;255,1;0;0;0;0,504990;504990;504990;504990;504990,741;742;8;475;743,6;7;1;3;3,-,4;1;1;1;1,-48.5;-55.6;-80.7;-83.2;-91.9,-10.4;-10.4;-12.4;-15.3;-19.6,32.3;255;255;255;255,3,12,2,QPSK,-,83.3,0,16.7,0,0.00,0.00,0.00,0.00,0,2,Rank 1,14,85,6,69,-,69,10,24.7,25,25,256QAM,0,SMDL,0,0,0,0.00,0.00,0.00,0.18,Rank 2,4,208,55,-,2 x 2,HandOver,14756,Free,17,FORMAT_0,232,127,Success,14756,4,-,-8,-16,-18,-,55,-,1,5,-,-,-,-,-,-,-,-,-,-,-,-,-,Registered,Normal Service,9,269,18,D4A654C1,722,18,30kHz,992,-,4,1,-,-,New trans.,0,0,256QAM,36,1,14756,717,14,0,0,Pass,1,QPSK,0,16,1,0,15,30kHz,Re trans.,-,474,
20260725 15:38:25.602,24.828585,102.843551,13.68,1928,3,1,0.00,0.00,,,,,,,1,SA,460,00,中国移动,4456484,6443507724,1573122,12,Normal,-,1,41,100,100,504990,-,741,513000,513000,30kHz,503172,1099,-,ms20,Connected,SA,-0.8,5,1,-60,65,-46.2,-10.4,27.6,6,Not Barred,6,6312,-11.6,504990,741,-46.7;-57;-71.1;-58.7,-,26.9;23.9;255;255,28.9;26.9;255;255,-11.6;-22.9,7;6;7;5;4;2;3,742;741;741;741;741;8;475,-54.8;-46.2;-71.4;-68.5;-75.7;-80.7;-77.3,-10.7;-10.4;-15.4;-11;-14;-15.1;-12.1,255;255;255;255;255;255;255,1;0;0;0,504990;504990;504990;504990,741;742;475;8,6;7;3;2,-,4;1;1;1,-46.2;-54.8;-79.1;-81,-10.4;-10.7;-13.4;-13.8,27.6;255;255;255,3,12,2,QPSK,-,83.3,0,16.7,0,0.00,0.00,0.00,0.00,0,2,Rank 1,14,85,2,69,-,69,10,24.9,25,25,256QAM,0,SMDL,0,0,0,0.00,0.00,0.00,0.35,Rank 2,4,184,58,-,2 x 2,HandOver,14756,Free,17,FORMAT_0,232,127,Success,14756,4,-,-10,-16,-18,-,58,-,1,2,-,-,-,-,-,-,-,-,-,-,-,-,-,Registered,Normal Service,9,269,18,D4A654C1,817,9,30kHz,944,-,4,1,-,-,New trans.,0,0,256QAM,92,2,14756,797,14,0,0,Pass,1,QPSK,0,16,1,0,15,30kHz,Re trans.,-,474,
20260725 15:38:26.617,24.828553,102.843530,16.34,1928,3,1,0.00,0.00,,,,,,,1,SA,460,00,中国移动,4456484,6443507724,1573122,12,Normal,-,1,41,100,100,504990,-,741,513000,513000,30kHz,503172,1099,-,ms20,Connected,SA,-0.8,4,1,-60,77,-58,-10.4,28.7,6,Not Barred,6,6312,-27.6,504990,741,-60.9;-71.9;-78.2;-68.7,-,28.7;23.7;255;255,26.3;24.7;255;255,-27.6;-32.5,7;6;5;7;3;2;3,742;741;741;741;741;8;475,-66.6;-57.9;-69.2;-91.4;-79.6;-79.1;-78.1,-11.2;-10.4;-11.6;-24;-16.2;-13.4;-11.8,255;255;255;255;255;255;255,1;0;0;0,504990;504990;504990;504990,741;742;8;475,6;7;2;3,-,4;1;1;1,-58;-66.6;-79;-80,-10.4;-11.2;-13.2;-13,28.7;255;255;255,0,0,0,QPSK,-,100,0,0,0,0.00,0.00,0.00,0.00,0,1,Rank 1,17,68,7,225,-,225,10,24.5,31,25,256QAM,0,SMDL,0,0,0,0.00,0.00,0.01,0.44,Rank 2,4,244,63,-,2 x 2,HandOver,14756,Free,17,FORMAT_0,232,127,Success,14756,4,-,12,-7,-18,-,63,-,1,6,-,-,-,-,-,-,-,-,-,-,-,-,-,Registered,Normal Service,9,269,18,D4A654C1,916,9,30kHz,944,-,4,1,-,-,New trans.,0,0,256QAM,64,1,14756,909,13,0,0,Pass,0,QPSK,1,16,2,0,15,30kHz,Re trans.,-,221,
20260725 15:38:27.630,24.828512,102.843519,17.89,1928,3,1,0.00,0.00,,,,,,,1,SA,460,00,中国移动,4456484,6443507724,1573122,12,Normal,-,1,41,100,100,504990,-,741,513000,513000,30kHz,503172,1099,-,ms20,Connected,SA,-0.8,4,1,-60,79,-60.8,-10.4,27.1,6,Not Barred,6,6312,-23.6,504990,741,-59.3;-77;-76.8;-75.3,-,26.3;18.2;14.6;11.5,26.8;19.1;255;255,-23.6;-40.1,7;6;7;5;1;2;3,742;741;741;741;741;8;475,-71.3;-60.1;-73.3;-69.5;-79.8;-76.4;-77.8,-11.6;-10.4;-14.1;-10.8;-16.2;-12.3;-12.3,255;255;255;255;255;255;255,1;0;0;0,504990;504990;504990;504990,741;742;8;475,6;7;2;3,-,4;1;1;1,-60.8;-71.3;-76.1;-79.7,-10.4;-11.6;-12;-13.7,27.1;255;255;255,0,0,0,QPSK,-,100,0,0,0,0.01,0.00,0.01,0.01,0,1,Rank 1,17,68,7,512,-,512,10,24.6,31,25,256QAM,0,SMDL,0,0,0,0.03,0.03,0.01,0.31,Rank 2,4,168,63,-,2 x 2,HandOver,14756,Free,17,FORMAT_0,232,127,Success,14756,4,-,10,-1,-18,-,63,-,1,6,-,-,-,-,-,-,-,-,-,-,-,-,-,Registered,Normal Service,9,269,18,D4A654C1,970,19,30kHz,992,-,4,1,-,-,New trans.,0,0,256QAM,92,1,14756,931,11,0,0,Pass,0,16QAM,5,32,2,0,15,30kHz,Re trans.,-,221,
20260725 15:38:28.641,24.828467,102.843516,19.30,1928,3,1,0.00,0.00,,,,,,,1,SA,460,00,中国移动,4456484,6443507724,1573122,12,Normal,-,1,41,100,100,504990,-,741,513000,513000,30kHz,503172,1099,-,ms20,Connected,SA,-0.8,4,1,-60,79,-61.8,-10.4,27.6,6,Not Barred,6,6312,-18.6,504990,741,-60.1;-67.2;-78.2;-71.2,-,30.5;31;255;255,28.3;24.4;255;255,-18.6;-31.9,7;6;5;7;4;2;3,742;741;741;741;741;8;475,-75.7;-61;-66.9;-72.4;-74.9;-75;-80.5,-14.8;-10.4;-10.6;-12.5;-11.4;-11.9;-15.5,255;255;255;255;255;255;255,1;0;0;0,504990;504990;504990;504990,741;8;742;475,6;2;7;3,-,4;1;1;1,-61.8;-75;-75.9;-80.6,-10.4;-11.7;-14.7;-16.1,27.6;255;255;255,2.5,9,1,QPSK,-,66.7,33.3,0,0,0.00,0.00,0.01,0.01,0,1,Rank 1,18,224,7,14,-,14,10,24.9,25,25,256QAM,0,SMDL,0,0,0,0.00,0.00,0.03,0.07,Rank 2,4,40,45,-,2 x 2,HandOver,14756,Free,17,FORMAT_0,232,127,Success,14756,4,-,8,-4,-18,-,45,-,1,7,-,-,-,-,-,-,-,-,-,-,-,-,-,Registered,Normal Service,9,269,18,D4A654C1,88,9,30kHz,992,-,4,1,-,-,New trans.,0,0,256QAM,64,0,14756,65,16,0,4,Pass,0,QPSK,0,20,1,0,0,30kHz,Re trans.,-,2399,
20260725 15:38:29.651,24.828419,102.843525,20.20,1928,3,1,0.00,0.00,,,,,,,1,SA,460,00,中国移动,4456484,6443507724,1573122,12,Normal,-,1,41,100,100,504990,-,741,513000,513000,30kHz,503172,1099,-,ms20,Connected,SA,-0.8,4,1,-60,86,-64.3,-10.5,27.2,6,Not Barred,6,6312,-30.5,504990,741,-66.4;-65.6;-75.9;-62,-,24;27.2;255;255,22;20.8;255;255,-30.5;-44.9,7;6;5;4;7;1;3;4,742;741;741;741;741;8;475;664,-72.7;-64.2;-65.5;-75.6;-73.8;-69.9;-113.3;-132.5,-13.6;-10.4;-10.5;-11.1;-12.8;-10.8;-28.5;-35.5,255;255;255;255;255;255;255;255,1;0;0;0;0,504990;504990;504990;504990;504990,741;8;742;475;664,6;1;7;3;4,-,4;1;1;1;1,-64.3;-71.1;-72.7;-113.4;-132.5,-10.5;-11;-13.6;-28.6;-35.5,27.2;255;255;255;255,2.5,9,1,QPSK,-,66.7,33.3,0,0,0.00,0.00,0.00,0.00,0,1,Rank 1,18,224,4,69,-,69,10,24.9,31,25,256QAM,0,SMDL,0,0,0,0.00,0.00,0.01,0.33,Rank 2,4,180,47,-,2 x 2,HandOver,14756,Free,17,FORMAT_0,232,127,Success,14756,4,-,9,0,-18,-,47,-,2,2,-,-,-,-,-,-,-,-,-,-,-,-,-,Registered,Normal Service,9,269,18,D4A654C1,172,9,30kHz,896,-,4,1,-,-,New trans.,0,0,256QAM,88,2,14756,147,13,0,0,Pass,0,QPSK,0,16,1,0,15,30kHz,Re trans.,-,2399,
20260725 15:38:30.661,24.828371,102.843543,20.74,1928,3,1,0.00,0.00,,,,,,,1,SA,460,00,中国移动,4456484,6443507724,1573122,12,Normal,-,1,41,100,100,504990,-,741,513000,513000,30kHz,503172,1099,-,ms20,Connected,SA,-0.8,4,1,-60,83,-64.8,-10.4,24.7,6,Not Barred,6,6312,-26.8,504990,741,-64.5;-66.7;-80.1;-65.3,-,26.3;20.7;255;255,28.6;22.4;255;255,-26.8;-31.4,7;6;5;7;4;2;3;0,742;741;741;741;741;8;475;977,-77.7;-65.9;-66.6;-74.4;-76.1;-73.6;-134;-112.2,-15.3;-10.4;-10.5;-12.9;-11.1;-11.7;-34.9;-26.5,255;255;255;255;255;255;255;255,1;0;0;0;0,504990;504990;504990;504990;504990,741;8;742;977;475,6;2;7;0;3,-,4;1;1;1;1,-64.8;-73.8;-74.9;-112.2;-134.2,-10.4;-12;-14.2;-26.5;-34.7,24.7;255;255;255;255,0.3,1,0,QPSK,-,100,0,0,0,0.00,0.00,0.00,0.00,0,2,Rank 1,18,72,1,66,-,66,10,24.6,31,24,256QAM,0,SMDL,0,0,0,0.00,0.00,0.01,0.24,Rank 2,4,132,38,-,2 x 2,HandOver,14756,Free,17,FORMAT_0,232,127,Success,14756,4,-,7,-1,-18,-,38,-,2,1,-,-,-,-,-,-,-,-,-,-,-,-,-,Registered,Normal Service,9,269,18,D4A654C1,304,9,30kHz,944,-,4,1,-,-,New trans.,0,0,256QAM,88,1,14756,291,13,0,0,Pass,0,QPSK,1,16,2,0,15,30kHz,Re trans.,-,163,
20260725 15:38:31.668,24.828324,102.843567,21.31,1928,3,1,0.00,0.00,,,,,,,1,SA,460,00,中国移动,4456484,6443507724,1573122,12,Normal,-,1,41,100,100,504990,-,741,513000,513000,30kHz,503172,1099,-,ms20,Connected,SA,-0.8,3,1,-60,84,-64.6,-10.5,25.4,6,Not Barred,6,6312,-24.5,504990,741,-64.5;-73.4;-73.8;-66,-,12.5;7.4;255;255,24;21.3;255;255,-24.5;-37.6,7;6;5;4;7;2;3;1,742;741;741;741;741;8;475;977,-73.2;-65.5;-64.7;-74.6;-74;-72;-102.2;-147.5,-13.2;-10.4;-10.5;-11;-13.7;-11.1;-23.7;-40.1,255;255;255;255;255;255;255;255,1;0;0;0;0,504990;504990;504990;504990;504990,741;8;742;475;977,6;2;7;3;1,-,4;1;1;1;1,-64.6;-71.8;-73.2;-93;-147.5,-10.5;-11.1;-13.2;-21.5;-40.1,25.4;255;255;255;255,0.2,1,0,QPSK,-,100,0,0,0,0.00,0.00,0.00,0.00,0,1,Rank 1,16,84,2,69,-,69,10,25.3,31,25,256QAM,0,SMDL,0,0,0,0.00,0.00,0.02,0.33,Rank 2,4,176,42,-,2 x 2,HandOver,14756,Free,17,FORMAT_0,232,127,Success,14756,4,-,7,-2,-18,-,42,-,2,2,-,-,-,-,-,-,-,-,-,-,-,-,-,Registered,Normal Service,9,269,18,D4A654C1,402,8,30kHz,992,-,4,1,-,-,New trans.,0,0,256QAM,52,1,14756,399,13,0,0,Pass,1,QPSK,0,16,1,0,15,30kHz,Re trans.,-,287,
20260725 15:38:32.677,24.828278,102.843598,21.56,1928,3,1,0.00,0.00,,,,,,,1,SA,460,00,中国移动,4456484,6443507724,1573122,12,Normal,-,1,41,100,100,504990,-,741,513000,513000,30kHz,503172,1099,-,ms20,Connected,SA,-0.8,4,1,-60,84,-64.8,-10.4,25.2,6,Not Barred,6,6312,-30.6,504990,741,-66.2;-67.1;-71.6;-79,-,27.2;25;255;255,29.6;29.6;255;255,-30.6;-30.8,7;6;5;7;4;1;0;3,742;741;741;741;741;8;977;475,-73.2;-66;-63.5;-73.8;-74;-66.7;-139.1;-104.1,-13.6;-10.4;-10.4;-13;-10.7;-10.7;-37.5;-26.6,255;255;255;255;255;255;255;255,1;0;0;0;0,504990;504990;504990;504990;504990,741;8;742;475;977,6;1;7;3;0,-,4;1;1;1;1,-64.8;-67;-73.2;-89.4;-139.1,-10.4;-10.7;-13.6;-22.3;-37.5,25.2;255;255;255;255,0.2,1,0,QPSK,-,100,0,0,0,0.00,0.00,0.00,0.00,0,1,Rank 1,16,84,5,157,-,157,10,25.2,31,25,256QAM,0,SMDL,0,0,0,0.00,0.00,0.05,0.74,Rank 2,4,404,102,-,2 x 2,HandOver,14756,Free,17,FORMAT_0,232,127,Success,14756,4,-,6,-7,-18,-,102,-,2,3,-,-,-,-,-,-,-,-,-,-,-,-,-,Registered,Normal Service,9,269,18,D4A654C1,504,9,30kHz,944,-,4,1,-,-,New trans.,0,0,256QAM,55,2,14756,504,10,0,0,Pass,0,QPSK,3,16,2,0,15,30kHz,Re trans.,-,287,
20260725 15:38:33.684,24.828236,102.843634,21.85,1929,3,1,0.00,0.00,,,,,,,1,SA,460,00,中国移动,4456484,6443507724,1573122,12,Normal,-,1,41,100,100,504990,-,741,513000,513000,30kHz,503172,1099,-,ms20,Connected,SA,-0.8,4,1,-60,85,-66.2,-10.4,19.5,6,Not Barred,6,6312,-26.8,504990,741,-65.9;-71.6;-86.6;-83.3,-,23.4;19.3;255;255,29.5;27.4;255;255,-26.8;-35.8,7;6;5;7;4;2;4,742;741;741;741;741;8;475,-77.1;-67;-65.7;-75.9;-76.1;-64.2;-83.7,-14.5;-10.4;-10.4;-14.2;-11.1;-10.5;-19.7,255;255;255;255;255;255;255,1;0;0;0,504990;504990;504990;504990,741;8;742;475,6;2;7;4,-,4;1;1;1,-66.2;-64.6;-77.1;-83.7,-10.4;-10.6;-14.5;-19.7,19.5;255;255;255,2.7,11,1,QPSK,-,78.9,10.5,10.5,0,0.06,0.06,0.00,0.00,0,2,Rank 1,27,516,16,66,-,66,10,25,31,25,256QAM,0,SMDL,0,0,0,0.03,0.04,0.07,0.77,Rank 2,4,424,106,-,2 x 2,HandOver,14756,Free,17,FORMAT_0,232,127,Success,14756,4,-,1,-6,-18,-,106,-,2,16,-,-,-,-,-,-,-,-,-,-,-,-,-,Registered,Normal Service,9,269,18,D4A654C1,604,19,30kHz,992,-,4,1,-,-,New trans.,0,0,256QAM,29,0,14756,586,13,0,0,Pass,1,QPSK,1,16,2,0,15,30kHz,Re trans.,-,12584,
20260725 15:38:34.695,24.828192,102.843673,22.50,1929,3,1,0.00,0.00,,,,,,,1,SA,460,00,中国移动,4456484,6443507724,1573122,12,Normal,-,1,41,100,100,504990,-,741,513000,513000,30kHz,503172,1099,-,ms20,Connected,SA,-0.8,4,1,-60,84,-63.2,-10.4,18.3,6,Not Barred,6,6312,-30.6,504990,741,-66.1;-71;-79.2;-86.7,-,22.1;20.1;255;255,29;27.5;255;255,-30.6;-34.6,7;6;5;4;7;2,742;741;741;741;741;8,-72.7;-65.1;-62.1;-72.9;-73.1;-65.7,-12.7;-10.4;-10.4;-10.7;-13.7;-10.6,255;255;255;255;255;255,1;0;0,504990;504990;504990,741;8;742,6;2;7,-,4;1;1,-63.2;-66.6;-72.7,-10.4;-10.7;-12.7,18.3;255;255,2.7,11,1,QPSK,-,78.9,10.5,10.5,0,0.00,0.00,0.09,0.10,0,2,Rank 1,27,516,2,66,-,66,10,23.1,25,25,256QAM,0,SMDL,0,0,15,0.00,0.00,0.07,0.41,Rank 2,4,240,60,-,2 x 2,HandOver,14756,Free,17,FORMAT_0,232,127,Success,14756,4,-,7,-5,-18,-,60,-,2,2,-,-,-,-,-,-,-,-,-,-,-,-,-,Registered,Normal Service,9,269,18,D4A654C1,704,9,30kHz,944,-,4,1,-,-,New trans.,0,0,256QAM,76,1,14756,689,13,0,0,Pass,1,QPSK,1,16,2,0,15,30kHz,Re trans.,-,12584,
20260725 15:38:35.707,24.828149,102.843712,22.68,1929,3,1,0.00,0.00,,,,,,,1,SA,460,00,中国移动,4456484,6443507724,1573122,12,Normal,-,1,41,100,100,504990,-,741,513000,513000,30kHz,503172,1099,-,ms20,Connected,SA,-0.8,4,1,-60,91,-71.8,-10.7,9.2,6,Not Barred,6,6312,-39.5,504990,741,-75.1;-75.8;-83.8;-95.4,-,9.2;8.9;255;255,22.2;19.4;255;255,-39.5;-40.8,7;6;5;7;4;2;7;4,742;741;741;741;741;8;180;664,-77.2;-73.5;-71.1;-82.2;-82.7;-66.1;-87.9;-94.1,-12.5;-10.7;-10.7;-18.2;-12.5;-10.4;-21.5;-19.3,255;255;255;255;255;255;255;255,1;0;0;0;0,504990;504990;504990;504990;504990,741;8;742;180;664,6;2;7;7;4,-,4;1;1;1;1,-71.8;-67.3;-77.2;-87.9;-94.1,-10.7;-10.5;-12.5;-21.5;-19.3,9.2;255;255;255;255,0.5,1,1,QPSK,-,100,0,0,0,0.00,0.00,0.00,0.00,0,1,Rank 1,23,92,3,69,-,69,10,24.2,31,24,256QAM,0,SMDL,0,0,0,0.00,0.00,0.00,0.27,Rank 2,4,152,38,-,2 x 2,HandOver,14756,Free,17,FORMAT_0,232,127,Success,14756,4,-,12,5,-18,-,38,-,2,1,-,-,-,-,-,-,-,-,-,-,-,-,-,Registered,Normal Service,9,269,18,D4A654C1,804,9,30kHz,944,-,4,1,-,-,New trans.,0,0,256QAM,76,0,14756,801,13,0,0,Pass,0,QPSK,0,16,1,0,15,30kHz,Re trans.,-,174,
20260725 15:38:36.719,24.828105,102.843753,23.04,1929,3,1,0.00,0.00,,,,,,,1,SA,460,00,中国移动,4456484,6677397517,1630224,13,Normal,-,1,41,100,100,504990,-,8,513000,513000,30kHz,503172,1099,-,ms20,Connected,SA,-0.8,3,2,-60,86,-69.6,-10.5,22.5,2,Not Barred,6,6312,-31.1,504990,8,-68.6;-74.6;-75.1;-74.8,-,16.9;10.6;255;255,22.3;24.2;255;255,-31.1;-51.5;-44.6;-40.5,7;5;2;1;3;0;7;5;6,742;741;8;8;8;8;180;664;7,-82.9;-75.3;-68.1;-69.8;-73.9;-79.6;-98.3;-117;-87.2,-13.4;-10.7;-10.4;-10.4;-10.7;-11.1;-22.4;-30.2;-18,255;255;255;255;255;255;255;255;255,1;0;0;0;0;0,504990;504990;504990;504990;504990;504990,8;741;742;7;180;664,2;5;7;6;7;5,-,4;1;1;1;1;1,-69.6;-76;-82.9;-88;-98.3;-117.1,-10.5;-10.8;-13.4;-17.4;-22.4;-30.2,22.5;255;255;255;255;255,0.5,1,1,QPSK,-,100,0,0,0,0.00,0.00,0.00,0.00,0,1,Rank 1,23,92,19,269,-,269,6,24.1,31,25,256QAM,0,SMDL,1.9,0,3.7,0.00,0.00,0.01,0.75,Rank 2,4,432,171,-,2 x 2,HandOver,43899,Free,17,FORMAT_0,726,57,Success,43899,4,-,7,-6,-19,-,171,-,4,15,-,-,-,-,-,-,-,-,-,-,-,-,-,Registered,Normal Service,9,269,18,D4A654C1,903,9,30kHz,992,-,4,1,-,-,New trans.,0,0,256QAM,235,1,43899,900,12,0,2,Pass,0,QPSK,2,48,1,0,0,30kHz,Re trans.,-,174,
20260725 15:38:37.725,24.828063,102.843795,22.90,1929,3,1,0.00,0.00,,,,,,,1,SA,460,00,中国移动,4456484,6443507724,1573122,12,Normal,-,1,41,100,100,504990,-,8,513000,513000,30kHz,503172,1099,-,ms20,Connected,SA,-0.8,3,2,-60,85,-68.2,-10.4,21.6,2,Not Barred,6,6312,-30.9,504990,8,-66.7;-68.6;-71.9;-78.1,-,21.9;7;255;255,18.9;19.8;255;255,-30.9;-40,7;5;2;1;3;0;6;5;7,742;741;8;8;8;8;7;664;180,-86.4;-79.4;-66.8;-70.1;-73.6;-78.1;-102.3;-83.6;-92.4,-15.2;-11.8;-10.4;-10.4;-10.6;-10.6;-24.3;-14.8;-20.7,255;255;255;255;255;255;255;255;255,1;0;0;0;0;0,504990;504990;504990;504990;504990;504990,8;741;664;742;180;7,2;5;5;7;7;6,-,4;1;1;1;1;1,-68.2;-79.6;-83.6;-86.4;-92.4;-102.5,-10.4;-11.8;-14.8;-15.2;-20.7;-24.2,21.6;255;255;255;255;255,0.8,3,0,QPSK,-,100,0,0,0,0.00,0.00,0.02,0.02,40,4,Rank 1,20,408,4,69,-,69,9,25.4,31,25,256QAM,0,SMDL,0,0,0,0.00,0.00,0.13,0.88,Rank 2,4,472,92,-,4 x 4,HandOver,43899,Free,17,FORMAT_0,726,57,Success,43899,4,-,7,-10,-19,-,92,-,4,4,-,-,-,-,-,-,-,-,-,-,-,-,-,Registered,Normal Service,9,269,18,D4A654C1,1010,18,30kHz,992,-,4,1,-,-,New trans.,0,0,256QAM,235,1,43899,988,13,0,0,Pass,0,QPSK,0,16,1,0,15,30kHz,Re trans.,-,2391,
20260725 15:38:38.732,24.828017,102.843836,23.29,1929,3,1,0.00,0.00,,,,,,,1,SA,460,00,中国移动,4456484,6677397517,1630224,13,Normal,-,1,41,100,100,504990,-,8,513000,513000,30kHz,503172,1099,-,ms20,Connected,SA,-0.8,3,2,-60,85,-72.5,-10.5,17,2,Not Barred,6,6312,-35.4,504990,8,-71.5;-75.1;-79.1;-83,-,19.3;20.2;255;255,25.2;26.7;255;255,-37.4;-35.4,7;5;2;3;1;0;7;5,742;741;8;8;8;8;180;664,-91.3;-82.4;-71.7;-72.4;-74.2;-82.7;-91.8;-87.5,-17;-11.8;-10.4;-10.4;-10.4;-11;-17.2;-14.4,255;255;255;255;255;255;255;255,1;0;0;0;0,504990;504990;504990;504990;504990,8;741;664;742;180,2;5;5;7;7,-,4;1;1;1;1,-72.5;-82;-87.5;-91.3;-91.8,-10.5;-12;-14.4;-17;-17.2,17;255;255;255;255,14,28,28,QPSK,-,100,0,0,0,0.00,0.00,0.00,0.00,0,1,Rank 1,25,100,4,14,-,14,10,24.8,31,24,256QAM,0,SMDL,0,0,0,0.00,0.00,0.05,0.42,Rank 2,4,232,92,-,2 x 2,HandOver,43899,Free,17,FORMAT_0,726,57,Success,43899,4,-,7,-4,-19,-,92,-,4,4,-,-,-,-,-,-,-,-,-,-,-,-,-,Registered,Normal Service,9,269,18,D4A654C1,1013,18,30kHz,992,-,4,1,-,-,New trans.,0,0,256QAM,215,1,43899,65,12,0,4,Pass,0,QPSK,0,20,1,0,0,30kHz,Re trans.,-,235,
20260725 15:38:39.743,24.827973,102.843877,23.33,1930,3,1,0.00,0.00,,,,,,,1,SA,460,00,中国移动,4456484,6677397517,1630224,13,Normal,-,1,41,100,100,504990,-,8,513000,513000,30kHz,503172,1099,-,ms20,Connected,SA,-0.8,3,2,-60,85,-66.5,-10.4,23.9,2,Not Barred,6,6312,-31.4,504990,8,-69.8;-65.1;-70.1;-83.2,-,23.4;23;255;255,29.1;28.8;255;255,-32;-31.4,7;5;2;3;1;0;7;5;6,742;741;8;8;8;8;180;664;7,-89.8;-83.8;-67.7;-65.1;-72.2;-78.8;-119.5;-88.1;-83.4,-19;-12.8;-10.4;-10.4;-10.4;-10.8;-30.1;-15.9;-15.3,255;255;255;255;255;255;255;255;255,1;0;0;0;0;0,504990;504990;504990;504990;504990;504990,8;741;7;664;742;180,2;5;6;5;7;7,-,4;1;1;1;1;1,-66.5;-83.1;-85.2;-88.1;-89.8;-119.5,-10.4;-12.9;-15.4;-15.9;-19;-30.1,23.9;255;255;255;255;255,14,28,28,QPSK,-,100,0,0,0,0.00,0.00,0.00,0.00,0,1,Rank 1,25,100,2,66,-,66,10,25.3,31,25,256QAM,0,SMDL,0,0,0,0.00,0.00,0.00,0.77,Rank 2,4,412,21,-,2 x 2,HandOver,43899,Free,17,FORMAT_0,726,57,Success,43899,4,-,0,-9,-19,-,21,-,1,1,-,-,-,-,-,-,-,-,-,-,-,-,-,Registered,Normal Service,9,269,18,D4A654C1,149,8,30kHz,944,-,4,1,-,-,New trans.,0,0,256QAM,231,1,43899,124,4,0,0,Pass,0,QPSK,1,16,2,0,15,30kHz,Re trans.,-,235,
20260725 15:38:40.754,24.827928,102.843921,23.62,1930,3,1,0.00,0.00,,,,,,,1,SA,460,00,中国移动,4456484,6677397517,1630224,13,Normal,-,1,41,100,100,504990,-,8,513000,513000,30kHz,503172,1099,-,ms20,Connected,SA,-0.8,3,2,-60,85,-64.7,-10.4,21.2,2,Not Barred,6,6312,-31.1,504990,8,-69.1;-68.6;-76.2;-82.8,-,21.8;18;255;255,28.2;30.4;255;255,-34.5;-31.1,7;6;2;3;1;6;7;5;6,742;741;8;8;8;8;180;664;7,-91.6;-81.9;-67.8;-63.2;-71.5;-80.1;-94.8;-87.5;-83.1,-19.6;-13.5;-10.4;-10.4;-10.4;-13.8;-22.5;-16.9;-16.5,255;255;255;255;255;255;255;255;255,1;0;0;0;0;0,504990;504990;504990;504990;504990;504990,8;741;7;664;742;180,2;6;6;5;7;7,-,4;1;1;1;1;1,-64.7;-82.4;-84.5;-87.5;-91.6;-94.8,-10.4;-13.2;-14;-16.9;-19.6;-22.5,21.2;255;255;255;255;255,1.5,5,0,QPSK,-,83.3,16.7,0,0,0.00,0.00,0.00,0.00,0,1,Rank 1,16,100,4,66,-,66,10,25.3,31,25,256QAM,0,SMDL,0,0,0,0.00,0.00,0.08,0.39,Rank 2,4,208,107,-,2 x 2,HandOver,43899,Free,17,FORMAT_0,726,57,Success,43899,4,-,-3,-8,-19,-,107,-,1,4,-,-,-,-,-,-,-,-,-,-,-,-,-,Registered,Normal Service,9,269,18,D4A654C1,281,8,30kHz,944,-,4,1,-,-,New trans.,0,0,256QAM,215,1,43899,281,4,0,0,Pass,1,QPSK,1,16,2,0,15,30kHz,Re trans.,-,636,
20260725 15:38:41.766,24.827886,102.843965,23.80,1930,3,1,0.00,0.00,,,,,,,1,SA,460,00,中国移动,4456484,6677397517,1630224,13,Normal,-,1,41,100,100,504990,-,8,513000,513000,30kHz,503172,1099,-,ms20,Connected,SA,-0.8,3,2,-60,88,-63.1,-10.4,17.6,2,Not Barred,6,6312,-31.3,504990,8,-73.8;-75.7;-81.6;-92.2,-,16.4;12.9;11;13.1,28.1;29.8;255;255,-35.9;-31.3,7;6;2;3;1;6;7;5;6,742;741;8;8;8;8;180;664;7,-92.1;-84.3;-70.6;-63.6;-76.4;-79.9;-108.5;-150.3;-81.9,-18.8;-14.5;-10.4;-10.4;-10.5;-13.3;-24.9;-40.8;-14.8,255;255;255;255;255;255;255;255;255,1;0;0;0;0;0,504990;504990;504990;504990;504990;504990,8;7;741;742;180;664,2;6;6;7;7;5,-,4;1;1;1;1;1,-63.1;-83.8;-84.6;-92.1;-108.5;-150.3,-10.4;-15.6;-13.9;-18.8;-24.9;-40.8,17.6;255;255;255;255;255,1.6,5,1,QPSK,-,80,20,0,0,0.00,0.00,0.00,0.00,0,2,Rank 1,16,84,3,157,-,157,10,25,31,25,256QAM,0,SMDL,0,0,0,0.00,0.00,0.05,0.76,Rank 2,4,408,143,-,2 x 2,HandOver,43899,Free,17,FORMAT_0,726,57,Success,43899,4,-,-1,-6,-19,-,143,-,1,2,-,-,-,-,-,-,-,-,-,-,-,-,-,Registered,Normal Service,9,269,18,D4A654C1,381,18,30kHz,992,-,4,1,-,-,New trans.,0,0,256QAM,195,1,43899,376,12,0,0,Pass,0,QPSK,3,16,2,0,15,30kHz,Re trans.,-,473,
20260725 15:38:42.778,24.827843,102.844010,24.12,1930,3,1,0.00,0.00,,,,,,,1,SA,460,00,中国移动,4456484,6677397517,1630224,13,Normal,-,1,41,100,100,504990,-,8,513000,513000,30kHz,503172,1099,-,ms20,Connected,SA,-0.8,3,2,-60,93,-64.2,-10.4,29,3,Not Barred,6,6312,-28.9,504990,8,-67.5;-63.8;-63.6;-64.7,-,28.2;25;255;255,21.9;25.5;255;255,-28.9;-30.6,7;6;3;2;1;0;6;5,742;741;8;8;8;8;7;664,-88.5;-84.7;-64.2;-77.4;-81.9;-86.9;-85.3;-111.7,-13.5;-14.4;-10.4;-10.7;-11;-12.5;-15.3;-26.2,255;255;255;255;255;255;255;255,1;0;0;0;0,504990;504990;504990;504990;504990,8;741;7;742;664,3;6;6;7;5,-,4;1;1;1;1,-64.2;-85.4;-87.9;-88.5;-111.7,-10.4;-14.5;-15;-13.5;-26.2,29;255;255;255;255,1.6,5,1,QPSK,-,80,20,0,0,0.00,0.00,0.00,0.00,0,2,Rank 1,16,84,6,84,-,84,10,25.4,31,25,256QAM,0,SMDL,0,0,0,0.00,0.00,0.14,1.39,Rank 2,4,748,127,-,2 x 2,HandOver,43899,Free,17,FORMAT_0,726,57,Success,43899,4,-,0,0,-19,-,127,-,2,4,-,-,-,-,-,-,-,-,-,-,-,-,-,Registered,Normal Service,9,269,18,D4A654C1,436,18,30kHz,992,-,4,1,-,-,New trans.,0,0,256QAM,203,1,43899,411,17,0,0,Pass,0,QPSK,1,16,2,0,15,30kHz,Re trans.,-,473,
20260725 15:38:43.790,24.827798,102.844057,24.48,1930,3,1,0.00,0.00,,,,,,,1,SA,460,00,中国移动,4456484,6677397517,1630224,13,Normal,-,1,41,100,100,504990,-,8,513000,513000,30kHz,503172,1099,-,ms20,Connected,SA,-0.8,3,2,-60,84,-64.6,-10.4,26.2,3,Not Barred,6,6312,-28.9,504990,8,-78.5;-65.1;-92.8;-68.2,-,20.9;27.6;255;255,27.5;25.7;255;255,-37.3;-28.9,7;6;3;2;1;6;6;5,742;741;8;8;8;8;7;664,-91.9;-86.6;-64.6;-77.5;-80.3;-90.4;-86.7;-103,-13.3;-13.1;-10.4;-10.7;-10.8;-17.1;-12.6;-21.1,255;255;255;255;255;255;255;255,1;0;0;0;0,504990;504990;504990;504990;504990,8;741;7;742;664,3;6;6;7;5,-,4;1;1;1;1,-64.6;-87.2;-89.4;-91.9;-103,-10.4;-13.4;-14;-13.3;-21.1,26.2;255;255;255;255,1.4,3,1,QPSK,-,100,0,0,0,0.00,0.00,0.00,0.00,0,2,Rank 1,16,84,1,106,-,106,10,24.7,25,25,256QAM,0,SMDL,0,0,0,0.00,0.00,0.02,0.21,Rank 2,4,112,68,-,2 x 2,HandOver,43899,Free,17,FORMAT_0,726,57,Success,43899,4,-,1,-1,-19,-,68,-,2,1,-,-,-,-,-,-,-,-,-,-,-,-,-,Registered,Normal Service,9,269,18,D4A654C1,587,18,30kHz,992,-,4,1,-,-,New trans.,0,0,256QAM,207,1,43899,580,4,0,0,Pass,0,QPSK,2,16,2,0,15,30kHz,Re trans.,-,427,
20260725 15:38:44.796,24.827756,102.844106,24.66,1931,3,1,0.00,0.00,,,,,,,1,SA,460,00,中国移动,4456484,6677397517,1630224,13,Normal,-,1,41,100,100,504990,-,8,513000,513000,30kHz,503172,1099,-,ms20,Connected,SA,-0.8,3,2,-60,80,-63.6,-10.4,30.8,3,Not Barred,6,6312,-24.8,504990,8,-59.9;-63.5;-92.3;-67.6,-,28.2;23.2;22.6;21.9,22.8;21.5;255;255,-24.8;-28,7;6;3;2;1;6;6;5;4,742;741;8;8;8;8;7;664;38,-133.7;-86.3;-63.2;-69.6;-75.4;-83.8;-89.4;-115.6;-95.3,-33.7;-14.4;-10.4;-10.4;-10.6;-12;-17.4;-28.9;-17.7,255;255;255;255;255;255;255;255;255,1;0;0;0;0;0,504990;504990;504990;504990;504990;504990,8;741;7;38;664;742,3;6;6;4;5;7,-,4;1;1;1;1;1,-63.6;-87;-90.9;-93.1;-115.6;-133.7,-10.4;-14.3;-17.9;-17.2;-28.9;-33.7,30.8;255;255;255;255;255,1.2,2,2,QPSK,-,100,0,0,0,0.00,0.00,0.00,0.00,0,2,Rank 1,16,84,3,106,-,106,10,25.1,31,25,256QAM,0,SMDL,0,0,0,0.00,0.00,0.01,0.78,Rank 2,4,416,104,-,2 x 2,HandOver,43899,Free,17,FORMAT_0,726,57,Success,43899,4,-,-8,-3,-19,-,104,-,1,2,-,-,-,-,-,-,-,-,-,-,-,-,-,Registered,Normal Service,9,269,18,D4A654C1,687,9,30kHz,992,-,4,1,-,-,New trans.,0,1,256QAM,207,1,43899,681,14,0,0,Pass,1,QPSK,2,16,2,0,15,30kHz,Re trans.,-,401,
20260725 15:38:45.804,24.827716,102.844156,24.44,1931,3,1,0.00,0.00,,,,,,,1,SA,460,00,中国移动,4456484,6677397517,1630224,13,Normal,-,1,41,100,100,504990,-,8,513000,513000,30kHz,503172,1099,-,ms20,Connected,SA,-0.8,3,2,-60,80,-62.3,-10.4,30.5,3,Not Barred,6,6312,-26.5,504990,8,-61.6;-61.4;-98.2;-64.6,-,30.1;25.1;255;255,16.9;20.7;255;255,-26.5;-27.9,7;5;3;2;1;0;6;5;4,742;741;8;8;8;8;7;664;38,-90.8;-87.5;-61.4;-64.2;-71;-78.6;-84.4;-137;-135.3,-17.7;-14.8;-10.4;-10.4;-10.5;-10.9;-14.6;-36;-34.6,255;255;255;255;255;255;255;255;255,1;0;0;0;0;0,504990;504990;504990;504990;504990;504990,8;7;741;742;38;664,3;6;5;7;4;5,-,4;1;1;1;1;1,-62.3;-86.1;-87.1;-90.8;-134.2;-137,-10.4;-14.7;-16;-17.7;-34.9;-36,30.5;255;255;255;255;255,1.2,2,2,QPSK,-,100,0,0,0,0.00,0.00,0.00,0.00,0,2,Rank 1,16,84,3,106,-,106,10,24.9,31,25,256QAM,0,SMDL,0,0,0,0.00,0.00,0.01,0.76,Rank 2,4,408,104,-,2 x 2,HandOver,43899,Free,17,FORMAT_0,726,57,Success,43899,4,-,-5,-2,-19,-,104,-,1,2,-,-,-,-,-,-,-,-,-,-,-,-,-,Registered,Normal Service,9,269,18,D4A654C1,706,19,30kHz,992,-,4,1,-,-,New trans.,0,0,256QAM,207,1,43899,681,14,0,0,Pass,1,QPSK,2,16,2,0,15,30kHz,Re trans.,-,401,
20260725 15:38:46.815,24.827675,102.844206,24.62,1931,3,1,0.00,0.00,,,,,,,1,SA,460,00,中国移动,4456484,6677397517,1630224,13,Normal,-,1,41,100,100,504990,-,8,513000,513000,30kHz,503172,1099,-,ms20,Connected,SA,-0.8,3,2,-60,81,-63,-10.4,27.2,3,Not Barred,6,6312,-27.1,504990,8,-67.6;-64.8;-71.7;-63.7,-,27.2;22;255;255,21.1;21.9;255;255,-30.9;-27.1,7;5;3;2;1;0;5;2,742;741;8;8;8;8;7;38,-94.2;-85.1;-63.9;-61.6;-68.2;-76.9;-87.3;-108.6,-18;-14.5;-10.4;-10.4;-10.5;-10.9;-15.1;-29.3,255;255;255;255;255;255;255;255,1;0;0;0;0,504990;504990;504990;504990;504990,8;741;7;38;742,3;5;5;2;7,-,4;1;1;1;1,-63;-86.1;-88.9;-93.2;-94.2,-10.4;-15.9;-16.4;-23;-18,27.2;255;255;255;255,1.2,2,2,QPSK,-,100,0,0,0,0.00,0.00,0.01,0.01,0,2,Rank 1,16,84,3,106,-,106,10,25.8,31,24,256QAM,0,SMDL,0,0,0,0.00,0.00,0.04,0.21,Rank 2,4,112,130,-,2 x 2,HandOver,43899,Free,17,FORMAT_0,726,57,Success,43899,4,-,-2,0,-19,-,130,-,1,3,-,-,-,-,-,-,-,-,-,-,-,-,-,Registered,Normal Service,9,269,18,D4A654C1,892,9,30kHz,992,-,4,1,-,-,New trans.,0,0,256QAM,235,1,43899,877,14,0,0,Pass,1,QPSK,2,16,2,0,15,30kHz,Re trans.,-,401,
20260725 15:38:47.827,24.827635,102.844260,24.95,1931,3,1,0.00,0.00,,,,,,,1,SA,460,00,中国移动,4456484,6677397517,1630224,13,Normal,-,1,41,100,100,504990,-,8,513000,513000,30kHz,503172,1099,-,ms20,Connected,SA,-0.8,3,2,-60,83,-64.9,-10.5,24.5,3,Not Barred,6,6312,-32.3,504990,8,-68.5;-64.3;-95.5;-83.2,-,21.2;23.1;20;5.3,11.1;9.8;255;255,-34.8;-32.3,7;6;3;2;1;0;6;2;6,742;741;8;8;8;8;7;38;180,-143.9;-84.9;-66.1;-63.5;-71;-77.8;-89.5;-88.2;-80,-38.9;-17.8;-10.4;-10.6;-10.6;-11.5;-19.1;-23.6;-14.3,255;255;255;255;255;255;255;255;255,1;0;0;0;0;0,504990;504990;504990;504990;504990;504990,8;38;180;741;7;742,3;2;6;6;6;7,-,4;1;1;1;1;1,-64.9;-76.3;-80;-85.4;-89.7;-143.9,-10.5;-16.5;-14.3;-17.6;-19.5;-38.9,24.5;255;255;255;255;255,2.3,5,5,QPSK,-,71.4,28.6,0,0,0.00,0.00,0.00,0.00,0,1,Rank 1,16,116,6,157,-,157,10,25.5,31,25,256QAM,0,SMDL,0,0,0,0.00,0.00,0.08,0.80,Rank 2,4,428,135,-,2 x 2,HandOver,43899,Free,17,FORMAT_0,726,57,Success,43899,4,-,-6,-5,-19,-,135,-,1,5,-,-,-,-,-,-,-,-,-,-,-,-,-,Registered,Normal Service,9,269,18,D4A654C1,990,8,30kHz,944,-,4,1,-,-,New trans.,0,0,256QAM,211,1,43899,989,16,0,0,Pass,0,QPSK,3,16,2,0,15,30kHz,Re trans.,-,934,
20260725 15:38:48.842,24.827598,102.844314,24.88,1931,3,1,0.00,0.00,,,,,,,1,SA,460,00,中国移动,4456484,6677397517,1630224,13,Normal,-,1,41,100,100,504990,-,8,513000,513000,30kHz,503172,1099,-,ms20,Connected,SA,-0.8,3,2,-60,82,-60.4,-10.4,23.6,3,Not Barred,6,6312,-30.9,504990,8,-67;-74.4;-104.8;-67.1,-,24.4;21.9;255;255,16.7;14.1;255;255,-31.8;-30.9,7;5;3;2;1;0;6;4;6,742;741;8;8;8;8;7;38;180,-85.7;-81;-65.7;-60.5;-68.1;-73.7;-87.9;-151.7;-87.5,-15.1;-14.8;-10.4;-10.4;-10.3;-10.7;-17.8;-41.4;-20.6,255;255;255;255;255;255;255;255;255,1;0;0;0;0;0,504990;504990;504990;504990;504990;504990,8;741;742;180;7;38,3;5;7;6;6;4,-,4;1;1;1;1;1,-60.4;-82.1;-85.7;-87.5;-89.2;-151.6,-10.4;-15.9;-15.1;-20.6;-17.8;-41.4,23.6;255;255;255;255;255,2.3,5,5,QPSK,-,71.4,28.6,0,0,0.06,0.06,0.09,0.09,0,1,Rank 1,16,116,13,69,-,69,10,25.3,31,25,256QAM,0,SMDL,0,0,0,0.04,0.04,0.08,1.27,Rank 2,4,676,182,-,2 x 2,HandOver,43899,Free,17,FORMAT_0,726,57,Success,43899,4,-,-8,-5,-19,-,182,-,1,13,-,-,-,-,-,-,-,-,-,-,-,-,-,Registered,Normal Service,9,269,18,D4A654C1,41,18,30kHz,992,-,4,1,-,-,New trans.,0,0,256QAM,211,1,43899,16,3,0,0,Pass,1,QPSK,0,16,1,0,15,30kHz,Re trans.,-,934,
20260725 15:38:49.855,24.827561,102.844369,25.06,1931,3,1,0.00,0.00,,,,,,,1,SA,460,00,中国移动,4456484,6677397517,1630224,13,Normal,-,1,41,100,100,504990,-,8,513000,513000,30kHz,503172,1099,-,ms20,Connected,SA,-0.8,2,2,-60,82,-64.2,-10.4,19.8,3,Not Barred,6,6312,-37,504990,8,-72.2;-68.5;-106.8;-72.8,-,19.8;14.7;255;255,10.1;9.9;255;255,-37;-39,7;5;3;2;1;4;6;4;6;7,742;741;8;8;8;8;7;38;180;253,-132.4;-82.7;-69.9;-62.5;-70.7;-76.9;-91.3;-111.6;-83.9;-80,-35.3;-14.9;-10.4;-10.5;-10.6;-10.6;-21.5;-28.8;-15.4;-13.5,255;255;255;255;255;255;255;255;255;255,1;0;0;0;0;0;0,504990;504990;504990;504990;504990;504990;504990,8;253;741;180;7;38;742,3;7;5;6;6;4;7,-,4;1;1;1;1;1;1,-64.2;-80;-82.7;-83.9;-91.4;-111.6;-132.4,-10.4;-13.5;-14.7;-15.4;-21.6;-28.8;-35.3,19.8;255;255;255;255;255;255,2.3,5,5,QPSK,-,71.4,28.6,0,0,0.00,0.00,0.00,0.00,0,1,Rank 1,16,116,13,69,-,69,10,24.7,25,25,256QAM,0,SMDL,0,0,0,0.00,0.00,0.08,0.14,Rank 2,4,76,182,-,2 x 2,HandOver,43899,Free,17,FORMAT_0,726,57,Success,43899,4,-,-8,-1,-19,-,182,-,1,13,-,-,-,-,-,-,-,-,-,-,-,-,-,Registered,Normal Service,9,269,18,D4A654C1,41,18,30kHz,992,-,4,1,-,-,New trans.,0,0,256QAM,211,1,43899,16,3,0,0,Pass,1,QPSK,0,16,1,0,15,30kHz,Re trans.,-,934,
20260725 15:38:50.868,24.827522,102.844423,24.88,1932,3,1,0.00,0.00,,,,,,,1,SA,460,00,中国移动,4456484,6677397517,1630224,13,Normal,-,1,41,100,100,504990,-,8,513000,513000,30kHz,503172,1099,-,ms20,Connected,SA,-0.8,3,2,-60,82,-64.8,-10.4,24.7,2,Not Barred,6,6312,-29.9,504990,8,-66.3;-64.2;-105;-74.4,-,21.7;22.9;255;255,23.1;24.3;255;255,-32.3;-29.9,7;5;2;3;1;5;6;7;6,742;741;8;8;8;8;7;253;180,-86.6;-85;-64.5;-71.3;-72.4;-77.1;-88.1;-87.3;-91.3,-16.5;-17.8;-10.4;-10.4;-10.7;-11;-16.6;-16.8;-19.7,255;255;255;255;255;255;255;255;255,1;0;0;0;0;0,504990;504990;504990;504990;504990;504990,8;741;742;253;7;180,2;5;7;7;6;6,-,4;1;1;1;1;1,-64.8;-86.1;-86.6;-87.3;-89.1;-91.3,-10.4;-17;-16.5;-16.8;-18;-19.7,24.7;255;255;255;255;255,4.5,14,3,QPSK,-,69.2,7.7,23.1,0,0.00,0.00,0.00,0.00,0,2,Rank 1,35,466,0,66,-,66,10,25,25,25,256QAM,0,SMDL,0,0,0,0.00,0.00,0.04,0.02,Rank 2,4,8,3,-,2 x 2,HandOver,43899,Free,17,FORMAT_0,726,57,Success,43899,4,-,-10,0,-19,-,3,-,1,13,-,-,-,-,-,-,-,-,-,-,-,-,-,Registered,Normal Service,9,269,18,D4A654C1,265,18,30kHz,992,-,4,1,-,-,New trans.,0,0,256QAM,211,1,43899,232,4,0,0,Pass,0,QPSK,1,16,2,0,15,30kHz,Re trans.,-,11255,
20260725 15:38:51.882,24.827486,102.844481,25.60,1932,3,1,0.00,0.00,,,,,,,1,SA,460,00,中国移动,4456484,6677397517,1630224,13,Normal,-,1,41,100,100,504990,-,8,513000,513000,30kHz,503172,1099,-,ms20,Connected,SA,-0.8,4,2,-60,87,-69.4,-10.6,13.9,2,Not Barred,6,6312,-34.5,504990,8,-69.9;-71.9;-110.9;-81.1,-,13.9;-4.2;2.7;18.4,16.1;21.3;255;255,-34.8;-34.5,7;5;2;3;1;4;7;2;6,742;741;8;8;8;8;7;38;180,-82.8;-84.2;-68.6;-75.1;-76.5;-80.4;-84.6;-75.6;-80.9,-14.6;-16.7;-10.6;-10.6;-11;-11.3;-16.4;-17.3;-13.3,255;255;255;255;255;255;255;255;255,1;0;0;0;0;0,504990;504990;504990;504990;504990;504990,8;38;180;742;741;7,2;2;6;7;5;7,-,4;1;1;1;1;1,-69.4;-75.6;-80.9;-82.8;-84;-85.1,-10.6;-17.3;-13.3;-14.6;-16.8;-16.8,13.9;255;255;255;255;255,4.5,14,3,QPSK,-,69.2,7.7,23.1,0,0.00,0.00,0.00,0.00,0,2,Rank 1,35,466,3,69,-,69,10,25.4,31,25,256QAM,0,SMDL,0,0,0,0.00,0.00,0.15,1.18,Rank 2,4,640,136,-,2 x 2,HandOver,43899,Free,17,FORMAT_0,726,57,Success,43899,4,-,-5,2,-19,-,136,-,1,3,-,-,-,-,-,-,-,-,-,-,-,-,-,Registered,Normal Service,9,269,18,D4A654C1,373,9,30kHz,992,-,4,1,-,-,New trans.,0,0,256QAM,219,1,43899,357,14,0,0,Pass,1,QPSK,0,16,1,0,15,30kHz,Re trans.,-,11255,
20260725 15:38:52.896,24.827454,102.844540,25.27,1932,3,1,0.00,0.00,,,,,,,1,SA,460,00,中国移动,4456484,6677397517,1630224,13,Normal,-,1,41,100,100,504990,-,8,513000,513000,30kHz,503172,1099,-,ms20,Connected,SA,-0.8,4,2,-60,84,-66.5,-10.4,19.6,2,Not Barred,6,6312,-31.9,504990,8,-65.5;-67.5;-110.9;-63,-,21.5;10.3;255;255,19.7;24.7;255;255,-31.9;-31.9,7;5;2;3;1;0;6;4;6,742;741;8;8;8;8;7;38;180,-81.2;-87.4;-66.1;-73.5;-77;-79.2;-87.3;-114.1;-89.1,-13.6;-16.4;-10.4;-10.6;-10.8;-10.9;-14;-27.6;-16.8,255;255;255;255;255;255;255;255;255,1;0;0;0;0;0,504990;504990;504990;504990;504990;504990,8;742;741;7;180;38,2;7;5;6;6;4,-,4;1;1;1;1;1,-66.5;-81.3;-88;-88;-89.1;-111.2,-10.4;-13.6;-17.2;-15.9;-16.8;-27.1,19.6;255;255;255;255;255,0.2,1,0,QPSK,-,100,0,0,0,0.00,0.00,0.00,0.00,0,1,Rank 1,16,100,4,69,-,69,10,25,31,25,256QAM,0,SMDL,0,0,0,0.00,0.00,0.15,0.70,Rank 2,4,372,118,-,4 x 4,HandOver,43899,Free,17,FORMAT_0,726,57,Success,43899,4,-,-7,0,-19,-,118,-,1,3,-,-,-,-,-,-,-,-,-,-,-,-,-,Registered,Normal Service,9,269,18,D4A654C1,476,18,30kHz,992,-,4,1,-,-,New trans.,0,0,256QAM,239,1,43899,470,3,0,0,Pass,0,QPSK,0,16,1,0,15,30kHz,Re trans.,-,356,
20260725 15:38:53.902,24.827420,102.844597,25.27,1932,3,1,0.00,0.00,,,,,,,1,SA,460,00,中国移动,4456484,6677397517,1630224,13,Normal,-,1,41,100,100,504990,-,8,513000,513000,30kHz,503172,1099,-,ms20,Connected,SA,-0.8,4,2,-60,83,-66.8,-10.5,13.9,2,Not Barred,6,6312,-27.5,504990,8,-66.6;-69;-105.3;-62.8,-,12.2;9.7;255;255,24.7;28.7;255;255,-31.5;-27.5,7;5;2;3;1;4;0;2;6,742;741;8;8;8;8;7;38;180,-80.1;-80.7;-66.5;-67.3;-76.3;-79;-85.1;-151.9;-86.9,-13.6;-12.8;-10.5;-10.4;-11.1;-11;-17.1;-41.8;-18.6,255;255;255;255;255;255;255;255;255,1;0;0;0;0;0,504990;504990;504990;504990;504990;504990,8;742;741;7;180;38,2;7;5;0;6;2,-,4;1;1;1;1;1,-66.8;-81.2;-82;-86.1;-86.9;-145.7,-10.5;-14.5;-14.1;-17.8;-18.6;-39.5,13.9;255;255;255;255;255,0.2,1,0,QPSK,-,100,0,0,0,0.00,0.00,0.00,0.00,0,1,Rank 1,16,100,4,106,-,106,10,24.9,31,25,256QAM,0,SMDL,0,0,0,0.00,0.00,0.01,0.63,Rank 2,4,344,114,-,2 x 2,HandOver,43899,Free,17,FORMAT_0,726,57,Success,43899,4,-,-3,-2,-19,-,114,-,1,3,-,-,-,-,-,-,-,-,-,-,-,-,-,Registered,Normal Service,9,269,18,D4A654C1,575,8,30kHz,944,-,4,1,-,-,New trans.,0,0,256QAM,199,2,43899,561,4,0,0,Pass,0,QPSK,2,16,2,0,15,30kHz,Re trans.,-,356,
20260725 15:38:54.926,24.827387,102.844656,25.38,1932,3,1,0.00,0.00,,,,,,,1,SA,460,00,中国移动,4456484,6677397517,1630224,13,Normal,-,1,41,100,100,504990,-,8,513000,513000,30kHz,503172,1099,-,ms20,Connected,SA,-0.8,3,2,-60,85,-67.5,-10.5,19.1,2,Not Barred,6,6312,-33.5,504990,8,-65.7;-72.3;-104.3;-71.5,-,4.6;12.4;255;255,23.6;21.8;255;255,-40.9;-33.5,7;5;2;3;1;0;0;2;6,742;741;8;8;8;8;7;38;180,-78.9;-84.5;-66;-69.8;-73.4;-78.9;-85.4;-155.8;-96.6,-12.6;-13.7;-10.5;-10.6;-10.8;-12;-18.4;-42.9;-22.2,255;255;255;255;255;255;255;255;255,1;0;0;0;0;0,504990;504990;504990;504990;504990;504990,8;742;7;741;180;38,2;7;0;5;6;2,-,4;1;1;1;1;1,-67.5;-78.9;-85.6;-85.6;-96.6;-155.3,-10.5;-12.6;-19.5;-15.7;-22.2;-42.8,19.1;255;255;255;255;255,0.8,2,1,QPSK,-,100,0,0,0,0.00,0.00,0.00,0.00,0,2,Rank 1,16,84,2,69,-,69,10,25.1,31,25,256QAM,0,SMDL,0,0,0,0.00,0.00,0.10,0.81,Rank 2,4,444,113,-,2 x 2,HandOver,43899,Free,17,FORMAT_0,726,57,Success,43899,4,-,1,2,-19,-,113,-,1,2,-,-,-,-,-,-,-,-,-,-,-,-,-,Registered,Normal Service,9,269,18,D4A654C1,682,19,30kHz,992,-,4,1,-,-,New trans.,0,0,256QAM,255,1,43899,673,13,0,0,Pass,1,QPSK,0,16,1,0,15,30kHz,Re trans.,-,321,
20260725 15:38:55.937,24.827354,102.844715,25.31,1933,3,1,0.00,0.00,,,,,,,1,SA,460,00,中国移动,4456484,6677397517,1630224,13,Normal,-,1,41,100,100,504990,-,8,513000,513000,30kHz,503172,1099,-,ms20,Connected,SA,-0.8,4,2,-60,90,-71.5,-10.8,9.3,2,Not Barred,6,6312,-31.1,504990,8,-73.5;-83;-101.7;-71.6,-,14.7;3.4;255;255,15.3;17.2;255;255,-31.1;-38,7;6;2;3;1;6;7;2;6,742;741;8;8;8;8;7;38;180,-80.1;-84.5;-70.7;-73.1;-76.9;-80.1;-83.1;-111.4;-96,-12.6;-18;-10.8;-11;-11.5;-13.7;-16.3;-26.7;-21,255;255;255;255;255;255;255;255;255,1;0;0;0;0;0,504990;504990;504990;504990;504990;504990,8;742;7;741;180;38,2;7;7;6;6;2,-,4;1;1;1;1;1,-71.5;-80.1;-84.5;-85;-95.3;-111.4,-10.8;-12.6;-16.7;-16.6;-20.6;-26.7,9.3;255;255;255;255;255,0.8,2,1,QPSK,-,100,0,0,0,0.00,0.00,0.00,0.00,0,2,Rank 1,16,84,2,69,-,69,9,25,31,25,256QAM,0,SMDL,0,0,0,0.00,0.00,0.05,1.06,Rank 2,4,568,113,-,4 x 4,HandOver,43899,Free,17,FORMAT_0,726,57,Success,43899,4,-,1,5,-19,-,113,-,1,2,-,-,-,-,-,-,-,-,-,-,-,-,-,Registered,Normal Service,9,269,18,D4A654C1,751,9,30kHz,944,-,4,1,-,-,New trans.,0,0,256QAM,195,1,43899,726,3,0,0,Pass,1,QPSK,0,16,1,0,15,30kHz,Re trans.,-,321,
20260725 15:38:56.949,24.827318,102.844772,25.13,1933,3,1,0.00,0.00,,,,,,,1,SA,460,00,中国移动,4456484,6677397517,1630224,13,Normal,-,1,41,100,100,504990,-,8,513000,513000,30kHz,503172,1099,-,ms20,Connected,SA,-0.8,4,2,-60,78,-57.9,-10.4,25.7,2,Not Barred,6,6312,-27.1,504990,8,-58;-65.1;-97.7;-67.3,-,17.7;13;255;255,21.7;16.3;255;255,-27.1;-32.9,7;5;2;1;6;3;7;2;5;4,742;741;8;8;8;8;7;38;180;743,-80.5;-82.4;-57.9;-65.3;-72.7;-75.8;-83.2;-154;-105.6;-91.7,-15.4;-13.8;-10.4;-10.5;-11.7;-11.7;-18.5;-42.4;-25.4;-18.9,255;255;255;255;255;255;255;255;255;255,1;0;0;0;0;0;0,504990;504990;504990;504990;504990;504990;504990,8;742;7;741;743;180;38,2;7;7;5;4;5;2,-,4;1;1;1;1;1;1,-57.9;-80.5;-81.5;-83.1;-91.7;-92.7;-154,-10.4;-15.4;-18.2;-15.7;-18.9;-22.1;-42.4,25.7;255;255;255;255;255;255,0.2,1,0,QPSK,-,100,0,0,0,0.00,0.00,0.00,0.00,0,1,Rank 1,18,108,4,66,-,66,10,24.1,31,24,256QAM,0,SMDL,0,0,0,0.00,0.00,0.06,0.61,Rank 2,4,360,154,-,2 x 2,HandOver,43899,Free,17,FORMAT_0,726,57,Success,43899,4,-,3,-12,-19,-,154,-,1,3,-,-,-,-,-,-,-,-,-,-,-,-,-,Registered,Normal Service,9,269,18,D4A654C1,875,18,30kHz,944,-,4,1,-,-,New trans.,0,0,256QAM,195,0,43899,864,2,0,0,Pass,1,QPSK,1,16,2,0,15,30kHz,Re trans.,-,361,
20260725 15:38:57.959,24.827280,102.844828,25.16,1933,3,1,0.00,0.00,,,,,,,1,SA,460,00,中国移动,4456484,6677397517,1630224,13,Normal,-,1,41,100,100,504990,-,8,513000,513000,30kHz,503172,1099,-,ms20,Connected,SA,-0.8,3,2,-60,80,-62.4,-10.4,18.7,2,Not Barred,6,6312,-26.6,504990,8,-63.5;-72.2;-105.1;-64.9,-,17.7;6.1;255;255,19.2;13.2;255;255,-26.6;-33.5,7;5;2;3;1;0;7;2;5;4,742;741;8;8;8;8;7;38;180;743,-83.5;-77.4;-60.8;-66.5;-67.1;-74.6;-78.9;-100.5;-87.1;-91,-17.5;-11.6;-10.4;-10.5;-10.5;-12;-13.4;-27.1;-20.8;-20.8,255;255;255;255;255;255;255;255;255;255,1;0;0;0;0;0;0,504990;504990;504990;504990;504990;504990;504990,8;741;7;742;180;743;38,2;5;7;7;5;4;2,-,4;1;1;1;1;1;1,-62.4;-79.1;-79.6;-83.5;-86.5;-91;-100.5,-10.4;-13.8;-14.6;-17.5;-19.1;-20.8;-27.1,18.7;255;255;255;255;255;255,0.5,2,0,QPSK,-,100,0,0,0,0.00,0.00,0.00,0.00,0,1,Rank 1,16,128,8,26,-,26,9,24.5,31,24,256QAM,0,SMDL,0,0,0,0.00,0.00,0.16,1.36,Rank 2,4,772,227,-,2 x 2,HandOver,43899,Free,17,FORMAT_0,726,57,Success,43899,4,-,5,-12,-19,-,227,-,1,8,-,-,-,-,-,-,-,-,-,-,-,-,-,Registered,Normal Service,9,269,18,D4A654C1,977,8,30kHz,848,-,4,1,-,-,New trans.,0,0,256QAM,195,1,43899,956,7,0,0,Pass,0,QPSK,0,16,1,0,15,30kHz,Re trans.,-,513,
20260725 15:38:58.968,24.827240,102.844880,25.16,1933,3,1,0.00,0.00,,,,,,,1,SA,460,00,中国移动,4456484,6677397517,1630224,13,Normal,-,1,41,100,100,504990,-,8,513000,513000,30kHz,503172,1099,-,ms20,Connected,SA,-0.8,3,2,-60,86,-68.5,-10.8,9.9,2,Not Barred,6,6312,-33.3,504990,8,-66.9;-81.9;-113.2;-71.5,-,9.6;-8.9;2.9;4.5,12.8;11.8;255;255,-33.3;-38.1,7;5;2;3;1;0;6;2;5;4,742;741;8;8;8;8;7;38;180;743,-84.4;-77.1;-67.2;-69.7;-71.2;-76.9;-75.6;-80.7;-148.4;-108.1,-16.4;-11.1;-10.8;-10.9;-10.8;-12.6;-12.7;-16.9;-40.6;-27.3,255;255;255;255;255;255;255;255;255;255,1;0;0;0;0;0;0,504990;504990;504990;504990;504990;504990;504990,8;7;741;38;742;743;180,2;6;5;2;7;4;5,-,4;1;1;1;1;1;1,-68.5;-77;-78.1;-80.7;-84.5;-108.1;-144.1,-10.8;-13.6;-12.6;-16.9;-16.5;-27.3;-39.2,9.9;255;255;255;255;255;255,0.5,2,0,QPSK,-,100,0,0,0,0.00,0.00,0.00,0.00,0,1,Rank 1,16,128,1,69,-,69,10,24.5,31,24,256QAM,0,SMDL,0,0,0,0.00,0.00,0.07,0.42,Rank 2,4,236,73,-,2 x 2,HandOver,43899,Free,17,FORMAT_0,726,57,Success,43899,4,-,10,-8,-19,-,73,-,1,1,-,-,-,-,-,-,-,-,-,-,-,-,-,Registered,Normal Service,9,269,18,D4A654C1,54,18,30kHz,992,-,4,1,-,-,New trans.,0,0,256QAM,195,1,43899,51,13,0,0,Pass,1,QPSK,0,16,1,0,15,30kHz,Re trans.,-,513,
20260725 15:38:59.978,24.827195,102.844930,25.24,1933,3,1,0.00,0.00,,,,,,,1,SA,460,00,中国移动,4456484,6677397517,1630224,13,Normal,-,1,41,100,100,504990,-,8,513000,513000,30kHz,503172,1099,-,ms20,Connected,SA,-0.8,3,2,-60,92,-72.5,-11.1,7.1,2,Not Barred,6,6312,-39.5,504990,8,-71.6;-82.6;-84.2;-146.5,-,2.9;5;255;255,14.4;11.1;255;255,-39.5;-42.3,7;5;2;3;1;5;6;2;5;0,742;741;8;8;8;8;7;38;180;6,-88.3;-86;-72.6;-73.1;-79.8;-82.7;-74.6;-84.1;-98.4;-83.6,-19.6;-17.4;-11.4;-10.8;-12.9;-14;-11;-15.4;-24.3;-16.3,255;255;255;255;255;255;255;255;255;255,1;0;0;0;0;0;0,504990;504990;504990;504990;504990;504990;504990,8;7;6;38;741;742;180,2;6;0;2;5;7;5,-,4;1;1;1;1;1;1,-72.5;-76.6;-83.6;-84.1;-86.1;-88.3;-89.9,-11.1;-12.1;-16.3;-15.4;-17.4;-19.6;-21.9,7.1;255;255;255;255;255;255,0,0,0,QPSK,-,100,0,0,0,0.00,0.00,0.00,0.00,0,1,Rank 1,16,80,4,69,-,69,9,25,31,25,256QAM,0,SMDL,0,0,0,0.00,0.00,0.07,1.28,Rank 2,4,692,175,-,2 x 2,HandOver,43899,Free,17,FORMAT_0,726,57,Success,43899,4,-,8,1,-19,-,175,-,1,4,-,-,-,-,-,-,-,-,-,-,-,-,-,Registered,Normal Service,9,269,18,D4A654C1,156,18,30kHz,992,-,4,1,-,-,New trans.,0,0,256QAM,231,1,43899,131,14,0,0,Pass,0,QPSK,0,16,1,0,15,30kHz,Re trans.,-,345,
20260725 15:39:00.992,24.827150,102.844978,24.80,1934,3,1,0.00,0.00,,,,,,,1,SA,460,00,中国移动,4456484,6677397517,1630224,13,Normal,-,1,41,100,100,504990,-,8,513000,513000,30kHz,503172,1099,-,ms20,Connected,SA,-0.8,4,2,-60,93,-76.3,-12.2,7.7,2,Not Barred,6,6312,-40.4,504990,8,-80.4;-72.6;-83;-77.8,-,3.6;5.7;255;255,22.1;17.7;255;255,-41.4;-40.4,7;5;2;1;0;4;5;2;3,742;741;8;8;8;8;7;38;6,-87.6;-81.9;-75.2;-77.3;-78.1;-82.4;-76.5;-80.7;-83.4,-19.9;-18.2;-11.8;-12.4;-12.2;-13.4;-12.6;-16.6;-13.3,255;255;255;255;255;255;255;255;255,1;0;0;0;0;0,504990;504990;504990;504990;504990;504990,8;7;38;741;6;742,2;5;2;5;3;7,-,4;1;1;1;1;1,-76.3;-75.9;-80.7;-82.2;-86.7;-87.6,-12.2;-11.7;-16.6;-18.5;-15;-19.9,7.7;255;255;255;255;255,0.2,1,0,QPSK,-,100,0,0,0,0.00,0.00,0.00,0.00,0,2,Rank 1,16,96,6,66,-,66,10,25,31,25,256QAM,0,SMDL,0,0,0,0.00,0.00,0.03,1.25,Rank 2,4,664,173,-,2 x 2,HandOver,43899,Free,17,FORMAT_0,726,57,Success,43899,4,-,3,1,-19,-,173,-,1,6,-,-,-,-,-,-,-,-,-,-,-,-,-,Registered,Normal Service,9,269,18,D4A654C1,258,18,30kHz,896,-,4,1,-,-,New trans.,0,0,256QAM,195,1,43899,258,2,0,0,Pass,1,QPSK,1,16,2,0,15,30kHz,Re trans.,-,384,
20260725 15:39:01.998,24.827106,102.845021,22.75,1934,3,1,0.00,0.00,,,,,,,1,SA,460,00,中国移动,4456484,6677397517,1630224,13,Normal,-,1,41,100,100,504990,-,8,513000,513000,30kHz,503172,1099,-,ms20,Connected,SA,-0.8,4,2,-60,91,-75,-11.8,6.2,2,Not Barred,6,6312,-37,504990,8,-71.8;-73.8;-78.5;-79.7,-,6.5;4.9;255;255,16.2;17.5;255;255,-37;-40.8,2;2;2;4;0;3;5,6;38;8;8;8;8;7,-81.3;-118.3;-73.6;-75.7;-76.7;-80.5;-72.7,-18.7;-31.1;-11.1;-12.2;-11.9;-13.4;-11.1,255;255;255;255;255;255;255,1;0;0;0,504990;504990;504990;504990,8;7;6;38,2;5;2;2,-,4;1;1;1,-75;-74.1;-83.7;-118.3,-11.8;-11.6;-17.5;-31.1,6.2;255;255;255,0.2,1,0,QPSK,-,100,0,0,0,0.00,0.00,0.00,0.00,0,2,Rank 1,16,96,4,69,-,69,6,25,31,25,256QAM,0,SMDL,0,0,0,0.00,0.00,0.04,1.14,Rank 2,4,608,153,-,2 x 2,HandOver,43899,Free,17,FORMAT_0,726,57,Success,43899,4,-,7,1,-19,-,153,-,1,4,-,-,-,-,-,-,-,-,-,-,-,-,-,Registered,Normal Service,9,269,18,D4A654C1,340,19,30kHz,992,-,4,1,-,-,New trans.,0,1,256QAM,195,1,43899,315,13,0,0,Pass,0,QPSK,0,16,1,0,15,30kHz,Re trans.,-,384,
20260725 15:39:03.008,24.827060,102.845053,20.88,1934,3,1,0.00,0.00,,,,,,,1,SA,460,00,中国移动,4456484,6677397517,1630224,13,Normal,-,1,41,100,100,504990,-,8,513000,513000,30kHz,503172,1099,-,ms20,Connected,SA,-0.9,4,2,-60,93,-77.2,-12.3,4.2,2,Not Barred,6,6312,-39.4,504990,8,-78.2;-76.8;-81;-95.4,-,2.4;4.8;255;255,18.4;21.2;255;255,-39.5;-39.4,5;6;2;1;7;4;2;5,6;7;8;8;8;8;38;180,-83.3;-75.1;-75.5;-78.2;-82.4;-79.2;-111;-96.2,-15.2;-10.9;-11.4;-14.4;-14.5;-11.5;-27.8;-23.4,255;255;255;255;255;255;255;255,1;0;0;0;0,504990;504990;504990;504990;504990,8;7;6;180;38,2;6;5;5;2,-,4;1;1;1;1,-77.2;-75.6;-84.2;-96.2;-111,-12.3;-12;-16.2;-23.4;-27.8,4.2;255;255;255;255,0,0,0,QPSK,-,100,0,0,0,0.00,0.00,0.00,0.00,0,1,Rank 1,16,64,2,141,-,141,9,25.3,31,25,256QAM,0,SMDL,0,0,0,0.00,0.00,0.11,0.89,Rank 2,4,480,123,-,2 x 2,HandOver,43899,Free,17,FORMAT_0,726,57,Success,43899,4,-,8,3,-19,-,123,-,1,2,-,-,-,-,-,-,-,-,-,-,-,-,-,Registered,Normal Service,9,269,18,D4A654C1,466,19,30kHz,872,-,4,1,-,-,New trans.,0,0,256QAM,195,1,43899,467,0,0,0,Pass,0,QPSK,2,16,2,0,15,30kHz,Re trans.,-,276,
20260725 15:39:04.015,24.827014,102.845075,19.73,1934,3,1,0.00,0.00,,,,,,,1,SA,460,00,中国移动,4456484,6677397517,1630224,13,Normal,-,1,41,100,100,504990,-,7,513000,513000,30kHz,503172,1099,-,ms20,Connected,SA,-0.9,4,1,-60,86,-69.2,-10.6,23,6,Not Barred,6,6312,-31.1,504990,7,-70.5;-66.9;-77.3;-78.4,-,19.6;23;10.1;4.8,19.7;23.6;20.7;14.6,-35.8;-31.1;-41.4;-42.4,2;6;7;5;0;1;2,6;7;7;7;7;8;38,-80.1;-68;-72;-79.1;-76.8;-79.8;-101.7,-14.9;-10.4;-10.9;-11.5;-11.3;-14;-22.9,255;255;255;255;255;255;255,1;0;0;0,504990;504990;504990;504990,7;8;6;38,6;1;2;2,-,4;1;1;1,-69.2;-79.8;-81.6;-101.7,-10.6;-13.6;-15;-22.9,23;255;255;255,1.6,4,0,QPSK,-,100,0,0,0,0.00,0.00,0.09,0.10,4.5,1,Rank 3,17,196,15,421,-,421,10,23.8,31,23,256QAM,0,SMSL,0.7,0,0,0.00,0.00,0.06,0.96,Rank 1,4,552,134,-,4 x 4,HandOver,43968,Free,17,FORMAT_0,718,127,Success,43968,1,-,-2,-7,-7,-,134,-,1,14,-,-,-,-,-,-,-,-,-,-,-,-,-,Registered,Normal Service,9,269,18,D4A654C1,559,19,30kHz,944,-,4,1,-,-,New trans.,0,1,256QAM,120,1,43968,557,14,0,0,Pass,1,QPSK,1,16,4,0,15,30kHz,Re trans.,-,1582,
20260725 15:39:05.026,24.826965,102.845088,19.73,1934,3,1,0.00,0.00,,,,,,,1,SA,460,00,中国移动,4456484,6677397517,1630224,13,Normal,-,1,41,100,100,504990,-,7,513000,513000,30kHz,503172,1099,-,ms20,Connected,SA,-0.9,3,1,-60,84,-67.1,-10.4,21.8,6,Not Barred,6,6312,-29.8,504990,7,-72.1;-65.4;-71.9;-70.2,-,10.2;20.7;11.5;9.4,18.5;25.9;23.4;18.7,-37.5;-29.8;-36.9;-32.6,2;6;7;0;5;2;2,6;7;7;7;7;8;38,-78;-65.3;-70.5;-72.1;-74;-78.4;-84,-14.5;-10.4;-10.4;-10.7;-10.7;-14.6;-18.7,255;255;255;255;255;255;255,1;0;0;0,504990;504990;504990;504990,7;8;6;38,6;2;2;2,-,4;1;1;1,-67.1;-79.7;-79.9;-84,-10.4;-14.2;-15.7;-18.7,21.8;255;255;255,2.8,29,0,QPSK,-,80.8,15.4,3.8,0,0.00,0.00,0.04,0.04,15.4,4,Rank 1,27,708,20,76,-,76,10,24.2,31,25,256QAM,0,SMDL,0,0,5.9,0.00,0.00,0.06,0.36,Rank 2,4,228,45,-,4 x 4,HandOver,43968,Free,17,FORMAT_0,718,127,Success,43968,1,-,1,-9,-7,-,45,-,7,13,-,-,-,-,-,-,-,-,-,-,-,-,-,Registered,Normal Service,9,269,18,D4A654C1,650,8,30kHz,992,-,4,1,-,-,New trans.,0,0,256QAM,120,0,43968,644,14,0,0,Pass,1,QPSK,0,16,4,0,15,30kHz,Re trans.,-,15308,
20260725 15:39:06.034,24.826918,102.845094,19.15,1934,3,1,0.00,0.00,,,,,,,1,SA,460,00,中国移动,4456484,6677397517,1630224,13,Normal,-,1,41,100,100,504990,-,7,513000,513000,30kHz,503172,1099,-,ms20,Connected,SA,-0.9,4,1,-60,81,-62.6,-10.4,19.3,0,Not Barred,6,6312,-28.1,504990,7,-62.7;-73.5;-62.3;-59.4,-,16.7;9.4;255;255,20.8;23.7;255;255,-28.1;-36.4,1;0;7;1;6;2;2;5,6;7;7;7;7;8;38;180,-84;-62.5;-62.5;-73.3;-72.8;-76.2;-78.3;-84.3,-15.8;-10.5;-10.4;-11.3;-10.5;-13.4;-14.9;-14.3,255;255;255;255;255;255;255;255,1;0;0;0;0,504990;504990;504990;504990;504990,7;8;38;6;180,0;2;2;1;5,-,4;1;1;1;1,-62.6;-77;-78.3;-84.1;-84.3,-10.4;-14.3;-14.9;-17.4;-14.3,19.3;255;255;255;255,2.8,29,0,QPSK,-,80.8,15.4,3.8,0,0.00,0.00,0.00,0.00,0,4,Rank 1,27,708,1,69,-,69,10,24.9,25,25,256QAM,0,SMDL,0,0,0,0.00,0.00,0.05,0.11,Rank 2,4,60,14,-,4 x 4,HandOver,43968,Free,17,FORMAT_0,718,127,Success,43968,1,-,0,-6,-7,-,14,-,7,1,-,-,-,-,-,-,-,-,-,-,-,-,-,Registered,Normal Service,9,269,18,D4A654C1,747,19,30kHz,992,-,4,1,-,-,New trans.,0,0,256QAM,136,1,43968,742,13,0,0,Pass,0,QPSK,0,16,1,0,15,30kHz,Re trans.,-,15308,
20260725 15:39:07.049,24.826876,102.845089,16.81,1934,3,1,0.00,0.00,,,,,,,1,SA,460,00,中国移动,4456484,6677397516,1630224,12,Normal,-,1,41,100,100,504990,-,7,513000,513000,30kHz,503172,1099,-,ms20,Connected,SA,-0.9,4,1,-60,80,-61.1,-10.4,17.4,0,Not Barred,6,6312,-29.5,504990,7,-62.9;-66.2;-70.5;-63,-,18.6;21.8;255;255,24.6;26.1;255;255,-29.5;-30.3,2;0;7;1;6;3;2;5;5,6;7;7;7;7;8;38;180;741,-104.8;-62.4;-60.2;-70.6;-71.9;-80.3;-72.1;-80.6;-82.4,-28.6;-10.4;-10.4;-10.9;-10.5;-12.2;-13;-16.8;-18.6,255;255;255;255;255;255;255;255;255,1;0;0;0;0;0,504990;504990;504990;504990;504990;504990,7;38;8;180;741;6,0;2;3;5;5;2,-,4;1;1;1;1;1,-61.1;-72.1;-80.4;-80.6;-82.4;-85.8,-10.4;-13;-15.6;-16.8;-18.6;-20,17.4;255;255;255;255;255,2,8,2,QPSK,-,87.5,12.5,0,0,0.00,0.00,0.00,0.00,0,2,Rank 1,16,128,7,106,-,106,10,22.9,25,25,256QAM,0,SMDL,0,0,16.7,0.00,0.00,0.00,0.25,Rank 2,4,144,62,-,2 x 2,HandOver,43968,Free,17,FORMAT_0,718,127,Success,43968,1,-,1,-1,-7,-,62,-,7,7,-,-,-,-,-,-,-,-,-,-,-,-,-,Registered,Normal Service,9,269,18,D4A654C1,854,8,30kHz,992,-,4,1,-,-,New trans.,0,0,256QAM,116,1,43968,849,6,0,0,Pass,1,QPSK,2,16,2,0,15,30kHz,Re trans.,-,1019,
20260725 15:39:08.065,24.826839,102.845073,15.91,1934,3,1,0.00,0.00,,,,,,,1,SA,460,00,中国移动,4456484,6677397516,1630224,12,Normal,-,1,41,100,100,504990,-,7,513000,513000,30kHz,503172,1099,-,ms20,Connected,SA,-0.9,4,1,-60,87,-66.6,-10.5,5.7,0,Not Barred,6,6312,-38.3,504990,7,-81.8;-76.3;-74.2;-79.5,-,18.7;17.6;255;255,26.9;28.6;255;255,-41.1;-38.3,1;0;7;6;2;2;2;5;5,6;7;7;7;7;8;38;180;741,-83.5;-70.4;-65.9;-74.4;-76.4;-78.2;-75.2;-83.1;-88.2,-14.4;-10.8;-10.4;-10.5;-15.3;-16.8;-13.5;-15.2;-19.4,255;255;255;255;255;255;255;255;255,1;0;0;0;0;0,504990;504990;504990;504990;504990;504990,7;38;8;180;6;741,0;2;2;5;1;5,-,4;1;1;1;1;1,-66.6;-75.2;-79.9;-83.1;-84.7;-88.2,-10.5;-13.5;-15.2;-15.2;-16.3;-19.4,5.7;255;255;255;255;255,2,8,2,QPSK,-,87.5,12.5,0,0,0.00,0.00,0.01,0.01,0,2,Rank 1,16,128,4,66,-,66,10,23.7,25,25,256QAM,0,SMDL,0,0,0,0.01,0.01,0.01,0.37,Rank 2,4,208,50,-,2 x 2,HandOver,43968,Free,17,FORMAT_0,718,127,Success,43968,1,-,-2,1,-7,-,50,-,7,4,-,-,-,-,-,-,-,-,-,-,-,-,-,Registered,Normal Service,9,269,18,D4A654C1,970,18,30kHz,992,-,4,1,-,-,New trans.,0,0,256QAM,120,1,43968,968,14,0,0,Pass,0,QPSK,1,16,2,0,15,30kHz,Re trans.,-,1019,
20260725 15:39:09.082,24.826806,102.845049,15.95,1934,3,1,0.00,0.00,,,,,,,1,SA,460,00,中国移动,4456484,6677397516,1630224,12,Normal,-,1,41,100,100,504990,-,7,513000,513000,30kHz,503172,1099,-,ms20,Connected,SA,-0.9,4,1,-60,88,-69.1,-10.4,24.7,7,Not Barred,6,6312,-35.4,504990,7,-82.4;-71.1;-80.6;-73.7,-,13.6;23.8;255;255,22.5;22.8;255;255,-37.6;-35.4,0;7;3;1;6;3;2;5;5,6;7;7;7;7;8;38;180;741,-85;-68.9;-79.7;-80.8;-80;-88;-84.1;-92.2;-93.3,-15.9;-10.4;-11.8;-11.9;-10.9;-19.1;-14.4;-19.2;-20.5,255;255;255;255;255;255;255;255;255,1;0;0;0;0;0,504990;504990;504990;504990;504990;504990,7;38;6;8;180;741,7;2;0;3;5;5,-,4;1;1;1;1;1,-69.1;-84.1;-86.2;-88.3;-92.2;-93.3,-10.4;-14.4;-16.6;-18.4;-19.2;-20.5,24.7;255;255;255;255;255,1.4,3,3,QPSK,-,100,0,0,0,0.00,0.00,0.00,0.00,0,1,Rank 1,16,112,3,69,-,69,10,25,31,25,256QAM,0,SMDL,0,0,0,0.00,0.00,0.02,0.44,Rank 2,4,240,37,-,2 x 2,HandOver,43968,Free,17,FORMAT_0,718,127,Success,43968,1,-,-2,1,-7,-,37,-,7,3,-,-,-,-,-,-,-,-,-,-,-,-,-,Registered,Normal Service,9,269,18,D4A654C1,42,8,30kHz,944,-,4,1,-,-,New trans.,0,0,256QAM,119,2,43968,40,13,0,0,Pass,0,QPSK,0,16,1,0,15,30kHz,Re trans.,-,1100,
20260725 15:39:10.097,24.826778,102.845019,15.91,1934,3,1,0.00,0.00,,,,,,,1,SA,460,00,中国移动,4456484,6677397516,1630224,12,Normal,-,1,41,100,100,504990,-,7,513000,513000,30kHz,503172,1099,-,ms20,Connected,SA,-0.9,3,1,-60,92,-75.1,-10.7,22.2,7,Not Barred,6,6312,-38.4,504990,7,-68.8;-73.8;-80.6;-78.1,-,9.3;12.3;255;255,21.7;20.5;255;255,-38.4;-39.8,3;7;6;1;3;0;2;5;5,6;7;7;7;7;8;38;180;741,-84;-73.7;-77.7;-81.9;-82.5;-87.5;-84;-116.6;-89.2,-14.9;-10.4;-10.8;-11.8;-13.2;-16.5;-13.1;-28;-15.9,255;255;255;255;255;255;255;255;255,1;0;0;0;0;0,504990;504990;504990;504990;504990;504990,7;38;6;8;741;180,7;2;3;0;5;5,-,4;1;1;1;1;1,-75.1;-84;-85.6;-88.4;-89.2;-116.6,-10.7;-13.1;-15.1;-16.1;-15.9;-28,22.2;255;255;255;255;255,1.4,3,3,QPSK,-,100,0,0,0,0.00,0.00,0.00,0.00,0,1,Rank 1,16,112,3,69,-,69,10,23.9,25,25,256QAM,0,SMDL,0,0,0,0.00,0.00,0.00,0.21,Rank 2,4,116,37,-,2 x 2,HandOver,43968,Free,17,FORMAT_0,718,127,Success,43968,1,-,3,8,-7,-,37,-,7,3,-,-,-,-,-,-,-,-,-,-,-,-,-,Registered,Normal Service,9,269,18,D4A654C1,135,9,30kHz,992,-,4,1,-,-,New trans.,0,0,256QAM,120,1,43968,129,14,0,0,Pass,0,QPSK,0,16,1,0,15,30kHz,Re trans.,-,1100,
20260725 15:39:11.117,24.826756,102.844988,13.90,1934,3,1,0.00,0.00,,,,,,,1,SA,460,00,中国移动,4456484,6677397516,1630224,12,Normal,-,1,41,100,100,504990,-,7,513000,513000,30kHz,503172,1099,-,ms20,Connected,SA,-0.9,3,1,-60,93,-77.2,-10.7,15.8,7,Not Barred,6,6312,-37.1,504990,7,-83.7;-80.2;-81.5;-80.4,-,20.1;22.7;255;255,19.1;24.2;255;255,-37.1;-42.1,1;7;6;4;3;1;2;5;5,6;7;7;7;7;8;38;180;741,-85.5;-76.2;-79;-82.4;-82;-99.6;-84.4;-97.3;-86.4,-12.7;-10.6;-10.6;-11.6;-11.5;-20.2;-12.2;-20.8;-14.7,255;255;255;255;255;255;255;255;255,1;0;0;0;0;0,504990;504990;504990;504990;504990;504990,7;38;6;741;8;180,7;2;1;5;1;5,-,4;1;1;1;1;1,-77.2;-84.4;-86.1;-86.4;-95;-97.3,-10.7;-12.2;-14.3;-14.7;-19.1;-20.8,15.8;255;255;255;255;255,0.7,3,0,QPSK,-,100,0,0,0,0.00,0.00,0.00,0.00,0,2,Rank 1,16,144,9,69,-,69,9,24.9,25,25,256QAM,0,SMDL,0,0,0,0.00,0.00,0.00,0.40,Rank 2,4,212,69,-,2 x 2,HandOver,43968,Free,17,FORMAT_0,718,127,Success,43968,1,-,3,7,-7,-,69,-,7,9,-,-,-,-,-,-,-,-,-,-,-,-,-,Registered,Normal Service,9,269,18,D4A654C1,241,19,30kHz,992,-,4,1,-,-,New trans.,0,0,256QAM,176,1,43968,236,13,0,0,Pass,1,QPSK,0,16,1,0,15,30kHz,Re trans.,-,700,
20260725 15:39:12.131,24.826737,102.844959,13.00,1934,3,1,0.00,0.00,,,,,,,1,SA,460,00,中国移动,4456484,6677397516,1630224,12,Normal,-,1,41,100,100,504990,-,7,513000,513000,30kHz,503172,1099,-,ms20,Connected,SA,-0.9,2,1,-60,93,-76.5,-10.6,14.3,7,Not Barred,6,6312,-35,504990,7,-75.4;-89.8;-78.4;-78,-,15.7;16.2;255;255,23.9;25.3;255;255,-37.6;-35,3;7;6;4;0;1;2;5;5,6;7;7;7;7;8;38;180;741,-85.4;-75.7;-78.4;-86.7;-84.6;-104.6;-81.2;-90.4;-85.5,-12.6;-10.5;-10.7;-12.8;-12.4;-23.6;-11.5;-16.4;-13.4,255;255;255;255;255;255;255;255;255,1;0;0;0;0;0,504990;504990;504990;504990;504990;504990,7;38;741;6;180;8,7;2;5;3;5;1,-,4;1;1;1;1;1,-76.5;-81.2;-85.5;-86.9;-90.4;-97,-10.6;-11.5;-13.4;-14.2;-16.4;-21.5,14.3;255;255;255;255;255,1.3,2,2,QPSK,-,100,0,0,0,0.00,0.00,0.01,0.01,0,1,Rank 1,16,100,7,14,-,14,10,24.9,25,25,256QAM,0,SMDL,0,0,0,0.00,0.00,0.00,0.31,Rank 2,4,164,52,-,2 x 2,HandOver,43968,Free,17,FORMAT_0,718,127,Success,43968,1,-,3,6,-7,-,52,-,1,6,-,-,-,-,-,-,-,-,-,-,-,-,-,Registered,Normal Service,9,269,18,D4A654C1,241,19,30kHz,992,-,4,1,-,-,New trans.,0,0,256QAM,176,1,43968,321,17,0,4,Pass,0,QPSK,0,20,1,0,0,30kHz,Re trans.,-,758,
20260725 15:39:13.139,24.826716,102.844918,17.32,1933,3,1,0.00,0.00,,,,,,,1,SA,460,00,中国移动,4456484,6677397516,1630224,12,Normal,-,1,41,100,100,504990,-,7,513000,513000,30kHz,503172,1099,-,ms20,Connected,SA,-0.9,2,1,-60,93,-77.1,-10.6,22.9,7,Not Barred,6,6312,-42.5,504990,7,-73.8;-75.2;-93.2;-77.4,-,12.2;18.8;17.5;17.6,20.7;23.5;255;255,-45.8;-42.5,0;7;6;5;0;3;2;5;5,6;7;7;7;7;8;38;180;741,-91.2;-76.5;-78.5;-89.7;-88.2;-99.8;-86.8;-111.4;-85.2,-15.2;-10.5;-10.7;-15.4;-12.8;-19.5;-13.2;-24.5;-12.8,255;255;255;255;255;255;255;255;255,1;0;0;0;0;0,504990;504990;504990;504990;504990;504990,7;741;38;6;8;180,7;5;2;0;3;5,-,4;1;1;1;1;1,-77.1;-85.2;-86.8;-89.8;-95.9;-111.4,-10.6;-12.8;-13.2;-15.5;-17.9;-24.5,22.9;255;255;255;255;255,1.3,2,2,QPSK,-,100,0,0,0,0.00,0.00,0.00,0.00,0,1,Rank 1,16,100,7,69,-,69,10,24.8,25,25,256QAM,0,SMDL,0,0,0,0.00,0.00,0.00,0.10,Rank 2,4,52,52,-,2 x 2,HandOver,43968,Free,17,FORMAT_0,718,127,Success,43968,1,-,3,6,-7,-,52,-,1,6,-,-,-,-,-,-,-,-,-,-,-,-,-,Registered,Normal Service,9,269,18,D4A654C1,408,8,30kHz,992,-,4,1,-,-,New trans.,0,0,256QAM,151,1,43968,372,13,0,0,Pass,0,QPSK,0,16,1,0,15,30kHz,Re trans.,-,758,
20260725 15:39:14.162,24.826692,102.844873,20.48,1933,3,1,0.00,0.00,,,,,,,1,SA,460,00,中国移动,4456484,6677397516,1630224,12,Normal,-,1,41,100,100,504990,-,7,513000,513000,30kHz,503172,1099,-,ms20,Connected,SA,-0.9,2,1,-60,94,-75.8,-10.5,14.8,7,Not Barred,6,6312,-38.5,504990,7,-72.7;-89;-81.2;-80.7,-,9.5;13.6;19.2;5.7,16.6;21.3;255;255,-38.5;-46.9,2;7;6;0;4;1;2;5;5,6;7;7;7;7;8;38;180;741,-86.8;-75.3;-77.8;-87.7;-88.5;-92.5;-86.9;-96.8;-84.6,-14.4;-10.5;-10.6;-13.6;-13;-14.1;-13.8;-19.6;-12.3,255;255;255;255;255;255;255;255;255,1;0;0;0;0;0,504990;504990;504990;504990;504990;504990,7;741;38;6;8;180,7;5;2;2;1;5,-,4;1;1;1;1;1,-75.8;-85.9;-86.9;-88.3;-93.1;-96.8,-10.5;-12.8;-13.8;-14.6;-16.1;-19.6,14.8;255;255;255;255;255,0.5,1,1,QPSK,-,100,0,0,0,0.00,0.00,0.00,0.00,0,2,Rank 1,16,32,2,106,-,106,10,24.8,25,25,256QAM,0,SMDL,0,0,0,0.00,0.00,0.00,0.10,Rank 2,4,52,15,-,2 x 2,HandOver,43968,Free,17,FORMAT_0,718,127,Success,43968,1,-,4,6,-7,-,15,-,1,2,-,-,-,-,-,-,-,-,-,-,-,-,-,Registered,Normal Service,9,269,18,D4A654C1,530,8,30kHz,992,-,4,1,-,-,New trans.,0,0,256QAM,131,1,43968,524,12,0,0,Pass,0,QPSK,2,16,2,0,15,30kHz,Re trans.,-,135,
20260725 15:39:15.170,24.826669,102.844822,21.78,1933,3,1,0.00,0.00,,,,,,,1,SA,460,00,中国移动,4456484,6677397516,1630224,12,Normal,-,1,41,100,100,504990,-,7,513000,513000,30kHz,503172,1099,-,ms20,Connected,SA,-0.9,2,1,-60,93,-73.1,-10.5,19.7,7,Not Barred,6,6312,-34.8,504990,7,-70.9;-75.1;-80.9;-77.1,-,11.5;17.6;255;255,22.7;20.9;255;255,-39.1;-34.8,0;7;6;5;0;0;2;5;5,6;7;7;7;7;8;38;180;741,-94.3;-73.1;-77.2;-87.3;-86.1;-93.7;-84.3;-94;-87.5,-18.6;-10.5;-10.6;-14.1;-13;-15.9;-11.9;-16.8;-14.4,255;255;255;255;255;255;255;255;255,1;0;0;0;0;0,504990;504990;504990;504990;504990;504990,7;38;741;6;180;8,7;2;5;0;5;0,-,4;1;1;1;1;1,-73.1;-84.3;-89.2;-90.8;-94;-94.9,-10.5;-11.9;-15.5;-16.9;-16.8;-16.8,19.7;255;255;255;255;255,0.8,2,1,QPSK,-,100,0,0,0,0.00,0.00,0.00,0.00,0,2,Rank 1,16,80,2,66,-,66,10,24.8,25,25,256QAM,0,SMDL,0,0,0,0.00,0.00,0.00,0.23,Rank 2,4,124,26,-,2 x 2,HandOver,43968,Free,17,FORMAT_0,718,127,Success,43968,1,-,3,4,-7,-,26,-,1,2,-,-,-,-,-,-,-,-,-,-,-,-,-,Registered,Normal Service,9,269,18,D4A654C1,629,18,30kHz,944,-,4,1,-,-,New trans.,0,0,256QAM,136,1,43968,624,12,0,0,Pass,0,QPSK,1,16,2,0,15,30kHz,Re trans.,-,376,
20260725 15:39:16.181,24.826642,102.844763,24.44,1933,3,1,0.00,0.00,,,,,,,1,SA,460,00,中国移动,4456484,6677397516,1630224,12,Normal,-,1,41,100,100,504990,-,7,513000,513000,30kHz,503172,1099,-,ms20,Connected,SA,-0.9,1,1,-60,94,-76.6,-10.6,14.9,7,Not Barred,6,6312,-39.4,504990,7,-77.3;-73.8;-80.3;-76.9,-,16.8;9.9;255;255,19.2;19.1;255;255,-40.5;-39.4,2;7;6;0;5;2;2;5;5,6;7;7;7;7;8;38;180;741,-91.1;-75.9;-77.4;-86.7;-89.6;-93.6;-86.7;-99.2;-83.3,-16.6;-10.6;-10.6;-12.8;-15.9;-18.5;-13.6;-21.7;-12.3,255;255;255;255;255;255;255;255;255,1;0;0;0;0;0,504990;504990;504990;504990;504990;504990,7;741;38;8;6;180,7;5;2;2;2;5,-,4;1;1;1;1;1,-76.6;-85.3;-86.7;-89.9;-90.5;-99.2,-10.6;-13.2;-13.6;-15.4;-16.7;-21.7,14.9;255;255;255;255;255,0.8,2,1,QPSK,-,100,0,0,0,0.00,0.00,0.00,0.00,0,2,Rank 1,16,80,3,69,-,69,10,25.2,31,25,256QAM,0,SMDL,0,0,0,0.00,0.00,0.00,0.10,Rank 2,4,56,31,-,2 x 2,HandOver,43968,Free,17,FORMAT_0,718,127,Success,43968,1,-,4,1,-7,-,31,-,1,3,-,-,-,-,-,-,-,-,-,-,-,-,-,Registered,Normal Service,9,269,18,D4A654C1,725,19,30kHz,992,-,4,1,-,-,New trans.,0,0,256QAM,180,1,43968,720,13,0,0,Pass,0,QPSK,0,16,1,0,15,30kHz,Re trans.,-,376,
20260725 15:39:17.191,24.826620,102.844700,25.99,1933,3,1,0.00,0.00,,,,,,,1,SA,460,00,中国移动,4456484,6677397516,1630224,12,Normal,-,1,41,100,100,504990,-,7,513000,513000,30kHz,503172,1099,-,ms20,Connected,SA,-0.9,0,1,-60,96,-76.7,-10.7,12,7,Not Barred,6,6312,-39.5,504990,7,-83.8;-77;-75.6;-84.2,-,12.6;12.1;255;255,16;19.6;255;255,-42.6;-39.5,2;7;6;5;0;0;2;5;5;1,6;7;7;7;7;8;38;180;741;254,-96.6;-78.6;-75.7;-90.3;-89.6;-87.3;-84.2;-91.3;-85.9;-96,-19.5;-10.9;-10.5;-15.7;-13.8;-14.5;-11.7;-19.6;-13.6;-17.7,255;255;255;255;255;255;255;255;255;255,1;0;0;0;0;0;0,504990;504990;504990;504990;504990;504990;504990,7;38;741;8;180;6;254,7;2;5;0;5;2;1,-,4;1;1;1;1;1;1,-76.7;-84.2;-86.6;-86.6;-91.3;-93;-96,-10.7;-11.7;-13.9;-13;-19.6;-18.4;-17.7,12;255;255;255;255;255;255,0.6,2,0,QPSK,-,100,0,0,0,0.00,0.00,0.00,0.00,0,2,Rank 1,16,116,6,69,-,69,10,25,31,25,256QAM,0,SMDL,0,0,0,0.00,0.00,0.01,0.36,Rank 2,4,192,48,-,2 x 2,HandOver,43968,Free,17,FORMAT_0,718,127,Success,43968,1,-,6,5,-7,-,48,-,1,5,-,-,-,-,-,-,-,-,-,-,-,-,-,Registered,Normal Service,9,269,18,D4A654C1,842,8,30kHz,992,-,4,1,-,-,New trans.,0,0,256QAM,156,0,43968,836,13,0,0,Pass,1,QPSK,0,16,1,0,15,30kHz,Re trans.,-,753,
20260725 15:39:18.200,24.826604,102.844628,27.79,1932,3,1,0.00,0.00,,,,,,,1,SA,460,00,中国移动,4456484,6677397516,1630224,12,Normal,-,1,41,100,100,504990,-,7,513000,513000,30kHz,503172,1099,-,ms20,Connected,SA,-0.9,0,1,-60,95,-76.9,-10.7,14.9,6,Not Barred,6,6312,-41.3,504990,7,-74.5;-84.5;-81;-87.4,-,17.3;8.7;255;255,13.2;17.7;255;255,-41.3;-44.6,3;6;7;4;3;1;2;5;5;1;7,6;7;7;7;7;8;38;180;741;254;252,-95.5;-76;-79.7;-90.2;-91.4;-89.5;-82.1;-95.7;-91.8;-99.1;-89.7,-17.2;-10.5;-10.9;-13.8;-13.5;-13.2;-10.8;-17.9;-14.5;-19.7;-18.8,255;255;255;255;255;255;255;255;255;255;255,1;0;0;0;0;0;0;0,504990;504990;504990;504990;504990;504990;504990;504990,7;38;252;8;741;180;6;254,6;2;7;1;5;5;3;1,-,4;1;1;1;1;1;1;1,-76.9;-82.1;-89.7;-90.6;-93;-95.7;-96.7;-99.1,-10.7;-10.8;-18.8;-14.6;-15.3;-17.9;-18.6;-19.7,14.9;255;255;255;255;255;255;255,2,5,0,QPSK,-,80,20,0,0,0.00,0.00,0.00,0.00,0,2,Rank 1,16,80,3,106,-,106,9,25,25,25,256QAM,0,SMDL,0,0,0,0.00,0.00,0.01,0.16,Rank 2,4,84,26,-,2 x 2,HandOver,43968,Free,17,FORMAT_0,718,127,Success,43968,1,-,4,6,-7,-,26,-,1,3,-,-,-,-,-,-,-,-,-,-,-,-,-,Registered,Normal Service,9,269,18,D4A654C1,951,8,30kHz,992,-,4,1,-,-,New trans.,0,0,256QAM,127,1,43968,946,2,0,0,Pass,0,QPSK,2,16,2,0,15,30kHz,Re trans.,-,662,
20260725 15:39:19.217,24.826588,102.844555,27.83,1932,3,1,0.00,0.00,,,,,,,1,SA,460,00,中国移动,4456484,6677397516,1630224,12,Normal,-,1,41,100,100,504990,-,7,513000,513000,30kHz,503172,1099,-,ms20,Connected,SA,-0.9,0,1,-60,97,-78.6,-11.2,12.2,6,Not Barred,6,6312,-36.9,504990,7,-76;-82;-88.1;-92.3,-,12.2;9.3;255;255,14.9;13.4;255;255,-36.9;-49.9,3;6;7;4;0;1;2;5;4;4;7;0,6;7;7;7;7;8;38;180;741;254;252;300,-96.6;-78.4;-79.3;-91;-90.9;-87;-79.1;-104;-94.2;-96.4;-87.3;-106.3,-18.2;-10.9;-11.5;-13.9;-13.9;-12.1;-10.7;-21.7;-16.3;-21;-18.6;-23.5,255;255;255;255;255;255;255;255;255;255;255;255,1;0;0;0;0;0;0;0;0,504990;504990;504990;504990;504990;504990;504990;504990;504990,7;38;252;8;741;6;254;180;300,6;2;7;1;4;3;4;5;0,-,4;1;1;1;1;1;1;1;1,-78.6;-79.1;-87.3;-89.2;-94.4;-97.1;-103.9;-104;-106.3,-11.2;-10.7;-18.6;-12.9;-17;-18.9;-21.2;-21.7;-23.5,12.2;255;255;255;255;255;255;255;255,2,5,0,QPSK,-,80,20,0,0,0.00,0.00,0.00,0.00,0,2,Rank 1,16,80,5,66,-,66,10,25,31,25,256QAM,0,SMDL,0,0,0,0.00,0.00,0.00,0.25,Rank 2,4,136,38,-,2 x 2,HandOver,43968,Free,17,FORMAT_0,718,127,Success,43968,1,-,7,6,-7,-,38,-,1,4,-,-,-,-,-,-,-,-,-,-,-,-,-,Registered,Normal Service,9,269,18,D4A654C1,22,9,30kHz,944,-,4,1,-,-,New trans.,0,0,256QAM,155,1,43968,15,12,0,0,Pass,0,QPSK,1,16,2,0,15,30kHz,Re trans.,-,662,
20260725 15:39:20.229,24.826573,102.844482,27.36,1932,3,1,0.00,0.00,,,,,,,1,SA,460,00,中国移动,4456484,6677397516,1630224,12,Normal,-,1,41,100,100,504990,-,7,513000,513000,30kHz,503172,1099,-,ms20,Connected,SA,-0.9,0,1,-60,97,-77,-10.7,13.4,6,Not Barred,6,6312,-39,504990,7,-75.4;-74.5;-76;-81.3,-,1.9;9;255;255,8.9;10.5;255;255,-40.3;-39,3;6;7;5;4;1;2;5;4;1;7,6;7;7;7;7;8;38;180;741;254;252,-108.2;-77.7;-77.5;-87.3;-87.7;-80.4;-79.7;-90.5;-93;-92.8;-86.5,-24.8;-10.7;-11;-14;-12.9;-11;-10.9;-16.3;-18.4;-17;-18,255;255;255;255;255;255;255;255;255;255;255,1;0;0;0;0;0;0;0,504990;504990;504990;504990;504990;504990;504990;504990,7;38;8;252;180;254;741;6,6;2;1;7;5;1;4;3,-,4;1;1;1;1;1;1;1,-77;-79.7;-80.7;-86.6;-90.6;-93.3;-93.8;-108.2,-10.7;-10.9;-11.1;-18.2;-16.5;-17.8;-18;-24.7,13.4;255;255;255;255;255;255;255,0.6,3,0,QPSK,-,100,0,0,0,0.00,0.00,0.00,0.00,0,1,Rank 1,16,116,5,69,-,69,10,25.1,31,24,256QAM,0,SMDL,0,0,0,0.00,0.00,0.01,0.29,Rank 2,4,156,38,-,2 x 2,HandOver,43968,Free,17,FORMAT_0,718,127,Success,43968,1,-,7,5,-7,-,38,-,1,4,-,-,-,-,-,-,-,-,-,-,-,-,-,Registered,Normal Service,9,269,18,D4A654C1,103,18,30kHz,992,-,4,1,-,-,New trans.,0,0,256QAM,108,1,43968,98,13,0,0,Pass,0,QPSK,0,16,1,0,15,30kHz,Re trans.,-,507,
20260725 15:39:21.235,24.826560,102.844415,24.08,1932,3,1,0.00,0.00,,,,,,,1,SA,460,00,中国移动,4456484,6677397516,1630224,12,Normal,-,1,41,100,100,504990,-,7,513000,513000,30kHz,503172,1099,-,ms20,Connected,SA,-0.9,-1,1,-60,98,-80.3,-11.7,8.4,6,Not Barred,6,6312,-46,504990,7,-82;-78;-81.2;-90.5,-,3.3;8.8;255;255,11.8;10.4;255;255,-46.5;-46,5;6;7;5;4;1;2;5;4;6;7,253;7;7;7;7;8;38;180;741;254;252,-95.8;-80.5;-80.7;-93.3;-94.1;-81.4;-78.2;-88.9;-94.4;-86.8;-85.4,-18.8;-11.2;-12.2;-17.1;-15.4;-11.5;-10.9;-13.2;-16.1;-17.3;-15.6,255;255;255;255;255;255;255;255;255;255;255,1;0;0;0;0;0;0;0,504990;504990;504990;504990;504990;504990;504990;504990,7;38;8;252;254;180;741;253,6;2;1;7;6;5;4;5,-,4;1;1;1;1;1;1;1,-80.3;-78.2;-81.4;-85.4;-87.3;-89.3;-95.7;-95.8,-11.7;-10.9;-11.4;-15.6;-14.8;-13.8;-17.8;-18.8,8.4;255;255;255;255;255;255;255,0.6,3,0,QPSK,-,100,0,0,0,0.00,0.00,0.00,0.00,0,1,Rank 1,16,116,5,69,-,69,7,24.5,25,25,256QAM,0,SMDL,0,0,0,0.00,0.00,0.02,0.21,Rank 2,4,116,46,-,2 x 2,HandOver,43968,Free,17,FORMAT_0,718,127,Success,43968,1,-,7,6,-7,-,46,-,1,5,-,-,-,-,-,-,-,-,-,-,-,-,-,Registered,Normal Service,9,269,18,D4A654C1,233,19,30kHz,896,-,4,1,-,-,New trans.,0,0,256QAM,180,1,43968,228,13,0,0,Pass,1,QPSK,0,16,1,0,15,30kHz,Re trans.,-,507,
20260725 15:39:22.241,24.826549,102.844353,21.53,1932,3,1,0.00,0.00,,,,,,,1,SA,460,00,中国移动,4456484,6677397516,1630224,12,Normal,-,1,41,100,100,504990,-,38,513000,513000,30kHz,503172,1099,-,ms20,Connected,SA,-0.9,1,3,-60,101,-81.4,-11.6,10.5,2,Not Barred,6,6312,-45.5,504990,38,-81.5;-77.8;-79.8;-88.9,-,8.2;7.4;255;255,-11.2;-16;255;255,-45.5;-46.9,7;7;1;2;1;0;5;4;1;7,253;7;8;38;38;38;180;741;254;252,-85.3;-74.7;-83;-81.1;-88.1;-115.7;-92;-93.6;-81.4;-81.5,-20.2;-11.1;-12.2;-11.3;-17.1;-27.1;-15.5;-15.6;-11.9;-17,255;255;255;255;255;255;255;255;255;255,1;0;0;0;0;0;0;0,504990;504990;504990;504990;504990;504990;504990;504990,38;7;252;254;253;8;180;741,2;7;7;1;7;1;5;4,-,3;1;1;1;1;1;1;1,-81.4;-75.7;-81.5;-82.4;-85.3;-87.8;-92.2;-94.8,-11.6;-11;-17;-12.4;-20.2;-13.7;-15.7;-17.2,10.5;255;255;255;255;255;255;255,0.9,3,0,QPSK,-,100,0,0,0,0.00,0.00,0.02,0.02,19,1,Rank 1,16,112,6,141,-,141,7,23.4,31,24,256QAM,0,SMDL,1.3,0,12.8,0.00,0.00,0.07,0.52,Rank 2,4,312,74,-,2 x 2,HandOver,44064,Free,17,FORMAT_0,404,57,Success,44064,7,-,11,1,-4,-,74,-,1,6,-,-,-,-,-,-,-,-,-,-,-,-,-,Registered,Normal Service,9,269,18,D4A654C1,323,18,30kHz,512,-,4,1,-,-,New trans.,0,0,64QAM,59,1,44064,331,1,0,2,Pass,1,QPSK,0,48,1,0,2,30kHz,Re trans.,-,605,
20260725 15:39:23.247,24.826541,102.844301,18.36,1932,3,1,0.00,0.00,,,,,,,1,SA,460,00,中国移动,4456484,6677397516,1630224,12,Normal,-,1,41,100,100,504990,-,7,513000,513000,30kHz,503172,1099,-,ms20,Connected,SA,-0.9,2,1,-60,97,-78.8,-13,0.1,7,Not Barred,6,6312,-36.9,504990,7,-81.5;-78.2;-81.5;-93.2,-,-3.7;-9.9;-6.8;-12.6,7.7;2.5;4.4;8.1,-36.9;-45.4;-42.8;-39,7;7;6;4;1;1;2;5;4;3;7,253;7;7;7;7;8;38;180;741;254;252,-81.9;-78.2;-82;-91.9;-91.8;-89.9;-80.8;-94;-87.2;-89.4;-76.6,-16;-13.6;-12.7;-17.4;-18.8;-17.9;-11.3;-18.5;-13.8;-14.4;-13.3,255;255;255;255;255;255;255;255;255;255;255,1;0;0;0;0;0;0;0,504990;504990;504990;504990;504990;504990;504990;504990,7;252;38;253;254;741;8;180,7;7;2;7;3;4;1;5,-,4;1;1;1;1;1;1;1,-78.8;-76.6;-80.8;-81;-86.9;-87.6;-89.1;-94,-13;-13.3;-11.3;-15.6;-14.4;-14.1;-16.1;-18.5,0.1;255;255;255;255;255;255;255,4.1,28,0,QPSK,-,100,0,0,0,0.00,0.00,0.02,0.02,0,1,Rank 3,29,924,29,69,-,69,11,16,31,14,64QAM,0,SMSL,3,1,82,0.00,0.00,0.01,0.44,Rank 1,4,400,95,-,2 x 2,HandOver,44278,Free,17,FORMAT_0,718,57,Success,44278,2,-,6,4,-10,-,95,-,5,24,-,-,-,-,-,-,-,-,-,-,-,-,-,Registered,Normal Service,9,269,18,D4A654C1,418,18,30kHz,688,-,4,1,-,-,New trans.,0,0,64QAM,252,1,44278,413,14,0,0,Pass,1,QPSK,0,16,1,0,15,30kHz,Re trans.,-,3761,
20260725 15:39:24.253,24.826523,102.844255,16.34,1932,3,1,0.00,0.00,,,,,,,1,SA,460,00,中国移动,4456484,6443487243,1573117,11,Normal,-,1,41,100,100,504990,-,252,513000,513000,30kHz,503172,1099,-,ms20,Connected,SA,-0.9,2,7,-60,91,-71.9,-11.1,11.6,7,Not Barred,6,6312,-33.9,504990,252,-73.1;-68.9;-74.9;-77.4,-,9;0.5;11.2;4.5,10.2;11.8;15;9,-38.3;-42.3;-38.6;-33.9,0;7;3;2;5;4;6;7;6;1;5,253;7;8;38;180;741;254;252;252;252;252,-96.4;-79.9;-96.3;-83.2;-93.2;-86;-84;-71.8;-81.5;-82.6;-85.7,-19.3;-17.8;-20.7;-12.4;-18.8;-13.8;-15.1;-11.1;-13.3;-13.4;-12.7,255;255;255;255;255;255;255;255;255;255;255,1;0;0;0;0;0;0;0,504990;504990;504990;504990;504990;504990;504990;504990,252;7;254;38;741;253;180;8,7;7;6;2;4;0;5;3,-,4;1;1;1;1;1;1;1,-71.9;-80.4;-83.6;-84.4;-87.1;-90.2;-93.2;-96.2,-11.1;-16.3;-14.3;-13.1;-14.1;-20.8;-18.8;-20.7,11.6;255;255;255;255;255;255;255,2.4,28,0,QPSK,-,100,0,0,0,0.00,0.00,0.01,0.01,7.1,1,Rank 1,19,432,24,129,-,129,10,25.2,31,25,256QAM,0,SMDL,0,0,2.1,0.00,0.00,0.17,0.66,Rank 2,4,376,99,-,4 x 4,HandOver,37378,Free,17,FORMAT_0,386,127,Success,37378,4,-,8,-15,-7,-,99,-,3,21,-,-,-,-,-,-,-,-,-,-,-,-,-,Registered,Normal Service,9,269,18,D4A654C1,530,18,30kHz,896,-,4,1,-,-,-,0,1,256QAM,33,1,37378,529,2,0,2,Pass,1,QPSK,0,40,1,0,2,30kHz,New trans.,-,2211,
20260725 15:39:25.259,24.826497,102.844225,15.16,1932,3,1,0.00,0.00,,,,,,,1,SA,460,00,中国移动,4456484,6677397516,1630224,12,Normal,-,1,41,100,100,504990,-,252,513000,513000,30kHz,503172,1099,-,ms20,Connected,SA,-0.9,2,4,-60,77,-58.3,-10.4,18.9,7,Not Barred,6,6312,-22.3,504990,252,-64.5;-59.2;-66.3;-72.9,-,12.8;23.4;12.5;11.6,17.2;23.9;22.1;10.3,-31.5;-38.8;-30.8;-22.3,0;7;3;2;7;6;1;5;0;6,253;7;8;38;252;252;252;252;741;254,-135.3;-69.4;-123.9;-83.8;-58.3;-68.3;-69.2;-72.4;-117.5;-71.6,-34.9;-19.8;-32.3;-17.8;-10.4;-12.4;-10.7;-10.6;-27.8;-15,255;255;255;255;255;255;255;255;255;255,1;0;0;0;0;0;0,504990;504990;504990;504990;504990;504990;504990,252;7;254;38;741;8;253,7;7;6;2;0;3;0,-,4;1;1;1;1;1;1,-58.3;-69.4;-72.1;-84.3;-116.5;-123.9;-135.3,-10.4;-19.8;-15.3;-18.6;-27.9;-32.3;-35,18.9;255;255;255;255;255;255,3.8,30,0,QPSK,-,85,7.5,7.5,0,0.01,0.01,0.24,0.26,13.5,1,Rank 2,27,1116,40,69,-,69,13,24.2,31,24,256QAM,0,SMDL,1.5,0,0,0.00,0.00,0.23,0.93,Rank 2,4,576,149,-,4 x 4,HandOver,37378,Free,17,FORMAT_0,386,127,Success,37378,4,-,1,-26,-7,-,149,-,9,31,-,-,-,-,-,-,-,-,-,-,-,-,-,Registered,Normal Service,9,269,18,D4A654C1,638,9,30kHz,800,-,4,1,-,-,New trans.,0,1,256QAM,33,1,37378,633,3,0,0,Pass,1,QPSK,0,16,1,0,15,30kHz,Re trans.,-,32456,
20260725 15:39:26.272,24.826461,102.844212,16.81,1932,3,1,0.00,0.00,,,,,,,1,SA,460,00,中国移动,4456484,6677397516,1630224,12,Normal,-,1,41,100,100,504990,-,252,513000,513000,30kHz,503172,1099,-,ms20,Connected,SA,-0.9,2,4,-60,75,-57.2,-10.4,20.4,7,Not Barred,6,6312,-21.4,504990,252,-60.2;-56.9;-65.1;-71.2,-,11.7;21.7;255;255,20.3;23.1;255;255,-24.4;-21.4,0;7;6;2;7;6;1;2;4,253;7;254;38;252;252;252;252;741,-135.6;-67.9;-69.8;-101.8;-57.2;-67;-67.9;-71.5;-141.7,-36.1;-20.1;-15.2;-24.9;-10.4;-11.9;-10.6;-11;-38,255;255;255;255;255;255;255;255;255,1;0;0;0;0;0,504990;504990;504990;504990;504990;504990,252;7;254;38;253;741,7;7;6;2;0;4,-,4;1;1;1;1;1,-57.2;-67.9;-69.9;-101.8;-135.6;-140.4,-10.4;-20.1;-15.2;-24.9;-36.1;-37.4,20.4;255;255;255;255;255,4.8,28,0,QPSK,-,100,0,0,0,0.00,0.00,0.01,0.01,18.2,1,Rank 1,18,224,12,69,-,69,15,21.2,31,22,256QAM,0,SMDL,0,0,48.1,0.00,0.00,0.15,0.57,Rank 2,4,416,107,-,2 x 2,HandOver,37378,Free,17,FORMAT_0,386,127,Success,37378,4,-,1,-27,-7,-,107,-,9,12,-,-,-,-,-,-,-,-,-,-,-,-,-,Registered,Normal Service,9,269,18,D4A654C1,734,8,30kHz,944,-,4,1,-,-,New trans.,0,0,256QAM,56,0,37378,729,3,0,0,Pass,0,QPSK,0,16,1,0,15,30kHz,Re trans.,-,1411,
20260725 15:39:27.284,24.826416,102.844210,19.08,1932,3,1,0.00,0.00,,,,,,,1,SA,460,00,中国移动,4456484,6443487243,1573117,11,Normal,-,1,41,100,100,504990,-,252,513000,513000,30kHz,503172,1099,-,ms20,Connected,SA,-0.9,1,3,-60,75,-58.2,-10.5,11.4,7,Not Barred,6,6312,-23.9,504990,252,-59.4;-59.6;-72.3;-73.7,-,9.6;12;255;255,22.1;20.8;255;255,-24;-23.9,0;7;6;7;6;1;5,253;7;254;252;252;252;252,-85.1;-68.3;-74.3;-58.2;-67.8;-69;-72.3,-17.1;-20.1;-17.5;-10.5;-11.4;-10.8;-10.8,255;255;255;255;255;255;255,1;0;0;0,504990;504990;504990;504990,252;7;254;253,7;7;6;0,-,4;1;1;1,-58.2;-68.3;-76.4;-85.1,-10.5;-20.1;-16.6;-17.1,11.4;255;255;255,5,28,0,QPSK,-,83.3,0,16.7,0,0.00,0.00,0.00,0.00,0,1,Rank 1,16,96,4,69,-,69,10,24.1,31,24,256QAM,0,SMDL,0,0,0,0.00,0.00,0.01,0.25,Rank 2,4,140,33,-,4 x 4,HandOver,37378,Free,17,FORMAT_0,386,127,Success,37378,4,-,0,-25,-7,-,33,-,1,3,-,-,-,-,-,-,-,-,-,-,-,-,-,Registered,Normal Service,9,269,18,D4A654C1,838,8,30kHz,992,-,4,1,-,-,New trans.,0,0,256QAM,37,1,37378,833,3,0,0,Pass,0,QPSK,0,16,1,0,15,30kHz,Re trans.,-,1678,
20260725 15:39:28.297,24.826372,102.844218,18.58,1932,3,1,0.00,0.00,,,,,,,1,SA,460,00,中国移动,4456484,6443487243,1573117,11,Normal,-,1,41,100,100,504990,-,252,513000,513000,30kHz,503172,1099,-,ms20,Connected,SA,-0.9,2,3,-60,77,-61.6,-10.7,8.1,7,Not Barred,6,6312,-26.3,504990,252,-63.9;-64.4;-71.4;-68,-,6.7;5.9;255;255,20.7;20.2;255;255,-26.3;-28.6,7;7;1;7;6;1;5;4;2,253;7;254;252;252;252;252;741;38,-92.1;-69.7;-74.8;-61.6;-70.1;-72.1;-75;-80.2;-87.7,-26.4;-19.3;-14.5;-10.7;-11.5;-12.2;-11.6;-17;-20.6,255;255;255;255;255;255;255;255;255,1;0;0;0;0;0,504990;504990;504990;504990;504990;504990,252;7;253;254;741;38,7;7;7;1;4;2,-,4;1;1;1;1;1,-61.6;-69.7;-75.2;-75.7;-80.7;-87.7,-10.7;-19.3;-20.5;-14.2;-15.8;-20.6,8.1;255;255;255;255;255,5,28,0,QPSK,-,83.3,0,16.7,0,0.00,0.00,0.01,0.01,0,1,Rank 1,16,96,3,69,-,69,10,24.8,25,25,256QAM,0,SMDL,0,0,0,0.00,0.00,0.01,0.19,Rank 2,4,100,26,-,4 x 4,HandOver,37378,Free,17,FORMAT_0,386,127,Success,37378,4,-,1,-21,-7,-,26,-,1,2,-,-,-,-,-,-,-,-,-,-,-,-,-,Registered,Normal Service,9,269,18,D4A654C1,908,18,30kHz,992,-,4,1,-,-,New trans.,0,0,256QAM,36,1,37378,833,3,0,0,Pass,0,QPSK,0,16,1,0,15,30kHz,Re trans.,-,1678,
20260725 15:39:29.310,24.826328,102.844239,19.01,1932,3,1,0.00,0.00,,,,,,,1,SA,460,00,中国移动,4456484,6443487243,1573117,11,Normal,-,1,41,100,100,504990,-,252,513000,513000,30kHz,503172,1099,-,ms20,Connected,SA,-0.9,1,3,-60,80,-62.6,-10.6,10.7,7,Not Barred,6,6312,-27.1,504990,252,-62.9;-71.5;-73.4;-69.9,-,13.3;11.5;255;255,11.8;17;255;255,-27.1;-32.1,7;7;6;7;6;1;5;0;2,253;7;254;252;252;252;252;741;38,-82.1;-71.9;-73.3;-62.6;-71.8;-73.6;-75.8;-82.5;-82.9,-21.2;-18.4;-14.5;-10.6;-12.4;-12.7;-11;-13.8;-17.5,255;255;255;255;255;255;255;255;255,1;0;0;0;0;0,504990;504990;504990;504990;504990;504990,252;7;254;253;741;38,7;7;6;7;0;2,-,4;1;1;1;1;1,-62.6;-71.9;-74.2;-77.5;-82.1;-82.9,-10.6;-18.4;-13.8;-19.6;-14.8;-17.5,10.7;255;255;255;255;255,5,28,0,QPSK,-,83.3,0,16.7,0,0.00,0.00,0.00,0.00,0,1,Rank 1,16,96,3,349,-,349,10,25,27,25,256QAM,0,SMDL,0,0,0,0.00,0.00,0.00,0.17,Rank 2,4,88,26,-,2 x 2,HandOver,37378,Free,17,FORMAT_0,386,127,Success,37378,4,-,3,-17,-7,-,26,-,1,2,-,-,-,-,-,-,-,-,-,-,-,-,-,Registered,Normal Service,9,269,18,D4A654C1,991,18,30kHz,992,-,4,1,-,-,New trans.,0,0,256QAM,92,1,37378,986,13,0,0,Pass,1,QPSK,2,16,2,0,15,30kHz,Re trans.,-,1678,
20260725 15:39:30.322,24.826287,102.844263,18.72,1932,3,1,0.00,0.00,,,,,,,1,SA,460,00,中国移动,4456484,6443487243,1573117,11,Normal,-,1,41,100,100,504990,-,252,513000,513000,30kHz,503172,1099,-,ms20,Connected,SA,-0.9,1,3,-60,78,-60.5,-10.5,12.5,7,Not Barred,6,6312,-25.3,504990,252,-59.9;-63.5;-68.8;-71.9,-,12;12.5;255;255,23.9;20.6;255;255,-25.3;-27.6,6;7;6;7;6;1;2;0;2,253;7;254;252;252;252;252;741;38,-148.9;-70.3;-66.6;-60.5;-70.2;-71.6;-74.6;-82.6;-87.6,-41;-20.1;-12;-10.5;-14.9;-11.1;-12.1;-14.8;-20.9,255;255;255;255;255;255;255;255;255,1;0;0;0;0;0,504990;504990;504990;504990;504990;504990,252;254;7;741;38;253,7;6;7;0;2;6,-,4;1;1;1;1;1,-60.5;-67.8;-70.3;-82.7;-87.7;-148.9,-10.5;-12;-20.1;-15.5;-21.7;-41,12.5;255;255;255;255;255,1.5,3,2,QPSK,-,100,0,0,0,0.00,0.00,0.01,0.01,0,1,Rank 1,16,96,5,69,-,69,10,24.6,25,25,256QAM,0,SMDL,0,0,0,0.03,0.03,0.02,0.13,Rank 2,4,72,36,-,2 x 2,HandOver,37378,Free,17,FORMAT_0,386,127,Success,37378,4,-,-2,-20,-7,-,36,-,1,5,-,-,-,-,-,-,-,-,-,-,-,-,-,Registered,Normal Service,9,269,18,D4A654C1,118,8,30kHz,992,-,4,1,-,-,New trans.,0,0,256QAM,64,1,37378,113,3,0,0,Pass,1,QPSK,0,16,1,0,15,30kHz,Re trans.,-,1689,
20260725 15:39:31.336,24.826248,102.844292,19.33,1932,3,1,0.00,0.00,,,,,,,1,SA,460,00,中国移动,4456484,6443487243,1573117,11,Normal,-,1,41,100,100,504990,-,252,513000,513000,30kHz,503172,1099,-,ms20,Connected,SA,-0.9,2,3,-60,80,-61.7,-10.5,12.7,7,Not Barred,6,6312,-26,504990,252,-60.9;-63.7;-67.5;-66.3,-,8.8;14.1;255;255,13.2;15.9;255;255,-26;-28.6,1;7;6;7;6;1;2;4;6,38;7;254;252;252;252;252;741;253,-77.4;-71.9;-65.2;-61.7;-71;-72.5;-76;-83.2;-93.8,-17.1;-20.4;-11.4;-10.5;-16;-11.4;-12.3;-17.5;-26.6,255;255;255;255;255;255;255;255;255,1;0;0;0;0;0,504990;504990;504990;504990;504990;504990,252;254;7;38;741;253,7;6;7;1;4;6,-,4;1;1;1;1;1,-61.7;-66.7;-73.3;-77.9;-83.7;-92.1,-10.5;-11.4;-21;-17;-15.9;-26.1,12.7;255;255;255;255;255,1.5,3,2,QPSK,-,100,0,0,0,0.00,0.00,0.00,0.00,0,1,Rank 1,16,96,5,69,-,69,10,24.8,25,25,256QAM,0,SMDL,0,0,0,0.00,0.00,0.02,0.30,Rank 2,4,160,36,-,2 x 2,HandOver,37378,Free,17,FORMAT_0,386,127,Success,37378,4,-,-1,-16,-7,-,36,-,1,5,-,-,-,-,-,-,-,-,-,-,-,-,-,Registered,Normal Service,9,269,18,D4A654C1,175,8,30kHz,944,-,4,1,-,-,New trans.,0,0,256QAM,80,1,37378,170,1,0,0,Pass,0,QPSK,0,16,1,0,15,30kHz,Re trans.,-,1689,
20260725 15:39:32.350,24.826210,102.844326,19.73,1932,3,1,0.00,0.00,,,,,,,1,SA,460,00,中国移动,4456484,6443487243,1573117,11,Normal,-,1,41,100,100,504990,-,252,513000,513000,30kHz,503172,1099,-,ms20,Connected,SA,-0.9,2,3,-60,80,-62.3,-10.5,13.4,7,Not Barred,6,6312,-24.1,504990,252,-59.5;-59.4;-69.8;-67.2,-,12.3;14.9;255;255,19.6;25.7;255;255,-24.1;-24.9,1;7;6;7;6;1;0;4,38;7;254;252;252;252;252;741,-79.4;-71.9;-66.1;-62.3;-71.4;-73.8;-77.1;-86.6,-18;-20.2;-11.4;-10.5;-16.2;-11.8;-12.1;-20.7,255;255;255;255;255;255;255;255,1;0;0;0;0,504990;504990;504990;504990;504990,252;254;7;38;741,7;6;7;1;4,-,4;1;1;1;1,-62.3;-67.7;-73;-79.9;-87.9,-10.5;-11.1;-20.8;-17.4;-20.5,13.4;255;255;255;255,0.4,1,0,QPSK,-,100,0,0,0,0.00,0.00,0.00,0.00,0,1,Rank 1,16,80,6,16,-,16,10,24.8,25,25,256QAM,0,SMDL,0,0,0,0.00,0.00,0.02,0.12,Rank 2,4,68,56,-,2 x 2,HandOver,37378,Free,17,FORMAT_0,386,127,Success,37378,4,-,-1,-17,-7,-,56,-,1,5,-,-,-,-,-,-,-,-,-,-,-,-,-,Registered,Normal Service,9,269,18,D4A654C1,175,8,30kHz,944,-,4,1,-,-,New trans.,0,0,256QAM,80,1,37378,259,17,0,4,Pass,0,QPSK,0,16,1,0,0,30kHz,Re trans.,-,588,
20260725 15:39:33.363,24.826170,102.844360,20.48,1932,3,1,0.00,0.00,,,,,,,1,SA,460,00,中国移动,4456484,6443487243,1573117,11,Normal,-,1,41,100,100,504990,-,252,513000,513000,30kHz,503172,1099,-,ms20,Connected,SA,-0.9,2,3,-60,77,-59.1,-10.4,11.6,7,Not Barred,6,6312,-23.9,504990,252,-61.3;-63.5;-68.9;-69.9,-,13.2;9.8;255;255,16;22.2;255;255,-23.9;-25.5,1;7;6;7;6;0;1,38;7;254;252;252;252;252,-110;-69.2;-63.5;-59.1;-68.4;-70.3;-70.9,-28.6;-20.3;-11.5;-10.4;-16;-11.1;-11.4,255;255;255;255;255;255;255,1;0;0;0,504990;504990;504990;504990,252;254;7;38,7;6;7;1,-,4;1;1;1,-59.1;-64.4;-69.2;-110,-10.4;-11.4;-20.3;-28.6,11.6;255;255;255,0.4,1,0,QPSK,-,100,0,0,0,0.00,0.00,0.00,0.00,0,1,Rank 1,16,80,6,217,-,217,10,24.8,25,25,256QAM,0,SMDL,0,0,0,0.00,0.00,0.02,0.00,Rank 2,4,0,56,-,2 x 2,HandOver,37378,Free,17,FORMAT_0,386,127,Success,37378,4,-,-2,-18,-7,-,56,-,1,5,-,-,-,-,-,-,-,-,-,-,-,-,-,Registered,Normal Service,9,269,18,D4A654C1,429,9,30kHz,872,-,4,1,-,-,New trans.,0,1,256QAM,80,1,37378,427,10,0,0,Pass,1,QPSK,1,16,2,0,15,30kHz,Re trans.,-,588,
20260725 15:39:34.370,24.826125,102.844390,20.99,1933,3,1,0.00,0.00,,,,,,,1,SA,460,00,中国移动,4456484,6443487243,1573117,11,Normal,-,1,41,100,100,504990,-,252,513000,513000,30kHz,503172,1099,-,ms20,Connected,SA,-0.9,1,3,-60,80,-62.1,-10.7,11,7,Not Barred,6,6312,-26,504990,252,-61.1;-61;-72.4;-76.7,-,8.1;11.6;6.4;7.1,16.4;24.3;255;255,-26;-27.5,1;7;6;7;6;0;1;4,38;7;254;252;252;252;252;741,-77;-70.9;-66.9;-62.1;-71.3;-71.2;-73.9;-80.2,-15.9;-20.1;-11.7;-10.7;-15.2;-11.3;-12;-16.9,255;255;255;255;255;255;255;255,1;0;0;0;0,504990;504990;504990;504990;504990,252;254;7;38;741,7;6;7;1;4,-,4;1;1;1;1,-62.1;-68;-70.9;-77;-80.2,-10.7;-11.7;-20.1;-15.9;-16.9,11;255;255;255;255,1.3,5,1,QPSK,-,83.3,16.7,0,0,0.00,0.00,0.00,0.00,0,1,Rank 1,16,96,5,69,-,69,10,22.9,24,23,256QAM,0,SMDL,0,0,0,0.00,0.00,0.00,0.12,Rank 2,4,72,39,-,2 x 2,HandOver,37378,Free,17,FORMAT_0,386,127,Success,37378,4,-,5,-15,-7,-,39,-,1,4,-,-,-,-,-,-,-,-,-,-,-,-,-,Registered,Normal Service,9,269,18,D4A654C1,518,8,30kHz,992,-,4,1,-,-,New trans.,0,0,256QAM,33,1,37378,513,3,0,0,Pass,1,QPSK,0,16,1,0,15,30kHz,Re trans.,-,1053,
20260725 15:39:35.384,24.826080,102.844419,20.84,1933,3,1,0.00,0.00,,,,,,,1,SA,460,00,中国移动,4456484,6443487243,1573117,11,Normal,-,1,41,100,100,504990,-,252,513000,513000,30kHz,503172,1099,-,ms20,Connected,SA,-0.9,2,3,-60,82,-67.2,-11.2,11.1,7,Not Barred,6,6312,-29.5,504990,252,-64.3;-66.7;-67.8;-73.1,-,11.1;6.6;255;255,18.4;20.4;255;255,-31.1;-29.5,1;7;6;7;0;6;1;4,38;7;254;252;252;252;252;741,-84;-73.3;-64.3;-66.2;-72;-76.1;-79.3;-80.4,-18.6;-18.5;-10.6;-11.5;-11.2;-20.2;-14.2;-13.5,255;255;255;255;255;255;255;255,1;0;0;0;0,504990;504990;504990;504990;504990,252;254;7;741;38,7;6;7;4;1,-,4;1;1;1;1,-67.2;-64.9;-73.3;-80.4;-84.5,-11.2;-10.7;-18.5;-13.5;-18.9,11.1;255;255;255;255,1.3,5,1,QPSK,-,83.3,16.7,0,0,0.00,0.00,0.01,0.01,0,1,Rank 1,16,96,5,69,-,69,10,24.7,25,25,256QAM,0,SMDL,0,0,0,0.00,0.00,0.00,0.32,Rank 2,4,172,39,-,2 x 2,HandOver,37378,Free,17,FORMAT_0,386,127,Success,37378,4,-,6,-7,-7,-,39,-,1,4,-,-,-,-,-,-,-,-,-,-,-,-,-,Registered,Normal Service,9,269,18,D4A654C1,604,18,30kHz,992,-,4,1,-,-,New trans.,0,0,256QAM,71,2,37378,599,3,0,0,Pass,1,QPSK,0,16,1,0,15,30kHz,Re trans.,-,1053,
20260725 15:39:36.395,24.826036,102.844449,21.71,1933,3,1,0.00,0.00,,,,,,,1,SA,460,00,中国移动,4456484,6443487245,1573117,13,Normal,-,1,41,100,100,504990,-,254,513000,513000,30kHz,503172,1099,-,ms20,Connected,SA,-0.9,1,2,-60,83,-62.7,-10.8,6.2,6,Not Barred,6,6312,-29.9,504990,254,-65.7;-67.1;-72.5;-85,-,7.6;7.7;6;-2.7,24.2;28.3;24.1;19,-30.9;-42.9;-35.9;-29.9,1;7;6;3;0;2;7;4;7,38;7;254;254;254;254;252;741;253,-87;-68.2;-62.6;-71.4;-78.6;-77.8;-63.3;-81.4;-85.7,-21.2;-16.4;-10.8;-11;-16.9;-13.1;-11.1;-16.4;-23.9,255;255;255;255;255;255;255;255;255,1;0;0;0;0;0,504990;504990;504990;504990;504990;504990,254;252;7;741;253;38,6;7;7;4;7;1,-,4;1;1;1;1;1,-62.7;-63.7;-68.2;-81.4;-85.7;-86.8,-10.8;-11;-16.4;-16.4;-23.9;-21.2,6.2;255;255;255;255;255,0.6,2,0,QPSK,-,100,0,0,0,0.00,0.00,0.00,0.00,0,1,Rank 1,16,80,5,672,-,672,10,24.8,25,25,256QAM,0,SMDL,0,0,0,0.00,0.00,0.00,0.26,Rank 2,4,140,58,-,4 x 4,HandOver,37997,Free,17,FORMAT_0,384,57,Success,37997,2,-,-4,-8,-19,-,58,-,1,5,-,-,-,-,-,-,-,-,-,-,-,-,-,Registered,Normal Service,9,269,18,D4A654C1,730,18,30kHz,992,-,4,1,-,-,New trans.,0,0,256QAM,247,1,37997,727,3,0,0,Pass,1,QPSK,2,16,4,0,15,30kHz,Re trans.,-,773,
20260725 15:39:37.408,24.825990,102.844481,21.60,1934,3,1,0.00,0.00,,,,,,,1,SA,460,00,中国移动,4456484,6443487243,1573117,11,Normal,-,1,41,100,100,504990,-,254,513000,513000,30kHz,503172,1099,-,ms20,Connected,SA,-0.9,3,2,-60,80,-61.3,-11,11,6,Not Barred,6,6312,-23,504990,254,-58.5;-59;-64.2;-76.3,-,11;8.6;7.6;1.2,26.4;30.2;255;255,-23.1;-23,7;7;6;3;5;4;7;4;1,253;7;254;254;254;254;252;741;38,-69;-75.5;-61.1;-69.4;-72.7;-74.6;-61.8;-78.8;-77.4,-18.1;-22.7;-10.8;-11.1;-12.5;-13.5;-11.4;-17.5;-15.7,255;255;255;255;255;255;255;255;255,1;0;0;0;0;0,504990;504990;504990;504990;504990;504990,254;252;253;7;38;741,6;7;7;7;1;4,-,4;1;1;1;1;1,-61.3;-63.1;-69;-76.6;-77.4;-78.8,-11;-11.1;-18.1;-22.8;-15.7;-17.5,11;255;255;255;255;255,1,9,0,QPSK,-,100,0,0,0,0.00,0.00,0.02,0.02,15,1,Rank 1,24,576,20,69,-,69,10,21.9,31,25,256QAM,0,SMDL,3.5,0,24.6,0.00,0.00,0.00,0.32,Rank 2,4,228,57,-,2 x 2,HandOver,37997,Free,17,FORMAT_0,384,57,Success,37997,2,-,-12,-11,-19,-,57,-,8,12,-,-,-,-,-,-,-,-,-,-,-,-,-,Registered,Normal Service,9,269,18,D4A654C1,811,18,30kHz,944,-,4,1,-,-,New trans.,0,0,256QAM,247,1,37997,806,13,0,0,Pass,0,QPSK,0,16,1,0,15,30kHz,Re trans.,-,4210,
20260725 15:39:38.422,24.825947,102.844516,21.67,1934,3,1,0.00,0.00,,,,,,,1,SA,460,00,中国移动,4456484,6443487243,1573117,11,Normal,-,1,41,100,100,504990,-,254,513000,513000,30kHz,503172,1099,-,ms20,Connected,SA,-0.9,2,2,-60,82,-63.3,-11.5,9.6,6,Not Barred,6,6312,-25.6,504990,254,-62.1;-65.9;-71.4;-74.4,-,9.7;5.5;255;255,25.1;17.4;255;255,-25.6;-27.9,7;5;6;3;5;0;0;4;1,253;7;254;254;254;254;252;741;38,-66.9;-96.7;-62.8;-70.6;-72.3;-72.9;-65.6;-75.2;-137.2,-14;-26;-10.9;-11.1;-11.3;-16.8;-10.9;-15.5;-37,255;255;255;255;255;255;255;255;255,1;0;0;0;0;0,504990;504990;504990;504990;504990;504990,254;252;253;741;7;38,6;0;7;4;5;1,-,4;1;1;1;1;1,-63.3;-65.1;-66.9;-75.2;-96.4;-137.4,-11.5;-12.2;-14;-15.5;-26;-37.1,9.6;255;255;255;255;255,1,9,0,QPSK,-,100,0,0,0,0.00,0.00,0.01,0.01,0,1,Rank 1,24,576,6,69,-,69,10,24.9,31,25,256QAM,0,SMDL,0,0,0,0.00,0.00,0.02,0.40,Rank 2,4,216,56,-,2 x 2,HandOver,37997,Free,17,FORMAT_0,384,57,Success,37997,2,-,-12,-7,-19,-,56,-,8,6,-,-,-,-,-,-,-,-,-,-,-,-,-,Registered,Normal Service,9,269,18,D4A654C1,906,8,30kHz,992,-,4,1,-,-,-,0,1,256QAM,247,1,37997,900,13,0,0,Pass,1,QPSK,0,16,1,0,15,30kHz,Re trans.,-,4210,
20260725 15:39:39.434,24.825906,102.844550,20.02,1934,3,1,0.00,0.00,,,,,,,1,SA,460,00,中国移动,4456484,6443487244,1573117,12,Normal,-,1,41,100,100,504990,-,253,513000,513000,30kHz,503172,1099,-,ms20,Connected,SA,-0.9,-2,0,-60,84,-65.4,-14,1.8,7,Not Barred,6,6312,-27.1,504990,253,-64;-63.8;-66.7;-73.8,-,-1;-5.4;-6.3;-0.5,7.6;9.2;9.1;14,-27.1;-32.4;-32.5;-30.6,7;5;1;4;3;0,253;253;253;741;254;252,-65.4;-81.4;-84.3;-75.2;-69.5;-62.4,-14;-17.2;-20.6;-13.4;-10.8;-10.7,255;255;255;255;255;255,1;0;0;0,504990;504990;504990;504990,253;252;254;741,7;0;3;4,-,3;1;1;1,-65.4;-63.2;-69.4;-75.2,-14;-11.8;-11.4;-13.4,1.8;255;255;255,0.6,2,0,QPSK,-,100,0,0,0,0.00,0.00,0.01,0.01,0,1,Rank 3,16,112,6,285,-,285,13,25.1,31,25,256QAM,0,SMDL,0,0,0,0.00,0.00,0.02,0.41,Rank 2,4,224,54,-,4 x 4,HandOver,37534,Free,17,FORMAT_0,388,127,Success,37534,2,-,5,-17,-21,-,54,-,8,6,-,-,-,-,-,-,-,-,-,-,-,-,-,Registered,Normal Service,9,269,18,D4A654C1,1023,8,30kHz,992,-,4,1,-,-,New trans.,0,0,256QAM,111,1,37534,2,17,0,2,Pass,0,QPSK,9,48,1,0,0,30kHz,Re trans.,-,1059,
20260725 15:39:40.449,24.825867,102.844579,18.04,1934,3,1,0.00,0.00,,,,,,,1,SA,460,00,中国移动,4456484,6443487245,1573117,13,Normal,-,1,41,100,100,504990,-,252,513000,513000,30kHz,503172,1099,-,ms20,Connected,SA,-0.9,0,3,-60,85,-66,-11.8,4.8,0,Not Barred,6,6312,-28.6,504990,252,-65.1;-79.2;-70.6;-76.5,-,6.4;-9;6.6;2.7,21;24.2;22.5;24.7,-28.6;-38;-33.3;-35.5,7;4;6;0;7;1;6,253;741;254;252;252;252;252,-65.6;-73.4;-61.2;-65.2;-67.2;-80.6;-95.4,-12.9;-12.4;-10.5;-11.1;-12.9;-16.4;-24.5,255;255;255;255;255;255;255,1;0;0;0,504990;504990;504990;504990,252;254;253;741,0;6;7;4,-,4;1;1;1,-66;-61.2;-65.6;-73.4,-11.8;-10.5;-12.9;-12.4,4.8;255;255;255,1.1,9,0,QPSK,-,100,0,0,0,0.00,0.00,0.05,0.05,2.3,1,Rank 3,21,928,41,69,-,69,14,24.2,31,25,256QAM,0,SMDL,1.4,0,4.1,0.00,0.00,0.05,0.98,Rank 2,4,580,156,-,4 x 4,HandOver,38595,Free,17,FORMAT_0,386,127,Success,38595,1,-,0,-15,-20,-,156,-,13,28,-,-,-,-,-,-,-,-,-,-,-,-,-,Registered,Normal Service,9,269,18,D4A654C1,104,18,30kHz,992,-,4,1,-,-,New trans.,0,0,256QAM,92,1,38595,99,13,0,0,Pass,0,QPSK,0,16,1,0,15,30kHz,Re trans.,-,5960,
20260725 15:39:41.462,24.825833,102.844610,17.82,1934,3,1,0.00,0.00,,,,,,,1,SA,460,00,中国移动,4456484,6443487244,1573117,12,Normal,-,1,41,100,100,504990,-,252,513000,513000,30kHz,503172,1099,-,ms20,Connected,SA,-0.9,1,3,-60,84,-65.2,-12.2,3.6,0,Not Barred,6,6312,-27.9,504990,252,-64;-77.4;-69;-70.8,-,3.6;-7.4;255;255,13.1;12.3;255;255,-27.9;-28.9,7;4;6;0;7;1;3,253;741;254;252;252;252;252,-69.7;-73.7;-57.3;-64.1;-69.1;-76;-79.6,-16.3;-13.8;-10.4;-11.5;-15.2;-14.5;-17.7,255;255;255;255;255;255;255,1;0;0;0,504990;504990;504990;504990,252;254;253;741,0;6;7;4,-,4;1;1;1,-65.2;-58.5;-69.7;-74,-12.2;-10.5;-16.3;-14.8,3.6;255;255;255,1.1,9,0,QPSK,-,100,0,0,0,0.00,0.00,0.01,0.01,14.3,1,Rank 1,21,928,7,349,-,349,10,24.3,25,25,256QAM,0,SMDL,1.6,0,0,0.00,0.00,0.03,0.43,Rank 2,4,244,56,-,4 x 4,HandOver,38595,Free,17,FORMAT_0,386,127,Success,38595,1,-,-7,-18,-20,-,56,-,13,7,-,-,-,-,-,-,-,-,-,-,-,-,-,Registered,Normal Service,9,269,18,D4A654C1,170,18,30kHz,992,-,4,1,-,-,New trans.,0,0,256QAM,83,1,38595,165,3,0,0,Pass,0,QPSK,2,16,2,0,15,30kHz,Re trans.,-,5960,
20260725 15:39:42.475,24.825803,102.844642,16.81,1935,3,1,0.00,0.00,,,,,,,1,SA,460,00,中国移动,4456484,6443487244,1573117,12,Normal,-,1,41,100,100,504990,-,254,513000,513000,30kHz,503172,1099,-,ms20,Connected,SA,-0.9,3,2,-60,79,-60.6,-10.6,12.5,6,Not Barred,6,6312,-22.4,504990,254,-55.8;-61.5;-67.3;-67.1,-,9.6;5;3.4;8.2,29;30;255;255,-22.8;-22.4,7;4;6;5;0;4;0,253;741;254;254;254;254;252,-73.7;-73.4;-59.8;-65.3;-69.4;-70.3;-63.8,-16.8;-15.4;-10.6;-10.6;-16.1;-12.6;-12,255;255;255;255;255;255;255,1;0;0;0,504990;504990;504990;504990,254;252;253;741,6;0;7;4,-,4;1;1;1,-60.6;-64.4;-73.7;-74.7,-10.6;-12.1;-16.8;-17,12.5;255;255;255,4.6,28,0,QPSK,-,100,0,0,0,0.00,0.00,0.02,0.02,7.7,1,Rank 1,18,128,15,69,-,69,10,19.9,25,17,256QAM,0,SMDL,4,0,42,0.00,0.00,0.00,0.27,Rank 2,4,200,53,-,4 x 4,HandOver,36955,Free,17,FORMAT_0,384,57,Success,36955,1,-,-8,-16,-24,-,53,-,5,10,-,-,-,-,-,-,-,-,-,-,-,-,-,Registered,Normal Service,9,269,18,D4A654C1,279,18,30kHz,992,-,4,1,-,-,New trans.,0,0,256QAM,235,1,36955,274,13,0,0,Pass,1,QPSK,0,16,1,0,15,30kHz,Re trans.,-,1357,
20260725 15:39:43.489,24.825748,102.844706,15.55,1935,3,1,0.00,0.00,,,,,,,1,SA,460,00,中国移动,4456484,6443487243,1573117,11,Normal,-,1,41,100,100,504990,-,254,513000,513000,30kHz,503172,1099,-,ms20,Connected,SA,-0.9,3,2,-60,74,-56.4,-10.4,22.8,6,Not Barred,6,6312,-16.3,504990,254,-55.1;-57.4;-71.3;-72,-,8.4;6.8;255;255,31.9;29.4;255;255,-16.3;-20.1,7;4;6;5;4;3;7,253;741;254;254;254;254;252,-69.7;-144.7;-55.2;-57.5;-64.9;-66.6;-65.5,-16.3;-40.1;-10.4;-10.4;-10.5;-10.6;-13.6,255;255;255;255;255;255;255,1;0;0;0,504990;504990;504990;504990,254;252;253;741,6;7;7;4,-,4;1;1;1,-56.4;-65.6;-69.7;-144.7,-10.4;-13.3;-16.3;-40.1,22.8;255;255;255,2.3,9,0,QPSK,-,100,0,0,0,0.00,0.00,0.02,0.02,33.3,2,Rank 1,25,388,1,60,-,60,10,24.8,25,25,256QAM,0,SMDL,0,0,0,0.00,0.00,0.00,0.27,Rank 2,4,52,14,-,4 x 4,HandOver,36955,Free,17,FORMAT_0,384,57,Success,36955,1,-,-13,-16,-24,-,14,-,5,1,-,-,-,-,-,-,-,-,-,-,-,-,-,Registered,Normal Service,9,269,18,D4A654C1,413,8,30kHz,688,-,4,1,-,-,New trans.,0,0,64QAM,235,2,36955,408,0,0,0,Pass,1,QPSK,0,16,1,0,15,30kHz,Re trans.,-,3057,
20260725 15:39:44.495,24.825733,102.844745,15.30,1936,3,1,0.00,0.00,,,,,,,1,SA,460,00,中国移动,4456484,6443487243,1573117,11,Normal,-,1,41,100,100,504990,-,254,513000,513000,30kHz,503172,1099,-,ms20,Connected,SA,-0.9,0,2,-60,84,-64.6,-10.5,16.9,5,Not Barred,6,6312,-28.6,504990,254,-70.4;-64;-82.5;-69.5,-,12.9;8.9;6.4;5.4,20.3;28.7;255;255,-34.9;-28.6,7;6;5;6;7;2,253;252;254;254;254;254,-72.2;-72.5;-64.7;-67.4;-72.3;-77.1,-14.7;-15;-10.5;-11.5;-14.3;-11.5,255;255;255;255;255;255,1;0;0,504990;504990;504990,254;252;253,5;6;7,-,4;1;1,-64.6;-69.2;-72.2,-10.5;-11.5;-14.7,16.9;255;255,2.3,9,0,QPSK,-,100,0,0,0,0.00,0.00,0.00,0.00,0,2,Rank 1,25,388,5,225,-,225,10,24,31,25,256QAM,0,SMDL,0,0,19,0.00,0.00,0.02,0.29,Rank 2,4,168,54,-,2 x 2,HandOver,36955,Free,17,FORMAT_0,384,57,Success,36955,1,-,-4,-6,-24,-,54,-,5,5,-,-,-,-,-,-,-,-,-,-,-,-,-,Registered,Normal Service,9,269,18,D4A654C1,508,18,30kHz,896,-,4,1,-,-,New trans.,0,0,256QAM,235,1,36955,503,13,0,0,Pass,0,QPSK,1,16,2,0,15,30kHz,Re trans.,-,3057,
20260725 15:39:45.504,24.825741,102.844787,15.84,1936,3,1,0.00,0.00,,,,,,,1,SA,460,00,中国移动,4456484,6443487245,1573117,13,Normal,-,1,41,100,100,504990,-,254,513000,513000,30kHz,503172,1099,-,ms20,Connected,SA,-0.9,1,2,-60,85,-66.2,-11.1,13.1,5,Not Barred,6,6312,-25,504990,254,-75.5;-67.9;-99.5;-82.4,-,10.6;9.1;13.1;5.6,25.7;27.7;11;24.4,-31.9;-33.5;-64.5;-25,7;4;5;6;2;1;1,253;252;254;254;254;254;7,-71.8;-67.4;-65.7;-73.9;-77.2;-79.9;-89.1,-14.9;-10.8;-10.7;-12.5;-11.4;-11.8;-19.6,255;255;255;255;255;255;255,1;0;0;0,504990;504990;504990;504990,254;252;253;7,5;4;7;1,-,4;1;1;1,-66.2;-68.1;-71.8;-89.1,-11.1;-11;-14.9;-19.6,13.1;255;255;255,0.6,1,1,QPSK,-,100,0,0,0,0.00,0.00,0.15,0.15,5.6,2,Rank 3,16,80,5,60,-,60,14,24.5,31,25,256QAM,0,SMDL,0,0,0,0.00,0.00,0.03,0.68,Rank 2,4,372,54,-,4 x 4,HandOver,36955,Free,17,FORMAT_0,384,57,Success,36955,1,-,1,-5,-24,-,54,-,5,5,-,-,-,-,-,-,-,-,-,-,-,-,-,Registered,Normal Service,9,269,18,D4A654C1,603,18,30kHz,944,-,4,1,-,-,New trans.,0,0,256QAM,223,1,36955,598,11,0,0,Pass,0,QPSK,0,16,1,0,15,30kHz,Re trans.,-,804,
20260725 15:39:46.512,24.825759,102.844821,14.98,1935,3,1,0.00,0.00,,,,,,,1,SA,460,00,中国移动,4456484,6443487245,1573117,13,Normal,-,1,41,100,100,504990,-,254,513000,513000,30kHz,503172,1099,-,ms20,Connected,SA,-0.9,2,2,-60,83,-64.3,-10.5,19.8,5,Not Barred,6,6312,-35.4,504990,254,-66.2;-62.4;-100.1;-75.6,-,14.6;13.5;255;255,25.9;26.6;255;255,-39.8;-35.4,1;0;5;4;1;6,7;252;254;254;254;254,-93.3;-67.1;-64.2;-75.4;-78.8;-77.5,-19.9;-10.7;-10.5;-12.6;-11.5;-14.4,255;255;255;255;255;255,1;0;0,504990;504990;504990,254;252;7,5;0;1,-,4;1;1,-64.3;-66.6;-93.3,-10.5;-10.8;-19.9,19.8;255;255,4.1,31,2,QPSK,-,87,0,4.3,8.7,0.00,0.06,0.01,0.01,0,2,Rank 1,18,416,23,69,-,69,10,24.7,25,25,256QAM,0,SMDL,0,0,0,0.04,0.04,0.03,0.50,Rank 2,4,272,145,-,2 x 2,HandOver,36955,Free,17,FORMAT_0,384,57,Success,36955,1,-,1,-6,-24,-,145,-,5,23,-,-,-,-,-,-,-,-,-,-,-,-,-,Registered,Normal Service,9,269,18,D4A654C1,710,18,30kHz,992,-,4,1,-,-,New trans.,0,0,256QAM,235,1,36955,705,13,0,0,Pass,0,QPSK,0,16,1,0,15,30kHz,Re trans.,-,19996,
20260725 15:39:47.524,24.825781,102.844858,15.88,1936,3,1,0.00,0.00,,,,,,,1,SA,460,00,中国移动,4456484,6443487245,1573117,13,Normal,-,1,41,100,100,504990,-,254,513000,513000,30kHz,503172,1099,-,ms20,Connected,SA,-0.9,2,2,-60,79,-64.7,-10.6,24.9,5,Not Barred,6,6312,-30.3,504990,254,-73.7;-65.4;-100.7;-70.8,-,26.4;12.5;255;255,27.1;20.4;255;255,-38.1;-30.3,1;7;5;4;6;3,7;252;254;254;254;254,-86.3;-71.8;-64.1;-75.8;-77;-78.6,-16;-12;-10.4;-11.5;-12.2;-11.1,255;255;255;255;255;255,1;0;0,504990;504990;504990,254;252;7,5;7;1,-,4;1;1,-64.7;-70.8;-86.3,-10.6;-11.3;-16,24.9;255;255,4.1,31,2,QPSK,-,87,0,4.3,8.7,0.00,0.00,0.01,0.01,0,2,Rank 1,18,416,23,357,-,357,9,24.7,25,25,256QAM,0,SMDL,0,0,0,0.00,0.00,0.02,0.18,Rank 2,4,96,145,-,2 x 2,HandOver,36955,Free,17,FORMAT_0,384,57,Success,36955,1,-,-1,-5,-24,-,145,-,5,23,-,-,-,-,-,-,-,-,-,-,-,-,-,Registered,Normal Service,9,269,18,D4A654C1,755,18,30kHz,992,-,4,1,-,-,New trans.,0,0,256QAM,211,1,36955,750,11,0,0,Pass,1,QPSK,2,16,2,0,15,30kHz,Re trans.,-,19996,
20260725 15:39:48.532,24.825806,102.844895,17.21,1936,3,1,0.00,0.00,,,,,,,1,SA,460,00,中国移动,4456484,6443487245,1573117,13,Normal,-,1,41,100,100,504990,-,254,513000,513000,30kHz,503172,1099,-,ms20,Connected,SA,-0.9,2,2,-60,89,-69.4,-10.8,19.2,5,Not Barred,6,6312,-31.5,504990,254,-72.2;-68.2;-100.1;-77.5,-,20.5;17.2;255;255,24.8;27.5;255;255,-33.9;-31.5,1;7;5;3;2;6,7;252;254;254;254;254,-85.2;-68.9;-69;-78.1;-80.4;-77.3,-15.3;-11;-10.6;-12.1;-11.3;-12.2,255;255;255;255;255;255,1;0;0,504990;504990;504990,254;252;7,5;7;1,-,4;1;1,-69.4;-68.2;-85.8,-10.8;-10.8;-16,19.2;255;255,1,2,2,QPSK,-,100,0,0,0,0.00,0.00,0.01,0.01,0,1,Rank 1,14,56,3,357,-,357,10,24.6,25,25,256QAM,0,SMDL,0,0,0,0.00,0.00,0.00,0.29,Rank 2,4,156,26,-,2 x 2,HandOver,36955,Free,17,FORMAT_0,384,57,Success,36955,1,-,6,0,-24,-,26,-,5,3,-,-,-,-,-,-,-,-,-,-,-,-,-,Registered,Normal Service,9,269,18,D4A654C1,919,18,30kHz,992,-,4,1,-,-,New trans.,0,0,256QAM,223,1,36955,914,12,0,0,Pass,0,QPSK,2,16,2,0,15,30kHz,Re trans.,-,809,
20260725 15:39:49.537,24.825832,102.844932,17.93,1936,3,1,0.00,0.00,,,,,,,1,SA,460,00,中国移动,4456484,6443487245,1573117,13,Normal,-,1,41,100,100,504990,-,254,513000,513000,30kHz,503172,1099,-,ms20,Connected,SA,-0.9,2,2,-60,89,-71.8,-11.1,8.7,5,Not Barred,6,6312,-31.6,504990,254,-93.5;-79.7;-109;-79.3,-,8.3;6;255;255,19.3;22.9;255;255,-47.4;-31.6,1;7;5;7;3;0,7;252;254;254;254;254,-86.5;-72.9;-71.3;-88;-84.4;-90,-13.5;-11.4;-10.5;-20;-13.7;-17.5,255;255;255;255;255;255,1;0;0,504990;504990;504990,254;252;7,5;7;1,-,4;1;1,-71.8;-72.7;-87,-11.1;-11.3;-14.5,8.7;255;255,1,2,2,QPSK,-,100,0,0,0,0.00,0.00,0.01,0.01,0,1,Rank 1,14,56,3,357,-,357,9,24.7,25,25,256QAM,0,SMDL,0,0,0,0.01,0.01,0.00,0.24,Rank 2,4,128,26,-,2 x 2,HandOver,36955,Free,17,FORMAT_0,384,57,Success,36955,1,-,6,2,-24,-,26,-,5,3,-,-,-,-,-,-,-,-,-,-,-,-,-,Registered,Normal Service,9,269,18,D4A654C1,919,18,30kHz,992,-,4,1,-,-,New trans.,0,0,256QAM,223,1,36955,914,12,0,0,Pass,0,QPSK,2,16,2,0,15,30kHz,Re trans.,-,809,
20260725 15:39:50.545,24.825859,102.844972,18.83,1936,3,1,0.00,0.00,,,,,,,1,SA,460,00,中国移动,4456484,6443487245,1573117,13,Normal,-,1,41,100,100,504990,-,254,513000,513000,30kHz,503172,1099,-,ms20,Connected,SA,-1,0,2,-60,95,-77,-11,17.8,5,Not Barred,6,6312,-39.8,504990,254,-83.2;-74.6;-112.9;-79.6,-,12.6;19.2;255;255,19.4;21.5;255;255,-43.8;-39.8,2;7;5;6;0;4,7;252;254;254;254;254,-86.3;-78.1;-75.9;-80.4;-85.3;-88.4,-12.6;-11.2;-10.6;-11.6;-13.8;-12.5,255;255;255;255;255;255,1;0;0,504990;504990;504990,254;252;7,5;7;2,-,4;1;1,-77;-78.2;-86.4,-11;-11.2;-13.1,17.8;255;255,1.8,3,2,QPSK,-,100,0,0,0,0.00,0.00,0.00,0.00,0,1,Rank 1,15,136,11,225,-,225,9,24.8,25,25,256QAM,0,SMDL,0,0,0,0.00,0.00,0.00,0.08,Rank 2,4,44,68,-,2 x 2,HandOver,36955,Free,17,FORMAT_0,384,57,Success,36955,1,-,9,7,-24,-,68,-,2,9,-,-,-,-,-,-,-,-,-,-,-,-,-,Registered,Normal Service,9,269,18,D4A654C1,92,18,30kHz,992,-,4,1,-,-,New trans.,0,0,256QAM,219,1,36955,87,13,0,0,Pass,0,QPSK,1,16,2,0,15,30kHz,Re trans.,-,2905,
20260725 15:39:51.555,24.825886,102.845018,19.87,1936,3,1,0.00,0.00,,,,,,,1,SA,460,00,中国移动,4456484,6443487245,1573117,13,Normal,-,1,41,100,100,504990,-,254,513000,513000,30kHz,503172,1099,-,ms20,Connected,SA,-1,0,2,-60,98,-78.2,-11.7,13.1,5,Not Barred,6,6312,-47.5,504990,254,-90.6;-78;-111.6;-79.4,-,0.6;-3.6;255;255,16.9;19.9;255;255,-50.6;-47.5,1;7;5;7;6;4;1,7;252;254;254;254;254;6,-84;-78.3;-77.6;-82.5;-86.6;-90.3;-107.6,-11.8;-11.4;-10.7;-16.4;-12.9;-13.1;-24.6,255;255;255;255;255;255;255,1;0;0;0,504990;504990;504990;504990,254;252;7;6,5;7;1;1,-,4;1;1;1,-78.2;-79;-85.8;-95,-11.7;-11.6;-12.8;-18.7,13.1;255;255;255,0.3,1,0,QPSK,-,100,0,0,0,0.00,0.00,0.00,0.00,0,1,Rank 1,14,56,4,69,-,69,8,24.6,25,25,256QAM,0,SMDL,0,0,0,0.00,0.00,0.00,0.18,Rank 2,4,96,35,-,2 x 2,HandOver,36955,Free,17,FORMAT_0,384,57,Success,36955,1,-,11,12,-24,-,35,-,1,3,-,-,-,-,-,-,-,-,-,-,-,-,-,Registered,Normal Service,9,269,18,D4A654C1,167,18,30kHz,992,-,4,1,-,-,New trans.,0,0,256QAM,231,1,36955,162,12,0,0,Pass,1,QPSK,0,16,1,0,15,30kHz,Re trans.,-,389,
20260725 15:39:52.562,24.825914,102.845066,21.13,1936,3,1,0.00,0.00,,,,,,,1,SA,460,00,中国移动,4456484,6443487245,1573117,13,Normal,-,1,41,100,100,504990,-,252,513000,513000,30kHz,503172,1099,-,ms20,Connected,SA,-1,0,1,-60,98,-78.2,-11.4,11.1,7,Not Barred,6,6312,-38.5,504990,252,-77.7;-82.7;-84.6;-81.4,-,8.1;-9.5;5.5;3,11;4.7;7.9;5.7,-38.5;-50.4;-45.1;-45.6,1;7;6;0;1;3;1,7;252;252;252;252;254;6,-82.7;-78.2;-88.2;-89.2;-92.1;-85.8;-94.1,-11.7;-11.4;-14.8;-15;-18.4;-13.3;-20.3,255;255;255;255;255;255;255,1;0;0;0,504990;504990;504990;504990,252;7;254;6,7;1;3;1,-,4;1;1;1,-78.2;-83.6;-83.9;-94.7,-11.4;-12.1;-12.1;-20.7,11.1;255;255;255,1.4,9,0,QPSK,-,100,0,0,0,0.00,0.00,0.01,0.01,0,1,Rank 1,19,308,15,69,-,69,9,23.6,25,25,256QAM,0,SMSL,2.5,0,2.5,0.00,0.00,0.00,0.27,Rank 1,4,160,52,-,4 x 4,HandOver,37059,Free,17,FORMAT_0,386,127,Success,37059,1,-,15,-2,-3,-,52,-,2,13,-,-,-,-,-,-,-,-,-,-,-,-,-,Registered,Normal Service,9,269,18,D4A654C1,266,8,30kHz,944,-,4,1,-,-,New trans.,0,0,256QAM,67,1,37059,261,3,0,0,Pass,0,QPSK,0,16,1,0,15,30kHz,Re trans.,-,2546,
20260725 15:39:53.576,24.825942,102.845117,21.74,1936,3,1,0.00,0.00,,,,,,,1,SA,460,00,中国移动,4456484,6443487245,1573117,13,Normal,-,1,41,100,100,504990,-,252,513000,513000,30kHz,503172,1099,-,ms20,Connected,SA,-1,0,1,-60,97,-79.6,-11.3,6,7,Not Barred,6,6312,-46.8,504990,252,-82.4;-86.7;-85.1;-92.4,-,-6.5;-3.2;-2.9;7.2,2.7;0.4;0.3;5,-48.9;-57;-53.5;-46.8,1;7;1;0;6;1;0,7;252;252;252;252;254;6,-78.6;-79.5;-90.2;-93.6;-92.2;-88.6;-92.5,-10.8;-11.1;-20.1;-17.6;-16.7;-19.8;-18.6,255;255;255;255;255;255;255,1;0;0;0,504990;504990;504990;504990,252;7;254;6,7;1;1;0,-,4;1;1;1,-79.6;-79.2;-88.2;-92.5,-11.3;-11.2;-13.5;-18.6,6;255;255;255,1.1,9,0,QPSK,-,100,0,0,0,0.00,0.00,0.01,0.01,0,1,Rank 3,20,160,8,253,-,253,11,24.5,31,25,256QAM,0,SMDL,1.5,0,0,0.00,0.00,0.01,0.48,Rank 2,4,284,58,-,4 x 4,HandOver,37059,Free,17,FORMAT_0,386,127,Success,37059,1,-,14,2,-3,-,58,-,1,7,-,-,-,-,-,-,-,-,-,-,-,-,-,Registered,Normal Service,9,269,18,D4A654C1,389,9,30kHz,896,-,4,1,-,-,New trans.,0,0,256QAM,92,1,37059,384,4,0,0,Pass,0,QPSK,28,32,4,0,15,30kHz,New trans.,-,768,
20260725 15:39:54.588,24.825970,102.845169,22.46,1936,3,1,0.00,0.00,,,,,,,1,SA,460,00,中国移动,4456484,6443487245,1573117,13,Normal,-,1,41,100,100,504990,-,7,513000,513000,30kHz,503172,1099,-,ms20,Connected,SA,-0.9,2,0,-60,94,-74.5,-10.7,13.8,1,Not Barred,6,6312,-38.1,504990,7,-72.2;-75.4;-82.5;-81.7,-,8.4;6.8;11.1;12.6,11.6;11.4;11.2;13.4,-38.1;-55.1;-45.5;-43,1;0;3;7;1;5;0,7;7;7;7;252;254;6,-74.1;-82.6;-86;-86.7;-84.7;-85.8;-88.2,-10.7;-12.3;-11.4;-15.9;-20;-11.4;-17.6,255;255;255;255;255;255;255,1;0;0;0,504990;504990;504990;504990,7;252;254;6,1;1;5;0,-,4;1;1;1,-74.5;-82.6;-85.5;-88.2,-10.7;-14.1;-13.8;-17.6,13.8;255;255;255,4.5,28,0,QPSK,-,100,0,0,0,0.00,0.00,0.03,0.03,16.7,1,Rank 3,20,600,29,69,-,69,11,23.6,31,25,256QAM,0,SMDL,2.7,0,5.4,0.00,0.00,0.00,0.49,Rank 2,4,296,119,-,4 x 4,HandOver,45314,Free,17,FORMAT_0,718,127,Success,45314,2,-,8,3,-3,-,119,-,4,25,-,-,-,-,-,-,-,-,-,-,-,-,-,Registered,Normal Service,9,269,18,D4A654C1,501,18,30kHz,848,-,4,1,-,-,-,0,1,256QAM,171,1,45314,498,3,0,0,Pass,0,QPSK,0,16,1,0,15,30kHz,Re trans.,-,4489,
20260725 15:39:55.597,24.825997,102.845224,22.86,1936,3,1,0.00,0.00,,,,,,,1,SA,460,00,中国移动,4456484,6443487243,1573117,11,Normal,-,1,41,100,100,504990,-,7,513000,513000,30kHz,503172,1099,-,ms20,Connected,SA,-0.9,2,0,-60,92,-74.1,-10.5,19.4,1,Not Barred,6,6312,-29.9,504990,7,-71.7;-78.1;-76.7;-82.1,-,14.9;9.3;18.8;14.4,15.6;13.5;14.1;15.9,-41.1;-49.6;-40.4;-29.9,1;2;3;0;1;1;0,7;7;7;7;252;254;6,-72.9;-77.6;-80.3;-81.9;-80;-82.6;-86.5,-10.5;-10.5;-10.6;-12.6;-19.4;-22.5;-16.4,255;255;255;255;255;255;255,1;0;0;0,504990;504990;504990;504990,7;252;254;6,1;1;1;0,-,4;1;1;1,-74.1;-80.4;-83.7;-86.5,-10.5;-18.6;-18.8;-16.4,19.4;255;255;255,4.5,28,0,QPSK,-,100,0,0,0,0.00,0.00,0.01,0.01,0,1,Rank 1,20,600,29,76,-,76,8,24.4,31,23,256QAM,0,SMDL,0,0,0,0.01,0.00,0.09,0.51,Rank 2,4,300,119,-,4 x 4,HandOver,45314,Free,17,FORMAT_0,718,127,Success,45314,2,-,6,2,-3,-,119,-,4,25,-,-,-,-,-,-,-,-,-,-,-,-,-,Registered,Normal Service,9,269,18,D4A654C1,551,18,30kHz,992,-,4,1,-,-,-,0,0,256QAM,171,1,45314,546,2,0,0,Pass,0,QPSK,0,16,4,0,15,30kHz,Re trans.,-,4489,
20260725 15:39:56.609,24.826026,102.845278,22.82,1936,3,1,0.00,0.00,,,,,,,1,SA,460,00,中国移动,4456484,6443487243,1573117,11,Normal,-,1,41,100,100,504990,-,7,513000,513000,30kHz,503172,1099,-,ms20,Connected,SA,-0.9,2,0,-60,89,-72.1,-10.6,21.9,1,Not Barred,6,6312,-30.1,504990,7,-74.5;-66.1;-71.9;-78.3,-,12.4;25.3;255;255,12.5;17.7;255;255,-37.8;-30.1,1;0;3;7;1;0;0;4,7;7;7;7;252;254;6;721,-71.5;-78.5;-79.2;-82.1;-79.2;-91.1;-83.4;-95.5,-10.5;-11.8;-10.5;-11.5;-19.7;-21.8;-16.7;-18.8,255;255;255;255;255;255;255;255,1;0;0;0;0,504990;504990;504990;504990;504990,7;252;6;254;721,1;1;0;0;4,-,4;1;1;1;1,-72.1;-79.4;-83.4;-89.2;-95.5,-10.6;-19.1;-16.7;-19.5;-18.8,21.9;255;255;255;255,0,0,0,QPSK,-,100,0,0,0,0.00,0.00,0.00,0.00,0,1,Rank 1,16,100,8,69,-,69,9,25.5,31,24,256QAM,0,SMDL,0,0,0,0.00,0.00,0.09,0.09,Rank 2,4,48,42,-,2 x 2,HandOver,45314,Free,17,FORMAT_0,718,127,Success,45314,2,-,7,2,-3,-,42,-,1,7,-,-,-,-,-,-,-,-,-,-,-,-,-,Registered,Normal Service,9,269,18,D4A654C1,697,8,30kHz,992,-,4,1,-,-,New trans.,0,0,256QAM,140,1,45314,692,12,0,0,Pass,1,QPSK,0,16,1,0,15,30kHz,Re trans.,-,357,
20260725 15:39:57.620,24.826055,102.845329,22.25,1937,3,1,0.00,0.00,,,,,,,1,SA,460,00,中国移动,4456484,6677397516,1630224,12,Normal,-,1,41,100,100,504990,-,7,513000,513000,30kHz,503172,1099,-,ms20,Connected,SA,-0.9,3,0,-60,78,-60.1,-10.4,27.1,1,Not Barred,6,6312,-22,504990,7,-65;-57.7;-64.4;-69.7,-,20.3;27.1;255;255,9.9;23.6;255;255,-25.4;-22,1;0;7;2;1;7;0;4,7;7;7;7;252;254;6;721,-60.1;-69.1;-72.6;-75.8;-68.1;-89.4;-77;-85.9,-10.4;-10.8;-10.6;-10.7;-20.2;-23;-18.7;-15.8,255;255;255;255;255;255;255;255,1;0;0;0;0,504990;504990;504990;504990;504990,7;252;6;254;721,1;1;0;7;4,-,4;1;1;1;1,-60.1;-68.1;-77;-85.5;-85.9,-10.4;-20.2;-18.7;-21.2;-15.8,27.1;255;255;255;255,0.4,3,0,QPSK,-,100,0,0,0,0.00,0.00,0.00,0.00,0,1,Rank 1,16,152,8,60,-,60,9,24.3,25,25,256QAM,0,SMDL,0,0,0,0.00,0.00,0.03,0.24,Rank 2,4,132,45,-,2 x 2,HandOver,45314,Free,17,FORMAT_0,718,127,Success,45314,2,-,4,-12,-3,-,45,-,2,6,-,-,-,-,-,-,-,-,-,-,-,-,-,Registered,Normal Service,9,269,18,D4A654C1,809,8,30kHz,944,-,4,1,-,-,New trans.,0,0,256QAM,175,1,45314,804,11,0,0,Pass,1,QPSK,0,16,1,0,15,30kHz,Re trans.,-,569,
20260725 15:39:58.626,24.826087,102.845379,22.36,1937,3,1,0.00,0.00,,,,,,,1,SA,460,00,中国移动,4456484,6677397516,1630224,12,Normal,-,1,41,100,100,504990,-,7,513000,513000,30kHz,503172,1099,-,ms20,Connected,SA,-0.9,3,0,-60,88,-71,-10.5,18.2,1,Not Barred,6,6312,-35,504990,7,-72.6;-67.8;-68.7;-77.5,-,10.2;18.2;255;255,10.9;17;255;255,-35;-38,1;2;0;6;1;7;0;4,7;7;7;7;252;254;6;721,-70;-72.9;-78.9;-82.2;-81.5;-91.9;-83.8;-87.7,-10.6;-10.4;-12.1;-10.8;-20.4;-18.7;-15.6;-14.7,255;255;255;255;255;255;255;255,1;0;0;0;0,504990;504990;504990;504990;504990,7;252;6;721;254,1;1;0;4;7,-,4;1;1;1;1,-71;-81.5;-83.8;-87.7;-91.5,-10.5;-20.3;-15.6;-14.7;-19.9,18.2;255;255;255;255,0.4,3,0,QPSK,-,100,0,0,0,0.00,0.00,0.00,0.00,0,1,Rank 1,16,152,8,60,-,60,6,23.8,31,24,256QAM,0,SMDL,0,0,0,0.00,0.00,0.01,0.13,Rank 2,4,76,45,-,2 x 2,HandOver,45314,Free,17,FORMAT_0,718,127,Success,45314,2,-,11,-1,-3,-,45,-,2,6,-,-,-,-,-,-,-,-,-,-,-,-,-,Registered,Normal Service,9,269,18,D4A654C1,898,9,30kHz,992,-,4,1,-,-,New trans.,0,0,256QAM,143,0,45314,892,11,0,0,Pass,0,QPSK,0,16,1,0,15,30kHz,Re trans.,-,569,
20260725 15:39:59.642,24.826119,102.845425,20.74,1937,3,1,0.00,0.00,,,,,,,1,SA,460,00,中国移动,4456484,6677397516,1630224,12,Normal,-,1,41,100,100,504990,-,7,513000,513000,30kHz,503172,1099,-,ms20,Connected,SA,-0.9,3,0,-60,88,-71,-10.5,12.7,1,Not Barred,6,6312,-33.4,504990,7,-68.3;-74.3;-72.2;-77.7,-,4.3;10.8;255;255,13.6;19.4;255;255,-39.6;-33.4,1;2;3;0;1;7;0;4;5,7;7;7;7;252;254;6;721;722,-69.9;-71.4;-75;-80;-80.4;-92.4;-83.7;-90.6;-140,-10.5;-10.4;-10.4;-12.3;-20.2;-19.2;-14.4;-18.8;-36.5,255;255;255;255;255;255;255;255;255,1;0;0;0;0;0,504990;504990;504990;504990;504990;504990,7;252;6;721;254;722,1;1;0;4;7;5,-,4;1;1;1;1;1,-71;-80.6;-83.7;-90.6;-93.2;-140,-10.5;-19.7;-14.4;-18.8;-19.5;-36.5,12.7;255;255;255;255;255,0,0,0,QPSK,-,100,0,0,0,0.00,0.00,0.00,0.00,0,1,Rank 1,16,48,2,60,-,60,9,24.9,25,25,256QAM,0,SMDL,0,0,0,0.00,0.00,0.00,0.14,Rank 2,4,72,18,-,2 x 2,HandOver,45314,Free,17,FORMAT_0,718,127,Success,45314,2,-,4,0,-3,-,18,-,2,2,-,-,-,-,-,-,-,-,-,-,-,-,-,Registered,Normal Service,9,269,18,D4A654C1,1008,9,30kHz,992,-,4,1,-,-,New trans.,0,0,256QAM,175,1,45314,1004,11,0,0,Pass,0,QPSK,0,16,1,0,15,30kHz,Re trans.,-,180,
20260725 15:40:00.656,24.826150,102.845468,19.98,1937,3,1,0.00,0.00,,,,,,,1,SA,460,00,中国移动,4456484,6677397516,1630224,12,Normal,-,1,41,100,100,504990,-,7,513000,513000,30kHz,503172,1099,-,ms20,Connected,SA,-0.9,3,0,-60,88,-70.6,-10.6,10.1,1,Not Barred,6,6312,-30.4,504990,7,-75.3;-77.5;-80.2;-78.5,-,5.1;11.6;255;255,13.3;14.4;255;255,-30.4;-42.3,1;2;3;0;1;7;0;4,7;7;7;7;252;254;6;721,-70.7;-72.5;-76.3;-78.6;-79.8;-93.9;-80.6;-121.9,-10.7;-10.6;-10.6;-12.7;-20.4;-19.6;-15.2;-29.4,255;255;255;255;255;255;255;255,1;0;0;0;0,504990;504990;504990;504990;504990,7;6;252;254;721,1;0;1;7;4,-,4;1;1;1;1,-70.6;-80.6;-81.4;-93.3;-121.9,-10.6;-15.2;-18.5;-20.5;-29.4,10.1;255;255;255;255,0,0,0,QPSK,-,100,0,0,0,0.00,0.00,0.00,0.00,0,1,Rank 1,16,48,4,66,-,66,9,24.9,25,25,256QAM,0,SMDL,0,0,0,0.00,0.00,0.00,0.11,Rank 2,4,56,16,-,2 x 2,HandOver,45314,Free,17,FORMAT_0,718,127,Success,45314,2,-,4,0,-3,-,16,-,1,3,-,-,-,-,-,-,-,-,-,-,-,-,-,Registered,Normal Service,9,269,18,D4A654C1,80,18,30kHz,992,-,4,1,-,-,New trans.,0,0,256QAM,176,1,45314,78,2,0,0,Pass,1,QPSK,1,16,2,0,15,30kHz,Re trans.,-,180,
20260725 15:40:01.669,24.826176,102.845513,18.76,1937,3,1,0.00,0.00,,,,,,,1,SA,460,00,中国移动,4456484,6677397516,1630224,12,Normal,-,1,41,100,100,504990,-,7,513000,513000,30kHz,503172,1099,-,ms20,Connected,SA,-0.9,3,0,-60,88,-68.7,-10.7,10.1,1,Not Barred,6,6312,-33.6,504990,7,-69.5;-71;-75.6;-69.8,-,12.5;10.8;255;255,18.9;22.8;255;255,-37.3;-33.6,1;2;0;6;1;7;0;4,7;7;7;7;252;254;6;721,-69.3;-67.3;-76;-78.8;-77.4;-98.1;-78.7;-146.3,-10.8;-10.4;-12.3;-10.6;-19.5;-22.9;-12.9;-39.4,255;255;255;255;255;255;255;255,1;0;0;0;0,504990;504990;504990;504990;504990,7;252;6;254;721,1;1;0;7;4,-,4;1;1;1;1,-68.7;-77.7;-78.5;-92.2;-145.6,-10.7;-19.1;-13.8;-21.1;-39.1,10.1;255;255;255;255,1,2,1,QPSK,-,100,0,0,0,0.00,0.00,0.00,0.00,0,2,Rank 1,16,84,2,69,-,69,8,24.6,25,25,256QAM,0,SMDL,0,0,0,0.00,0.00,0.00,0.22,Rank 2,4,120,35,-,2 x 2,HandOver,45314,Free,17,FORMAT_0,718,127,Success,45314,2,-,4,-1,-3,-,35,-,1,2,-,-,-,-,-,-,-,-,-,-,-,-,-,Registered,Normal Service,9,269,18,D4A654C1,179,8,30kHz,992,-,4,1,-,-,New trans.,0,0,256QAM,107,1,45314,174,3,0,0,Pass,0,QPSK,0,16,1,0,15,30kHz,Re trans.,-,318,
20260725 15:40:02.680,24.826199,102.845550,15.84,1937,3,1,0.00,0.00,,,,,,,1,SA,460,00,中国移动,4456484,6677397516,1630224,12,Normal,-,1,41,100,100,504990,-,7,513000,513000,30kHz,503172,1099,-,ms20,Connected,SA,-0.9,3,0,-60,88,-67.8,-10.6,4.3,1,Not Barred,6,6312,-35,504990,7,-79.6;-76;-68.8;-69.5,-,4.3;3.6;255;255,10.2;11.2;255;255,-35;-36.6,1;2;3;0;1;5;1,7;7;7;7;252;254;6,-71.6;-67;-74.9;-75;-80.1;-97.9;-79.2,-11.2;-10.4;-10.5;-12;-20.5;-23.6;-16.9,255;255;255;255;255;255;255,1;0;0;0,504990;504990;504990;504990,7;6;252;254,1;1;1;5,-,4;1;1;1,-67.8;-79.5;-80.3;-90.9,-10.6;-15.5;-20.4;-22.3,4.3;255;255;255,1,2,1,QPSK,-,100,0,0,0,0.00,0.00,0.00,0.00,0,2,Rank 1,16,84,2,69,-,69,8,24.9,31,25,256QAM,0,SMDL,0,0,0,0.00,0.00,0.00,0.25,Rank 2,4,136,35,-,2 x 2,HandOver,45314,Free,17,FORMAT_0,718,127,Success,45314,2,-,4,0,-3,-,35,-,1,2,-,-,-,-,-,-,-,-,-,-,-,-,-,Registered,Normal Service,9,269,18,D4A654C1,179,8,30kHz,992,-,4,1,-,-,New trans.,0,0,256QAM,107,1,45314,174,3,0,0,Pass,0,QPSK,0,16,1,0,15,30kHz,Re trans.,-,318,
20260725 15:40:03.692,24.826217,102.845589,15.16,1937,3,1,0.00,0.00,,,,,,,1,SA,460,00,中国移动,4456484,6677397516,1630224,12,Normal,-,1,41,100,100,504990,-,7,513000,513000,30kHz,503172,1099,-,ms20,Connected,SA,-0.9,4,0,-60,78,-62.3,-10.6,20.9,2,Not Barred,6,6312,-22.4,504990,7,-60.1;-58.2;-68.4;-73.5,-,25.3;26.2;255;255,25.2;23.2;255;255,-22.4;-22.6,2;1;0;7;1;5;0;4,7;7;7;7;252;254;6;721,-61.6;-68.2;-73.3;-76;-78.9;-91.5;-75.2;-95.5,-10.5;-11.6;-12.6;-10.6;-19.6;-21.6;-14.3;-19.8,255;255;255;255;255;255;255;255,1;0;0;0;0,504990;504990;504990;504990;504990,7;6;252;254;721,2;0;1;5;4,-,4;1;1;1;1,-62.3;-74;-77.7;-90.5;-95.5,-10.6;-14.7;-19.3;-21.7;-19.8,20.9;255;255;255;255,0,0,0,QPSK,-,100,0,0,0,0.00,0.00,0.00,0.00,0,1,Rank 1,16,48,3,42,-,42,9,24.7,25,25,256QAM,0,SMDL,0,0,0,0.00,0.00,0.00,0.09,Rank 2,4,48,35,-,2 x 2,HandOver,45314,Free,17,FORMAT_0,718,127,Success,45314,2,-,0,-8,-3,-,35,-,1,3,-,-,-,-,-,-,-,-,-,-,-,-,-,Registered,Normal Service,9,269,18,D4A654C1,382,9,30kHz,944,-,4,1,-,-,New trans.,0,0,256QAM,167,1,45314,376,12,0,0,Pass,0,QPSK,0,16,2,0,15,30kHz,Re trans.,-,198,
20260725 15:40:04.705,24.826235,102.845624,13.50,1937,3,1,0.00,0.00,,,,,,,1,SA,460,00,中国移动,4456484,6677397516,1630224,12,Normal,-,1,41,100,100,504990,-,7,513000,513000,30kHz,503172,1099,-,ms20,Connected,SA,-1,5,0,-60,69,-52.7,-10.4,28.9,2,Not Barred,6,6312,-14.5,504990,7,-52;-50.4;-68.1;-54.2,-,31.1;27;255;255,28.6;23.1;255;255,-17.6;-14.5,2;1;0;6;7;1,7;7;7;7;252;6,-52.7;-63.9;-68.1;-70.3;-130.9;-68.7,-10.4;-11;-13.2;-10.4;-35.7;-15.9,255;255;255;255;255;255,1;0;0,504990;504990;504990,7;6;252,2;1;7,-,4;1;1,-52.7;-68.4;-130.7,-10.4;-14.5;-35.7,28.9;255;255,1.2,4,0,QPSK,-,100,0,0,0,0.00,0.00,0.00,0.00,0,2,Rank 1,16,80,2,8197,-,8197,9,25.1,31,24,256QAM,0,SMDL,0,0,0,0.00,0.00,0.00,0.08,Rank 2,4,44,22,-,2 x 2,HandOver,45314,Free,17,FORMAT_0,718,127,Success,45314,2,-,1,-17,-3,-,22,-,1,2,-,-,-,-,-,-,-,-,-,-,-,-,-,Registered,Normal Service,9,269,18,D4A654C1,485,9,30kHz,992,-,4,1,-,-,New trans.,0,0,256QAM,136,1,45314,484,11,0,0,Pass,1,64QAM,13,225,2,0,15,30kHz,Re trans.,-,547,
20260725 15:40:05.718,24.826248,102.845648,9.04,1937,3,1,0.00,0.00,,,,,,,1,SA,460,00,中国移动,4456484,6677397516,1630224,12,Normal,-,1,41,100,100,504990,-,7,513000,513000,30kHz,503172,1099,-,ms20,Connected,SA,-1,5,0,-60,68,-51,-10.4,28.5,2,Not Barred,6,6312,-16.9,504990,7,-54.1;-52.5;-66.3;-56.3,-,31.9;30.8;255;255,29.7;19.8;255;255,-18.4;-16.9,2;1;3;6;7;0,7;7;7;7;252;6,-51;-66.6;-66.8;-66.9;-105.2;-65.4,-10.4;-10.9;-10.4;-10.4;-28.8;-12.7,255;255;255;255;255;255,1;0;0,504990;504990;504990,7;6;252,2;0;7,-,4;1;1,-51;-65.8;-105.2,-10.4;-13.1;-28.8,28.5;255;255,1.2,4,0,QPSK,-,100,0,0,0,0.06,0.00,0.09,0.10,0,2,Rank 1,16,80,13,66,-,66,9,24.8,31,25,256QAM,0,SMDL,0,0,0,0.00,0.00,0.01,0.50,Rank 2,4,268,68,-,2 x 2,HandOver,45314,Free,17,FORMAT_0,718,127,Success,45314,2,-,-9,-19,-3,-,68,-,1,13,-,-,-,-,-,-,-,-,-,-,-,-,-,Registered,Normal Service,9,269,18,D4A654C1,566,8,30kHz,800,-,4,1,-,-,-,0,0,256QAM,155,1,45314,517,6,0,0,Pass,0,QPSK,1,16,2,0,15,30kHz,Re trans.,-,547,
20260725 15:40:06.731,24.826252,102.845672,8.03,1937,3,1,0.00,0.00,,,,,,,1,SA,460,00,中国移动,4456484,6677397516,1630224,12,Normal,-,1,41,100,100,504990,-,7,513000,513000,30kHz,503172,1099,-,ms20,Connected,SA,-1,5,0,-60,70,-52.3,-10.4,30.7,2,Not Barred,6,6312,-16.6,504990,7,-52.3;-58.6;-54.8;-54,-,32.8;28.3;255;255,27.9;17.5;255;255,-16.6;-22.4,2;3;6;4;0,7;7;7;7;6,-52.3;-64.6;-64.1;-68.3;-64.5,-10.4;-10.4;-10.4;-10.4;-11.5,255;255;255;255;255,1;0,504990;504990,7;6,2;0,-,4;1,-52.3;-66.4,-10.4;-12.1,30.7;255,3.8,13,3,QPSK,-,70,20,10,0,0.00,0.06,0.00,0.00,0,2,Rank 1,46,465,1,357,-,357,10,25.4,31,24,256QAM,0,SMDL,0,0,0,0.03,0.04,0.01,0.06,Rank 2,4,32,2,-,2 x 2,HandOver,45314,Free,17,FORMAT_0,718,127,Success,45314,2,-,-2,-16,-3,-,2,-,1,1,-,-,-,-,-,-,-,-,-,-,-,-,-,Registered,Normal Service,9,269,18,D4A654C1,693,19,30kHz,992,-,4,1,-,-,New trans.,0,0,256QAM,156,2,45314,680,4,0,0,Pass,1,QPSK,2,16,2,0,15,30kHz,Re trans.,-,12047,
20260725 15:40:07.738,24.826252,102.845691,6.52,1937,3,1,0.00,0.00,,,,,,,1,SA,460,00,中国移动,4456484,6677397516,1630224,12,Normal,-,1,41,100,100,504990,-,7,513000,513000,30kHz,503172,1099,-,ms20,Connected,SA,-1,5,0,-60,74,-53.3,-10.4,31.9,2,Not Barred,6,6312,-15.4,504990,7,-54.1;-51.4;-52.5;-51.4,-,28.6;30.8;255;255,25.7;29.6;255;255,-19.1;-15.4,2;3;4;5;0,7;7;7;7;6,-53.2;-61.7;-66.7;-68.1;-65.4,-10.4;-10.4;-10.4;-10.4;-10.9,255;255;255;255;255,1;0,504990;504990,7;6,2;0,-,4;1,-53.3;-66.9,-10.4;-11.3,31.9;255,3.8,13,3,QPSK,-,70,20,10,0,0.00,0.00,0.00,0.00,0,2,Rank 1,46,465,1,106,-,106,10,24.4,25,25,256QAM,0,SMDL,0,0,0,0.00,0.00,0.03,0.10,Rank 2,4,52,2,-,2 x 2,HandOver,45314,Free,17,FORMAT_0,718,127,Success,45314,2,-,-5,-15,-3,-,2,-,1,1,-,-,-,-,-,-,-,-,-,-,-,-,-,Registered,Normal Service,9,269,18,D4A654C1,749,18,30kHz,992,-,4,1,-,-,New trans.,0,0,256QAM,108,0,45314,730,4,0,0,Pass,1,QPSK,2,16,2,0,15,30kHz,Re trans.,-,12047,
20260725 15:40:08.751,24.826245,102.845714,9.32,1937,3,1,0.00,0.00,,,,,,,1,SA,460,00,中国移动,4456484,6677397516,1630224,12,Normal,-,1,41,100,100,504990,-,7,513000,513000,30kHz,503172,1099,-,ms20,Connected,SA,-1,4,0,-60,70,-56.8,-10.4,31.2,2,Not Barred,6,6312,-21.9,504990,7,-57;-57.1;-64.4;-54.2,-,32.3;28.6;255;255,22;13;255;255,-22;-21.9,2;3;4;6;0,7;7;7;7;6,-56.4;-63.2;-69;-71.5;-70.3,-10.4;-10.4;-10.4;-10.4;-10.5,255;255;255;255;255,1;0,504990;504990,7;6,2;0,-,4;1,-56.8;-71.1,-10.4;-11.2,31.2;255,0.7,2,0,QPSK,-,100,0,0,0,0.00,0.00,0.00,0.00,0,1,Rank 1,16,48,2,63,-,63,10,24.9,25,25,256QAM,0,SMDL,0,0,0,0.00,0.00,0.03,0.13,Rank 2,4,68,30,-,2 x 2,HandOver,45314,Free,17,FORMAT_0,718,127,Success,45314,2,-,-9,-9,-3,-,30,-,1,2,-,-,-,-,-,-,-,-,-,-,-,-,-,Registered,Normal Service,9,269,18,D4A654C1,837,8,30kHz,944,-,4,1,-,-,New trans.,0,0,256QAM,107,1,45314,832,3,0,0,Pass,0,QPSK,0,16,1,0,15,30kHz,Re trans.,-,229,
20260725 15:40:09.760,24.826235,102.845736,8.93,1938,3,1,0.00,0.00,,,,,,,1,SA,460,00,中国移动,4456484,6677397516,1630224,12,Normal,-,1,41,100,100,504990,-,7,513000,513000,30kHz,503172,1099,-,ms20,Connected,SA,-1,4,0,-60,74,-56.8,-10.4,29.7,2,Not Barred,6,6312,-19,504990,7,-65.7;-57;-62.2;-54.1,-,23.6;31;255;255,14.3;12.8;255;255,-34.1;-19,2;3;4;5;0,7;7;7;7;6,-56.2;-63.9;-69.5;-71.7;-67.1,-10.4;-10.3;-10.6;-10.5;-11.2,255;255;255;255;255,1;0,504990;504990,7;6,2;0,-,4;1,-56.8;-68.1,-10.4;-11.5,29.7;255,0.7,2,0,QPSK,-,100,0,0,0,0.00,0.00,0.00,0.00,0,1,Rank 1,16,48,2,106,-,106,10,24.5,25,25,256QAM,0,SMDL,0,0,0,0.00,0.00,0.00,0.08,Rank 2,4,44,11,-,2 x 2,HandOver,45314,Free,17,FORMAT_0,718,127,Success,45314,2,-,-5,-8,-3,-,11,-,1,2,-,-,-,-,-,-,-,-,-,-,-,-,-,Registered,Normal Service,9,269,18,D4A654C1,956,18,30kHz,992,-,4,1,-,-,New trans.,0,0,256QAM,95,1,45314,951,14,0,0,Pass,0,QPSK,2,16,2,0,15,30kHz,Re trans.,-,229,
20260725 15:40:10.773,24.826223,102.845754,8.82,1938,3,1,0.00,0.00,,,,,,,1,SA,460,00,中国移动,4456484,6677397516,1630224,12,Normal,-,1,41,100,100,504990,-,7,513000,513000,30kHz,503172,1099,-,ms20,Connected,SA,-1,5,0,-60,72,-56.1,-10.3,30.7,2,Not Barred,6,6312,-17.4,504990,7,-53.4;-57.1;-63.7;-66,-,31.4;33.8;27.8;20.7,19.7;22.3;22.1;12.5,-17.4;-30.3;-26.3;-19.9,2;3;4;5;0;4,7;7;7;7;6;252,-54.9;-59.3;-66;-68.8;-69.5;-77.7,-10.4;-10.3;-10.4;-10.4;-11.4;-20.8,255;255;255;255;255;255,1;0;0,504990;504990;504990,7;6;252,2;0;4,-,4;1;1,-56.1;-70.9;-78.7,-10.3;-12.1;-20.2,30.7;255;255,1.8,3,2,QPSK,-,100,0,0,0,0.00,0.00,0.00,0.00,0,1,Rank 3,16,64,3,69,-,69,11,24.4,25,25,256QAM,0,SMDL,0,0,0,0.00,0.00,0.00,0.15,Rank 2,4,84,20,-,4 x 4,HandOver,45314,Free,17,FORMAT_0,718,127,Success,45314,2,-,0,-14,-3,-,20,-,1,3,-,-,-,-,-,-,-,-,-,-,-,-,-,Registered,Normal Service,9,269,18,D4A654C1,61,18,30kHz,992,-,4,1,-,-,New trans.,0,0,256QAM,95,2,45314,54,14,0,0,Pass,1,QPSK,0,16,1,0,15,30kHz,Re trans.,-,382,
20260725 15:40:11.782,24.826207,102.845769,8.57,1938,3,1,0.00,0.00,,,,,,,1,SA,460,00,中国移动,4456484,6677397516,1630224,12,Normal,-,1,41,100,100,504990,-,7,513000,513000,30kHz,503172,1099,-,ms20,Connected,SA,-1,5,0,-60,68,-50.4,-10.4,35.7,2,Not Barred,6,6312,-14.3,504990,7,-50.5;-52;-58.9;-56.4,-,34.7;30.3;255;255,27.4;25.9;255;255,-14.3;-19.5,2;3;1;4;0;4,7;7;7;7;6;252,-49.7;-56.5;-65.7;-62.6;-63.6;-71.7,-10.4;-10.4;-10.7;-10.4;-10.5;-20.8,255;255;255;255;255;255,1;0;0,504990;504990;504990,7;6;252,2;0;4,-,4;1;1,-50.2;-61.9;-72.6,-10.4;-10.5;-20.6,34.7;255;255,1.8,3,2,QPSK,-,100,0,0,0,0.00,0.00,0.00,0.01,0,1,Rank 1,16,64,3,106,-,106,10,23.7,30,25,256QAM,0,SMDL,0,0,15.6,0.00,0.00,0.00,0.21,Rank 2,4,128,20,-,4 x 4,HandOver,45314,Free,17,FORMAT_0,718,127,Success,45314,2,-,-7,-21,-3,-,20,-,1,3,-,-,-,-,-,-,-,-,-,-,-,-,-,Registered,Normal Service,9,269,18,D4A654C1,135,19,30kHz,992,-,4,1,-,-,New trans.,0,0,256QAM,163,0,45314,130,4,0,0,Pass,1,QPSK,2,16,2,0,15,30kHz,Re trans.,-,382,
20260725 15:40:12.793,24.826188,102.845783,8.82,1937,3,1,0.00,0.00,,,,,,,1,SA,460,00,中国移动,4456484,6677397516,1630224,12,Normal,-,1,41,100,100,504990,-,7,513000,513000,30kHz,503172,1099,-,ms20,Connected,SA,-1,5,0,-60,68,-48.7,-10.4,37.9,2,Not Barred,6,6312,-10.3,504990,7,-45.9;-52.3;-59.6;-57.1,-,34.6;32.6;255;255,29.3;30.8;255;255,-10.3;-17.3,2;3;4;5;0;4,7;7;7;7;6;252,-47.6;-53.6;-59.7;-62.4;-59.3;-69.8,-10.4;-10.4;-10.4;-10.4;-10.5;-20.7,255;255;255;255;255;255,1;0;0,504990;504990;504990,7;6;252,2;0;4,-,4;1;1,-48.7;-59.3;-70.8,-10.4;-10.5;-20.7,37.9;255;255,1.8,3,2,QPSK,-,100,0,0,0,0.00,0.00,0.00,0.00,0,1,Rank 1,16,64,3,106,-,106,10,24.9,25,25,256QAM,0,SMDL,0,0,0,0.00,0.00,0.00,0.07,Rank 2,4,36,20,-,4 x 4,HandOver,45314,Free,17,FORMAT_0,718,127,Success,45314,2,-,-7,-22,-3,-,20,-,1,3,-,-,-,-,-,-,-,-,-,-,-,-,-,Registered,Normal Service,9,269,18,D4A654C1,135,19,30kHz,992,-,4,1,-,-,New trans.,0,0,256QAM,163,0,45314,130,4,0,0,Pass,1,QPSK,2,16,2,0,15,30kHz,Re trans.,-,382,
20260725 15:40:13.801,24.826167,102.845791,9.00,1937,3,1,0.00,0.00,,,,,,,1,SA,460,00,中国移动,4456484,6677397516,1630224,12,Normal,-,1,41,100,100,504990,-,7,513000,513000,30kHz,503172,1099,-,ms20,Connected,SA,-1,5,0,-60,69,-52.5,-10.4,33.7,2,Not Barred,6,6312,-17.1,504990,7,-50.7;-53.5;-55.7;-61.9,-,36.2;35.6;255;255,24.5;26;255;255,-17.1;-20.9,2;3;4;1;0;4,7;7;7;7;6;252,-51.1;-56.3;-62.3;-65.3;-62.6;-73.5,-10.4;-10.3;-10.4;-11;-10.5;-21,255;255;255;255;255;255,1;0;0,504990;504990;504990,7;6;252,2;0;4,-,4;1;1,-52.5;-62.6;-74.5,-10.4;-10.5;-20.8,33.7;255;255,1.3,3,2,QPSK,-,100,0,0,0,0.00,0.00,0.00,0.00,0,1,Rank 1,18,108,6,66,-,66,9,24.9,25,25,256QAM,0,SMDL,0,0,0,0.00,0.00,0.00,0.00,Rank 2,4,0,42,-,2 x 2,HandOver,45314,Free,17,FORMAT_0,718,127,Success,45314,2,-,-4,-18,-3,-,42,-,1,5,-,-,-,-,-,-,-,-,-,-,-,-,-,Registered,Normal Service,9,269,18,D4A654C1,359,8,30kHz,768,-,4,1,-,-,New trans.,0,0,256QAM,188,1,45314,354,4,0,0,Pass,0,QPSK,1,16,2,0,15,30kHz,Re trans.,-,657,
20260725 15:40:14.811,24.826145,102.845800,9.58,1937,3,1,0.00,0.00,,,,,,,1,SA,460,00,中国移动,4456484,6677397516,1630224,12,Normal,-,1,41,100,100,504990,-,7,513000,513000,30kHz,503172,1099,-,ms20,Connected,SA,-1,6,0,-60,70,-54.1,-10.4,32.3,2,Not Barred,6,6312,-16.5,504990,7,-53.8;-53.6;-54.5;-69.4,-,29.8;34.4;255;255,19.7;22.2;255;255,-16.6;-16.5,2;3;4;5;0;4,7;7;7;7;6;252,-52.4;-57.3;-63.7;-66.4;-65.5;-74.8,-10.4;-10.4;-10.4;-10.4;-10.5;-20.6,255;255;255;255;255;255,1;0;0,504990;504990;504990,7;6;252,2;0;4,-,4;1;1,-54.1;-66.2;-75.9,-10.4;-11.3;-20.4,32.3;255;255,0.8,1,1,QPSK,-,100,0,0,0,0.00,0.00,0.00,0.00,0,2,Rank 1,16,64,3,66,-,66,9,19.7,24,20,256QAM,0,SMDL,0,0,36.4,0.00,0.00,0.01,0.06,Rank 2,4,44,35,-,2 x 2,HandOver,45314,Free,17,FORMAT_0,718,127,Success,45314,2,-,-5,-14,-3,-,35,-,1,3,-,-,-,-,-,-,-,-,-,-,-,-,-,Registered,Normal Service,9,269,18,D4A654C1,461,8,30kHz,896,-,4,1,-,-,New trans.,0,0,256QAM,96,1,45314,456,4,0,0,Pass,1,QPSK,1,16,2,0,15,30kHz,Re trans.,-,267,
20260725 15:40:15.825,24.826124,102.845811,9.22,1937,3,1,0.00,0.00,,,,,,,1,SA,460,00,中国移动,4456484,6677397516,1630224,12,Normal,-,1,41,100,100,504990,-,7,513000,513000,30kHz,503172,1099,-,ms20,Connected,SA,-1,5,0,-60,71,-57.3,-10.4,27.9,2,Not Barred,6,6312,-19.4,504990,7,-54.4;-62.6;-53.7;-89.3,-,23.4;26.4;255;255,16.9;20.5;255;255,-19.4;-26.3,2;3;4;1;0;4,7;7;7;7;6;252,-55.8;-59.9;-66.9;-69.6;-68.4;-77.8,-10.4;-10.3;-10.4;-12.3;-10.9;-21.6,255;255;255;255;255;255,1;0;0,504990;504990;504990,7;6;252,2;0;4,-,4;1;1,-57.3;-69.4;-78.7,-10.4;-12.3;-21,27.9;255;255,0.8,1,1,QPSK,-,100,0,0,0,0.00,0.00,0.00,0.00,0,2,Rank 1,16,64,3,66,-,66,10,24.1,31,25,256QAM,0,SMDL,0,0,0,0.00,0.00,0.02,0.45,Rank 2,4,256,35,-,2 x 2,HandOver,45314,Free,17,FORMAT_0,718,127,Success,45314,2,-,-1,-10,-3,-,35,-,1,3,-,-,-,-,-,-,-,-,-,-,-,-,-,Registered,Normal Service,9,269,18,D4A654C1,507,8,30kHz,848,-,4,1,-,-,New trans.,0,0,256QAM,96,1,45314,501,12,0,0,Pass,0,QPSK,1,16,2,0,15,30kHz,Re trans.,-,267,
20260725 15:40:16.839,24.826108,102.845826,7.70,1937,3,1,0.00,0.00,,,,,,,1,SA,460,00,中国移动,4456484,6677397516,1630224,12,Normal,-,1,41,100,100,504990,-,7,513000,513000,30kHz,503172,1099,-,ms20,Connected,SA,-1,5,0,-60,78,-59.7,-10.4,23.2,2,Not Barred,6,6312,-26.6,504990,7,-60.6;-73;-64.5;-71.5,-,22.7;22;255;255,9.4;12.4;255;255,-26.6;-31.9,2;3;4;1;0;4;4,7;7;7;7;6;252;721,-58.7;-60.4;-68.6;-70.4;-68.6;-81.4;-113.7,-10.4;-10.4;-10.5;-12.5;-10.8;-21.1;-28.5,255;255;255;255;255;255;255,1;0;0;0,504990;504990;504990;504990,7;6;252;721,2;0;4;4,-,4;1;1;1,-59.7;-68.7;-82;-113.7,-10.4;-11.1;-20.5;-28.5,23.2;255;255;255,1.8,5,0,QPSK,-,83.3,16.7,0,0,0.00,0.00,0.00,0.00,0,2,Rank 1,16,96,6,106,-,106,10,22.5,31,21,256QAM,0,SMDL,0,0,7.1,0.00,0.00,0.02,0.09,Rank 2,4,56,55,-,2 x 2,HandOver,45314,Free,17,FORMAT_0,718,127,Success,45314,2,-,1,-4,-3,-,55,-,1,6,-,-,-,-,-,-,-,-,-,-,-,-,-,Registered,Normal Service,9,269,18,D4A654C1,663,8,30kHz,992,-,4,1,-,-,New trans.,0,0,256QAM,103,1,45314,658,4,0,0,Pass,1,QPSK,2,16,2,0,15,30kHz,Re trans.,-,722,
20260725 15:40:17.852,24.826104,102.845846,8.21,1938,3,1,0.00,0.00,,,,,,,1,SA,460,00,中国移动,4456484,6677397516,1630224,12,Normal,-,1,41,100,100,504990,-,7,513000,513000,30kHz,503172,1099,-,ms20,Connected,SA,-1,6,0,-60,78,-59.2,-10.4,25.8,2,Not Barred,6,6312,-22.5,504990,7,-57.6;-59.1;-61.8;-73.9,-,29.1;19.8;255;255,21.9;17.2;255;255,-22.5;-29.3,2;3;4;1;0;5,7;7;7;7;6;252,-58.2;-60.3;-68.2;-70.6;-68;-82.8,-10.4;-10.4;-10.4;-12;-11.3;-20.5,255;255;255;255;255;255,1;0;0,504990;504990;504990,7;6;252,2;0;5,-,4;1;1,-59.2;-68.4;-82.5,-10.4;-11.6;-20.9,25.8;255;255,1.8,5,0,QPSK,-,83.3,16.7,0,0,0.00,0.00,0.00,0.00,0,2,Rank 1,16,96,6,106,-,106,10,24.8,25,25,256QAM,0,SMDL,0,0,0,0.00,0.00,0.02,0.09,Rank 2,4,48,55,-,2 x 2,HandOver,45314,Free,17,FORMAT_0,718,127,Success,45314,2,-,-2,-7,-3,-,55,-,1,6,-,-,-,-,-,-,-,-,-,-,-,-,-,Registered,Normal Service,9,269,18,D4A654C1,713,19,30kHz,992,-,4,1,-,-,New trans.,0,0,256QAM,147,1,45314,708,11,0,0,Pass,0,QPSK,2,16,2,0,15,30kHz,Re trans.,-,722,
20260725 15:40:18.862,24.826117,102.845866,11.02,1937,3,1,0.00,0.00,,,,,,,1,SA,460,00,中国移动,4456484,6677397516,1630224,12,Normal,-,1,41,100,100,504990,-,7,513000,513000,30kHz,503172,1099,-,ms20,Connected,SA,-1,5,0,-60,75,-57.8,-10.4,29.1,2,Not Barred,6,6312,-21.4,504990,7,-56.5;-68.5;-69.2;-71.2,-,25.8;21.2;255;255,14.6;12.1;255;255,-21.4;-31.6,2;3;4;1;0;4,7;7;7;7;6;252,-57.7;-58.3;-67.1;-67.9;-71.8;-81.2,-10.4;-10.3;-10.4;-11.1;-11.4;-22.4,255;255;255;255;255;255,1;0;0,504990;504990;504990,7;6;252,2;0;4,-,4;1;1,-57.8;-72;-81.9,-10.4;-12.2;-21.1,29.1;255;255,2.3,3,3,QPSK,-,100,0,0,0,0.00,0.00,0.00,0.00,0,2,Rank 1,16,64,3,69,-,69,10,24.6,25,25,256QAM,0,SMDL,0,0,0,0.00,0.00,0.00,0.13,Rank 2,4,72,22,-,2 x 2,HandOver,45314,Free,17,FORMAT_0,718,127,Success,45314,2,-,0,-11,-3,-,22,-,1,3,-,-,-,-,-,-,-,-,-,-,-,-,-,Registered,Normal Service,9,269,18,D4A654C1,864,9,30kHz,992,-,4,1,-,-,New trans.,0,0,256QAM,175,1,45314,858,3,0,0,Pass,0,QPSK,0,16,1,0,15,30kHz,Re trans.,-,530,
20260725 15:40:19.870,24.826148,102.845869,13.64,1937,3,1,0.00,0.00,,,,,,,1,SA,460,00,中国移动,4456484,6677397516,1630224,12,Normal,-,1,41,100,100,504990,-,7,513000,513000,30kHz,503172,1099,-,ms20,Connected,SA,-1,6,0,-60,73,-57.2,-10.4,30.8,2,Not Barred,6,6312,-19.6,504990,7,-54.9;-56.2;-58.4;-75.9,-,35;32.6;29.5;30.9,17.1;20;17.7;16.1,-19.8;-32.3;-20.6;-19.6,2;3;4;1;0;4,7;7;7;7;6;252,-56.3;-58.7;-67.5;-69.3;-68.5;-79.2,-10.4;-10.4;-10.4;-11.9;-11.1;-21.4,255;255;255;255;255;255,1;0;0,504990;504990;504990,7;6;252,2;0;4,-,4;1;1,-57.2;-69;-78.8,-10.4;-11.7;-20.5,30.8;255;255,4.1,11,0,QPSK,-,66.7,11.1,22.2,0,0.00,0.00,0.00,0.00,0,2,Rank 3,21,192,3,63,-,63,12,24.8,25,25,256QAM,0,SMDL,0,0,0,0.00,0.00,0.00,0.17,Rank 2,4,92,31,-,4 x 4,HandOver,45314,Free,17,FORMAT_0,718,127,Success,45314,2,-,-3,-23,-3,-,31,-,1,3,-,-,-,-,-,-,-,-,-,-,-,-,-,Registered,Normal Service,9,269,18,D4A654C1,985,8,30kHz,992,-,4,1,-,-,New trans.,0,0,256QAM,120,1,45314,984,3,0,0,Pass,1,QPSK,0,16,1,0,15,30kHz,Re trans.,-,7283,
20260725 15:40:20.883,24.826184,102.845848,16.09,1937,3,1,0.00,0.00,,,,,,,1,SA,460,00,中国移动,4456484,6677397516,1630224,12,Normal,-,1,41,100,100,504990,-,7,513000,513000,30kHz,503172,1099,-,ms20,Connected,SA,-1,6,0,-60,72,-55.6,-10.4,34.4,2,Not Barred,6,6312,-14.5,504990,7,-52;-65.9;-60.7;-70.1,-,30.3;20.9;255;255,21.9;16.4;255;255,-14.5;-32.3,2;3;4;5;0;4,7;7;7;7;6;252,-54.4;-58.9;-64.8;-69.1;-63.8;-77.4,-10.4;-10.4;-10.4;-10.4;-11;-20.5,255;255;255;255;255;255,1;0;0,504990;504990;504990,7;6;252,2;0;4,-,4;1;1,-55.6;-63.8;-78.1,-10.4;-11;-20.3,34.4;255;255,3.5,15,0,QPSK,-,66.7,16.7,16.7,0,0.05,0.00,0.08,0.08,0,2,Rank 1,16,192,19,116,-,116,10,24.6,31,25,256QAM,0,SMDL,0,0,1.3,0.00,0.00,0.00,0.78,Rank 2,4,428,82,-,4 x 4,HandOver,45314,Free,17,FORMAT_0,718,127,Success,45314,2,-,-1,-22,-3,-,82,-,1,19,-,-,-,-,-,-,-,-,-,-,-,-,-,Registered,Normal Service,9,269,18,D4A654C1,55,8,30kHz,992,-,4,1,-,-,New trans.,0,0,256QAM,155,1,45314,52,4,0,0,Pass,0,QPSK,1,16,2,0,15,30kHz,Re trans.,-,3486,
20260725 15:40:21.893,24.826213,102.845775,18.68,1937,3,1,0.00,0.00,,,,,,,1,SA,460,00,中国移动,4456484,6677397516,1630224,12,Normal,-,1,41,100,100,504990,-,7,513000,513000,30kHz,503172,1099,-,ms20,Connected,SA,-1,6,0,-60,68,-48.9,-10.4,32.1,2,Not Barred,6,6312,-10.8,504990,7,-45.6;-54.4;-59.7;-67.2,-,29.1;25.5;255;255,27.9;26.6;255;255,-10.8;-20.8,2;3;6;4;0;5,7;7;7;7;6;252,-48.8;-57.8;-64.9;-63.1;-63.3;-76,-10.4;-10.4;-10.4;-10.4;-11.5;-20.9,255;255;255;255;255;255,1;0;0,504990;504990;504990,7;6;252,2;0;5,-,4;1;1,-48.9;-63.3;-76,-10.4;-11.3;-20.9,32.1;255;255,3.5,15,0,QPSK,-,66.7,16.7,16.7,0,0.00,0.05,0.00,0.00,0,2,Rank 1,16,192,2,42,-,42,10,24.8,25,25,256QAM,0,SMDL,0,0,0,0.09,0.09,0.11,0.10,Rank 2,4,52,9,-,2 x 2,HandOver,45314,Free,17,FORMAT_0,718,127,Success,45314,2,-,-8,-25,-3,-,9,-,1,2,-,-,-,-,-,-,-,-,-,-,-,-,-,Registered,Normal Service,9,269,18,D4A654C1,157,19,30kHz,992,-,4,1,-,-,New trans.,0,0,256QAM,95,1,45314,104,5,0,0,Pass,1,QPSK,0,16,2,0,15,30kHz,Re trans.,-,3486,
20260725 15:40:22.906,24.826232,102.845727,19.80,1936,3,1,0.00,0.00,,,,,,,1,SA,460,00,中国移动,4456484,6677397516,1630224,12,Normal,-,1,41,100,100,504990,-,7,513000,513000,30kHz,503172,1099,-,ms20,Connected,SA,-1,8,0,-60,65,-45.7,-10.4,30.2,2,Not Barred,6,6312,-11.1,504990,7,-44.3;-61.1;-58.5;-66,-,30.7;19.5;255;255,30.4;21.4;255;255,-11.1;-33.6,2;6;1;0;0;5,7;7;7;7;6;252,-45.7;-58.1;-62.4;-63.9;-57.8;-74.1,-10.4;-10.4;-11.7;-14.2;-11.3;-20.5,255;255;255;255;255;255,1;0;0,504990;504990;504990,7;6;252,2;0;5,-,4;1;1,-45.7;-57.8;-74.1,-10.4;-11.3;-20.5,30.2;255;255,3.5,15,0,QPSK,-,66.7,16.7,16.7,0,0.00,0.00,0.00,0.00,0,2,Rank 1,16,192,2,42,-,42,10,25.4,31,25,256QAM,0,SMDL,0,0,0,0.00,0.00,0.11,0.07,Rank 2,4,40,9,-,2 x 2,HandOver,45314,Free,17,FORMAT_0,718,127,Success,45314,2,-,-10,-27,-3,-,9,-,1,2,-,-,-,-,-,-,-,-,-,-,-,-,-,Registered,Normal Service,9,269,18,D4A654C1,185,18,30kHz,992,-,4,1,-,-,New trans.,0,0,256QAM,187,1,45314,104,5,0,0,Pass,1,QPSK,0,16,2,0,15,30kHz,Re trans.,-,3486,
20260725 15:40:23.922,24.826241,102.845675,20.41,1936,3,1,0.00,0.00,,,,,,,1,SA,460,00,中国移动,4456484,6677397516,1630224,12,Normal,-,1,41,100,100,504990,-,7,513000,513000,30kHz,503172,1099,-,ms20,Connected,SA,-1,9,0,-60,68,-57.5,-10.5,26.4,2,Not Barred,6,6312,-21.1,504990,7,-65;-67.3;-63.9;-72.2,-,23.9;26.4;255;255,23.7;23.8;255;255,-21.1;-28.1,2;1;0;3;0;5,7;7;7;7;6;252,-56.9;-64.6;-67.8;-70.6;-68.5;-95.6,-10.4;-11;-13.8;-10.5;-14.8;-22.4,255;255;255;255;255;255,1;0;0,504990;504990;504990,7;6;252,2;0;5,-,4;1;1,-57.5;-68.6;-95.6,-10.5;-14.5;-22.4,26.4;255;255,1,2,2,QPSK,-,100,0,0,0,0.00,0.00,0.00,0.00,0,2,Rank 1,16,32,1,42,-,42,10,25,25,25,256QAM,0,SMDL,0,0,0,0.00,0.00,0.11,0.01,Rank 2,4,4,10,-,2 x 2,HandOver,45314,Free,17,FORMAT_0,718,127,Success,45314,2,-,-1,-17,-3,-,10,-,1,1,-,-,-,-,-,-,-,-,-,-,-,-,-,Registered,Normal Service,9,269,18,D4A654C1,339,9,30kHz,992,-,4,1,-,-,New trans.,0,0,256QAM,148,1,45314,334,6,0,0,Pass,0,QPSK,0,16,2,0,15,30kHz,Re trans.,-,148,
20260725 15:40:24.937,24.826237,102.845617,21.71,1936,3,1,0.00,0.00,,,,,,,1,SA,460,00,中国移动,4456484,6677397516,1630224,12,Normal,-,1,41,100,100,504990,-,7,513000,513000,30kHz,503172,1099,-,ms20,Connected,SA,-1,7,0,-60,83,-64.3,-10.6,29.8,2,Not Barred,6,6312,-25.1,504990,7,-59.9;-79.2;-72.8;-82.2,-,26.7;24.3;255;255,25.8;22.1;255;255,-25.1;-30.3,2;1;0;3;0;7,7;7;7;7;6;252,-63.7;-64;-68.6;-73.8;-77.9;-84.3,-10.4;-10.6;-11.3;-10.5;-17.9;-17.3,255;255;255;255;255;255,1;0;0,504990;504990;504990,7;6;252,2;0;7,-,4;1;1,-64.3;-77.8;-86.6,-10.6;-17.9;-18.5,29.8;255;255,0.8,3,0,QPSK,-,100,0,0,0,0.00,0.00,0.00,0.00,0,2,Rank 1,16,96,3,14,-,14,10,22.7,25,21,256QAM,0,SMDL,0,0,0,0.00,0.00,0.00,0.15,Rank 2,4,92,35,-,2 x 2,HandOver,45314,Free,17,FORMAT_0,718,127,Success,45314,2,-,2,-4,-3,-,35,-,1,3,-,-,-,-,-,-,-,-,-,-,-,-,-,Registered,Normal Service,9,269,18,D4A654C1,453,18,30kHz,992,-,4,1,-,-,New trans.,0,0,256QAM,147,1,45314,449,12,0,4,Pass,0,QPSK,0,20,1,0,0,30kHz,Re trans.,-,458,
20260725 15:40:25.952,24.826217,102.845561,23.22,1936,3,1,0.00,0.00,,,,,,,1,SA,460,00,中国移动,4456484,6677397516,1630224,12,Normal,-,1,41,100,100,504990,-,7,513000,513000,30kHz,503172,1099,-,ms20,Connected,SA,-1,7,0,-60,84,-66.4,-10.6,25.6,2,Not Barred,6,6312,-26.8,504990,7,-62;-68.2;-70.3;-81.1,-,10.7;13.6;255;255,22.1;18.8;255;255,-26.8;-32.4,2;1;6;3;0;7;5,7;7;7;7;6;252;741,-67.5;-66.8;-77.1;-75.3;-85.7;-85.6;-94.9,-10.4;-10.5;-10.5;-10.5;-16.2;-16.6;-18.5,255;255;255;255;255;255;255,1;0;0;0,504990;504990;504990;504990,7;6;252;741,2;0;7;5,-,4;1;1;1,-66.4;-80.9;-85.7;-94.9,-10.6;-16;-16.6;-18.5,25.6;255;255;255,0.8,3,0,QPSK,-,100,0,0,0,0.00,0.00,0.00,0.00,0,2,Rank 1,16,96,6,69,-,69,10,24.9,25,25,256QAM,0,SMDL,0,0,0,0.00,0.00,0.00,0.36,Rank 2,4,192,46,-,2 x 2,HandOver,45314,Free,17,FORMAT_0,718,127,Success,45314,2,-,3,-1,-3,-,46,-,1,5,-,-,-,-,-,-,-,-,-,-,-,-,-,Registered,Normal Service,9,269,18,D4A654C1,508,9,30kHz,992,-,4,1,-,-,New trans.,0,0,256QAM,180,1,45314,498,3,0,0,Pass,0,QPSK,0,16,1,0,15,30kHz,Re trans.,-,458,
20260725 15:40:26.963,24.826187,102.845507,24.62,1936,3,1,0.00,0.00,,,,,,,1,SA,460,00,中国移动,4456484,6677397516,1630224,12,Normal,-,1,41,100,100,504990,-,7,513000,513000,30kHz,503172,1099,-,ms20,Connected,SA,-1,7,0,-60,86,-68.1,-10.5,18.1,1,Not Barred,6,6312,-31.4,504990,7,-67.6;-74.3;-76.2;-84.8,-,14.9;13.9;255;255,17.5;18.4;255;255,-31.4;-46.1,1;2;3;6;0;7;7,7;7;7;7;6;252;254,-67.5;-70.2;-76;-78;-80.3;-91.5;-90.9,-10.5;-10.4;-10.5;-10.5;-15.5;-16.8;-19.3,255;255;255;255;255;255;255,1;0;0;0,504990;504990;504990;504990,7;6;254;252,1;0;7;7,-,4;1;1;1,-68.1;-80.3;-91;-91.3,-10.5;-15.6;-19.2;-17.3,18.1;255;255;255,0,0,0,QPSK,-,100,0,0,0,0.00,0.00,0.00,0.00,0,2,Rank 1,17,68,0,14,-,14,10,24.8,25,25,256QAM,0,SMDL,0,0,0,0.00,0.00,0.00,0.09,Rank 2,4,48,4,-,2 x 2,HandOver,45314,Free,17,FORMAT_0,718,127,Success,45314,2,-,7,4,-3,-,4,-,1,5,-,-,-,-,-,-,-,-,-,-,-,-,-,Registered,Normal Service,9,269,18,D4A654C1,643,9,30kHz,992,-,4,1,-,-,New trans.,0,0,256QAM,176,1,45314,641,11,0,4,Pass,0,QPSK,0,20,1,0,0,30kHz,Re trans.,-,167,
20260725 15:40:27.977,24.826153,102.845452,25.20,1935,3,1,0.00,0.00,,,,,,,1,SA,460,00,中国移动,4456484,6677397516,1630224,12,Normal,-,1,41,100,100,504990,-,7,513000,513000,30kHz,503172,1099,-,ms20,Connected,SA,-1,6,0,-60,83,-58.7,-10.4,28.3,1,Not Barred,6,6312,-19.8,504990,7,-55;-71.5;-66.1;-70.2,-,30.7;25.8;255;255,29.1;24.2;255;255,-19.8;-35.4,1;0;7;5;0;7;7,7;7;7;7;6;252;254,-58.6;-68.8;-72.1;-76.4;-78;-83.9;-85.5,-10.4;-11.4;-10.6;-10.6;-13.1;-16.1;-20,255;255;255;255;255;255;255,1;0;0;0,504990;504990;504990;504990,7;6;252;254,1;0;7;7,-,4;1;1;1,-58.7;-78;-83.9;-85.8,-10.4;-13.3;-16.1;-20.2,28.3;255;255;255,0,0,0,QPSK,-,100,0,0,0,0.00,0.00,0.00,0.00,0,2,Rank 1,17,68,4,69,-,69,10,24.9,25,25,256QAM,0,SMDL,0,0,0,0.00,0.00,0.00,0.10,Rank 2,4,52,24,-,2 x 2,HandOver,45314,Free,17,FORMAT_0,718,127,Success,45314,2,-,3,-7,-3,-,24,-,1,3,-,-,-,-,-,-,-,-,-,-,-,-,-,Registered,Normal Service,9,269,18,D4A654C1,743,19,30kHz,848,-,4,1,-,-,New trans.,0,0,256QAM,132,2,45314,738,3,0,0,Pass,1,QPSK,0,16,1,0,15,30kHz,Re trans.,-,167,
20260725 15:40:28.991,24.826115,102.845394,26.71,1935,3,1,0.00,0.00,,,,,,,1,SA,460,00,中国移动,4456484,6677397516,1630224,12,Normal,-,1,41,100,100,504990,-,7,513000,513000,30kHz,503172,1099,-,ms20,Connected,SA,-1,7,0,-60,83,-63.9,-10.5,23.3,1,Not Barred,6,6312,-33.3,504990,7,-67;-70.3;-65.7;-77.2,-,21.3;20.5;255;255,19.6;20.3;255;255,-34.8;-33.3,1;0;7;2;0;7;7,7;7;7;7;6;252;254,-63.2;-69.7;-77.7;-78.6;-77.2;-85.3;-87.2,-10.4;-11;-10.9;-10.7;-17.3;-19.2;-21.7,255;255;255;255;255;255;255,1;0;0;0,504990;504990;504990;504990,7;6;252;254,1;0;7;7,-,4;1;1;1,-63.9;-77.2;-85.3;-88.8,-10.5;-17.3;-19.2;-20.5,23.3;255;255;255,0,0,0,QPSK,-,100,0,0,0,0.00,0.00,0.00,0.00,0,2,Rank 1,17,68,4,69,-,69,10,23.8,25,25,256QAM,0,SMDL,0,0,0,0.00,0.00,0.00,0.14,Rank 2,4,80,24,-,2 x 2,HandOver,45314,Free,17,FORMAT_0,718,127,Success,45314,2,-,3,-5,-3,-,24,-,1,3,-,-,-,-,-,-,-,-,-,-,-,-,-,Registered,Normal Service,9,269,18,D4A654C1,743,19,30kHz,848,-,4,1,-,-,New trans.,0,0,256QAM,132,2,45314,738,3,0,0,Pass,1,QPSK,0,16,1,0,15,30kHz,Re trans.,-,167,
20260725 15:40:30.004,24.826075,102.845334,27.65,1935,3,1,0.00,0.00,,,,,,,1,SA,460,00,中国移动,4456484,6677397516,1630224,12,Normal,-,1,41,100,100,504990,-,7,513000,513000,30kHz,503172,1099,-,ms20,Connected,SA,-1,7,0,-60,83,-73.2,-10.5,21.1,1,Not Barred,6,6312,-34.5,504990,7,-68.5;-90.7;-78.5;-84.5,-,11.6;14.8;255;255,14.3;15.6;255;255,-34.5;-36.1,1;2;0;7;0;7;5,7;7;7;7;6;252;254,-72.6;-79.8;-81.2;-86.8;-84.8;-88.7;-89.4,-10.5;-10.6;-12;-12.8;-14.5;-14.2;-14.2,255;255;255;255;255;255;255,1;0;0;0,504990;504990;504990;504990,7;6;252;254,1;0;7;5,-,4;1;1;1,-73.2;-84.8;-88.7;-89.7,-10.5;-14.5;-14.2;-15.5,21.1;255;255;255,0,0,0,QPSK,-,100,0,0,0,0.00,0.00,0.00,0.00,0,1,Rank 1,18,72,1,14,-,14,10,23.8,25,25,256QAM,0,SMDL,0,0,0,0.00,0.00,0.00,0.00,Rank 2,4,0,7,-,2 x 2,HandOver,45314,Free,17,FORMAT_0,718,127,Success,45314,2,-,3,5,-3,-,7,-,1,3,-,-,-,-,-,-,-,-,-,-,-,-,-,Registered,Normal Service,9,269,18,D4A654C1,743,19,30kHz,848,-,4,1,-,-,New trans.,0,0,256QAM,132,2,45314,961,11,0,4,Pass,0,QPSK,0,20,1,0,0,30kHz,Re trans.,-,139,
20260725 15:40:31.017,24.826039,102.845269,28.48,1935,3,1,0.00,0.00,,,,,,,1,SA,460,00,中国移动,4456484,6677397516,1630224,12,Normal,-,1,41,100,100,504990,-,7,513000,513000,30kHz,503172,1099,-,ms20,Connected,SA,-1,6,0,-60,97,-79.7,-11,13.3,1,Not Barred,6,6312,-42.3,504990,7,-74.7;-76.4;-79.6;-82.5,-,10.3;14.4;255;255,10.8;13;255;255,-42.3;-48.8,1;0;2;3;0;7;6;2,7;7;7;7;6;252;254;722,-79;-85.3;-83.6;-86.7;-88.2;-88.8;-91.3;-128.3,-11;-12.6;-10.9;-11.1;-16.2;-14.4;-13.8;-33.5,255;255;255;255;255;255;255;255,1;0;0;0;0,504990;504990;504990;504990;504990,7;6;254;252;722,1;0;6;7;2,-,4;1;1;1;1,-79.7;-88;-89.8;-90;-128.3,-11;-15.8;-14.6;-14.9;-33.5,13.3;255;255;255;255,0,0,0,QPSK,-,100,0,0,0,0.00,0.00,0.00,0.00,0,1,Rank 1,18,72,1,42,-,42,9,23.8,25,25,256QAM,0,SMDL,0,0,0,0.00,0.00,0.00,0.00,Rank 2,4,0,7,-,2 x 2,HandOver,45314,Free,17,FORMAT_0,718,127,Success,45314,2,-,7,7,-3,-,7,-,1,3,-,-,-,-,-,-,-,-,-,-,-,-,-,Registered,Normal Service,9,269,18,D4A654C1,41,8,30kHz,848,-,4,1,-,-,New trans.,0,0,256QAM,99,1,45314,36,4,0,0,Pass,0,QPSK,0,16,2,0,15,30kHz,Re trans.,-,139,
20260725 15:40:32.032,24.826004,102.845202,27.97,1935,3,1,0.00,0.00,,,,,,,1,SA,460,00,中国移动,4456484,6677397516,1630224,12,Normal,-,1,41,100,100,504990,-,7,513000,513000,30kHz,503172,1099,-,ms20,Connected,SA,-1,4,0,-60,98,-82.4,-11.3,12.7,1,Not Barred,6,6312,-41.6,504990,7,-84.2;-78.6;-83.2;-100.4,-,11.8;9.6;255;255,8.7;9.4;255;255,-41.6;-45.1,1;3;2;0;0;7;6;7,7;7;7;7;6;252;254;253,-80.7;-84.5;-86.7;-87.2;-92.5;-83.2;-87.4;-92.4,-11;-10.9;-11.5;-13.5;-16.6;-12.4;-11.8;-15.9,255;255;255;255;255;255;255;255,1;0;0;0;0,504990;504990;504990;504990;504990,7;252;254;253;6,1;7;6;7;0,-,4;1;1;1;1,-82.4;-83.3;-84.9;-92.4;-92.5,-11.3;-12.5;-12.7;-15.9;-16.6,12.7;255;255;255;255,0.8,4,0,QPSK,-,100,0,0,0,0.00,0.00,0.01,0.01,0,1,Rank 1,19,172,8,69,-,69,8,24.8,31,24,256QAM,0,SMDL,0,0,0,0.00,0.00,0.00,0.46,Rank 2,4,252,55,-,2 x 2,HandOver,45314,Free,17,FORMAT_0,718,127,Success,45314,2,-,8,10,-3,-,55,-,1,7,-,-,-,-,-,-,-,-,-,-,-,-,-,Registered,Normal Service,9,269,18,D4A654C1,147,9,30kHz,736,-,4,1,-,-,New trans.,0,0,64QAM,163,1,45314,142,3,0,0,Pass,0,QPSK,0,16,1,0,15,30kHz,Re trans.,-,984,
20260725 15:40:33.044,24.825966,102.845138,27.50,1935,3,1,0.00,0.00,,,,,,,1,SA,460,00,中国移动,4456484,6677397516,1630224,12,Normal,-,1,41,100,100,504990,-,7,513000,513000,30kHz,503172,1099,-,ms20,Connected,SA,-1,4,0,-60,101,-82.6,-11.9,7.2,1,Not Barred,6,6312,-47.9,504990,7,-81.3;-86.6;-82.2;-92,-,-5.8;5.8;255;255,5.7;6.5;255;255,-47.9;-49.6,1;0;7;4;0;7;0;7,7;7;7;7;6;252;254;253,-82.1;-92.3;-90.7;-94.3;-128.1;-81.3;-84.9;-87.6,-11.5;-18.1;-20.6;-15;-31.5;-11.3;-12.1;-17.5,255;255;255;255;255;255;255;255,1;0;0;0;0,504990;504990;504990;504990;504990,7;252;254;253;6,1;7;0;7;0,-,4;1;1;1;1,-82.6;-81.3;-84.4;-87.6;-128.1,-11.9;-11.3;-11.6;-17.5;-31.5,7.2;255;255;255;255,0,0,0,QPSK,-,100,0,0,0,0.00,0.00,0.00,0.00,0,1,Rank 1,16,96,6,69,-,69,8,20,31,19,64QAM,0,SMDL,0,0,51.6,0.03,0.03,0.11,0.37,Rank 2,4,256,63,-,2 x 2,HandOver,45314,Free,17,FORMAT_0,718,127,Success,45314,2,-,11,12,-3,-,63,-,1,6,-,-,-,-,-,-,-,-,-,-,-,-,-,Registered,Normal Service,9,269,18,D4A654C1,249,18,30kHz,688,-,4,1,-,-,New trans.,0,0,64QAM,164,1,45314,245,13,0,0,Pass,0,QPSK,0,16,1,0,15,30kHz,Re trans.,-,486,
20260725 15:40:34.057,24.825928,102.845077,27.14,1935,3,1,0.00,0.00,,,,,,,1,SA,460,00,中国移动,4456484,6677397516,1630224,12,Normal,-,1,41,100,100,504990,-,252,513000,513000,30kHz,503172,1099,-,ms20,Connected,SA,-1,1,2,-60,94,-77.3,-11.7,9.7,7,Not Barred,6,6312,-38.6,504990,252,-71.7;-75;-76.3;-85.9,-,1.7;2.2;-1.4;9.4,15.8;11;14.1;13,-38.6;-47.4;-43.8;-43.6,7;7;7;6;0;3;5,7;253;252;252;252;252;254,-82.6;-134.5;-76.9;-85.6;-87;-91.7;-76.5,-20.4;-36.1;-11.5;-15;-13.8;-18;-10.6,255;255;255;255;255;255;255,1;0;0;0,504990;504990;504990;504990,252;254;7;253,7;5;7;7,-,4;1;1;1,-77.3;-77.5;-83.3;-134.5,-11.7;-11.6;-16.8;-36.1,9.7;255;255;255,1.8,9,0,QPSK,-,88.2,11.8,0,0,0.01,0.01,0.02,0.02,0,1,Rank 3,20,356,8,69,-,69,13,18.9,31,18,64QAM,0,SMDL,0,0,81.7,0.00,0.00,0.02,0.32,Rank 2,4,240,61,-,4 x 4,HandOver,37310,Free,17,FORMAT_0,386,57,Success,37310,1,-,15,-9,-1,-,61,-,1,8,-,-,-,-,-,-,-,-,-,-,-,-,-,Registered,Normal Service,9,269,18,D4A654C1,350,8,30kHz,992,-,4,1,-,-,New trans.,0,0,256QAM,80,1,37310,345,3,0,0,Pass,0,QPSK,0,16,1,0,15,30kHz,Re trans.,-,4091,
20260725 15:40:35.068,24.825889,102.845020,26.39,1935,3,1,0.00,0.00,,,,,,,1,SA,460,00,中国移动,4456484,6677397516,1630224,12,Normal,-,1,41,100,100,504990,-,252,513000,513000,30kHz,503172,1099,-,ms20,Connected,SA,-1,2,2,-60,92,-74.6,-11.3,9.9,7,Not Barred,6,6312,-41.9,504990,252,-80.7;-75.8;-73.7;-90.6,-,6.7;11.8;255;255,18.3;14;255;255,-43.6;-41.9,7;5;7;0;4;3,7;254;252;252;252;252,-91.6;-76.3;-74.3;-84.5;-84.5;-87,-23.5;-10.8;-11.4;-13.6;-13.2;-14,255;255;255;255;255;255,1;0;0,504990;504990;504990,252;254;7,7;5;7,-,4;1;1,-74.6;-77.2;-87.3,-11.3;-12;-15.9,9.9;255;255,0.7,3,0,QPSK,-,100,0,0,0,0.01,0.01,0.02,0.02,0,2,Rank 1,16,192,20,69,-,69,8,23.9,31,25,256QAM,0,SMDL,2.2,0,3.3,0.01,0.01,0.03,0.62,Rank 2,4,364,91,-,2 x 2,HandOver,37310,Free,17,FORMAT_0,386,57,Success,37310,1,-,11,-7,-1,-,91,-,2,18,-,-,-,-,-,-,-,-,-,-,-,-,-,Registered,Normal Service,9,269,18,D4A654C1,453,18,30kHz,992,-,4,1,-,-,New trans.,0,0,256QAM,92,1,37310,454,3,0,0,Pass,1,QPSK,0,16,2,0,15,30kHz,Re trans.,-,1789,
20260725 15:40:36.076,24.825850,102.844965,24.84,1934,3,1,0.00,0.00,,,,,,,1,SA,460,00,中国移动,4456484,6443487243,1573117,11,Normal,-,1,41,100,100,504990,-,252,513000,513000,30kHz,503172,1099,-,ms20,Connected,SA,-1,3,2,-60,95,-75.5,-11.8,9.8,7,Not Barred,6,6312,-34.6,504990,252,-76.2;-76.6;-75.3;-85.6,-,2;9.3;255;255,22.1;22.1;255;255,-34.6;-35.3,7;5;7;0;6;4;1,7;254;252;252;252;252;814,-83.4;-73.6;-74.4;-78.1;-82.1;-89.1;-93.7,-21.5;-10.5;-12;-11.8;-13.9;-15.2;-21,255;255;255;255;255;255;255,1;0;0;0,504990;504990;504990;504990,252;254;7;814,7;5;7;1,-,4;1;1;1,-75.5;-75.5;-85.4;-93.7,-11.8;-12.3;-17.9;-21,9.8;255;255;255,0.7,3,0,QPSK,-,100,0,0,0,0.00,0.01,0.01,0.01,0,2,Rank 1,16,192,6,69,-,69,7,24.7,25,25,256QAM,0,SMDL,0,0,0,0.01,0.01,0.02,0.48,Rank 2,4,260,65,-,2 x 2,HandOver,37310,Free,17,FORMAT_0,386,57,Success,37310,1,-,12,-3,-1,-,65,-,2,6,-,-,-,-,-,-,-,-,-,-,-,-,-,Registered,Normal Service,9,269,18,D4A654C1,518,8,30kHz,992,-,4,1,-,-,New trans.,0,0,256QAM,40,1,37310,513,3,0,0,Pass,0,QPSK,0,16,1,0,15,30kHz,Re trans.,-,1789,
20260725 15:40:37.088,24.825816,102.844910,23.65,1934,3,1,0.00,0.00,,,,,,,1,SA,460,00,中国移动,4456484,6443487245,1573117,13,Normal,-,1,41,100,100,504990,-,254,513000,513000,30kHz,503172,1099,-,ms20,Connected,SA,-1,1,1,-60,90,-71.1,-11,14.3,5,Not Barred,6,6312,-33.3,504990,254,-73.9;-74.6;-74.1;-77.8,-,11;13.6;11.1;16.3,20.3;23.6;23.1;22.2,-33.5;-42.5;-35;-33.3,7;5;6;7;4;7;1;7,7;254;254;254;254;252;814;253,-90.7;-70.1;-77.5;-78;-78.8;-74.7;-110.7;-82.4,-23.1;-10.5;-11.5;-15.4;-11.4;-12.8;-28.4;-17.9,255;255;255;255;255;255;255;255,1;0;0;0;0,504990;504990;504990;504990;504990,254;252;253;7;814,5;7;7;7;1,-,4;1;1;1;1,-71.1;-75.4;-82.4;-86.9;-110.7,-11;-12.2;-17.9;-18.6;-28.4,14.3;255;255;255;255,0.2,1,0,QPSK,-,100,0,0,0,0.00,0.00,0.00,0.00,0,1,Rank 1,16,96,17,26,-,26,10,24.9,25,25,256QAM,0,SMDL,0,0,0,0.00,0.00,0.02,0.48,Rank 2,4,48,61,-,4 x 4,HandOver,38392,Free,17,FORMAT_0,384,127,Success,38392,1,-,3,-8,-11,-,61,-,3,14,-,-,-,-,-,-,-,-,-,-,-,-,-,Registered,Normal Service,9,269,18,D4A654C1,656,18,30kHz,944,-,4,1,-,-,New trans.,0,0,256QAM,251,2,38392,641,15,0,4,Pass,0,QPSK,0,8,1,0,0,30kHz,Re trans.,-,634,
20260725 15:40:38.100,24.825788,102.844860,20.66,1934,3,1,0.00,0.00,,,,,,,1,SA,460,00,中国移动,4456484,6443487243,1573117,11,Normal,-,1,41,100,100,504990,-,254,513000,513000,30kHz,503172,1099,-,ms20,Connected,SA,-1,3,1,-60,92,-73.1,-10.9,15.9,5,Not Barred,6,6312,-41.8,504990,254,-76.5;-75.1;-78.5;-77.6,-,11.1;16.8;14.5;8.4,20.7;23.2;23.1;21.2,-44.1;-42;-43.8;-41.8,2;5;6;1;4;7;7,7;254;254;254;254;252;253,-87;-73.1;-74.9;-82.8;-80.7;-71.8;-74,-15.5;-10.6;-11.6;-12.1;-13.4;-12.4;-13,255;255;255;255;255;255;255,1;0;0;0,504990;504990;504990;504990,254;252;253;7,5;7;7;2,-,4;1;1;1,-73.1;-72.6;-74;-87.2,-10.9;-11.9;-13;-17.8,15.9;255;255;255,1,4,0,QPSK,-,100,0,0,0,0.00,0.00,0.03,0.03,0,1,Rank 3,21,476,6,261,-,261,13,20.3,30,25,256QAM,0,SMDL,1.3,0,46.3,0.00,0.00,0.00,0.08,Rank 2,4,320,31,-,4 x 4,HandOver,38392,Free,17,FORMAT_0,384,127,Success,38392,1,-,3,-4,-11,-,31,-,3,3,-,-,-,-,-,-,-,-,-,-,-,-,-,Registered,Normal Service,9,269,18,D4A654C1,742,8,30kHz,992,-,4,1,-,-,New trans.,0,0,256QAM,251,1,38392,737,4,0,0,Pass,1,QPSK,28,32,4,0,15,30kHz,New trans.,-,5343,
20260725 15:40:39.112,24.825764,102.844815,18.72,1934,3,1,0.00,0.00,,,,,,,1,SA,460,00,中国移动,4456484,6443487243,1573117,11,Normal,-,1,41,100,100,504990,-,254,513000,513000,30kHz,503172,1099,-,ms20,Connected,SA,-1,1,1,-60,88,-67.4,-10.7,24.6,5,Not Barred,6,6312,-30.6,504990,254,-75.2;-69;-73.1;-74.5,-,9.5;21.1;21.6;9.3,16.3;18;24.8;18.4,-36.1;-43.9;-40.6;-30.6,4;5;6;4;7;7;7,7;254;254;254;254;252;253,-84.4;-68.4;-69.7;-74.1;-76.3;-73.5;-76.6,-21.7;-10.5;-11.4;-11.3;-15.1;-13.5;-16.8,255;255;255;255;255;255;255,1;0;0;0,504990;504990;504990;504990,254;252;253;7,5;7;7;4,-,4;1;1;1,-67.4;-74.9;-76.6;-84.6,-10.7;-12.8;-16.8;-18.9,24.6;255;255;255,5.7,28,2,QPSK,-,95,0,5,0,0.00,0.00,0.01,0.01,33.3,1,Rank 3,17,344,12,69,-,69,14,24.8,25,25,256QAM,0,SMDL,0,0,0,0.00,0.00,0.01,0.40,Rank 2,4,196,82,-,4 x 4,HandOver,38392,Free,17,FORMAT_0,384,127,Success,38392,1,-,-3,-7,-11,-,82,-,3,12,-,-,-,-,-,-,-,-,-,-,-,-,-,Registered,Normal Service,9,269,18,D4A654C1,858,8,30kHz,944,-,4,1,-,-,New trans.,0,0,256QAM,227,1,38392,855,3,0,0,Pass,0,QPSK,0,16,1,0,15,30kHz,Re trans.,-,13180,
20260725 15:40:40.124,24.825747,102.844773,16.67,1934,3,1,0.00,0.00,,,,,,,1,SA,460,00,中国移动,4456484,6443487245,1573117,13,Normal,-,1,41,100,100,504990,-,254,513000,513000,30kHz,503172,1099,-,ms20,Connected,SA,-1,3,1,-60,78,-55.8,-10.4,19.1,5,Not Barred,6,6312,-19.8,504990,254,-62.8;-58.2;-63.5;-80.8,-,17.3;19.1;18.9;8.8,26.8;29;29.2;24.4,-24.8;-39.4;-26.3;-19.8,4;5;6;4;7;7;7;4,7;254;254;254;254;252;253;741,-81.1;-58.1;-54.2;-63.4;-65.4;-65.3;-125.6;-73.5,-24.6;-10.4;-10.4;-10.8;-13.2;-12.7;-34.3;-16.3,255;255;255;255;255;255;255;255,1;0;0;0;0,504990;504990;504990;504990;504990,254;252;741;7;253,5;7;4;4;7,-,4;1;1;1;1,-55.8;-66;-73.5;-77.1;-125.6,-10.4;-12.6;-16.3;-21.9;-34.3,19.1;255;255;255;255,5.7,28,2,QPSK,-,95,0,5,0,0.06,0.06,0.01,0.01,0,1,Rank 1,17,344,21,672,-,672,10,24.7,27,25,256QAM,0,SMDL,0,0,0,0.00,0.00,0.03,0.37,Rank 2,4,512,131,-,4 x 4,HandOver,38392,Free,17,FORMAT_0,384,127,Success,38392,1,-,-10,-16,-11,-,131,-,1,20,-,-,-,-,-,-,-,-,-,-,-,-,-,Registered,Normal Service,9,269,18,D4A654C1,923,18,30kHz,992,-,4,1,-,-,New trans.,0,0,256QAM,251,1,38392,918,14,0,0,Pass,0,QPSK,2,16,4,0,15,30kHz,Re trans.,-,13180,
20260725 15:40:41.134,24.825743,102.844729,15.70,1934,3,1,0.00,0.00,,,,,,,1,SA,460,00,中国移动,4456484,6443487245,1573117,13,Normal,-,1,41,100,100,504990,-,254,513000,513000,30kHz,503172,1099,-,ms20,Connected,SA,-1,3,1,-60,81,-61.9,-10.6,24.8,6,Not Barred,6,6312,-28.1,504990,254,-59.4;-69.8;-67.8;-71.8,-,21.9;5.7;12.7;24.8,17.6;13.3;7.4;29.6,-28.1;-39.9;-32.6;-30.6,3;6;5;3;0;7;7;4,7;254;254;254;254;252;253;741,-82.9;-61.3;-69;-70.1;-74.3;-69.6;-81.9;-72.8,-22.3;-10.6;-10.8;-10.7;-18;-12.4;-20.2;-11.2,255;255;255;255;255;255;255;255,1;0;0;0;0,504990;504990;504990;504990;504990,254;252;741;253;7,6;7;4;7;3,-,4;1;1;1;1,-61.9;-68.9;-74.3;-81.9;-83.3,-10.6;-12;-13.1;-20.2;-22.1,24.8;255;255;255;255,6.9,28,0,QPSK,-,100,0,0,0,0.00,0.06,0.10,0.10,30,1,Rank 1,19,256,5,357,-,357,10,24.8,31,25,256QAM,0,SMDL,0,0,0,0.03,0.03,0.02,0.95,Rank 2,4,220,38,-,4 x 4,HandOver,38392,Free,17,FORMAT_0,384,127,Success,38392,1,-,-5,-2,-11,-,38,-,1,5,-,-,-,-,-,-,-,-,-,-,-,-,-,Registered,Normal Service,9,269,18,D4A654C1,36,18,30kHz,944,-,4,1,-,-,New trans.,0,0,256QAM,203,1,38392,36,3,0,0,Pass,1,QPSK,2,16,2,0,15,30kHz,Re trans.,-,3619,
20260725 15:40:42.146,24.825758,102.844682,18.47,1934,3,1,0.00,0.00,,,,,,,1,SA,460,00,中国移动,4456484,6443487245,1573117,13,Normal,-,1,41,100,100,504990,-,254,513000,513000,30kHz,503172,1099,-,ms20,Connected,SA,-1,3,1,-60,87,-68.1,-11.6,3.8,6,Not Barred,6,6312,-33.3,504990,254,-77.3;-71.8;-73.1;-73.7,-,3.8;-0.3;255;255,32.9;31;255;255,-33.3;-37.5;-37.6;-36.4,2;6;3;4;1;0;7;4,7;254;254;254;254;252;253;741,-85.1;-68;-72.6;-74.9;-75.4;-59.1;-73.6;-72.7,-21.4;-11.5;-11.5;-14.6;-13.2;-10.6;-16.2;-12,255;255;255;255;255;255;255;255,1;0;0;0;0,504990;504990;504990;504990;504990,254;252;741;253;7,6;0;4;7;2,-,4;1;1;1;1,-68.1;-59.1;-72.7;-73.6;-85,-11.6;-10.6;-12.1;-16.2;-21.4,3.8;255;255;255;255,5.3,28,0,QPSK,-,100,0,0,0,0.00,0.00,0.02,0.03,25,1,Rank 1,18,216,9,69,-,69,10,24.8,25,25,256QAM,0,SMDL,0,0,0,0.00,0.00,0.00,0.41,Rank 2,4,200,63,-,2 x 2,HandOver,38392,Free,17,FORMAT_0,384,127,Success,38392,1,-,-5,-2,-11,-,63,-,1,8,-,-,-,-,-,-,-,-,-,-,-,-,-,Registered,Normal Service,9,269,18,D4A654C1,133,8,30kHz,992,-,4,1,-,-,New trans.,0,0,256QAM,199,1,38392,129,13,0,0,Pass,1,QPSK,0,16,1,0,15,30kHz,Re trans.,-,1873,
20260725 15:40:43.163,24.825791,102.844641,22.36,1934,3,1,0.00,0.00,,,,,,,1,SA,460,00,中国移动,4456484,6443487245,1573117,13,Normal,-,1,41,100,100,504990,-,252,513000,513000,30kHz,503172,1099,-,ms20,Connected,SA,-1,-1,2,-60,79,-62.2,-11,12.5,0,Not Barred,6,6312,-26.5,504990,252,-61.4;-64.9;-75.3;-72.6,-,9.8;10.3;255;255,24.3;18.6;255;255,-26.5;-28.4,4;6;0;7;6;1;7,741;254;252;252;252;252;253,-72.3;-65.8;-61.4;-63.5;-70.2;-74.3;-69.4,-14.3;-11.9;-10.5;-11.5;-15.4;-13.4;-17.4,255;255;255;255;255;255;255,1;0;0;0,504990;504990;504990;504990,252;254;253;741,0;6;7;4,-,4;1;1;1,-62.2;-66.3;-69.4;-72.3,-11;-11.8;-17.4;-14.3,12.5;255;255;255,0.9,4,0,QPSK,-,100,0,0,0,0.00,0.00,0.01,0.01,5,1,Rank 1,20,324,9,69,-,69,10,24.2,25,25,256QAM,0,SMDL,1.3,0,1.3,0.00,0.00,0.00,0.37,Rank 2,4,308,63,-,4 x 4,HandOver,36852,Free,17,FORMAT_0,386,127,Success,36852,1,-,-5,-21,-24,-,63,-,1,8,-,-,-,-,-,-,-,-,-,-,-,-,-,Registered,Normal Service,9,269,18,D4A654C1,215,18,30kHz,992,-,4,1,-,-,New trans.,0,0,256QAM,29,1,36852,210,13,0,0,Pass,0,QPSK,0,16,1,0,15,30kHz,Re trans.,-,2181,
20260725 15:40:44.177,24.825838,102.844601,24.95,1934,3,1,0.00,0.00,,,,,,,1,SA,460,00,中国移动,4456484,6443487243,1573117,11,Normal,-,1,41,100,100,504990,-,252,513000,513000,30kHz,503172,1099,-,ms20,Connected,SA,-1,0,2,-60,80,-61.2,-10.6,16.7,0,Not Barred,6,6312,-27,504990,252,-68.9;-62.2;-79;-79.4,-,6.4;16.4;255;255,24.9;26.6;255;255,-32.3;-27,4;6;0;7;6;1;7;1,741;254;252;252;252;252;253;38,-72.7;-57.8;-61.9;-58.5;-74.6;-72.8;-125.3;-80,-15.4;-10.7;-10.5;-10.5;-21.9;-11.9;-34.3;-17.1,255;255;255;255;255;255;255;255,1;0;0;0;0,504990;504990;504990;504990;504990,252;254;741;38;253,0;6;4;1;7,-,4;1;1;1;1,-61.2;-57.8;-72.7;-81.1;-125.3,-10.6;-10.7;-15.4;-18;-34.3,16.7;255;255;255;255,0.9,4,0,QPSK,-,100,0,0,0,0.00,0.00,0.02,0.02,0,1,Rank 1,20,324,15,69,-,69,10,24.9,25,25,256QAM,0,SMDL,0,0,0,0.00,0.00,0.00,0.53,Rank 2,4,48,56,-,2 x 2,HandOver,36852,Free,17,FORMAT_0,386,127,Success,36852,1,-,-7,-19,-24,-,56,-,3,12,-,-,-,-,-,-,-,-,-,-,-,-,-,Registered,Normal Service,9,269,18,D4A654C1,340,19,30kHz,992,-,4,1,-,-,New trans.,0,1,256QAM,89,1,36852,339,4,0,0,Pass,1,QPSK,0,16,1,0,15,30kHz,Re trans.,-,2181,
20260725 15:40:45.193,24.825891,102.844561,27.04,1933,3,1,0.00,0.00,,,,,,,1,SA,460,00,中国移动,4456484,6443487243,1573117,11,Normal,-,1,41,100,100,504990,-,252,513000,513000,30kHz,503172,1099,-,ms20,Connected,SA,-1,-1,2,-60,74,-56.9,-10.4,21.1,7,Not Barred,6,6312,-23.6,504990,252,-56.3;-57.2;-64.9;-74.8,-,14;11.8;255;255,23.2;25.6;255;255,-23.6;-24.5,4;6;7;6;0;1;2,741;254;252;252;252;252;38,-76.7;-57.3;-56.6;-65.7;-65.7;-70.1;-148.9,-17.2;-10.9;-10.4;-18.3;-10.7;-11;-40.9,255;255;255;255;255;255;255,1;0;0;0,504990;504990;504990;504990,252;254;741;38,7;6;4;2,-,4;1;1;1,-56.9;-57.3;-78;-148.9,-10.4;-10.9;-17.8;-40.9,21.1;255;255;255,1.2,2,2,QPSK,-,100,0,0,0,0.00,0.00,0.00,0.00,0,2,Rank 1,14,72,5,349,-,349,9,24.8,25,25,256QAM,0,SMDL,0,0,0,0.00,0.00,0.00,0.08,Rank 2,4,108,28,-,2 x 2,HandOver,36852,Free,17,FORMAT_0,386,127,Success,36852,1,-,-5,-20,-24,-,28,-,1,4,-,-,-,-,-,-,-,-,-,-,-,-,-,Registered,Normal Service,9,269,18,D4A654C1,441,9,30kHz,848,-,4,1,-,-,New trans.,0,0,256QAM,91,2,36852,435,10,0,0,Pass,0,QPSK,2,16,2,0,15,30kHz,Re trans.,-,1135,
20260725 15:40:46.209,24.825951,102.844520,28.98,1933,3,1,0.00,0.00,,,,,,,1,SA,460,00,中国移动,4456484,6443487243,1573117,11,Normal,-,1,41,100,100,504990,-,252,513000,513000,30kHz,503172,1099,-,ms20,Connected,SA,-1,-1,2,-60,75,-57,-10.5,14.4,7,Not Barred,6,6312,-22.1,504990,252,-57.4;-62;-67.4;-80.9,-,11.9;9.9;255;255,23.4;23.8;255;255,-22.1;-24.4,4;6;7;6;1;5;1,741;254;252;252;252;252;38,-73.9;-57.4;-57;-65.5;-69.7;-70.8;-78.3,-14.3;-11;-10.5;-18.9;-11.1;-14;-19.9,255;255;255;255;255;255;255,1;0;0;0,504990;504990;504990;504990,252;254;741;38,7;6;4;1,-,4;1;1;1,-57;-57.4;-75.1;-78.3,-10.5;-11;-15.2;-19.9,14.4;255;255;255,1.2,2,2,QPSK,-,100,0,0,0,0.00,0.00,0.01,0.01,0,2,Rank 1,14,72,4,69,-,69,9,24.6,25,25,256QAM,0,SMDL,0,0,0,0.00,0.00,0.00,0.19,Rank 2,4,152,37,-,2 x 2,HandOver,36852,Free,17,FORMAT_0,386,127,Success,36852,1,-,-1,-19,-24,-,37,-,1,3,-,-,-,-,-,-,-,-,-,-,-,-,-,Registered,Normal Service,9,269,18,D4A654C1,497,9,30kHz,992,-,4,1,-,-,New trans.,0,2,256QAM,13,1,36852,452,13,0,0,Pass,1,QPSK,0,16,1,0,15,30kHz,Re trans.,-,1135,
20260725 15:40:47.223,24.826015,102.844478,30.46,1933,3,1,0.00,0.00,,,,,,,1,SA,460,00,中国移动,4456484,6443487243,1573117,11,Normal,-,1,41,100,100,504990,-,252,513000,513000,30kHz,503172,1099,-,ms20,Connected,SA,-1,0,2,-60,74,-56.1,-10.4,22,7,Not Barred,6,6312,-21.6,504990,252,-58.9;-56.7;-67.1;-72.8,-,20.6;20.7;255;255,23.4;28;255;255,-25.9;-21.6,4;6;7;6;0;1;2,741;254;252;252;252;252;38,-77.9;-60.2;-56.1;-65.4;-65.7;-68.3;-83.2,-18.6;-11.4;-10.4;-16.7;-10.6;-10.6;-20.6,255;255;255;255;255;255;255,1;0;0;0,504990;504990;504990;504990,252;254;741;38,7;6;4;2,-,4;1;1;1,-56.1;-61.3;-77.9;-82.9,-10.4;-11.2;-18.6;-21.2,22;255;255;255,0.4,2,0,QPSK,-,100,0,0,0,0.00,0.00,0.01,0.01,0,1,Rank 1,14,72,4,217,-,217,10,24.4,25,24,256QAM,0,SMDL,0,0,0,0.00,0.00,0.00,0.24,Rank 2,4,80,37,-,4 x 4,HandOver,36852,Free,17,FORMAT_0,386,127,Success,36852,1,-,-1,-19,-24,-,37,-,1,3,-,-,-,-,-,-,-,-,-,-,-,-,-,Registered,Normal Service,9,269,18,D4A654C1,643,19,30kHz,896,-,4,1,-,-,New trans.,0,0,256QAM,92,1,36852,638,13,0,0,Pass,1,QPSK,1,16,2,0,15,30kHz,Re trans.,-,522,
20260725 15:40:48.231,24.826078,102.844436,30.06,1933,3,1,0.00,0.00,,,,,,,1,SA,460,00,中国移动,4456484,6443487243,1573117,11,Normal,-,1,41,100,100,504990,-,252,513000,513000,30kHz,503172,1099,-,ms20,Connected,SA,-1,0,2,-60,77,-59.4,-10.5,14.9,7,Not Barred,6,6312,-24.5,504990,252,-61.7;-60.7;-68.8;-78,-,13.8;18.4;255;255,22;24;255;255,-25.6;-37.3;-31.8;-24.5,4;6;7;6;1;2;2;7,741;254;252;252;252;252;38;7,-79.6;-62.1;-59.4;-69;-70.5;-73.7;-85.8;-69.9,-15.9;-11.2;-10.5;-15.6;-10.9;-11.6;-20.1;-19.4,255;255;255;255;255;255;255;255,1;0;0;0;0,504990;504990;504990;504990;504990,252;254;7;741;38,7;6;7;4;2,-,4;1;1;1;1,-59.4;-62.4;-69.9;-81.2;-85.8,-10.5;-11.1;-19.4;-16.8;-20.1,14.9;255;255;255;255,0.6,2,0,QPSK,-,100,0,0,0,0.00,0.00,0.00,0.00,0,1,Rank 1,16,112,7,57,-,57,10,24.2,31,24,256QAM,0,SMDL,0,0,0,0.00,0.00,0.00,0.15,Rank 2,4,84,42,-,2 x 2,HandOver,36852,Free,17,FORMAT_0,386,127,Success,36852,1,-,1,-12,-24,-,42,-,1,6,-,-,-,-,-,-,-,-,-,-,-,-,-,Registered,Normal Service,9,269,18,D4A654C1,743,9,30kHz,992,-,4,1,-,-,New trans.,0,0,256QAM,17,1,36852,743,0,0,0,Pass,0,QPSK,0,16,1,0,15,30kHz,Re trans.,-,941,
20260725 15:40:49.243,24.826140,102.844390,29.77,1932,3,1,0.00,0.00,,,,,,,1,SA,460,00,中国移动,4456484,6443487243,1573117,11,Normal,-,1,41,100,100,504990,-,252,513000,513000,30kHz,503172,1099,-,ms20,Connected,SA,-1,0,2,-60,77,-60.4,-10.4,18.9,7,Not Barred,6,6312,-24.3,504990,252,-64;-60.8;-69.5;-86.3,-,12.2;13.6;255;255,21.5;25;255;255,-26.8;-24.3,4;6;7;6;1;0;1;7,741;254;252;252;252;252;38;7,-77.5;-65.8;-60.4;-69.7;-71.6;-73.4;-82.6;-70.2,-14.5;-11.9;-10.4;-15.1;-10.8;-11.1;-19.3;-19.5,255;255;255;255;255;255;255;255,1;0;0;0;0,504990;504990;504990;504990;504990,252;254;7;741;38,7;6;7;4;1,-,4;1;1;1;1,-60.4;-67.4;-70.5;-79.1;-84.3,-10.4;-11.6;-19.5;-14.5;-19.7,18.9;255;255;255;255,0.6,2,0,QPSK,-,100,0,0,0,0.00,0.00,0.01,0.01,0,1,Rank 1,16,112,7,57,-,57,10,24.9,25,25,256QAM,0,SMDL,0,0,0,0.00,0.00,0.01,0.15,Rank 2,4,52,42,-,2 x 2,HandOver,36852,Free,17,FORMAT_0,386,127,Success,36852,1,-,1,-14,-24,-,42,-,1,6,-,-,-,-,-,-,-,-,-,-,-,-,-,Registered,Normal Service,9,269,18,D4A654C1,747,19,30kHz,992,-,4,1,-,-,New trans.,0,1,256QAM,40,1,36852,743,0,0,0,Pass,0,QPSK,0,16,1,0,15,30kHz,Re trans.,-,941,
20260725 15:40:50.250,24.826202,102.844343,29.52,1932,3,1,0.00,0.00,,,,,,,1,SA,460,00,中国移动,4456484,6443487243,1573117,11,Normal,-,1,41,100,100,504990,-,252,513000,513000,30kHz,503172,1099,-,ms20,Connected,SA,-1,0,2,-60,77,-59,-10.5,14.5,7,Not Barred,6,6312,-21.3,504990,252,-57.6;-59.6;-67.7;-71,-,14.9;17.6;255;255,21.6;21.9;255;255,-21.3;-23.3,4;6;7;6;1;2;1;7,741;254;252;252;252;252;38;7,-94.7;-69.5;-59;-68.8;-69.8;-72.6;-96.3;-68.1,-23;-14.3;-10.5;-13.4;-10.6;-11;-26;-19.9,255;255;255;255;255;255;255;255,1;0;0;0;0,504990;504990;504990;504990;504990,252;7;254;38;741,7;7;6;1;4,-,4;1;1;1;1,-59;-69;-70.2;-84;-84.3,-10.5;-19.6;-12.9;-22.1;-19.4,14.5;255;255;255;255,0.6,2,0,QPSK,-,100,0,0,0,0.00,0.00,0.00,0.00,0,1,Rank 1,16,112,1,26,-,26,9,25,31,25,256QAM,0,SMDL,0,0,0,0.00,0.00,0.01,0.10,Rank 2,4,88,13,-,2 x 2,HandOver,36852,Free,17,FORMAT_0,386,127,Success,36852,1,-,0,-17,-24,-,13,-,1,1,-,-,-,-,-,-,-,-,-,-,-,-,-,Registered,Normal Service,9,269,18,D4A654C1,918,19,30kHz,992,-,4,1,-,-,New trans.,0,0,256QAM,68,1,36852,913,7,0,0,Pass,0,QPSK,0,16,1,0,15,30kHz,Re trans.,-,941,
20260725 15:40:51.264,24.826258,102.844298,26.89,1932,3,1,0.00,0.00,,,,,,,1,SA,460,00,中国移动,4456484,6443487243,1573117,11,Normal,-,1,41,100,100,504990,-,252,513000,513000,30kHz,503172,1099,-,ms20,Connected,SA,-1,0,2,-60,73,-56.3,-10.4,22.6,7,Not Barred,6,6312,-20.9,504990,252,-56.6;-55.5;-65.2;-71,-,19.7;22.8;255;255,23.8;23.8;255;255,-20.9;-21,7;3;7;6;1;5;0,7;254;252;252;252;252;741,-65.7;-71.1;-56.3;-65.4;-66.7;-69.9;-116.2,-20.3;-13.3;-10.4;-11.1;-10.5;-10.9;-29.5,255;255;255;255;255;255;255,1;0;0;0,504990;504990;504990;504990,252;7;254;741,7;7;3;0,-,4;1;1;1,-56.3;-65.7;-72.1;-116.2,-10.4;-20.3;-15.3;-29.5,22.6;255;255;255,0.2,1,0,QPSK,-,100,0,0,0,0.00,0.00,0.00,0.00,0,2,Rank 1,16,80,4,217,-,217,10,24.8,25,25,256QAM,0,SMDL,0,0,0,0.00,0.00,0.00,0.16,Rank 2,4,48,34,-,2 x 2,HandOver,36852,Free,17,FORMAT_0,386,127,Success,36852,1,-,-4,-18,-24,-,34,-,1,4,-,-,-,-,-,-,-,-,-,-,-,-,-,Registered,Normal Service,9,269,18,D4A654C1,1017,19,30kHz,992,-,4,1,-,-,New trans.,0,0,256QAM,36,1,36852,1010,13,0,0,Pass,1,QPSK,1,16,2,0,15,30kHz,Re trans.,-,450,
20260725 15:40:52.270,24.826311,102.844258,24.44,1932,3,1,0.00,0.00,,,,,,,1,SA,460,00,中国移动,4456484,6443487243,1573117,11,Normal,-,1,41,100,100,504990,-,252,513000,513000,30kHz,503172,1099,-,ms20,Connected,SA,-1,0,2,-60,73,-58.1,-10.4,19.3,7,Not Barred,6,6312,-23.4,504990,252,-59.7;-58.6;-69.7;-76.1,-,17.6;19.3;255;255,20.2;21.3;255;255,-24.1;-37.3;-31.8;-23.4,7;6;7;6;1;4,7;254;252;252;252;252,-69.1;-69.6;-58.1;-67.5;-68.5;-72,-21.1;-14.4;-10.4;-12.4;-10.5;-11.2,255;255;255;255;255;255,1;0;0,504990;504990;504990,252;7;254,7;7;6,-,4;1;1,-58.1;-69.5;-71.7,-10.4;-20.8;-14.2,19.3;255;255,0.2,1,0,QPSK,-,100,0,0,0,0.00,0.00,0.00,0.00,0,2,Rank 1,16,80,4,69,-,69,10,24.8,25,25,256QAM,0,SMDL,0,0,0,0.00,0.00,0.01,0.09,Rank 2,4,124,34,-,2 x 2,HandOver,36852,Free,17,FORMAT_0,386,127,Success,36852,1,-,-6,-15,-24,-,34,-,1,4,-,-,-,-,-,-,-,-,-,-,-,-,-,Registered,Normal Service,9,269,18,D4A654C1,72,19,30kHz,992,-,4,1,-,-,New trans.,0,0,256QAM,92,1,36852,62,13,0,0,Pass,1,QPSK,0,16,1,0,15,30kHz,Re trans.,-,450,
20260725 15:40:53.281,24.826358,102.844220,22.50,1932,3,1,0.00,0.00,,,,,,,1,SA,460,00,中国移动,4456484,6443487243,1573117,11,Normal,-,1,41,100,100,504990,-,252,513000,513000,30kHz,503172,1099,-,ms20,Connected,SA,-1,0,2,-60,76,-60.9,-10.5,14.5,7,Not Barred,6,6312,-25,504990,252,-65.2;-59.2;-71.1;-75.9,-,10.3;14.5;5.9;13.6,16.7;18.4;255;255,-27.4;-25,7;6;7;6;1;5;4;3,7;254;252;252;252;252;741;8,-70.6;-75.4;-60.9;-69.7;-70.9;-73.8;-84.2;-88.9,-19.9;-15.9;-10.5;-11.7;-10.6;-10.9;-19.2;-20.9,255;255;255;255;255;255;255;255,1;0;0;0;0,504990;504990;504990;504990;504990,252;7;254;741;8,7;7;6;4;3,-,4;1;1;1;1,-60.9;-71.1;-75.9;-85.4;-86.9,-10.5;-19.6;-16.2;-16.3;-20.1,14.5;255;255;255;255,0.7,2,0,QPSK,-,100,0,0,0,0.00,0.00,0.00,0.00,0,1,Rank 1,16,48,3,69,-,69,9,24.8,25,25,256QAM,0,SMDL,0,0,0,0.00,0.00,0.01,0.23,Rank 2,4,0,31,-,2 x 2,HandOver,36852,Free,17,FORMAT_0,386,127,Success,36852,1,-,-3,-10,-24,-,31,-,1,3,-,-,-,-,-,-,-,-,-,-,-,-,-,Registered,Normal Service,9,269,18,D4A654C1,187,19,30kHz,944,-,4,1,-,-,New trans.,0,0,256QAM,16,1,36852,182,13,0,0,Pass,0,QPSK,0,16,1,0,15,30kHz,Re trans.,-,487,
20260725 15:40:54.296,24.826401,102.844185,20.20,1931,3,1,0.00,0.00,,,,,,,1,SA,460,00,中国移动,4456484,6443487243,1573117,11,Normal,-,1,41,100,100,504990,-,252,513000,513000,30kHz,503172,1099,-,ms20,Connected,SA,-1,0,2,-60,86,-69,-10.7,9.7,7,Not Barred,6,6312,-33,504990,252,-71.1;-72.7;-73.7;-82.8,-,3.7;9;255;255,8.5;4.7;255;255,-33;-36.3,7;6;7;6;1;2;4;3;2;5,7;254;252;252;252;252;741;8;38;180,-74.6;-79.7;-68.9;-78.2;-80;-83.9;-85.7;-102.8;-82;-89.6,-15.7;-16.1;-10.7;-12.5;-11.4;-14.6;-15.3;-23.1;-13.1;-16.2,255;255;255;255;255;255;255;255;255;255,1;0;0;0;0;0;0,504990;504990;504990;504990;504990;504990;504990,252;7;254;38;741;180;8,7;7;6;2;4;5;3,-,4;1;1;1;1;1;1,-69;-74.8;-81.1;-82;-86.6;-89.6;-101.8,-10.7;-14.2;-15.6;-13.1;-14.9;-16.2;-23,9.7;255;255;255;255;255;255,0.7,2,0,QPSK,-,100,0,0,0,0.00,0.00,0.00,0.00,0,1,Rank 1,16,48,2,69,-,69,9,23.9,31,25,256QAM,0,SMDL,0,0,0,0.00,0.00,0.00,0.00,Rank 2,4,96,24,-,2 x 2,HandOver,36852,Free,17,FORMAT_0,386,127,Success,36852,1,-,9,-4,-24,-,24,-,1,2,-,-,-,-,-,-,-,-,-,-,-,-,-,Registered,Normal Service,9,269,18,D4A654C1,325,18,30kHz,944,-,4,1,-,-,New trans.,0,0,256QAM,33,1,36852,324,13,0,0,Pass,0,QPSK,0,16,1,0,15,30kHz,Re trans.,-,487,
20260725 15:40:55.311,24.826435,102.844150,17.53,1931,3,1,0.00,0.00,,,,,,,1,SA,460,00,中国移动,4456484,6443487243,1573117,11,Normal,-,1,41,100,100,504990,-,7,513000,513000,30kHz,503172,1099,-,ms20,Connected,SA,-1,0,0,-60,85,-70,-11.4,-3.4,7,Not Barred,6,6312,-31.8,504990,7,-68.8;-73.5;0;0,-,5.7;-2.4;8.9;0.2,14.9;11.4;12;12,-31.8;-50.5;-38.3;-39.1,7;6;5;4;6;7;4;1;2;5,7;7;7;7;254;252;741;8;38;180,-70;-81.9;-88.5;-88.4;-84.1;-75.4;-91.3;-84.8;-80.9;-89.4,-11.4;-13.6;-15.4;-15.7;-15.6;-14.8;-17.7;-14.2;-12.1;-15.5,255;255;255;255;255;255;255;255;255;255,1;0;0;0;0;0;0,504990;504990;504990;504990;504990;504990;504990,7;252;38;8;254;180;741,7;7;2;1;6;5;4,-,4;1;1;1;1;1;1,-70;-75.6;-81;-84.3;-85.1;-89.4;-91.6,-11.4;-14.5;-12.3;-14.2;-15.2;-15.5;-17.1,-3.4;255;255;255;255;255;255,1.2,2,2,QPSK,-,100,0,0,0,0.00,0.00,0.00,0.00,0,2,Rank 3,16,160,26,217,-,217,11,24.7,31,25,256QAM,0,SMDL,0,0,0,0.00,0.00,0.02,0.16,Rank 2,4,488,140,-,4 x 4,HandOver,45151,Free,17,FORMAT_0,718,127,Success,45151,2,-,6,-9,-13,-,140,-,1,26,-,-,-,-,-,-,-,-,-,-,-,-,-,Registered,Normal Service,9,269,18,D4A654C1,429,8,30kHz,800,-,4,1,-,-,New trans.,0,0,256QAM,140,1,45151,429,1,0,0,Pass,0,QPSK,3,16,1,0,13,30kHz,Re trans.,-,2370,
20260725 15:40:56.322,24.826460,102.844107,18.25,1931,3,1,0.00,0.00,,,,,,,1,SA,460,00,中国移动,4456484,6443487243,1573117,11,Normal,-,1,41,100,100,504990,-,7,513000,513000,30kHz,503172,1099,-,ms20,Connected,SA,-1,0,0,-60,85,-68.2,-11.1,5.5,7,Not Barred,6,6312,-29.3,504990,7,-74.5;-69.9;-74.4;-85.5,-,1.5;5.5;-3;0.4,17.9;19.1;12.5;9.1,-29.3;-45.9;-35.1;-32,7;4;5;3;6;7;4;1;2;5;5,7;7;7;7;254;252;741;8;38;180;742,-68.2;-85.1;-85;-86;-81.3;-74;-90.2;-82.2;-80.1;-92.9;-119.1,-11.1;-13.4;-13.3;-15;-12.7;-16.2;-17;-13.2;-12.3;-20.7;-30.4,255;255;255;255;255;255;255;255;255;255;255,1;0;0;0;0;0;0;0,504990;504990;504990;504990;504990;504990;504990;504990,7;252;38;254;8;741;180;742,7;7;2;6;1;4;5;5,-,4;1;1;1;1;1;1;1,-68.2;-74;-80.1;-83.1;-86.3;-90.2;-93;-119.1,-11.1;-16.2;-12.3;-13.9;-15.8;-16.8;-20.8;-30.4,5.5;255;255;255;255;255;255;255,2,21,0,QPSK,-,94.9,0,2.6,2.6,0.06,0.00,0.02,0.02,0,1,Rank 3,17,696,22,69,-,69,11,24.4,31,25,256QAM,0,SMDL,1.4,0,2.8,0.04,0.00,0.09,0.89,Rank 2,4,569,123,-,4 x 4,HandOver,45151,Free,17,FORMAT_0,718,127,Success,45151,2,-,7,-5,-13,-,123,-,3,19,-,-,-,-,-,-,-,-,-,-,-,-,-,Registered,Normal Service,9,269,18,D4A654C1,513,8,30kHz,992,-,4,1,-,-,New trans.,0,0,256QAM,168,1,45151,508,3,0,0,Pass,0,QPSK,0,16,1,0,15,30kHz,Re trans.,-,15223,
20260725 15:40:57.334,24.826471,102.844058,19.69,1931,3,1,0.00,0.00,,,,,,,1,SA,460,00,中国移动,4456484,6443487243,1573117,11,Normal,-,1,41,100,100,504990,-,7,513000,513000,30kHz,503172,1099,-,ms20,Connected,SA,-1,0,0,-60,94,-76,-12.4,2.6,7,Not Barred,6,6312,-39,504990,7,-80.3;-78.2;-81.2;-83.1,-,-1.2;-2.6;-2.3;0.3,13.9;17.1;255;255,-39;-40.8,7;6;4;5;6;7;0;3;2;5;5,7;7;7;7;254;252;741;8;38;180;742,-75.1;-80;-89.4;-90.4;-81.8;-78.5;-85.3;-87.1;-79.9;-89.4;-93.6,-12.2;-13.4;-16.5;-16.9;-14.7;-13.7;-13;-14.6;-11.5;-16.5;-20.1,255;255;255;255;255;255;255;255;255;255;255,1;0;0;0;0;0;0;0,504990;504990;504990;504990;504990;504990;504990;504990,7;252;38;254;741;8;180;742,7;7;2;6;0;3;5;5,-,4;1;1;1;1;1;1;1,-76;-78.6;-79.9;-82.5;-84.9;-87.1;-89.4;-93.6,-12.4;-13.9;-11.5;-14.2;-13.2;-14.9;-16.5;-20.1,2.6;255;255;255;255;255;255;255,0.4,3,0,QPSK,-,100,0,0,0,0.06,0.00,0.12,0.12,0,1,Rank 1,16,212,12,106,-,106,9,24.6,31,24,256QAM,0,SMDL,0,0,0,0.04,0.00,0.09,0.98,Rank 2,4,384,116,-,4 x 4,HandOver,45151,Free,17,FORMAT_0,718,127,Success,45151,2,-,8,4,-13,-,116,-,1,11,-,-,-,-,-,-,-,-,-,-,-,-,-,Registered,Normal Service,9,269,18,D4A654C1,632,9,30kHz,800,-,4,1,-,-,New trans.,0,0,256QAM,171,1,45151,632,3,0,0,Pass,1,QPSK,2,16,2,0,15,30kHz,Re trans.,-,896,
20260725 15:40:58.347,24.826470,102.844002,21.78,1931,3,1,0.00,0.00,,,,,,,1,SA,460,00,中国移动,4456484,6677397516,1630224,12,Normal,-,1,41,100,100,504990,-,7,513000,513000,30kHz,503172,1099,-,ms20,Connected,SA,-1,0,0,-60,95,-75.3,-12.4,4.1,7,Not Barred,6,6312,-38.1,504990,7,-75.1;-75;-86.4;-85.7,-,-0.9;2;-6.7;-4.8,13;10.4;11.1;8.1,-39.5;-49.1;-39;-38.1,7;6;5;0;6;7;4;1;2;5,7;7;7;7;254;252;741;8;38;180,-75;-83.9;-89.4;-92.2;-86.1;-76.9;-92.8;-85.7;-75.5;-88.5,-12.4;-13.6;-15.9;-17.1;-15.1;-14.5;-18.1;-14.8;-11;-16.1,255;255;255;255;255;255;255;255;255;255,1;0;0;0;0;0;0,504990;504990;504990;504990;504990;504990;504990,7;38;252;8;254;180;741,7;2;7;1;6;5;4,-,4;1;1;1;1;1;1,-75.3;-75.5;-77.4;-84.8;-87;-88.9;-93.6,-12.4;-11;-14.1;-14.7;-15.7;-16.3;-18.6,4.1;255;255;255;255;255;255,0.4,3,0,QPSK,-,100,0,0,0,0.00,0.00,0.00,0.00,0,1,Rank 3,16,212,12,69,-,69,11,22.8,31,23,256QAM,0,SMDL,0,0,2.8,0.00,0.00,0.04,0.69,Rank 2,4,288,116,-,4 x 4,HandOver,45151,Free,17,FORMAT_0,718,127,Success,45151,2,-,5,7,-13,-,116,-,1,11,-,-,-,-,-,-,-,-,-,-,-,-,-,Registered,Normal Service,9,269,18,D4A654C1,708,19,30kHz,768,-,4,1,-,-,New trans.,0,0,256QAM,167,1,45151,703,13,0,0,Pass,0,QPSK,0,16,1,0,15,30kHz,Re trans.,-,896,
20260725 15:40:59.362,24.826458,102.843942,23.29,1931,3,1,0.00,0.00,,,,,,,1,SA,460,00,中国移动,4456484,6677397516,1630224,12,Normal,-,1,41,100,100,504990,-,7,513000,513000,30kHz,503172,1099,-,ms20,Connected,SA,-1,0,0,-60,91,-76.7,-12.3,-1,7,Not Barred,6,6312,-38,504990,7,-74.7;-79.8;-82;-92.8,-,-0.9;-2.8;-7.1;-7,8;11.7;9.1;8,-39.5;-50.1;-40.4;-38,7;6;5;4;6;7;4;3;2;5;6;5,7;7;7;7;254;252;741;8;38;180;253;742,-76.7;-85.3;-87.5;-87.6;-85.8;-78.7;-86.2;-86.3;-77.8;-87.6;-133.4;-91.4,-12.3;-15.3;-16.2;-16.6;-14.4;-13.9;-15.1;-14.9;-11.3;-15.8;-34.6;-19.8,255;255;255;255;255;255;255;255;255;255;255;255,1;0;0;0;0;0;0;0;0,504990;504990;504990;504990;504990;504990;504990;504990;504990,7;38;252;8;254;741;180;742;253,7;2;7;3;6;4;5;5;6,-,4;1;1;1;1;1;1;1;1,-76.7;-77.9;-79.3;-86.7;-87.1;-87.3;-87.6;-91.4;-133.4,-12.3;-11.3;-13.6;-14.1;-15.6;-15.4;-15.8;-19.8;-34.6,-1;255;255;255;255;255;255;255;255,0.4,2,0,QPSK,-,100,0,0,0,0.00,0.00,0.01,0.01,0,1,Rank 3,16,80,5,69,-,69,12,20.1,22,20,256QAM,0,SMDL,0,0,26.3,0.00,0.00,0.04,0.48,Rank 2,4,152,75,-,4 x 4,HandOver,45151,Free,17,FORMAT_0,718,127,Success,45151,2,-,6,11,-13,-,75,-,1,5,-,-,-,-,-,-,-,-,-,-,-,-,-,Registered,Normal Service,9,269,18,D4A654C1,792,18,30kHz,736,-,4,1,-,-,New trans.,0,0,64QAM,167,1,45151,787,13,0,0,Pass,0,QPSK,0,16,1,0,15,30kHz,Re trans.,-,382,
20260725 15:41:00.375,24.826436,102.843881,25.06,1931,3,1,0.00,0.00,,,,,,,1,SA,460,00,中国移动,4456484,6677397516,1630224,12,Normal,-,1,41,100,100,504990,-,7,513000,513000,30kHz,503172,1099,-,ms20,Connected,SA,-1,0,0,-60,95,-77.6,-13.2,-0.4,7,Not Barred,6,6312,-39.4,504990,7,-80;-82.3;-86.9;-84.8,-,-0.4;-2.2;-21.1;-3.4,9.3;8.4;8.2;7,-40.5;-46.8;-40.8;-39.4,7;6;3;5;7;7;0;3;1;5;6;5,7;7;7;7;254;252;741;8;38;180;253;742,-77.1;-84.4;-94.4;-90.4;-83.6;-78.8;-96.1;-106.1;-84.8;-89.9;-105.3;-98.6,-13.2;-13.9;-21.2;-16.8;-17.4;-14;-20;-24.9;-12.7;-16.8;-24;-23,255;255;255;255;255;255;255;255;255;255;255;255,1;0;0;0;0;0;0;0;0,504990;504990;504990;504990;504990;504990;504990;504990;504990,7;252;38;254;180;253;741;742;8,7;7;1;7;5;6;0;5;3,-,4;1;1;1;1;1;1;1;1,-77.6;-79.4;-81.2;-83;-90.3;-90.8;-94.8;-98.6;-106.1,-13.2;-12.6;-11.6;-16.2;-17.1;-18.8;-19.4;-23;-24.9,-0.4;255;255;255;255;255;255;255;255,0,0,0,QPSK,-,100,0,0,0,0.00,0.00,0.00,0.00,0,1,Rank 3,16,80,4,123,-,123,11,22,31,22,256QAM,0,SMDL,0,0,4.9,0.00,0.00,0.01,0.22,Rank 2,4,164,38,-,4 x 4,HandOver,45151,Free,17,FORMAT_0,718,127,Success,45151,2,-,8,8,-13,-,38,-,1,4,-,-,-,-,-,-,-,-,-,-,-,-,-,Registered,Normal Service,9,269,18,D4A654C1,933,18,30kHz,800,-,4,1,-,-,New trans.,0,0,256QAM,123,1,45151,934,12,0,0,Pass,1,QPSK,1,16,4,0,14,30kHz,Re trans.,-,336,
20260725 15:41:01.382,24.826413,102.843818,24.66,1931,3,1,0.00,0.00,,,,,,,1,SA,460,00,中国移动,4456484,6677397516,1630224,12,Normal,-,1,41,100,100,504990,-,7,513000,513000,30kHz,503172,1099,-,ms20,Connected,SA,-1,-1,0,-60,97,-78.8,-12,2,7,Not Barred,6,6312,-44.6,504990,7,-86.7;-80.9;-90;-105.8,-,0.7;1.2;-3.7;-13.2,9.6;11.1;8;2.9,-46.9;-52.6;-47.6;-44.6,7;6;0;4;7;3;7;3;2;5,7;7;7;7;254;252;253;8;38;180,-78.1;-85.8;-91.9;-91.9;-85.9;-84.1;-88.1;-108.8;-79.7;-87.3,-11.8;-14.3;-16.6;-16;-17;-12.7;-16.9;-25.5;-11;-14.3,255;255;255;255;255;255;255;255;255;255,1;0;0;0;0;0;0,504990;504990;504990;504990;504990;504990;504990,7;38;252;254;180;253;8,7;2;3;7;5;7;3,-,4;1;1;1;1;1;1,-78.8;-80.3;-84.4;-87.6;-88.2;-89.5;-108.8,-12;-11.6;-14.1;-16.5;-14.9;-17.9;-25.5,2;255;255;255;255;255;255,4.5,28,0,QPSK,-,100,0,0,0,0.00,0.00,0.00,0.00,14.3,1,Rank 3,21,336,13,60,-,60,10,20.4,31,19,256QAM,0,SMDL,0,0,39.6,0.00,0.00,0.05,0.65,Rank 2,4,444,93,-,4 x 4,HandOver,45151,Free,17,FORMAT_0,718,127,Success,45151,2,-,9,14,-13,-,93,-,1,13,-,-,-,-,-,-,-,-,-,-,-,-,-,Registered,Normal Service,9,269,18,D4A654C1,13,8,30kHz,736,-,4,1,-,-,New trans.,0,0,64QAM,167,2,45151,1022,11,0,0,Pass,0,QPSK,0,16,1,0,15,30kHz,Re trans.,-,3872,
20260725 15:41:02.393,24.826391,102.843757,23.69,1930,3,1,0.00,0.00,,,,,,,1,SA,460,00,中国移动,4456484,6443274252,1573065,12,Normal,-,1,41,100,100,504990,-,38,513000,513000,30kHz,503172,1099,-,ms20,Connected,SA,-1,0,5,-60,95,-77.1,-10.9,14.5,2,Not Barred,6,6312,-40.3,504990,38,-85.8;-76.7;-75;-91.6,-,10.6;2.5;10.2;7.8,-9.2;-14;-30.1;-8.3,-40.3;-53.4;-42.6;-47.8,7;7;3;5;3;2;1;0;4;5;4,7;254;252;253;8;38;38;38;38;180;741,-83.3;-82.4;-83.5;-96;-93.9;-76.5;-81.7;-91.2;-95.2;-88.2;-100.5,-15.2;-14.6;-12.2;-20.6;-20.4;-10.7;-11.7;-16;-19.3;-13.9;-21.6,255;255;255;255;255;255;255;255;255;255;255,1;0;0;0;0;0;0;0,504990;504990;504990;504990;504990;504990;504990;504990,38;254;252;7;180;8;253;741,2;7;3;7;5;3;5;4,-,4;1;1;1;1;1;1;1,-77.1;-83.3;-83.5;-83.7;-89;-93.9;-94;-100.5,-10.9;-14.6;-13.4;-15.1;-15.1;-20.4;-18.4;-21.6,14.5;255;255;255;255;255;255;255,4.5,28,0,QPSK,-,100,0,0,0,0.01,0.01,0.03,0.03,0,1,Rank 3,21,336,5,69,-,69,12,21.8,31,19,256QAM,0,SMDL,0,0,31.9,0.00,0.00,0.05,0.65,Rank 2,4,376,85,-,4 x 4,HandOver,44844,Free,17,FORMAT_0,404,57,Success,44844,4,-,11,-6,-7,-,85,-,1,5,-,-,-,-,-,-,-,-,-,-,-,-,-,Registered,Normal Service,9,269,18,D4A654C1,110,9,30kHz,688,-,4,1,-,-,New trans.,0,0,64QAM,227,2,44844,103,3,0,0,Pass,1,QPSK,0,16,1,0,15,30kHz,Re trans.,-,3872,
20260725 15:41:03.406,24.826368,102.843703,20.92,1930,3,1,0.00,0.00,,,,,,,1,SA,460,00,中国移动,4456484,6677397516,1630224,12,Normal,-,1,41,100,100,504990,-,38,513000,513000,30kHz,503172,1099,-,ms20,Connected,SA,-1,0,5,-60,96,-78.3,-11.3,11.9,2,Not Barred,6,6312,-37.1,504990,38,-74;-79.4;-77.1;-89.5,-,9.8;6.9;255;255,-7.4;-11;255;255,-37.1;-43.8,7;3;7;6;3;2;1;0;6;5;4;7,7;254;252;253;8;38;38;38;38;180;741;742,-85.7;-89.9;-85.8;-87.6;-95.3;-77.6;-80.7;-85.7;-97;-90.9;-89;-86.6,-14.5;-15.1;-14.2;-14.9;-18.9;-10.9;-11.6;-14.2;-21.9;-16;-15.5;-15.8,255;255;255;255;255;255;255;255;255;255;255;255,1;0;0;0;0;0;0;0;0,504990;504990;504990;504990;504990;504990;504990;504990;504990,38;252;742;7;253;741;254;180;8,2;7;7;7;6;4;3;5;3,-,4;1;1;1;1;1;1;1;1,-78.3;-86.2;-86.6;-87.1;-88.6;-89.5;-89.8;-92.3;-95.3,-11.3;-14.1;-15.8;-15.1;-16;-16.4;-16.5;-17.4;-18.9,11.9;255;255;255;255;255;255;255;255,1.9,28,0,QPSK,-,100,0,0,0,0.00,0.00,0.02,0.02,5,1,Rank 1,19,436,21,69,-,69,10,21.6,31,22,256QAM,0,SMDL,1.8,0,27.2,0.00,0.00,0.09,0.67,Rank 2,4,456,116,-,2 x 2,HandOver,44844,Free,17,FORMAT_0,404,57,Success,44844,4,-,5,3,-7,-,116,-,2,19,-,-,-,-,-,-,-,-,-,-,-,-,-,Registered,Normal Service,9,269,18,D4A654C1,211,19,30kHz,736,-,4,1,-,-,New trans.,0,0,64QAM,171,1,44844,203,14,0,0,Pass,0,QPSK,0,16,1,0,15,30kHz,Re trans.,-,2639,
20260725 15:41:04.419,24.826343,102.843654,19.26,1930,3,1,0.00,0.00,,,,,,,1,SA,460,00,中国移动,4456484,6443274252,1573065,12,Normal,-,1,41,100,100,504990,-,38,513000,513000,30kHz,503172,1099,-,ms20,Connected,SA,-1,1,5,-60,92,-74.6,-10.9,12.6,2,Not Barred,6,6312,-32.6,504990,38,-75;-76.4;-83.9;-89.2,-,13.6;7.2;2.4;0.4,-4.9;-10.8;-27.1;-30.1,-32.6;-43.5;-40.3;-34.5,7;7;3;6;3;2;1;0;5;4;0;7,7;254;252;253;8;38;38;38;38;180;741;742,-82.6;-84;-81.4;-82;-93.4;-73.3;-74.3;-84.5;-89.6;-92.4;-91.8;-122.4,-13.9;-15.6;-11.8;-13.8;-21.2;-10.5;-10.6;-13;-15.4;-18.9;-20.1;-30.4,255;255;255;255;255;255;255;255;255;255;255;255,1;0;0;0;0;0;0;0;0,504990;504990;504990;504990;504990;504990;504990;504990;504990,38;252;7;254;180;253;741;742;8,2;7;7;4;4;5;0;5;3,-,4;1;1;1;1;1;1;1;1,-72.9;-78.3;-81.5;-85.2;-88.3;-88.5;-109.4;-118.7;-135.5,-10.7;-12.5;-15.8;-16.7;-16.7;-18.3;-26.2;-29.8;-35.9,13.6;255;255;255;255;255;255;255;255,0.2,2,0,QPSK,-,100,0,0,0,0.00,0.00,0.01,0.01,0,4,Rank 1,16,192,11,177,-,177,10,20.6,31,19,256QAM,0,SMDL,0,0,45.9,0.00,0.00,0.07,0.57,Rank 2,4,392,99,-,4 x 4,HandOver,44844,Free,17,FORMAT_0,404,57,Success,44844,4,-,5,2,-7,-,99,-,1,10,-,-,-,-,-,-,-,-,-,-,-,-,-,Registered,Normal Service,9,269,18,D4A654C1,304,18,30kHz,944,-,4,1,-,-,-,0,0,256QAM,171,1,44844,294,3,0,0,Pass,1,QPSK,2,16,4,0,15,30kHz,Re trans.,-,936,
20260725 15:41:05.427,24.826310,102.843618,17.35,1930,3,1,0.00,0.00,,,,,,,1,SA,460,00,中国移动,4456484,6443274252,1573065,12,Normal,-,1,41,100,100,504990,-,38,513000,513000,30kHz,503172,1099,-,ms20,Connected,SA,-1,2,5,-60,92,-70.8,-10.6,9.3,2,Not Barred,6,6312,-37.4,504990,38,-74.9;-79.2;-82.9;-82.8,-,10.2;1.6;3.9;3.6,-7.3;-24.1;-17.1;-14.8,-38.6;-44.1;-41.4;-37.4,7;3;3;6;7;2;1;0;4;4;4,7;254;252;253;742;38;38;38;38;180;741,-80.5;-84;-76.7;-85.9;-84.9;-70.2;-72.6;-79.5;-84.2;-90.8;-96.4,-14.5;-16.3;-11.7;-16.9;-18.9;-10.5;-10.7;-11.8;-14.2;-17.6;-20.4,255;255;255;255;255;255;255;255;255;255;255,1;0;0;0;0;0;0;0,504990;504990;504990;504990;504990;504990;504990;504990,38;252;7;254;742;180;253;741,2;3;7;3;7;4;6;4,-,4;1;1;1;1;1;1;1,-70.8;-76.6;-80.8;-84.1;-84.8;-87.5;-87.6;-96.5,-10.6;-11.9;-14.7;-16.5;-18.9;-17.5;-18.2;-20.8,9.3;255;255;255;255;255;255;255,13.4,29,28,QPSK,-,77.8,22.2,0,0,0.00,0.00,0.01,0.01,33.3,2,Rank 3,23,208,6,69,-,69,11,22.5,31,21,256QAM,0,SMDL,0,0,20,0.01,0.01,0.03,0.52,Rank 2,4,320,69,-,4 x 4,HandOver,44844,Free,17,FORMAT_0,404,57,Success,44844,4,-,8,3,-7,-,69,-,1,6,-,-,-,-,-,-,-,-,-,-,-,-,-,Registered,Normal Service,9,269,18,D4A654C1,412,9,30kHz,736,-,4,1,-,-,New trans.,0,0,64QAM,202,1,44844,402,14,0,0,Pass,1,QPSK,0,16,1,0,15,30kHz,Re trans.,-,1301,
20260725 15:41:06.436,24.826270,102.843595,17.46,1930,3,1,0.00,0.00,,,,,,,1,SA,460,00,中国移动,4456484,6443274252,1573065,12,Normal,-,1,41,100,100,504990,-,38,513000,513000,30kHz,503172,1099,-,ms20,Connected,SA,-1,5,5,-60,96,-77.8,-10.9,6.9,2,Not Barred,6,6312,-40.3,504990,38,-84.9;-86.5;-87.5;-92.4,-,8.7;3.5;3.4;-2.6,-16;-27.1;-15.8;-14.8,-40.3;-51.8;-48.5;-43.8,7;7;7;6;7;2;1;0;6;0;4;4,7;254;252;253;742;38;38;38;38;180;741;743,-77.4;-81.8;-82.5;-88.5;-104.6;-77.7;-79.2;-87.1;-93.3;-112.3;-108.2;-94.4,-12.4;-14.5;-16.9;-15.4;-25.7;-10.9;-11.2;-14.1;-18.6;-26;-23;-19.7,255;255;255;255;255;255;255;255;255;255;255;255,1;0;0;0;0;0;0;0;0,504990;504990;504990;504990;504990;504990;504990;504990;504990,38;7;254;252;253;742;180;743;741,2;7;7;7;6;7;0;4;4,-,4;1;1;1;1;1;1;1;1,-77.8;-77.4;-82.8;-83.1;-88.6;-90.8;-91;-94.4;-108.2,-10.9;-12.4;-14;-14.3;-15.4;-19.2;-17;-19.7;-23,6.9;255;255;255;255;255;255;255;255,0.4,2,0,QPSK,-,100,0,0,0,0.00,0.00,0.01,0.01,11.8,1,Rank 1,16,228,19,69,-,69,9,20.8,31,16,256QAM,0,SMDL,0,0,44.4,0.00,0.00,0.05,0.31,Rank 2,4,216,90,-,4 x 4,HandOver,44844,Free,17,FORMAT_0,404,57,Success,44844,4,-,6,9,-7,-,90,-,1,18,-,-,-,-,-,-,-,-,-,-,-,-,-,Registered,Normal Service,9,269,18,D4A654C1,485,18,30kHz,608,-,4,1,-,-,New trans.,0,0,64QAM,195,2,44844,461,14,0,0,Pass,1,QPSK,0,16,1,0,15,30kHz,Re trans.,-,957,
20260725 15:41:07.449,24.826229,102.843592,17.14,1929,3,1,0.00,0.00,,,,,,,1,SA,460,00,中国移动,4456484,6443274252,1573065,12,Normal,-,1,41,100,100,504990,-,38,513000,513000,30kHz,503172,1099,-,ms20,Connected,SA,-1,5,5,-60,98,-77.3,-11.2,10.7,2,Not Barred,6,6312,-43.8,504990,38,-75.4;-85.5;-80.6;-93.8,-,2.5;-0.5;4.3;5.3,-23.1;-13.6;-14.7;-19.7,-43.8;-51.9;-45.1;-45,7;7;7;6;5;2;1;0;4;4;4;4;3,7;254;252;253;742;38;38;38;38;180;741;743;8,-73.3;-81.5;-82.9;-87.8;-93.5;-79.8;-76.2;-86.7;-90.6;-91.8;-95.9;-103.2;-107.5,-11.3;-16.5;-18.5;-15;-17.3;-11.6;-11;-15.5;-16.6;-17.1;-20.1;-23;-26.4,255;255;255;255;255;255;255;255;255;255;255;255;255,1;0;0;0;0;0;0;0;0;0,504990;504990;504990;504990;504990;504990;504990;504990;504990;504990,38;7;252;254;253;180;742;741;743;8,2;7;7;7;6;4;5;4;4;3,-,4;1;1;1;1;1;1;1;1;1,-77.3;-73.4;-82.3;-82.4;-89.8;-92.9;-93.4;-95.9;-103.2;-107.5,-11.2;-11.3;-14.8;-14.9;-17.3;-18.4;-17.3;-20.1;-23;-26.4,10.7;255;255;255;255;255;255;255;255;255,4.8,28,0,QPSK,-,100,0,0,0,0.00,0.00,0.01,0.01,16.7,1,Rank 1,18,224,11,84,-,84,11,19.2,31,17,64QAM,0,SMDL,0,0,68,0.00,0.00,0.03,0.41,Rank 2,4,300,79,-,4 x 4,HandOver,44844,Free,17,FORMAT_0,404,57,Success,44844,4,-,10,10,-7,-,79,-,1,11,-,-,-,-,-,-,-,-,-,-,-,-,-,Registered,Normal Service,9,269,18,D4A654C1,606,18,30kHz,656,-,4,1,-,-,New trans.,0,0,64QAM,227,1,44844,596,14,0,0,Pass,0,QPSK,28,32,3,0,15,30kHz,New trans.,-,858,
20260725 15:41:08.463,24.826180,102.843597,19.98,1930,3,1,0.00,0.00,,,,,,,1,SA,460,00,中国移动,4456484,6443274252,1573065,12,Normal,-,1,41,100,100,504990,-,7,513000,513000,30kHz,503172,1099,-,ms20,Connected,SA,-1,-1,0,-60,95,-77.4,-13.8,4.9,7,Not Barred,6,6312,-38,504990,7,-74.2;-78.4;-78.2;-79.4,-,6.9;1.9;8.6;-2,5.8;1.8;4;3.2,-38;-44;-40.8;-38.9,7;0;3;1;7;3;7;5;1;0;4;3,7;7;7;7;254;252;253;742;38;180;741;8,-76.8;-84.7;-88.6;-90.1;-78.3;-80.9;-84;-139;-83;-97.5;-107.9;-142.7,-13.5;-15.8;-19.9;-18.1;-15;-13.3;-18.2;-36.2;-13.9;-23.9;-25;-38.5,255;255;255;255;255;255;255;255;255;255;255;255,1;0;0;0;0;0;0;0;0,504990;504990;504990;504990;504990;504990;504990;504990;504990,7;254;252;253;38;180;741;742;8,7;7;3;7;1;0;4;5;3,-,4;1;1;1;1;1;1;1;1,-77.4;-79.2;-80.2;-81.9;-82.9;-91.7;-107.9;-139;-142.7,-13.8;-12.8;-13.5;-13.7;-13.6;-20.4;-25;-36.2;-38.5,4.9;255;255;255;255;255;255;255;255,8.1,28,0,QPSK,-,100,0,0,0,0.00,0.00,0.01,0.01,33.3,1,Rank 1,22,244,9,69,-,69,11,17.4,30,17,64QAM,0,SMDL,0,0,100,0.00,0.00,0.01,0.48,Rank 2,4,384,104,-,4 x 4,HandOver,45994,Free,17,FORMAT_0,718,127,Success,45994,4,-,7,-1,-11,-,104,-,1,9,-,-,-,-,-,-,-,-,-,-,-,-,-,Registered,Normal Service,9,269,18,D4A654C1,718,9,30kHz,872,-,4,1,-,-,New trans.,0,1,256QAM,115,1,45994,715,13,0,0,Pass,1,QPSK,0,16,1,0,15,30kHz,Re trans.,-,1367,
20260725 15:41:09.470,24.826133,102.843612,20.05,1930,3,1,0.00,0.00,,,,,,,1,SA,460,00,中国移动,4456484,6443274252,1573065,12,Normal,-,1,41,100,100,504990,-,7,513000,513000,30kHz,503172,1099,-,ms20,Connected,SA,-1,0,0,-60,92,-74.5,-12.9,9,7,Not Barred,6,6312,-33.1,504990,7,-76.8;-70.5;-76.1;-90.7,-,0.7;7.8;9.2;2.4,10.3;3.8;7.2;2.1,-33.1;-45.3;-43.6;-41.5,7;0;1;3;7;7;7;3;1;0,7;7;7;7;254;252;253;8;38;180,-74.1;-81;-93.2;-85.8;-76.3;-79.2;-80.1;-85;-82;-93.2,-12.9;-13.7;-17.6;-19.5;-14.5;-19.8;-20.2;-17.3;-14.9;-22.6,255;255;255;255;255;255;255;255;255;255,1;0;0;0;0;0;0,504990;504990;504990;504990;504990;504990;504990,7;254;252;253;38;8;180,7;7;7;7;1;3;0,-,4;1;1;1;1;1;1,-74.5;-77.4;-80;-81;-84.7;-85;-92.4,-12.9;-13;-18.6;-14.8;-14.8;-17.3;-20.9,9;255;255;255;255;255;255,1,9,0,QPSK,-,95.7,4.3,0,0,0.00,0.00,0.02,0.02,0,1,Rank 3,17,412,22,69,-,69,11,23.1,31,24,256QAM,0,SMDL,1.7,0,9.4,0.00,0.00,0.13,0.67,Rank 2,4,468,122,-,4 x 4,HandOver,45994,Free,17,FORMAT_0,718,127,Success,45994,4,-,6,3,-11,-,122,-,2,20,-,-,-,-,-,-,-,-,-,-,-,-,-,Registered,Normal Service,9,269,18,D4A654C1,817,18,30kHz,896,-,4,1,-,-,New trans.,0,0,256QAM,116,1,45994,812,15,0,0,Pass,0,QPSK,0,16,1,0,15,30kHz,Re trans.,-,2488,
20260725 15:41:10.479,24.826086,102.843631,20.77,1930,3,1,0.00,0.00,,,,,,,1,SA,460,00,中国移动,4456484,6677397516,1630224,12,Normal,-,1,41,100,100,504990,-,7,513000,513000,30kHz,503172,1099,-,ms20,Connected,SA,-1,0,0,-60,91,-74.3,-11.5,9,7,Not Barred,6,6312,-31.8,504990,7,-75.2;-80.3;-73.3;-85,-,8.2;4.5;11.5;1.7,12.4;9.9;11.8;1,-31.8;-40.8;-46.1;-41.4,7;1;2;3;3;7;6;3;2;0,7;7;7;7;254;252;253;8;38;180,-72.7;-78.3;-80.4;-81.9;-77.3;-82;-82;-80.3;-90.8;-89.8,-11.1;-11.9;-11.9;-16.2;-13;-20.3;-13.6;-14.6;-18.7;-22.9,255;255;255;255;255;255;255;255;255;255,1;0;0;0;0;0;0,504990;504990;504990;504990;504990;504990;504990,7;254;8;252;253;38;180,7;3;3;7;6;2;0,-,4;1;1;1;1;1;1,-74.3;-78.3;-80.3;-80.6;-83.8;-90.2;-90.9,-11.5;-14.2;-14.6;-19;-15.7;-19.1;-22.4,9;255;255;255;255;255;255,0.5,3,0,QPSK,-,100,0,0,0,0.00,0.00,0.01,0.01,0,1,Rank 3,16,96,8,69,-,69,11,24.5,31,25,256QAM,0,SMDL,0,0,0,0.00,0.00,0.03,0.55,Rank 2,4,344,87,-,4 x 4,HandOver,45994,Free,17,FORMAT_0,718,127,Success,45994,4,-,6,2,-11,-,87,-,1,7,-,-,-,-,-,-,-,-,-,-,-,-,-,Registered,Normal Service,9,269,18,D4A654C1,922,8,30kHz,944,-,4,1,-,-,New trans.,0,0,256QAM,124,1,45994,917,3,0,0,Pass,0,QPSK,0,16,1,0,15,30kHz,Re trans.,-,637,
20260725 15:41:11.486,24.826040,102.843661,21.92,1930,3,1,0.00,0.00,,,,,,,1,SA,460,00,中国移动,4456484,6677397516,1630224,12,Normal,-,1,41,100,100,504990,-,7,513000,513000,30kHz,503172,1099,-,ms20,Connected,SA,-1,-1,0,-60,89,-68.4,-11.5,7.9,7,Not Barred,6,6312,-38.5,504990,7,-66.9;-78.6;-78.5;-83.1,-,7.8;-30.1;-3.8;-1.8,10.4;-6.4;-1.1;3.2,-38.5;-43.9;-40.6;-41,7;0;1;2;7;7;7;3;2;0;2,7;7;7;7;254;252;253;8;38;180;899,-68.4;-76.1;-79.8;-82.3;-74.8;-85;-80.8;-80.7;-91;-89.5;-146.8,-11.5;-12.9;-12.5;-12.5;-12.2;-23.8;-17.7;-17.3;-15.2;-22.8;-39.5,255;255;255;255;255;255;255;255;255;255;255,1;0;0;0;0;0;0;0,504990;504990;504990;504990;504990;504990;504990;504990,7;254;252;8;253;180;38;899,7;7;7;3;7;0;2;2,-,4;1;1;1;1;1;1;1,-68.4;-76;-79.6;-80.7;-81.2;-90.2;-91;-146.8,-11.5;-11.8;-19.2;-17.3;-13.6;-20.6;-15.2;-39.5,7.9;255;255;255;255;255;255;255,0.5,3,0,QPSK,-,100,0,0,0,0.00,0.00,0.00,0.00,0,1,Rank 3,16,96,4,69,-,69,11,24.3,31,25,256QAM,0,SMDL,0,0,3.3,0.00,0.00,0.03,0.43,Rank 2,4,240,61,-,4 x 4,HandOver,45994,Free,17,FORMAT_0,718,127,Success,45994,4,-,7,1,-11,-,61,-,1,3,-,-,-,-,-,-,-,-,-,-,-,-,-,Registered,Normal Service,9,269,18,D4A654C1,1023,18,30kHz,736,-,4,1,-,-,New trans.,0,0,64QAM,123,1,45994,1021,14,0,0,Pass,1,QPSK,0,16,1,0,15,30kHz,Re trans.,-,637,
20260725 15:41:12.492,24.825996,102.843698,22.72,1930,3,1,0.00,0.00,,,,,,,1,SA,460,00,中国移动,4456484,6677397516,1630224,12,Normal,-,1,41,100,100,504990,-,7,513000,513000,30kHz,503172,1099,-,ms20,Connected,SA,-1,-1,0,-60,92,-73.8,-13.1,2,7,Not Barred,6,6312,-33.8,504990,7,-71.1;-75;-80.6;-86.7,-,2;-9.9;-1.6;-6.2,3.2;-2.6;-2.5;-8.1,-38.3;-43.9;-40.8;-33.8,7;0;3;4;7;3;7;0;2;0,7;7;7;7;254;252;253;899;38;180,-73.4;-81.5;-84.9;-88.6;-70.7;-82.1;-77;-86.1;-95.4;-84.3,-12.9;-16.6;-21.9;-16.7;-12.6;-17.3;-18.6;-20.4;-22.2;-22.1,255;255;255;255;255;255;255;255;255;255,1;0;0;0;0;0;0,504990;504990;504990;504990;504990;504990;504990,7;254;253;252;180;899;38,7;7;7;3;0;0;2,-,4;1;1;1;1;1;1,-73.8;-72.1;-78.5;-82.7;-84.3;-86.8;-95.4,-13.1;-11.6;-14.2;-17.6;-22.1;-18.7;-22.3,2;255;255;255;255;255;255,0.3,1,0,QPSK,-,100,0,0,0,0.00,0.00,0.01,0.01,0,4,Rank 3,16,132,9,69,-,69,11,23.4,31,31,256QAM,0,SMDL,0,0,8,0.00,0.00,0.04,0.33,Rank 2,4,200,68,-,4 x 4,HandOver,45994,Free,17,FORMAT_0,718,127,Success,45994,4,-,6,2,-11,-,68,-,1,8,-,-,-,-,-,-,-,-,-,-,-,-,-,Registered,Normal Service,9,269,18,D4A654C1,98,8,30kHz,848,-,4,1,-,-,New trans.,0,0,256QAM,164,1,45994,94,3,0,0,Pass,0,QPSK,0,16,1,0,15,30kHz,Re trans.,-,783,
20260725 15:41:13.499,24.825951,102.843738,23.62,1930,3,1,0.00,0.00,,,,,,,1,SA,460,00,中国移动,4456484,6677397516,1630224,12,Normal,-,1,41,100,100,504990,-,254,513000,513000,30kHz,503172,1099,-,ms20,Connected,SA,-1,1,1,-60,91,-70.4,-11.3,5.9,7,Not Barred,6,6312,-33,504990,254,-66.9;-70.2;-83;-76.8,-,5.9;-5;-3.8;-7.7,24.5;19.7;18.4;15.9,-33;-36.4;-69.6;-35.4,7;7;0;3;4;3;6;1;2;0,7;254;254;254;254;252;253;899;38;180,-70.8;-68.9;-71.1;-72.5;-79.2;-100.3;-78.8;-87.9;-88.7;-81.7,-13.2;-12.2;-10.9;-10.9;-12.1;-23.4;-12.7;-17.6;-19;-21.5,255;255;255;255;255;255;255;255;255;255,1;0;0;0;0;0;0,504990;504990;504990;504990;504990;504990;504990,254;7;253;180;252;899;38,7;7;6;0;3;1;2,-,4;1;1;1;1;1;1,-70.4;-70.8;-80.4;-81.7;-84.2;-87.9;-88.7,-11.3;-13.3;-14.4;-21.5;-16.9;-17.5;-19,5.9;255;255;255;255;255;255,0.8,9,0,QPSK,-,100,0,0,0,0.00,0.00,0.00,0.00,0,1,Rank 2,17,408,9,69,-,69,12,20.9,31,20,256QAM,0,SMDL,2.4,0,35.3,0.00,0.00,0.05,0.46,Rank 2,4,340,68,-,4 x 4,HandOver,36959,Free,17,FORMAT_0,384,57,Success,36959,4,-,5,-6,-9,-,68,-,1,8,-,-,-,-,-,-,-,-,-,-,-,-,-,Registered,Normal Service,9,269,18,D4A654C1,175,8,30kHz,896,-,4,1,-,-,New trans.,0,0,256QAM,36,1,36959,170,3,0,0,Pass,1,QPSK,0,16,1,0,15,30kHz,Re trans.,-,2479,
20260725 15:41:14.504,24.825905,102.843779,24.23,1930,3,1,0.00,0.00,,,,,,,1,SA,460,00,中国移动,4456484,6677397516,1630224,12,Normal,-,1,41,100,100,504990,-,254,513000,513000,30kHz,503172,1099,-,ms20,Connected,SA,-1,1,1,-60,89,-69,-11.3,14.2,3,Not Barred,6,6312,-33.9,504990,254,-66.1;-68.5;-117.8;-73.9,-,14.2;14.2;1.2;11.9,27.8;26.1;12;22.9,-33.9;-38.1;-46.4;-34.6,7;3;7;0;1;4;7;1;2;3,7;254;254;254;254;252;253;899;38;8,-68.8;-69.8;-68.4;-68.7;-75.6;-99.1;-71.8;-132.7;-118.1;-147.9,-14.4;-10.7;-12.6;-10.7;-11.4;-24.1;-17.3;-35.7;-31;-40,255;255;255;255;255;255;255;255;255;255,1;0;0;0;0;0;0,504990;504990;504990;504990;504990;504990;504990,254;7;253;252;38;899;8,3;7;7;4;2;1;3,-,4;1;1;1;1;1;1,-69;-70;-73.5;-84.7;-118.1;-132.7;-147.9,-11.3;-15;-14.3;-20;-31;-35.7;-40,14.2;255;255;255;255;255;255,1,2,2,QPSK,-,100,0,0,0,0.00,0.00,0.02,0.02,0,4,Rank 3,16,80,22,672,-,672,11,21.7,25,22,256QAM,0,SMDL,0,0,20.8,0.00,0.00,0.04,0.31,Rank 2,4,192,105,-,4 x 4,HandOver,36959,Free,17,FORMAT_0,384,57,Success,36959,4,-,6,-9,-9,-,105,-,2,20,-,-,-,-,-,-,-,-,-,-,-,-,-,Registered,Normal Service,9,269,18,D4A654C1,278,18,30kHz,992,-,4,1,-,-,New trans.,0,0,256QAM,71,1,36959,273,14,0,0,Pass,0,QPSK,2,16,4,0,14,30kHz,Re trans.,-,1425,
20260725 15:41:15.519,24.825858,102.843820,24.84,1931,3,1,0.00,0.00,,,,,,,1,SA,460,00,中国移动,4456484,6677397516,1630224,12,Normal,-,1,41,100,100,504990,-,254,513000,513000,30kHz,503172,1099,-,ms20,Connected,SA,-1,1,1,-60,91,-70.9,-11.7,7.4,3,Not Barred,6,6312,-35.1,504990,254,-72;-73.4;-81.7;-78,-,6.9;6.8;6;7.4,14.1;16;-1.2;14.5,-35.1;-41.8;-71.4;-39,7;3;0;7;1;4;7,7;254;254;254;254;252;253,-69.8;-72.2;-69.6;-71.9;-76.2;-83.2;-78.7,-12.3;-11.1;-10.9;-13.9;-11.5;-15.9;-17.4,255;255;255;255;255;255;255,1;0;0;0,504990;504990;504990;504990,254;7;253;252,3;7;7;4,-,4;1;1;1,-70.9;-69.9;-75.2;-82.9,-11.7;-12.5;-13.6;-16.3,7.4;255;255;255,1,2,2,QPSK,-,100,0,0,0,0.00,0.00,0.01,0.01,0,4,Rank 2,16,80,6,69,-,69,13,23.8,25,25,256QAM,0,SMDL,0,0,0,0.00,0.00,0.00,0.39,Rank 2,4,220,39,-,4 x 4,HandOver,36959,Free,17,FORMAT_0,384,57,Success,36959,4,-,4,1,-9,-,39,-,1,5,-,-,-,-,-,-,-,-,-,-,-,-,-,Registered,Normal Service,9,269,18,D4A654C1,404,8,30kHz,992,-,4,1,-,-,New trans.,0,0,256QAM,71,1,36959,401,12,0,0,Pass,0,QPSK,0,16,1,0,15,30kHz,Re trans.,-,1425,
20260725 15:41:16.525,24.825763,102.843898,22.97,1931,3,1,0.00,0.00,,,,,,,1,SA,460,00,中国移动,4456484,6443487245,1573117,13,Normal,-,1,41,100,100,504990,-,7,513000,513000,30kHz,503172,1099,-,ms20,Connected,SA,-1,2,0,-60,90,-71.4,-11.6,4.4,7,Not Barred,6,6312,-36.9,504990,7,-86.3;-73.3;-86;-76.6,-,1.3;3.2;2.4;0.9,-1.5;6.5;-4.4;-1.8,-40.4;-39.6;-37.8;-36.9,7;0;5;4;0;3;6;3;2,7;7;7;7;254;252;253;8;38,-71.4;-84.5;-89.2;-90;-73.3;-88.6;-86.2;-87.1;-97,-11.6;-17.5;-14.8;-15.8;-11.2;-17.3;-12.9;-18.9;-21.1,255;255;255;255;255;255;255;255;255,1;0;0;0;0;0,504990;504990;504990;504990;504990;504990,7;254;253;8;252;38,7;0;6;3;3;2,-,4;1;1;1;1;1,-71.4;-74.9;-86.9;-87.1;-88.5;-97,-11.6;-12.1;-14.9;-18.9;-17.3;-21.1,4.4;255;255;255;255;255,0.4,2,0,QPSK,-,100,0,0,0,0.00,0.00,0.01,0.01,0,1,Rank 2,15,136,5,69,-,69,11,24.6,25,25,256QAM,0,SMDL,0,0,0,0.00,0.00,0.00,0.27,Rank 2,4,156,67,-,4 x 4,HandOver,44101,Free,17,FORMAT_0,718,57,Success,44101,5,-,8,-5,-12,-,67,-,1,5,-,-,-,-,-,-,-,-,-,-,-,-,-,Registered,Normal Service,9,269,18,D4A654C1,497,8,30kHz,736,-,4,1,-,-,-,0,1,64QAM,33,1,44101,491,3,0,0,Pass,1,QPSK,0,16,1,0,15,30kHz,Re trans.,-,1784,
20260725 15:41:17.532,24.825720,102.843927,19.62,1931,3,1,0.00,0.00,,,,,,,1,SA,460,00,中国移动,4456484,6443487245,1573117,13,Normal,-,1,41,100,100,504990,-,7,513000,513000,30kHz,503172,1099,-,ms20,Connected,SA,-1,1,0,-60,93,-73.9,-11.5,7.1,7,Not Barred,6,6312,-37.3,504990,7,-89.1;-74.7;-86.7;-77,-,1.5;8;-5.7;-2.1,-6.4;-2;-5;-6.1,-69.5;-37.3;-41.1;-39.4,7;0;1;4;0;3;6;3;2,7;7;7;7;254;252;253;8;38,-73.8;-82.6;-93.4;-91.1;-75.6;-89.1;-87.7;-143.7;-134.9,-11.4;-17.1;-16.4;-16.3;-11.1;-17.6;-13.2;-36.9;-34.9,255;255;255;255;255;255;255;255;255,1;0;0;0;0;0,504990;504990;504990;504990;504990;504990,7;254;252;253;38;8,7;0;3;6;2;3,-,4;1;1;1;1;1,-73.9;-76.1;-86.4;-89.2;-134.9;-143.7,-11.5;-11.6;-17.8;-15;-34.9;-36.9,7.1;255;255;255;255;255,1.5,9,0,QPSK,-,100,0,0,0,0.00,0.00,0.02,0.02,0,4,Rank 3,20,420,21,123,-,123,10,21.7,31,25,256QAM,0,SMDL,1.8,0,39.1,0.00,0.00,0.00,0.59,Rank 2,4,440,111,-,4 x 4,HandOver,44101,Free,17,FORMAT_0,718,57,Success,44101,5,-,10,2,-12,-,111,-,3,18,-,-,-,-,-,-,-,-,-,-,-,-,-,Registered,Normal Service,9,269,18,D4A654C1,598,18,30kHz,688,-,4,1,-,-,New trans.,0,1,64QAM,147,1,44101,593,10,0,0,Pass,1,QPSK,1,16,4,0,15,30kHz,Re trans.,-,2718,
20260725 15:41:18.545,24.825679,102.843947,16.52,1931,3,1,0.00,0.00,,,,,,,1,SA,460,00,中国移动,4456484,6677397516,1630224,12,Normal,-,1,41,100,100,504990,-,7,513000,513000,30kHz,503172,1099,-,ms20,Connected,SA,-1,1,0,-60,100,-79.4,-13.1,7.2,7,Not Barred,6,6312,-44.5,504990,7,-75.8;-79.4;-87.8;-80.4,-,0.1;-6.3;1.5;-7.7,-0.5;-9.2;-10.4;-3,-44.5;-54.9;-45;-45.1,7;0;5;1;0;3;6;1;2;4,7;7;7;7;254;252;253;90;38;741,-78.9;-85.8;-96;-92.6;-75.3;-88.9;-86;-131.2;-98;-93.7,-12.4;-18;-17.3;-18.7;-10.9;-17.7;-13.4;-33.7;-19.1;-17,255;255;255;255;255;255;255;255;255;255,1;0;0;0;0;0;0,504990;504990;504990;504990;504990;504990;504990,7;254;253;252;38;741;90,7;0;6;3;2;4;1,-,4;1;1;1;1;1;1,-79.4;-76.7;-86.9;-90.2;-92.5;-93.7;-131.2,-13.1;-11.1;-14.4;-17;-18.5;-17;-33.7,7.2;255;255;255;255;255;255,1.5,9,0,QPSK,-,100,0,0,0,0.00,0.00,0.00,0.00,0,4,Rank 3,20,420,21,69,-,69,11,21.3,31,22,256QAM,0,SMDL,0,0,26.1,0.00,0.00,0.09,0.29,Rank 2,4,184,111,-,4 x 4,HandOver,44101,Free,17,FORMAT_0,718,57,Success,44101,5,-,8,7,-12,-,111,-,3,18,-,-,-,-,-,-,-,-,-,-,-,-,-,Registered,Normal Service,9,269,18,D4A654C1,669,9,30kHz,768,-,4,1,-,-,-,0,1,256QAM,159,1,44101,663,13,0,0,Pass,1,QPSK,0,16,1,0,15,30kHz,Re trans.,-,2718,
20260725 15:41:19.559,24.825643,102.843948,13.86,1931,3,1,0.00,0.00,,,,,,,1,SA,460,00,中国移动,4456484,6677397516,1630224,12,Normal,-,1,41,100,100,504990,-,254,513000,513000,30kHz,503172,1099,-,ms20,Connected,SA,-1,3,1,-60,94,-75.4,-11.1,12.6,0,Not Barred,6,6312,-37.9,504990,254,-73.9;-77.6;-82.4;-79.5,-,9.6;7;6.1;8.3,17;24.6;17.9;19.6,-43.1;-56;-44.4;-37.9,7;0;3;7;1;7;6;1;2;4,7;254;254;254;254;252;253;90;38;741,-77;-75;-83;-82.6;-86.2;-82.3;-84;-104.8;-96.3;-93.3,-12.4;-10.7;-12.8;-14.8;-11.8;-17;-11.8;-22.8;-18.7;-17.7,255;255;255;255;255;255;255;255;255;255,1;0;0;0;0;0;0,504990;504990;504990;504990;504990;504990;504990,254;7;252;253;741;38;90,0;7;7;6;4;2;1,-,4;1;1;1;1;1;1,-75.4;-77.1;-83.9;-85.1;-93.3;-96.3;-104.8,-11.1;-12.5;-16.1;-13.6;-17.7;-18.7;-22.8,12.6;255;255;255;255;255;255,0.9,4,0,QPSK,-,100,0,0,0,0.00,0.00,0.02,0.02,0,1,Rank 3,20,392,6,672,-,672,13,19.4,31,21,256QAM,0,SMDL,3.1,1.6,35.9,0.00,0.00,0.02,0.33,Rank 2,4,256,56,-,4 x 4,HandOver,36375,Free,17,FORMAT_0,384,57,Success,36375,2,-,3,0,-6,-,56,-,1,5,-,-,-,-,-,-,-,-,-,-,-,-,-,Registered,Normal Service,9,269,18,D4A654C1,805,8,30kHz,992,-,4,1,-,-,New trans.,0,0,256QAM,199,0,36375,803,1,0,0,Pass,0,QPSK,2,16,4,0,15,30kHz,Re trans.,-,2806,
20260725 15:41:20.571,24.825610,102.843934,15.19,1931,3,1,0.00,0.00,,,,,,,1,SA,460,00,中国移动,4456484,6443487245,1573117,13,Normal,-,1,41,100,100,504990,-,254,513000,513000,30kHz,503172,1099,-,ms20,Connected,SA,-1,5,1,-60,96,-83.3,-11.4,5.5,0,Not Barred,6,6312,-41.4,504990,254,-89.1;-83;-90.8;-87.6,-,0.9;5.5;1;-3,15.3;19.8;19.4;11.9,-41.4;-49.9;-44.9;-43.1,7;0;3;1;7;7;6;1;2;4;1,7;254;254;254;254;252;253;90;38;741;8,-78.3;-82.1;-82.8;-85.1;-83.6;-85.3;-84.8;-97.2;-89.7;-91.6;-94.6,-12.1;-10.9;-11.8;-11.7;-15.2;-17.8;-13;-21.6;-14;-15.4;-18.1,255;255;255;255;255;255;255;255;255;255;255,1;0;0;0;0;0;0;0,504990;504990;504990;504990;504990;504990;504990;504990,254;7;252;253;38;741;8;90,0;7;7;6;2;4;1;1,-,4;1;1;1;1;1;1;1,-83.3;-78.4;-85.4;-85.6;-89.7;-91.6;-94.6;-97.2,-11.4;-12.1;-15.3;-14;-14;-15.4;-18.1;-21.7,5.5;255;255;255;255;255;255;255,0.8,4,0,QPSK,-,100,0,0,0,0.00,0.00,0.02,0.02,0,1,Rank 3,18,184,23,69,-,69,13,24.8,25,25,256QAM,0,SMDL,0,0,0,0.00,0.00,0.01,0.34,Rank 2,4,208,94,-,4 x 4,HandOver,36375,Free,17,FORMAT_0,384,57,Success,36375,2,-,4,0,-6,-,94,-,5,18,-,-,-,-,-,-,-,-,-,-,-,-,-,Registered,Normal Service,9,269,18,D4A654C1,854,8,30kHz,992,-,4,1,-,-,New trans.,0,0,256QAM,199,1,36375,849,3,0,0,Pass,0,QPSK,0,16,1,0,15,30kHz,Re trans.,-,2078,
20260725 15:41:21.585,24.825582,102.843905,16.85,1931,3,1,0.00,0.00,,,,,,,1,SA,460,00,中国移动,4456484,6443487245,1573117,13,Normal,-,1,41,100,100,504990,-,254,513000,513000,30kHz,503172,1099,-,ms20,Connected,SA,-1,1,1,-60,98,-80.2,-11.8,7,0,Not Barred,6,6312,-39.5,504990,254,-79;-80.5;-88.9;-80.9,-,5.6;7.5;-1.8;-3.8,19.5;25.1;16.8;16.8,-39.5;-49.5;-43.9;-45.8,0;0;7;3;2;3;6;0;0;4,7;254;254;254;254;252;253;90;38;741,-88.3;-79;-85.5;-82.2;-89.4;-89.7;-81.3;-93.1;-114.6;-100.2,-19.1;-11.2;-14.2;-11.7;-11.7;-16.3;-11.2;-21.8;-29.7;-18.3,255;255;255;255;255;255;255;255;255;255,1;0;0;0;0;0;0,504990;504990;504990;504990;504990;504990;504990,254;253;7;252;90;741;38,0;6;0;3;0;4;0,-,4;1;1;1;1;1;1,-80.2;-81.7;-84.7;-89.5;-90.4;-100.2;-111,-11.8;-12;-15.6;-17.2;-18;-18.3;-28.3,7;255;255;255;255;255;255,0.8,4,0,QPSK,-,100,0,0,0,0.00,0.00,0.01,0.01,0,1,Rank 3,18,184,2,69,-,69,13,24.9,25,25,256QAM,0,SMDL,0,0,0,0.00,0.00,0.00,0.26,Rank 2,4,144,26,-,4 x 4,HandOver,36375,Free,17,FORMAT_0,384,57,Success,36375,2,-,7,5,-6,-,26,-,5,2,-,-,-,-,-,-,-,-,-,-,-,-,-,Registered,Normal Service,9,269,18,D4A654C1,999,8,30kHz,992,-,4,1,-,-,New trans.,0,0,256QAM,199,1,36375,994,3,0,0,Pass,1,QPSK,0,16,1,0,15,30kHz,Re trans.,-,2078,
20260725 15:41:22.596,24.825554,102.843866,19.26,1931,3,1,0.00,0.00,,,,,,,1,SA,460,00,中国移动,4456484,6443487245,1573117,13,Normal,-,1,41,100,100,504990,-,254,513000,513000,30kHz,503172,1099,-,ms20,Connected,SA,-1,1,1,-60,101,-81.6,-12.1,6.5,0,Not Barred,6,6312,-39,504990,254,-83.4;-89.4;-89.2;-78.8,-,-0.1;5;-4.1;4.3,19;17.3;18.4;14.1,-39;-46.9;-47;-46.8,7;0;1;7;3;3;6;0;4,7;254;254;254;254;252;253;90;741,-85.2;-82.9;-84.8;-84.5;-85.3;-88.2;-85.1;-94.4;-121.9,-14.8;-12.9;-11.7;-14.1;-12.7;-15.6;-11.1;-20.6;-28.4,255;255;255;255;255;255;255;255;255,1;0;0;0;0;0,504990;504990;504990;504990;504990;504990,254;7;253;90;252;741,0;7;6;0;3;4,-,4;1;1;1;1;1,-81.6;-86;-86.7;-87.9;-88.8;-121.9,-12.1;-16.5;-13;-17.1;-16.3;-28.4,6.5;255;255;255;255;255,0.8,2,0,QPSK,-,100,0,0,0,0.06,0.06,0.16,0.16,5.3,4,Rank 3,15,120,20,60,-,60,11,24.8,27,25,256QAM,0,SMDL,0,0,0,0.04,0.04,0.03,1.06,Rank 2,4,596,106,-,4 x 4,HandOver,36375,Free,17,FORMAT_0,384,57,Success,36375,2,-,8,16,-6,-,106,-,2,18,-,-,-,-,-,-,-,-,-,-,-,-,-,Registered,Normal Service,9,269,18,D4A654C1,88,19,30kHz,992,-,4,1,-,-,New trans.,0,0,256QAM,231,1,36375,86,11,0,0,Pass,0,QPSK,0,16,1,0,15,30kHz,Re trans.,-,2311,
20260725 15:41:23.604,24.825526,102.843820,21.28,1931,3,1,0.00,0.00,,,,,,,1,SA,460,00,中国移动,4456484,6443487245,1573117,13,Normal,-,1,41,100,100,504990,-,254,513000,513000,30kHz,503172,1099,-,ms20,Connected,SA,-1,2,1,-60,98,-75.9,-11.1,11.7,0,Not Barred,6,6312,-42.8,504990,254,-69.4;-79.1;-91.3;-87.1,-,-0.4;-2.6;1.2;1.9,18.4;14.5;16.5;11.4,-42.8;-52.4;-50.6;-49,7;0;3;1;7;7;6;2,7;254;254;254;254;252;253;180,-80.8;-75;-81;-83.3;-84.6;-88.6;-78.4;-96.3,-12.7;-10.9;-11.4;-11.2;-16.5;-17.7;-10.8;-17.6,255;255;255;255;255;255;255;255,1;0;0;0;0,504990;504990;504990;504990;504990,254;253;7;252;180,0;6;7;7;2,-,4;1;1;1;1,-75.9;-78.5;-81.3;-87.8;-96.3,-11.1;-11;-13.5;-16.5;-17.6,11.7;255;255;255;255,4,31,2,QPSK,-,86.4,0,4.5,9.1,0.00,0.00,0.02,0.03,0,1,Rank 3,16,360,8,672,-,672,11,24.5,25,25,256QAM,0,SMDL,0,0,0,0.00,0.00,0.01,0.50,Rank 2,4,272,86,-,4 x 4,HandOver,36375,Free,17,FORMAT_0,384,57,Success,36375,2,-,6,7,-6,-,86,-,2,8,-,-,-,-,-,-,-,-,-,-,-,-,-,Registered,Normal Service,9,269,18,D4A654C1,163,18,30kHz,944,-,4,1,-,-,New trans.,0,0,256QAM,191,1,36375,158,11,0,0,Pass,0,QPSK,2,16,4,0,15,30kHz,Re trans.,-,22142,
20260725 15:41:24.615,24.825496,102.843771,22.90,1931,3,1,0.00,0.00,,,,,,,1,SA,460,00,中国移动,4456484,6443487245,1573117,13,Normal,-,1,41,100,100,504990,-,254,513000,513000,30kHz,503172,1099,-,ms20,Connected,SA,-1.1,1,1,-60,99,-81.4,-12,9.2,0,Not Barred,6,6312,-41.9,504990,254,-75.2;-81.1;-91.7;-76.6,-,5.7;3.1;9.5;9.4,12.9;11.3;17.6;9.8,-41.9;-55;-42.4;-42.4,7;0;3;1;7;3;6;2;0;5;3,7;254;254;254;254;252;253;180;38;664;31,-82.8;-80;-83;-86.6;-86;-97.3;-82.1;-97;-89.8;-138.5;-95.4,-12.9;-11.6;-11.2;-12.1;-16.6;-21.7;-11;-16.4;-19.4;-34.6;-17.6,255;255;255;255;255;255;255;255;255;255;255,1;0;0;0;0;0;0;0,504990;504990;504990;504990;504990;504990;504990;504990,254;253;7;38;252;31;180;664,0;6;7;0;3;3;2;5,-,4;1;1;1;1;1;1;1,-81.4;-82.8;-83.6;-90.1;-91.7;-95.4;-97;-138.5,-12;-12.4;-14.2;-19.5;-19.6;-17.6;-16.4;-34.6,9.2;255;255;255;255;255;255;255,1.1,2,2,QPSK,-,100,0,0,0,0.00,0.00,0.02,0.02,0,4,Rank 3,16,112,7,69,-,69,11,22.7,25,22,256QAM,0,SMDL,0,0,0,0.00,0.00,0.00,0.25,Rank 2,4,152,66,-,4 x 4,HandOver,36375,Free,17,FORMAT_0,384,57,Success,36375,2,-,9,11,-6,-,66,-,2,7,-,-,-,-,-,-,-,-,-,-,-,-,-,Registered,Normal Service,9,269,18,D4A654C1,277,8,30kHz,944,-,4,1,-,-,New trans.,0,0,256QAM,199,1,36375,272,3,0,0,Pass,1,QPSK,0,16,1,0,15,30kHz,Re trans.,-,2877,
20260725 15:41:25.629,24.825465,102.843718,23.69,1931,3,1,0.00,0.00,,,,,,,1,SA,460,00,中国移动,4456484,6443487245,1573117,13,Normal,-,1,41,100,100,504990,-,254,513000,513000,30kHz,503172,1099,-,ms20,Connected,SA,-1.1,0,1,-60,101,-82.5,-12.2,6,0,Not Barred,6,6312,-42.8,504990,254,-81.5;-81;-94.6;-85.4,-,3.2;0.5;-0.3;-0.7,17.7;15.7;13.9;11.7,-44.1;-54.5;-48.6;-42.8,7;0;1;3;2;7;7;2;0;3,7;254;254;254;254;252;253;180;38;31,-78.4;-81.5;-87.3;-88.2;-90.8;-88.5;-85.2;-98.5;-89;-96.9,-11.4;-12.2;-12.1;-12.4;-13.3;-21.2;-17.9;-18.2;-15.9;-17.8,255;255;255;255;255;255;255;255;255;255,1;0;0;0;0;0;0,504990;504990;504990;504990;504990;504990;504990,254;7;253;252;38;31;180,0;7;7;7;0;3;2,-,4;1;1;1;1;1;1,-82.5;-78.4;-83.7;-89.3;-89.3;-96.9;-98.5,-12.2;-11.4;-13;-19.5;-16.4;-17.8;-18.2,6;255;255;255;255;255;255,1.1,2,2,QPSK,-,100,0,0,0,0.00,0.00,0.01,0.01,0,1,Rank 3,16,240,10,69,-,69,12,23.2,25,24,256QAM,0,SMDL,0,0,0,0.00,0.00,0.00,0.58,Rank 2,4,336,65,-,4 x 4,HandOver,36375,Free,17,FORMAT_0,384,57,Success,36375,2,-,10,14,-6,-,65,-,2,10,-,-,-,-,-,-,-,-,-,-,-,-,-,Registered,Normal Service,9,269,18,D4A654C1,381,8,30kHz,992,-,4,1,-,-,New trans.,0,0,256QAM,199,1,36375,376,3,0,0,Pass,0,QPSK,0,16,1,0,15,30kHz,Re trans.,-,5823,
20260725 15:41:26.642,24.825433,102.843665,23.51,1930,3,1,0.00,0.00,,,,,,,1,SA,460,00,中国移动,4456484,6677397516,1630224,12,Normal,-,1,41,100,100,504990,-,7,513000,513000,30kHz,503172,1099,-,ms20,Connected,SA,-1.1,1,0,-60,95,-75,-10.9,10.3,7,Not Barred,6,6312,-40.4,504990,7,-74.9;-87.5;-93.8;-76.1,-,0.6;-5.7;3;5,2.2;-7.3;5.3;0.3,-40.4;-56.9;-52.8;-41.9,7;0;1;5;0;7;7;2;0;3;3,7;7;7;7;254;252;253;180;38;31;8,-75;-87.4;-92.3;-93.3;-81.1;-93.8;-95.7;-96.8;-89;-96.6;-129.3,-10.9;-18.2;-15.4;-15.3;-12.2;-23;-19;-13.8;-15.6;-16.7;-32.3,255;255;255;255;255;255;255;255;255;255;255,1;0;0;0;0;0;0;0,504990;504990;504990;504990;504990;504990;504990;504990,7;254;252;38;253;31;180;8,7;0;7;0;7;3;2;3,-,4;1;1;1;1;1;1;1,-75;-81.5;-87.5;-89.1;-90.9;-96.6;-96.8;-129.3,-10.9;-12.1;-20.1;-15.9;-14.6;-16.7;-13.8;-32.3,10.3;255;255;255;255;255;255;255,1.1,2,2,QPSK,-,100,0,0,0,0.02,0.02,0.04,0.04,0,1,Rank 3,16,240,20,69,-,69,8,23.1,25,22,256QAM,0,SMDL,0,0,0,0.01,0.01,0.01,0.34,Rank 2,4,200,82,-,4 x 4,HandOver,44263,Free,17,FORMAT_0,718,127,Success,44263,5,-,15,1,-9,-,82,-,1,19,-,-,-,-,-,-,-,-,-,-,-,-,-,Registered,Normal Service,9,269,18,D4A654C1,491,8,30kHz,560,-,4,1,-,-,New trans.,0,0,64QAM,179,1,44263,490,3,0,0,Pass,1,QPSK,0,16,1,0,14,30kHz,Re trans.,-,5823,
20260725 15:41:27.654,24.825400,102.843615,23.29,1930,3,1,0.00,0.00,,,,,,,1,SA,460,00,中国移动,4456484,6443487245,1573117,13,Normal,-,1,41,100,100,504990,-,7,513000,513000,30kHz,503172,1099,-,ms20,Connected,SA,-1.1,0,0,-60,94,-76.2,-10.9,11.7,7,Not Barred,6,6312,-37,504990,7,-77.3;-74.6;-80.3;-92.3,-,6;11.2;5.6;2.9,4.5;8.2;2.3;4.6,-37.9;-54.6;-42.9;-37,7;0;4;5;0;7;7;2;0;3;3;2,7;7;7;7;254;252;253;180;38;31;8;899,-76.2;-86.7;-95.4;-95.2;-85;-85.1;-123.5;-89;-80.3;-99.4;-95.6;-94,-10.9;-15.9;-14.4;-15;-16.5;-19.6;-33.1;-12.6;-12.5;-21.5;-17.7;-16.3,255;255;255;255;255;255;255;255;255;255;255;255,1;0;0;0;0;0;0;0;0,504990;504990;504990;504990;504990;504990;504990;504990;504990,7;38;252;254;253;180;899;8;31,7;0;7;0;7;2;2;3;3,-,4;1;1;1;1;1;1;1;1,-76.2;-80.8;-84.4;-85.6;-89.1;-89.7;-94;-95.7;-99.4,-10.9;-13.7;-19.3;-15.9;-14.1;-13.4;-16.3;-17.8;-21.5,11.7;255;255;255;255;255;255;255;255,1.9,28,0,QPSK,-,100,0,0,0,0.02,0.02,0.08,0.08,2.8,1,Rank 3,17,700,27,14,-,14,9,18.7,31,17,64QAM,0,SMDL,2.4,0,76.8,0.01,0.01,0.06,0.38,Rank 2,4,328,87,-,4 x 4,HandOver,44263,Free,17,FORMAT_0,718,127,Success,44263,5,-,13,-4,-9,-,87,-,3,24,-,-,-,-,-,-,-,-,-,-,-,-,-,Registered,Normal Service,9,269,18,D4A654C1,579,18,30kHz,768,-,4,1,-,-,New trans.,0,0,256QAM,179,1,44263,577,17,0,4,Pass,0,QPSK,0,20,1,0,0,30kHz,Re trans.,-,10868,
20260725 15:41:28.664,24.825370,102.843564,22.18,1930,3,1,0.00,0.00,,,,,,,1,SA,460,00,中国移动,4456484,6677397516,1630224,12,Normal,-,1,41,100,100,504990,-,7,513000,513000,30kHz,503172,1099,-,ms20,Connected,SA,-1.1,0,0,-60,88,-74,-10.7,8.9,7,Not Barred,6,6312,-39.4,504990,7,-76.2;-75.8;-79.9;-100.1,-,7.7;8.9;8.4;-15.1,4.2;5;0.4;5.5,-39.4;-53;-45.1;-40,7;0;5;4;0;7;6;2;0;3;3;2,7;7;7;7;254;252;253;180;38;31;8;899,-74;-85.4;-92.1;-92.5;-85.9;-84.7;-93.7;-88.7;-84.8;-90.4;-91.5;-95.2,-10.7;-15.4;-12.9;-13;-15.4;-20.6;-14.5;-13.2;-14.6;-14.6;-16.1;-17.8,255;255;255;255;255;255;255;255;255;255;255;255,1;0;0;0;0;0;0;0;0,504990;504990;504990;504990;504990;504990;504990;504990;504990,7;252;38;254;180;31;899;8;253,7;7;0;0;2;3;2;3;6,-,4;1;1;1;1;1;1;1;1,-74;-84.7;-86;-86.6;-88.9;-91;-91.1;-91.5;-93.8,-10.7;-20.6;-15.4;-15.1;-13.4;-14.9;-16;-16.1;-14.6,8.9;255;255;255;255;255;255;255;255,1.5,9,0,QPSK,-,100,0,0,0,0.00,0.00,0.01,0.01,0,1,Rank 2,20,164,27,69,-,69,12,22.1,31,24,256QAM,0,SMDL,0,0,18.5,0.00,0.00,0.06,0.35,Rank 2,4,216,87,-,4 x 4,HandOver,44263,Free,17,FORMAT_0,718,127,Success,44263,5,-,7,-5,-9,-,87,-,3,24,-,-,-,-,-,-,-,-,-,-,-,-,-,Registered,Normal Service,9,269,18,D4A654C1,639,8,30kHz,848,-,4,1,-,-,New trans.,0,0,256QAM,179,1,44263,634,3,0,0,Pass,1,QPSK,0,16,1,0,15,30kHz,Re trans.,-,837,
20260725 15:41:29.676,24.825339,102.843517,21.85,1930,3,1,0.00,0.00,,,,,,,1,SA,460,00,中国移动,4456484,6677397516,1630224,12,Normal,-,1,41,100,100,504990,-,7,513000,513000,30kHz,503172,1099,-,ms20,Connected,SA,-1.1,0,0,-60,101,-84.6,-14.2,-4.3,7,Not Barred,6,6312,-45.5,504990,7,-85.9;-156;-95.1;-105.6,-,-6;-2.4;-8.7;-17.3,-5;-3.6;-5.2;-2.2,-45.5;-56.4;-52.1;-51.1,7;1;5;4;1;7;6;2;0;3;3;1,7;7;7;7;254;252;253;180;38;31;8;899,-84.5;-111;-114.7;-114.1;-92.3;-93;-93.6;-89.6;-79.7;-96.3;-117.4;-93.4,-14.1;-24.8;-25.2;-24.5;-16.3;-20.6;-15.8;-12.5;-11.3;-15.8;-27;-17.1,255;255;255;255;255;255;255;255;255;255;255;255,1;0;0;0;0;0;0;0;0,504990;504990;504990;504990;504990;504990;504990;504990;504990,7;38;180;254;252;899;253;31;8,7;0;2;1;7;1;6;3;3,-,4;1;1;1;1;1;1;1;1,-84.6;-80.1;-90;-90.9;-93.5;-93.6;-94.1;-96.5;-117.4,-14.2;-11.8;-12.9;-18.1;-20;-16.9;-15.9;-17.1;-27,-4.3;255;255;255;255;255;255;255;255,1.5,9,0,QPSK,-,100,0,0,0,0.00,0.00,0.00,0.00,0,1,Rank 3,20,164,7,69,-,69,8,18.2,30,15,64QAM,0,SMDL,0,0,68.4,0.00,0.00,0.01,0.19,Rank 2,4,152,54,-,4 x 4,HandOver,44263,Free,17,FORMAT_0,718,127,Success,44263,5,-,12,9,-9,-,54,-,1,6,-,-,-,-,-,-,-,-,-,-,-,-,-,Registered,Normal Service,9,269,18,D4A654C1,783,9,30kHz,608,-,4,1,-,-,New trans.,0,0,64QAM,176,1,44263,778,3,0,0,Pass,1,QPSK,0,16,1,0,15,30kHz,Re trans.,-,837,
20260725 15:41:30.689,24.825309,102.843469,22.21,1931,3,1,0.00,0.00,,,,,,,1,SA,460,00,中国移动,4456484,6677397516,1630224,12,Normal,-,1,41,100,100,504990,-,38,513000,513000,30kHz,503172,1099,-,ms20,Connected,SA,-1,3,5,-60,94,-74.8,-10.9,12.4,0,Not Barred,6,6312,-37.4,504990,38,-70.9;-78.4;-78.5;-97.8,-,13.8;6.4;6.1;7.5,5.2;2.4;4.9;2.8,-37.4;-54.8;-48.1;-48.6,7;3;4;7;2;0;7;1;6;6;1;3,7;254;252;253;180;38;38;38;38;31;899;8,-86.6;-94.5;-132.7;-103.4;-87.3;-74.3;-80.5;-86;-86.2;-111.3;-97.6;-123.8,-15.4;-15.2;-33;-24.7;-12.3;-10.7;-11.1;-11.8;-11.7;-24.9;-20.9;-30,255;255;255;255;255;255;255;255;255;255;255;255,1;0;0;0;0;0;0;0;0,504990;504990;504990;504990;504990;504990;504990;504990;504990,38;7;180;254;253;899;31;8;252,0;7;2;3;7;1;6;3;4,-,4;1;1;1;1;1;1;1;1,-74.8;-86.6;-87.4;-93;-93;-97.4;-97.9;-123.8;-132.1,-10.9;-15.4;-12.5;-17;-18.4;-20.8;-18.7;-30;-32.8,12.4;255;255;255;255;255;255;255;255,0,0,0,QPSK,-,100,0,0,0,0.00,0.00,0.00,0.00,0,1,Rank 2,16,148,8,69,-,69,12,20.2,31,19,64QAM,0,SMDL,1.6,0,57.3,0.00,0.00,0.04,0.66,Rank 2,4,496,65,-,4 x 4,HandOver,45141,Free,17,FORMAT_0,404,127,Success,45141,5,-,5,-5,-1,-,65,-,1,7,-,-,-,-,-,-,-,-,-,-,-,-,-,Registered,Normal Service,9,269,18,D4A654C1,893,18,30kHz,688,-,4,1,-,-,New trans.,0,0,64QAM,33,1,45141,884,3,0,0,Pass,1,QPSK,0,16,1,0,15,30kHz,Re trans.,-,557,
20260725 15:41:31.698,24.825280,102.843422,20.56,1931,3,1,0.00,0.00,,,,,,,1,SA,460,00,中国移动,4456484,6677397516,1630224,12,Normal,-,1,41,100,100,504990,-,38,513000,513000,30kHz,503172,1099,-,ms20,Connected,SA,-1,2,5,-60,94,-75.6,-10.8,11.6,0,Not Barred,6,6312,-36.9,504990,38,-78.3;-84.1;-82.1;-95.1,-,12.3;3;7.6;14.1,3.4;-2.9;2.4;3.6,-36.9;-50.1;-42.3;-41.6,7;0;3;6;2;0;7;1;6,7;254;31;253;180;38;38;38;38,-89.4;-128.9;-88.6;-118.9;-84.1;-74.5;-79.7;-86.3;-86.9,-17.4;-33.3;-12;-29.7;-11.6;-10.6;-11.4;-11.7;-11.5,255;255;255;255;255;255;255;255;255,1;0;0;0;0;0,504990;504990;504990;504990;504990;504990,38;180;7;31;254;253,0;2;7;3;0;6,-,4;1;1;1;1;1,-75.6;-85.3;-89.4;-89.9;-96;-97.5,-10.8;-12.6;-17.4;-13.5;-19.7;-21.5,11.6;255;255;255;255;255,0.9,4,0,QPSK,-,100,0,0,0,0.00,0.00,0.03,0.03,0,1,Rank 3,19,469,24,177,-,177,10,22,31,20,256QAM,0,SMDL,0,0,36.4,0.00,0.00,0.17,0.64,Rank 2,4,440,157,-,4 x 4,HandOver,45141,Free,17,FORMAT_0,404,127,Success,45141,5,-,7,2,-1,-,157,-,3,21,-,-,-,-,-,-,-,-,-,-,-,-,-,Registered,Normal Service,9,269,18,D4A654C1,997,9,30kHz,736,-,4,1,-,-,New trans.,0,0,64QAM,55,1,45141,994,13,0,0,Pass,0,QPSK,2,16,4,0,15,30kHz,Re trans.,-,3388,
20260725 15:41:32.704,24.825254,102.843374,19.51,1931,3,1,0.00,0.00,,,,,,,1,SA,460,00,中国移动,4456484,6443274252,1573065,12,Normal,-,1,41,100,100,504990,-,38,513000,513000,30kHz,503172,1099,-,ms20,Connected,SA,-1,4,5,-60,93,-72.9,-10.6,18.2,0,Not Barred,6,6312,-40.4,504990,38,-72.2;-85.4;-79;-82,-,20.9;2.6;10;4,4.8;1.3;4.5;1.8,-40.4;-52;-49.3;-49.1,7;2;3;6;2;0;7;1;6;3,7;254;31;253;180;38;38;38;38;252,-106.3;-92.3;-90.6;-112.6;-81.5;-72.3;-76.1;-84.8;-84.7;-106.4,-25;-21.3;-13.7;-25.9;-11.3;-10.6;-10.8;-12;-11.4;-24.1,255;255;255;255;255;255;255;255;255;255,1;0;0;0;0;0;0,504990;504990;504990;504990;504990;504990;504990,38;180;31;254;253;7;252,0;2;3;2;6;7;3,-,4;1;1;1;1;1;1,-72.9;-81.5;-91.9;-92.3;-101.1;-106.3;-106.4,-10.6;-11.3;-15.3;-19.4;-20.2;-25;-24.1,18.2;255;255;255;255;255;255,1.5,12,2,QPSK,-,96.2,0,3.8,0,0.01,0.01,0.03,0.03,0,4,Rank 3,16,417,24,177,-,177,9,18.9,31,20,256QAM,0,SMDL,0,9.4,41,0.01,0.01,0.17,0.65,Rank 2,4,508,150,-,4 x 4,HandOver,45141,Free,17,FORMAT_0,404,127,Success,45141,5,-,13,5,-1,-,150,-,3,24,-,-,-,-,-,-,-,-,-,-,-,-,-,Registered,Normal Service,9,269,18,D4A654C1,77,8,30kHz,656,-,4,1,-,-,New trans.,0,0,64QAM,51,1,45141,72,14,0,0,Pass,1,QPSK,2,16,4,0,15,30kHz,Re trans.,-,4197,
20260725 15:41:33.711,24.825231,102.843330,18.11,1931,3,1,0.00,0.00,,,,,,,1,SA,460,00,中国移动,4456484,6443274252,1573065,12,Normal,-,1,41,100,100,504990,-,38,513000,513000,30kHz,503172,1099,-,ms20,Connected,SA,-1,4,3,-60,95,-75.8,-10.7,14.7,0,Not Barred,6,6312,-32.6,504990,38,-74.2;-84.3;-93.7;-94.1,-,24.8;12.5;22.3;11.6,13.9;2.2;8.7;5.6,-32.6;-55.5;-39.5;-48.8,7;0;3;0;7;2;1;2;6,7;254;31;38;38;38;38;180;253,-89.3;-100.6;-91.2;-75.2;-81.5;-92.4;-88.5;-84.3;-97.9,-16.7;-23.8;-13.6;-10.6;-11.4;-15.8;-12.6;-11.1;-16.3,255;255;255;255;255;255;255;255;255,1;0;0;0;0;0,504990;504990;504990;504990;504990;504990,38;180;7;31;254;253,0;2;7;3;0;6,-,4;1;1;1;1;1,-75.8;-85;-89.3;-92.6;-97;-97.9,-10.7;-11.6;-16.7;-14.8;-20.6;-16.3,14.7;255;255;255;255;255,1.5,12,2,QPSK,-,96.2,0,3.8,0,0.00,0.00,0.01,0.01,0,4,Rank 3,16,417,6,69,-,69,9,15.7,19,19,64QAM,0,SMDL,0,0,100,0.03,0.03,0.07,0.19,Rank 2,4,192,51,-,4 x 4,HandOver,45141,Free,17,FORMAT_0,404,127,Success,45141,5,-,10,6,-1,-,51,-,3,6,-,-,-,-,-,-,-,-,-,-,-,-,-,Registered,Normal Service,9,269,18,D4A654C1,166,19,30kHz,896,-,4,1,-,-,New trans.,0,0,256QAM,191,0,45141,157,3,0,0,Pass,0,QPSK,0,16,1,0,15,30kHz,Re trans.,-,4197,
20260725 15:41:34.723,24.825207,102.843288,16.31,1931,3,1,0.00,0.00,,,,,,,1,SA,460,00,中国移动,4456484,6443274252,1573065,12,Normal,-,1,41,100,100,504990,-,38,513000,513000,30kHz,503172,1099,-,ms20,Connected,SA,-1,4,3,-60,95,-78.3,-10.8,12.3,0,Not Barred,6,6312,-40,504990,38,-83;-89.3;-82.1;-87,-,10.7;5.9;10.2;12.3,6.7;0.3;4.5;5,-40;-59.3;-49.4;-43.3,7;0;3;0;7;6;1;2,7;254;31;38;38;38;38;180,-89.5;-107.2;-91.8;-77.8;-82.5;-91.5;-90.8;-87.9,-19;-25.9;-14.2;-10.7;-11.6;-12.9;-13.1;-11.8,255;255;255;255;255;255;255;255,1;0;0;0;0,504990;504990;504990;504990;504990,38;180;7;31;254,0;2;7;3;0,-,4;1;1;1;1,-78.3;-88.9;-89.5;-93.2;-96.4,-10.8;-12.4;-19;-15.3;-20.3,12.3;255;255;255;255,2.6,8,2,QPSK,-,80,20,0,0,0.00,0.00,0.00,0.00,0,4,Rank 2,16,80,6,111,-,111,11,19.7,31,16,64QAM,0,SMDL,0,0,70.8,0.00,0.00,0.02,0.26,Rank 2,4,192,51,-,4 x 4,HandOver,45141,Free,17,FORMAT_0,404,127,Success,45141,5,-,10,9,-1,-,51,-,3,6,-,-,-,-,-,-,-,-,-,-,-,-,-,Registered,Normal Service,9,269,18,D4A654C1,254,18,30kHz,768,-,4,1,-,-,New trans.,0,0,256QAM,191,0,45141,238,0,0,0,Pass,1,QPSK,1,16,4,0,15,30kHz,Re trans.,-,1621,
20260725 15:41:35.735,24.825187,102.843250,14.58,1930,3,1,0.00,0.00,,,,,,,1,SA,460,00,中国移动,4456484,6443274252,1573065,12,Normal,-,1,41,100,100,504990,-,38,513000,513000,30kHz,503172,1099,-,ms20,Connected,SA,-1,3,3,-60,100,-80.6,-11,11.7,0,Not Barred,6,6312,-41.8,504990,38,-79;-88.6;-92.6;-95.9,-,9.5;5.4;-1.4;9.9,4.3;3.4;7;6.1,-41.8;-51.1;-48.8;-53,7;3;3;0;7;6;2;2;7;5,7;254;31;38;38;38;38;180;253;814,-102.3;-96.5;-92;-79.7;-83.1;-91.7;-94.8;-88.5;-102.3;-101.5,-21.9;-18.4;-13.8;-10.9;-11.6;-12.7;-16.3;-11.8;-23;-17.2,255;255;255;255;255;255;255;255;255;255,1;0;0;0;0;0;0,504990;504990;504990;504990;504990;504990;504990,38;180;31;254;253;814;7,0;2;3;3;7;5;7,-,4;1;1;1;1;1;1,-80.6;-89.1;-93.5;-97.3;-98.8;-101.5;-102.3,-11;-12.6;-15.9;-17.5;-21.4;-17.2;-21.9,11.7;255;255;255;255;255;255,0.8,2,1,QPSK,-,100,0,0,0,0.00,0.00,0.00,0.00,0,4,Rank 2,16,80,4,69,-,69,13,18.4,21,17,64QAM,0,SMDL,0,0,71,0.00,0.00,0.01,0.33,Rank 2,4,248,54,-,4 x 4,HandOver,45141,Free,17,FORMAT_0,404,127,Success,45141,5,-,6,13,-1,-,54,-,3,4,-,-,-,-,-,-,-,-,-,-,-,-,-,Registered,Normal Service,9,269,18,D4A654C1,360,19,30kHz,608,-,4,1,-,-,New trans.,0,0,64QAM,191,1,45141,351,3,0,0,Pass,0,QPSK,0,16,1,0,15,30kHz,Re trans.,-,537,
20260725 15:41:36.744,24.825173,102.843217,12.49,1930,3,1,0.00,0.00,,,,,,,1,SA,460,00,中国移动,4456484,6443274252,1573065,12,Normal,-,1,41,100,100,504990,-,38,513000,513000,30kHz,503172,1099,-,ms20,Connected,SA,-1,3,3,-60,104,-85.9,-11.4,10,0,Not Barred,6,6312,-50.6,504990,38,-91.1;-91.1;-91.3;-92.9,-,0.6;2;7.1;10.5,6.6;10.4;3.5;6.2,-50.6;-60.8;-61.9;-54.8,7;2;3;0;7;1;3;3;0;5,7;254;31;38;38;38;38;180;253;814,-93.3;-97.4;-98.1;-86.2;-86.5;-91.8;-99.5;-97.1;-98.6;-106.4,-16.9;-14.8;-15.6;-11.4;-11.5;-11.7;-17.5;-15;-19.2;-18.8,255;255;255;255;255;255;255;255;255;255,1;0;0;0;0;0;0,504990;504990;504990;504990;504990;504990;504990,38;7;254;253;180;31;814,0;7;2;0;3;3;5,-,4;1;1;1;1;1;1,-85.9;-93.8;-97.6;-97.7;-97.8;-99.7;-106.9,-11.4;-17.5;-16.8;-17.7;-15.7;-16.9;-18.8,10;255;255;255;255;255;255,0,0,0,QPSK,-,100,0,0,0,0.00,0.00,0.00,0.00,0,1,Rank 2,16,64,5,69,-,69,13,18.3,31,16,64QAM,0,SMDL,0,0,76,0.00,0.00,0.01,0.26,Rank 2,4,200,84,-,4 x 4,HandOver,45141,Free,17,FORMAT_0,404,127,Success,45141,5,-,10,20,-1,-,84,-,3,5,-,-,-,-,-,-,-,-,-,-,-,-,-,Registered,Normal Service,9,269,18,D4A654C1,472,18,30kHz,560,-,4,1,-,-,New trans.,0,0,64QAM,191,0,45141,461,13,0,0,Pass,1,QPSK,0,16,1,0,14,30kHz,Re trans.,-,276,
20260725 15:41:37.750,24.825154,102.843198,8.68,1930,3,1,0.00,0.00,,,,,,,1,SA,460,00,中国移动,4456484,6443274252,1573065,12,Normal,-,1,41,100,100,504990,-,38,513000,513000,30kHz,503172,1099,-,ms20,Connected,SA,-1,2,3,-60,112,-92.5,-11.1,8,0,Not Barred,6,6312,-56.1,504990,38,-94.4;-92.3;-103.1;-92.8,-,5.6;2.8;4.5;8.1,6.6;8.8;2.3;4.8,-56.1;-60;-61.3;-57.4,7;2;3;0;7;1;6;2;7;4;3,7;254;31;38;38;38;38;180;253;814;741,-115.7;-103.6;-103.3;-92.9;-92.9;-103.6;-104.4;-99.2;-106.2;-111.5;-104.8,-25.9;-16.7;-15.7;-11.1;-11.3;-13.6;-13.4;-12.4;-21.2;-17.9;-14.7,255;255;255;255;255;255;255;255;255;255;255,1;0;0;0;0;0;0;0,504990;504990;504990;504990;504990;504990;504990;504990,38;180;254;31;741;253;814;7,0;2;2;3;3;7;4;7,-,4;1;1;1;1;1;1;1,-92.5;-100.1;-103.8;-104;-104.8;-106.1;-111.4;-115.7,-11.1;-13.1;-16.8;-15.4;-14.7;-21.2;-17.6;-25.9,8;255;255;255;255;255;255;255,1.1,2,2,QPSK,-,100,0,0,0,0.00,0.00,0.00,0.00,0,1,Rank 2,16,112,7,69,-,69,10,15.4,30,16,64QAM,0,SMDL,0,0,100,0.00,0.00,0.01,0.37,Rank 2,4,340,99,-,4 x 4,HandOver,45141,Free,17,FORMAT_0,404,127,Success,45141,5,-,12,26,-1,-,99,-,3,7,-,-,-,-,-,-,-,-,-,-,-,-,-,Registered,Normal Service,9,269,18,D4A654C1,578,18,30kHz,512,-,4,1,-,-,New trans.,0,0,64QAM,227,1,45141,571,13,0,0,Pass,1,QPSK,0,16,1,0,15,30kHz,Re trans.,-,915,
20260725 15:41:38.758,24.825141,102.843177,8.53,1930,3,1,0.00,0.00,,,,,,,1,SA,460,00,中国移动,4456484,6443274252,1573065,12,Normal,-,1,41,100,100,504990,-,38,513000,513000,30kHz,503172,1099,-,ms20,Connected,SA,-1,3,3,-60,112,-94.1,-11.6,9.2,0,Not Barred,6,6312,-59.3,504990,38,-96.1;-96.8;-93.7;-93.3,-,10.9;4.4;-3.8;9.7,9.5;8.5;11.7;10.1,-59.9;-59.4;-60.4;-59.3,7;2;6;0;7;6;1;2;7;5;3,7;254;31;38;38;38;38;180;253;814;741,-101;-112.2;-101.8;-92.9;-96;-101.4;-102.5;-101.3;-107.4;-113.6;-104.5,-17.8;-21.9;-14.3;-11.4;-12.1;-12.6;-13.8;-13.2;-21;-20.3;-17.6,255;255;255;255;255;255;255;255;255;255;255,1;0;0;0;0;0;0;0,504990;504990;504990;504990;504990;504990;504990;504990,38;31;7;180;741;253;254;814,0;6;7;2;3;7;2;5,-,4;1;1;1;1;1;1;1,-94.1;-100.8;-101;-101.9;-104.5;-107.2;-110.3;-112.3,-11.6;-14;-17.8;-14.2;-17.6;-20.9;-21.1;-19.6,9.2;255;255;255;255;255;255;255,0,0,0,QPSK,-,100,0,0,0,0.00,0.00,0.01,0.01,0,1,Rank 2,16,48,4,69,-,69,11,14.7,30,14,64QAM,0,SMDL,0,0,100,0.00,0.00,0.01,0.25,Rank 2,4,244,69,-,4 x 4,HandOver,45141,Free,17,FORMAT_0,404,127,Success,45141,5,-,13,26,-1,-,69,-,3,4,-,-,-,-,-,-,-,-,-,-,-,-,-,Registered,Normal Service,9,269,18,D4A654C1,679,9,30kHz,584,-,4,1,-,-,New trans.,0,1,64QAM,195,1,45141,677,3,0,0,Pass,1,QPSK,0,16,1,0,15,30kHz,Re trans.,-,207,