"TIME","LATITUDE","LONGITUDE","SPEED(M/s)","ALT(M)","ACCURACY(M)","IS_OUTDOOR","X_POS","Y_POS","EVENT","EVENT_ID","TASK_TYPE","APP_DOWN(Mbps)","APP_UP(Mbps)","PING_DELAY(ms)","ISDATASLOT","NETWORK_TYPE","MCC","MNC","OPERATOR","NR5G TAC","NR5G NCI","NR5G gNodeB ID","NR5G Cell ID","NR5G CP Type","NR5G Duplex Mode","NR5G Numerology","NR5G Band","NR5G BandWidth DL","NR5G Bandwidth UL","NR5G SSB ARFCN DL","NR5G SSB ARFCN UL","NR5G PCI","NR5G Center ARFCN DL","NR5G Center ARFCN UL","NR5G SubCarrierSpacing","NR5G Absolute Frequency PointA","NR5G Init BWP Downlink Location Width","NR5G Init BWP Uplink Location Width","NR5G SSB Periodicity","NR5G RRC State","NR5G Connectivity Mode","NR5G Frequency Offset","NR5G Timing Offset","NR5G ServingCellIndex","NR5G Q_LEX_MIN","NR5G Pathloss DL","NR5G SS RSRP","NR5G SS RSRQ","NR5G SS SINR","NR5G SSB Beam Index","NR5G CellBarred","NR5G SubCarrierOffset","NR5G Serving GSCN","NR5G Carrier RSSI","NR5G Handover Target Arfcn","NR5G Handover Target PCI","NR5G SS RSRP Ant List","NR5G SS RSRQ Ant List","NR5G SS SINR Ant List","NR5G TRS SINR Ant List","NR5G SS RSSI Ant List","NR5G SSB Beam Index List","NR5G SSB Beam PCI List","NR5G SSB Beam RSRP List","NR5G SSB Beam RSRQ List","NR5G SSB Beam SINR List","NR5G ServingType List","NR5G Cells ARFCN List","NR5G Cells PCI List","NR5G Cells SSB Index List","NR5G Cells Band List","NR5G Cells BeamNum List","NR5G Cells RSRP List","NR5G Cells RSRQ List","NR5G Cells SINR List","NR5G MCS Avg DL","NR5G MCS Max DL","NR5G MCS Most DL","NR5G Modulation DL","NR5G Trans.Mode","NR5G DL QPSK Ratio(%)/s","NR5G DL 16QAM Ratio(%)/s","NR5G DL 64QAM Ratio(%)/s","NR5G DL 256QAM Ratio(%)/s","NR5G PDCP Tput DL(Mbps)","NR5G RLC Tput DL(Mbps)","NR5G MAC Tput Dl(Mbps)","NR5G PHY Tput DL(Mbps)","NR5G BLER DL","NR5G Layers Num DL","NR5G Rank DL","NR5G RB Num DL/slot","NR5G Pdsch Num RB/s","NR5G Grant Num DL/s","NR5G Pdsch TB Size/slot","NR5G TB0 Avg Size DL/s","NR5G TB1 Avg Size DL/s","NR5G CQI","NR5G MCS Avg UL","NR5G MCS Max UL","NR5G MCS Most UL","NR5G Modulation UL","NR5G Bler UL","NR5G Tx Mode UL","NR5G UL QPSK Ratio(%)/s","NR5G UL 16QAM Ratio(%)/s","NR5G UL 64QAM Ratio(%)/s","NR5G PDCP Tput UL(Mbps)","NR5G RLC Tput UL(Mbps)","NR5G MAC Tput UL(Mbps)","NR5G PHY Tput UL(Mbps)","NR5G Rank UL","NR5G RB Num UL/slot","NR5G Pusch Num RB/s","NR5G Grant Num UL/s","NR5G Pusch TB Size/s","NR5G MIMO","NR5G Rach Reason","NR5G C-RNTI","NR5G RACH Contention","NR5G PRACH Config","NR5G RACH Preamble Format","NR5G RACH LogicalRoot Index","NR5G RACH RA-RNTI","NR5G RACH Access Result","NR5G RACH T-RNTI","NR5G TA","NR5G Access Delay","NR5G PUSCH TxPower(dBm)","NR5G PUCCH TxPower(dBm)","NR5G PRACH TxPower(dBm)","NR5G DCI Format 0_0 Num/s","NR5G DCI Format 0_1 Num/s","NR5G DCI Format 0_2 Num/s","NR5G DCI Format 1_0 Num/s","NR5G DCI Format 1_1 Num/s","NR5G DCI Format 1_2 Num/s","NR5G DCI Format 2_0 Num/s","NR5G DCI Format 2_1 Num/s","NR5G DCI Format 2_2 Num/s","NR5G DCI Format 2_3 Num/s","NR5G DCI Format 0_0 AggLevel","NR5G DCI Format 0_1 AggLevel","NR5G DCI Format 1_0 AggLevel","NR5G DCI Format 1_1 AggLevel","NR5G DCI Format 2_0 AggLevel","NR5G DCI Format 2_1 AggLevel","NR5G DCI Format 2_2 AggLevel","NR5G DCI Format 2_3 AggLevel","NR5G MM State","NR5G MM Sub State","NR5G AMF Region ID","NR5G AMF SET ID","NR5G AMF Pointer","NR5G TMSI","NR5G Pusch Frame","NR5G Pusch Slot","NR5G Pusch SCS","NR5G Pusch TB Size/slot","NR5G Pusch TBIndex","NR5G Pusch Num RB/slot","NR5G Pusch BWP Id","NR5G Pusch TxPower","NR5G Pusch Actual TxPower","NR5G Pusch TxType","NR5G Pusch Carrier ID","NR5G Pusch HARQ ID","NR5G Pusch Modulation","NR5G Pusch Start RB","NR5G Pusch TPC","NR5G Pusch RNTI","NR5G Pdsch Frame","NR5G Pdsch Slot","NR5G Pdsch TB Index","NR5G Pdsch RNTI Type","NR5G Pdsch CRC Status","NR5G Pdsch NDI","NR5G Pdsch Modulation","NR5G Pdsch MCS","NR5G Pdsch Num RB/slot","NR5G Pdsch Num Layers","NR5G Pdsch Carrier ID","NR5G Pdsch HARQ ID","NR5G Pdsch SCS","NR5G Pdsch TxType","NR5G Pdsch BWP ID","NR5G Pdsch TB Size/s"
0,0,0,0,0,0,0,0,0,0,0,0,0,0,0,0,0,0,0,0,FA4919EA,EC624327,E97D2DB1,9581D094,84B5E45B,73EA1822,B7198906,421ADD10,63B29582,52E6A949,A6E20666,A64DBCCD,747E61BB,B9FEBE7C,6603415F,314EF0D7,96163A2D,F5A6C7A9,49A224C7,8013B21A,45945C1F,34C86FE6,9866E60A,CACA8AB5,854A4DF4,DB9676EE,4ED8C0A1,3E0CF468,70709913,5FA4ACDA,FEEB4C2B,EE1F7FF2,FB73865,BBBBDB47,DD5393B9,280A6C55,5A6E1100,E3B2283E,8FB6CB21,7EEAFEE8,B14E8393,F88BFD1F,264CB3B,F198FF01,813C654C,B3A009F7,A2D43DBE,88C3CD03,77F7E0CA,AA5B8575,A932D243,998FB93C,5F104341,4E447708,80A81BB3,6FDC2F7A,EA11974A,23FC83AD,1330B774,D945AB11,5B027A99,8D661F44,7C9A330B,289ED5EE,17D2E9B5,B7ADF29F,C879DED8,1C753BF6,1BE0D25D,6BCE46D2,3D788ACF,2CACBE96,D8B14178,C30BB7F8,FD2E2F60,9D6616DE,455CD119,3490E4E0,C7E5753F,5E7BF9A8,BF355A56,AE696E1D,41867377,C34322FE,6F47C5E1,D0959028,BFC9A3EF,52525FB0,9E31EB7D,AEFDD7B6,2F934D4,B14E624,A1AB6A8C,D40F0F37,CBBBD2E1,DFA1B9A,DC87BF1A,173E801C,4A368E60,396AA227,E56F4509,D4A378D0,7071D7C,F63B3142,A23FD425,9173E7EC,C3D78C97,B30BA05E,788C4A63,8958369C,2490ED46,4628A5B8,D001268F,7C05C972,6B39FD39,9D9D81E4,8CD1B5AB,1F5A516C,E8E6533,40F209DE,30263DA5,DC2AC087,5DE4A4A,F5127E10,277602BC,16AA3683,C2AED965,B1E2ED2C,E44691D7,D37AA59E,A54A5D28,947E70EF,C6E2159A,B6162961,621ACC44,514EE00B,954A458E,847E7955,B6E21E00,A61631C7,521AD4AA,414EE871,73B28D1C,62E6A0E3,EEB43C6,FE1F778C,30831C38,1FB72FFF,BAEFE6A8,ED538B53,A208491F,913C7CE6,7BCE5E6C,6B027233,8C9A2AA5,389ECD88,27D2E14F,5A3685FA,496AB9C1,F56F5CA3,E4A3706A,17071516,63B28DD,B23FCBBF,A173FF86,D3D78431,888C41FD,5628BD52,
20260725 15:21:25.058,24.825574,102.848791,0.00,1949,3,1,0.00,0.00,,,,,,,1,SA,460,00,中国移动,4456484,6443511821,1573123,13,Normal,-,1,41,-,-,504990,-,721,-,-,30kHz,-,-,-,ms20,-,SA,-0.2,-5,0,-,86,-67.3,-10.4,25,2,-,-,6312,-31.1,-,-,-75.2;-67;-72.4;-71.2,-,18.8;24.6;255;255,14.1;17.3;255;255,-39.3;-31.1,2;1;0;3;4;0;4;4,721;721;721;721;722;252;701;560,-67.3;-75.9;-80.6;-81.9;-89.9;-156;-87;-92.3,-10.4;-10.4;-10.4;-10.6;-18.7;-43;-15.8;-20.9,255;255;255;255;255;255;255;255,1;0;0;0;0,504990;504990;504990;504990;504990,721;701;722;560;252,2;4;4;4;0,-,4;1;1;1;1,-67.3;-87;-91;-92.5;-156,-10.4;-15.8;-15.5;-20.6;-43,25;255;255;255;255,2.1,5,2,QPSK,-,85.7,14.3,0,0,0.00,0.00,0.00,0.00,0,1,Rank 1,16,116,4,106,-,106,13,25.6,31,25,256QAM,0,SMDL,0,0,0,0.00,0.00,0.02,0.42,Rank 2,4,224,57,-,2 x 2,-,42569,-,-,-,-,-,-,-,-,-,7,3,-,-,57,-,1,4,-,-,-,-,-,-,-,-,-,-,-,-,-,-,-,-,-,-,-,124,8,30kHz,992,-,4,1,-,-,New trans.,0,0,256QAM,159,1,42569,6,16,0,0,Pass,0,QPSK,2,16,2,0,15,30kHz,Re trans.,-,805,
20260725 15:21:26.074,24.825574,102.848791,0.00,1949,3,1,0.00,0.00,,,,,,,1,SA,460,00,中国移动,4456484,6443511821,1573123,13,Normal,-,1,41,-,-,504990,-,721,-,-,30kHz,-,-,-,ms20,-,SA,-0.1,-5,0,-,89,-71.1,-10.4,28.8,2,-,-,6312,-36,-,-,-75.6;-72.6;-65.3;-74.9,-,21.6;20.7;255;255,10.9;16.8;255;255,-40.6;-36,2;1;0;4;5;3;4;5,721;721;721;721;722;560;701;793,-71.1;-78.7;-83;-84.5;-92.4;-101.3;-90.6;-96.3,-10.4;-10.5;-10.5;-12.2;-15.7;-21.4;-15.2;-13.9,255;255;255;255;255;255;255;255,1;0;0;0;0,504990;504990;504990;504990;504990,721;701;722;793;560,2;4;5;5;3,-,4;1;1;1;1,-71.1;-90.6;-93;-96.3;-101.5,-10.4;-15.2;-17;-13.9;-20.8,28.8;255;255;255;255,2,2,2,QPSK,-,100,0,0,0,0.00,0.00,0.00,0.00,0,2,Rank 1,16,96,4,69,-,69,13,24.9,25,25,256QAM,0,SMDL,0,0,0,0.00,0.00,0.02,0.42,Rank 2,4,284,57,-,2 x 2,-,42569,-,-,-,-,-,-,-,-,-,4,2,-,-,57,-,1,4,-,-,-,-,-,-,-,-,-,-,-,-,-,-,-,-,-,-,-,235,19,30kHz,992,-,4,1,-,-,New trans.,0,0,256QAM,179,1,42569,207,14,0,0,Pass,1,QPSK,0,16,1,0,15,30kHz,Re trans.,-,957,
20260725 15:21:27.086,24.825575,102.848792,0.00,1949,3,1,0.00,0.00,,,,,,,1,SA,460,00,中国移动,4456484,6443511821,1573123,13,Normal,-,1,41,-,-,504990,-,721,-,-,30kHz,-,-,-,ms20,-,SA,-0.2,-5,0,-,85,-67.3,-10.4,27.4,2,-,-,6312,-29.6,-,-,-65.2;-72.7;-84.3;-72.8,-,28;20.5;255;255,18;15.8;255;255,-29.6;-37,2;1;3;0;5;4;4;5,721;721;721;721;722;560;701;793,-67.3;-73.9;-77.1;-79;-93.4;-91.6;-90;-93.9,-10.4;-10.4;-10.5;-10.5;-15.3;-21;-15.6;-18.5,255;255;255;255;255;255;255;255,1;0;0;0;0,504990;504990;504990;504990;504990,721;701;560;793;722,2;4;4;5;5,-,4;1;1;1;1,-67.3;-90;-91.7;-93.9;-95.1,-10.4;-15.6;-21;-18.5;-15.9,27.4;255;255;255;255,2,2,2,QPSK,-,100,0,0,0,0.00,0.00,0.01,0.01,0,2,Rank 1,16,96,6,106,-,106,13,24.9,25,25,256QAM,0,SMDL,0,0,0,0.00,0.00,0.04,0.53,Rank 2,4,284,75,-,2 x 2,-,42569,-,-,-,-,-,-,-,-,-,1,-4,-,-,75,-,1,6,-,-,-,-,-,-,-,-,-,-,-,-,-,-,-,-,-,-,-,328,8,30kHz,944,-,4,1,-,-,New trans.,0,0,256QAM,184,1,42569,271,13,0,0,Pass,0,QPSK,2,16,2,0,15,30kHz,Re trans.,-,957,
20260725 15:21:28.097,24.825575,102.848792,0.00,1949,3,1,0.00,0.00,,,,,,,1,SA,460,00,中国移动,4456484,6443511821,1573123,13,Normal,-,1,41,-,-,504990,-,721,-,-,30kHz,-,-,-,ms20,-,SA,-0.2,-5,0,-,85,-66,-10.4,28.2,2,-,-,6312,-26.9,-,-,-61.5;-67.7;-76.7;-78.1,-,28.9;21.1;255;255,18.4;9.7;255;255,-26.9;-32.9,2;1;0;7;5;4;4;5,721;721;721;721;722;560;701;793,-65.1;-73.7;-79.5;-81;-103.4;-88.5;-95.6;-108.2,-10.4;-10.5;-10.6;-10.6;-21.8;-18.2;-22.3;-25,255;255;255;255;255;255;255;255,1;0;0;0;0,504990;504990;504990;504990;504990,721;560;722;701;793,2;4;5;4;5,-,4;1;1;1;1,-66;-89.8;-90.9;-95.6;-108.2,-10.4;-19.2;-17.4;-22.3;-25,28.2;255;255;255;255,2,2,2,QPSK,-,100,0,0,0,0.00,0.00,0.01,0.01,0,2,Rank 1,16,96,6,106,-,106,13,24.9,25,25,256QAM,0,SMDL,0,0,0,0.00,0.00,0.00,0.00,Rank 2,4,0,75,-,2 x 2,-,42569,-,-,-,-,-,-,-,-,-,1,-5,-,-,75,-,1,6,-,-,-,-,-,-,-,-,-,-,-,-,-,-,-,-,-,-,-,328,8,30kHz,944,-,4,1,-,-,New trans.,0,0,256QAM,184,1,42569,271,13,0,0,Pass,0,QPSK,2,16,2,0,15,30kHz,Re trans.,-,957,
20260725 15:21:29.112,24.825575,102.848792,0.00,1949,3,1,0.00,0.00,,,,,,,1,SA,460,00,中国移动,4456484,6443511821,1573123,13,Normal,-,1,41,-,-,504990,-,721,-,-,30kHz,-,-,-,ms20,-,SA,-0.2,-5,0,-,80,-65.1,-10.4,27.1,2,-,-,6312,-29.1,-,-,-64.5;-72.5;-88;-67.9,-,26;16;255;255,13.6;6.7;255;255,-29.1;-38.3,2;3;1;4;4;3;4;5,721;721;721;721;722;560;701;793,-65.1;-75.8;-77.8;-83.6;-94.4;-96;-92.5;-94.2,-10.4;-10.4;-10.6;-12.8;-17.4;-24.7;-20.4;-19.2,255;255;255;255;255;255;255;255,1;0;0;0;0,504990;504990;504990;504990;504990,721;560;722;701;793,2;3;4;4;5,-,4;1;1;1;1,-65.1;-89.7;-90.2;-92.5;-94.2,-10.4;-18.6;-15.8;-20.4;-19.2,27.1;255;255;255;255,1.9,5,2,QPSK,-,87.5,12.5,0,0,0.00,0.01,0.00,0.00,0,2,Rank 1,22,176,2,106,-,106,13,25.1,31,25,256QAM,0,SMDL,0,0,0,0.00,0.00,0.00,0.00,Rank 2,4,432,54,-,2 x 2,-,42569,-,-,-,-,-,-,-,-,-,3,-3,-,-,54,-,1,2,-,-,-,-,-,-,-,-,-,-,-,-,-,-,-,-,-,-,-,503,8,30kHz,992,-,4,1,-,-,New trans.,0,0,256QAM,152,1,42569,478,4,0,0,Pass,0,QPSK,2,16,2,0,15,30kHz,Re trans.,-,1683,
20260725 15:21:30.122,24.825587,102.848788,1.80,1949,3,1,0.00,0.00,,,,,,,1,SA,460,00,中国移动,4456484,6443511821,1573123,13,Normal,-,1,41,-,-,504990,-,721,-,-,30kHz,-,-,-,ms20,-,SA,-0.2,-5,0,-,84,-65,-10.4,28.3,2,-,-,6312,-29,-,-,-64.8;-71.4;-72.4;-67.1,-,26.6;19;255;255,18.6;10.2;255;255,-29;-36.3,2;3;1;0;4;3;4;5;5;5,721;721;721;721;722;560;701;793;7;559,-65;-74.7;-75.1;-81.7;-87.3;-95.1;-155;-148.3;-94.5;-92.1,-10.4;-10.4;-10.5;-10.6;-14.3;-25.6;-42.6;-40.3;-20.3;-19,255;255;255;255;255;255;255;255;255;255,1;0;0;0;0;0;0,504990;504990;504990;504990;504990;504990;504990,721;722;560;559;7;793;701,2;4;3;5;5;5;4,-,4;1;1;1;1;1;1,-65;-88;-88.7;-92.1;-95.8;-148.3;-155,-10.4;-14.4;-20.8;-19;-20.3;-40.3;-42.6,28.3;255;255;255;255;255;255,2,2,2,QPSK,-,100,0,0,0,0.00,0.00,0.00,0.00,0,2,Rank 1,16,80,5,14,-,14,13,25.1,31,25,256QAM,0,SMDL,0,0,0,0.00,0.00,0.01,0.80,Rank 2,4,432,109,-,2 x 2,-,42569,-,-,-,-,-,-,-,-,-,0,-2,-,-,109,-,1,5,-,-,-,-,-,-,-,-,-,-,-,-,-,-,-,-,-,-,-,580,9,30kHz,992,-,4,1,-,-,New trans.,0,0,256QAM,184,1,42569,577,12,0,4,Pass,0,QPSK,0,20,1,0,0,30kHz,Re trans.,-,530,
20260725 15:21:31.130,24.825594,102.848792,0.00,1948,3,1,0.00,0.00,,,,,,,1,SA,460,00,中国移动,4456484,6443511821,1573123,13,Normal,-,1,41,-,-,504990,-,721,-,-,30kHz,-,-,-,ms20,-,SA,-0.2,-6,0,-,78,-59.7,-10.4,32.9,2,-,-,6312,-24.3,-,-,-58.9;-63.1;-70.2;-60.2,-,32.9;26.8;27;19.9,23.6;12.7;255;255,-24.3;-27.6,2;1;0;7;4;4;4;5;5;5,721;721;721;721;722;560;701;793;7;559,-59.7;-74.1;-78.2;-79.9;-87.6;-87.3;-91.8;-134.4;-91.9;-92.8,-10.4;-10.4;-10.4;-10.5;-15.7;-15.4;-20.5;-35;-17.5;-19.3,255;255;255;255;255;255;255;255;255;255,1;0;0;0;0;0;0,504990;504990;504990;504990;504990;504990;504990,721;722;560;701;7;559;793,2;4;4;4;5;5;5,-,4;1;1;1;1;1;1,-59.7;-87.8;-89.2;-91.8;-92.1;-92.8;-134.4,-10.4;-15.7;-16.6;-20.5;-17.4;-19.3;-35,32.9;255;255;255;255;255;255,1,2,2,QPSK,-,100,0,0,0,0.00,0.00,0.00,0.00,0,2,Rank 1,18,36,3,106,-,106,12,25.8,31,25,256QAM,0,SMDL,0,0,0,0.00,0.00,0.06,0.06,Rank 2,4,184,44,-,2 x 2,-,42569,-,-,-,-,-,-,-,-,-,-1,-8,-,-,44,-,1,2,-,-,-,-,-,-,-,-,-,-,-,-,-,-,-,-,-,-,-,744,9,30kHz,944,-,4,1,-,-,New trans.,0,0,256QAM,95,1,42569,722,3,0,0,Pass,0,QPSK,2,16,2,0,15,30kHz,Re trans.,-,120,
20260725 15:21:32.136,24.825598,102.848795,0.00,1948,3,1,0.00,0.00,,,,,,,1,SA,460,00,中国移动,4456484,6443511821,1573123,13,Normal,-,1,41,-,-,504990,-,721,-,-,30kHz,-,-,-,ms20,-,SA,-0.2,-1,0,-,74,-60.8,-10.4,32.6,2,-,-,6312,-21.1,-,-,-61.3;-56.7;-72.5;-66,-,30.8;32.1;255;255,26.1;23.5;255;255,-26.4;-21.1,2;3;1;0;4;4;4;5;5;5,721;721;721;721;722;560;701;793;7;559,-60.7;-71;-71.1;-75.1;-92.8;-89.1;-93.9;-100.1;-99.1;-103.6,-10.4;-10.5;-10.4;-10.4;-17.7;-18.5;-18.6;-22.3;-21.9;-22.5,255;255;255;255;255;255;255;255;255;255,1;0;0;0;0;0;0,504990;504990;504990;504990;504990;504990;504990,721;722;560;701;7;793;559,2;4;4;4;5;5;5,-,4;1;1;1;1;1;1,-60.8;-89.3;-90;-93.9;-99.1;-100.1;-103.6,-10.4;-15.6;-17.9;-18.6;-21.9;-22.3;-22.5,32.6;255;255;255;255;255;255,1,2,2,QPSK,-,100,0,0,0,0.00,0.00,0.00,0.00,0,2,Rank 1,18,36,5,106,-,106,13,25,31,25,256QAM,0,SMDL,0,0,0,0.00,0.00,0.05,0.34,Rank 2,4,296,117,-,2 x 2,-,42569,-,-,-,-,-,-,-,-,-,-5,-6,-,-,117,-,1,5,-,-,-,-,-,-,-,-,-,-,-,-,-,-,-,-,-,-,-,782,9,30kHz,944,-,4,1,-,-,New trans.,0,0,256QAM,100,1,42569,756,14,0,0,Pass,0,QPSK,2,16,2,0,15,30kHz,Re trans.,-,120,
20260725 15:21:33.147,24.825601,102.848795,0.00,1948,3,1,0.00,0.00,,,,,,,1,SA,460,00,中国移动,4456484,6443511821,1573123,13,Normal,-,1,41,-,-,504990,-,721,-,-,30kHz,-,-,-,ms20,-,SA,-0.2,-1,0,-,80,-70.1,-10.5,27.5,2,-,-,6312,-26.9,-,-,-67.8;-63.5;-72.8;-61.8,-,13.4;26;255;255,17;17.8;255;255,-30.8;-26.9,2;1;3;0;5;4;4;5;5;5,721;721;721;721;722;560;701;793;7;559,-69.2;-74.3;-75.8;-79.7;-88.5;-88;-132.7;-91.6;-94;-103.6,-10.5;-10.4;-10.5;-10.5;-16.4;-16.7;-34.7;-16;-21;-23.2,255;255;255;255;255;255;255;255;255;255,1;0;0;0;0;0;0,504990;504990;504990;504990;504990;504990;504990,721;722;560;793;7;559;701,2;5;4;5;5;5;4,-,4;1;1;1;1;1;1,-70.1;-87.7;-89.3;-91.6;-94.1;-103.6;-132.7,-10.5;-16.2;-17.6;-16;-21;-23.2;-34.7,27.5;255;255;255;255;255;255,1.7,2,2,QPSK,-,100,0,0,0,0.00,0.00,0.00,0.00,0,1,Rank 1,16,96,1,69,-,69,13,25.4,31,25,256QAM,0,SMDL,0,0,0,0.00,0.00,0.05,0.35,Rank 2,4,124,20,-,2 x 2,-,42569,-,-,-,-,-,-,-,-,-,2,0,-,-,20,-,1,1,-,-,-,-,-,-,-,-,-,-,-,-,-,-,-,-,-,-,-,893,8,30kHz,896,-,4,1,-,-,New trans.,0,0,256QAM,99,2,42569,868,4,0,0,Pass,1,QPSK,0,16,1,0,15,30kHz,Re trans.,-,599,
20260725 15:21:34.161,24.825610,102.848789,3.31,1948,3,1,0.00,0.00,,,,,,,1,SA,460,00,中国移动,4456484,6443511821,1573123,13,Normal,-,1,41,-,-,504990,-,721,-,-,30kHz,-,-,-,ms20,-,SA,-0.2,-1,0,-,84,-66.4,-10.4,25.9,2,-,-,6312,-25.3,-,-,-74.1;-60.4;-65.2;-82,-,14.1;23.4;255;255,7.3;16.8;255;255,-38.9;-25.3,2;1;3;0;5;4;4;5;5;5,721;721;721;721;722;560;701;793;7;559,-66.3;-77.2;-77.7;-81.1;-92.1;-88.2;-90.5;-90.8;-110.9;-94.2,-10.4;-10.5;-10.8;-10.6;-15.2;-14.5;-15.6;-15.3;-24.6;-18.7,255;255;255;255;255;255;255;255;255;255,1;0;0;0;0;0;0,504990;504990;504990;504990;504990;504990;504990,721;560;701;793;722;559;7,2;4;4;5;5;5;5,-,4;1;1;1;1;1;1,-66.4;-89.3;-90.5;-90.8;-92.1;-94.2;-110.9,-10.4;-16.1;-15.6;-15.3;-16.1;-18.7;-24.6,25.9;255;255;255;255;255;255,1.7,2,2,QPSK,-,100,0,0,0,0.00,0.00,0.00,0.00,0,1,Rank 1,16,96,1,14,-,14,13,25,25,25,256QAM,0,SMDL,0,0,0,0.00,0.00,0.03,0.01,Rank 2,4,4,16,-,2 x 2,-,42569,-,-,-,-,-,-,-,-,-,6,0,-,-,16,-,1,1,-,-,-,-,-,-,-,-,-,-,-,-,-,-,-,-,-,-,-,1000,8,30kHz,992,-,4,1,-,-,New trans.,0,0,256QAM,180,2,42569,961,12,0,4,Pass,0,QPSK,0,20,1,0,0,30kHz,Re trans.,-,599,
20260725 15:21:35.176,24.825628,102.848774,10.22,1947,3,1,0.00,0.00,,,,,,,1,SA,460,00,中国移动,4456484,6443511821,1573123,13,Normal,-,1,41,-,-,504990,-,721,-,-,30kHz,-,-,-,ms20,-,SA,-0.2,-4,0,-,79,-59,-10.4,31.3,2,-,-,6312,-22.1,-,-,-61.6;-57.6;-61.3;-74.3,-,14.5;29.3;255;255,15.8;21.4;255;255,-26.5;-22.1,2;1;0;7;4;3;4;5;5;5,721;721;721;721;722;560;701;793;7;559,-59;-74.1;-76.3;-78;-87.9;-89.4;-83.4;-93.3;-148.2;-134.6,-10.4;-10.5;-10.5;-10.6;-18.5;-22.5;-14;-19.4;-39.8;-34.8,255;255;255;255;255;255;255;255;255;255,1;0;0;0;0;0;0,504990;504990;504990;504990;504990;504990;504990,721;701;560;722;793;559;7,2;4;3;4;5;5;5,-,4;1;1;1;1;1;1,-59;-83.4;-86.6;-88.4;-93.3;-134.6;-148.2,-10.4;-14;-16.9;-16.6;-19.4;-34.8;-39.8,31.3;255;255;255;255;255;255,0,0,0,QPSK,-,100,0,0,0,0.00,0.00,0.00,0.00,0,1,Rank 1,18,36,1,69,-,69,13,25.5,31,25,256QAM,0,SMDL,0,0,0,0.00,0.00,0.02,0.02,Rank 2,4,208,16,-,2 x 2,-,42569,-,-,-,-,-,-,-,-,-,-2,-7,-,-,16,-,1,1,-,-,-,-,-,-,-,-,-,-,-,-,-,-,-,-,-,-,-,110,9,30kHz,848,-,4,1,-,-,New trans.,0,0,256QAM,180,1,42569,84,11,0,0,Pass,0,QPSK,0,16,1,0,15,30kHz,Re trans.,-,83,
20260725 15:21:36.184,24.825654,102.848707,16.06,1948,3,1,0.00,0.00,,,,,,,1,SA,460,00,中国移动,4456484,6443511821,1573123,13,Normal,-,1,41,-,-,504990,-,721,-,-,30kHz,-,-,-,ms20,-,SA,-0.2,-5,0,-,88,-67.8,-10.5,29.5,2,-,-,6312,-32.8,-,-,-72.4;-64.8;-64.4;-80.6,-,14.2;23.9;255;255,9.9;9.7;255;255,-32.9;-32.8,2;3;4;5;3;4;4;5;5;5,721;721;721;721;722;560;701;793;7;559,-67.7;-80.4;-86.9;-88.9;-102.9;-93;-85.6;-104.7;-95.3;-108.2,-10.5;-11.1;-13.7;-13.9;-21.8;-20.1;-13;-22.7;-19.4;-24.7,255;255;255;255;255;255;255;255;255;255,1;0;0;0;0;0;0,504990;504990;504990;504990;504990;504990;504990,721;701;722;560;7;793;559,2;4;3;4;5;5;5,-,4;1;1;1;1;1;1,-67.8;-85.6;-90.3;-93.5;-95.3;-104.7;-108.2,-10.5;-13;-16.9;-18.5;-19.4;-22.7;-24.7,29.5;255;255;255;255;255;255,0,0,0,QPSK,-,100,0,0,0,0.00,0.00,0.00,0.00,0,1,Rank 1,18,36,2,106,-,106,13,24.1,31,25,256QAM,0,SMDL,0,0,0,0.00,0.00,0.02,0.22,Rank 2,4,128,84,-,2 x 2,-,42569,-,-,-,-,-,-,-,-,-,11,2,-,-,84,-,1,2,-,-,-,-,-,-,-,-,-,-,-,-,-,-,-,-,-,-,-,204,9,30kHz,992,-,4,1,-,-,New trans.,0,0,256QAM,167,0,42569,139,3,0,0,Pass,1,QPSK,2,16,2,0,15,30kHz,Re trans.,-,83,
20260725 15:21:37.189,24.825656,102.848657,19.40,1948,3,1,0.00,0.00,,,,,,,1,SA,460,00,中国移动,4456484,6443511821,1573123,13,Normal,-,1,41,-,-,504990,-,721,-,-,30kHz,-,-,-,ms20,-,SA,-0.2,-2,0,-,88,-68,-10.5,19.7,2,-,-,6312,-35.5,-,-,-75.6;-70.2;-74.8;-82.6,-,12.6;3.5;255;255,10.3;4.4;255;255,-40.3;-35.5,2;3;6;1;4;4;4;5;5;5,721;721;721;721;722;560;701;793;7;559,-68;-83.7;-85.5;-85;-83;-96.8;-91;-92.2;-107.5;-155,-10.5;-12.1;-11.4;-11.3;-13.2;-20.6;-20.4;-18.8;-26;-42.7,255;255;255;255;255;255;255;255;255;255,1;0;0;0;0;0;0,504990;504990;504990;504990;504990;504990;504990,721;722;701;793;560;7;559,2;4;4;5;4;5;5,-,4;1;1;1;1;1;1,-68;-84.2;-91;-92.2;-97.4;-107.5;-155,-10.5;-13.1;-20.4;-18.8;-20.5;-26;-42.7,19.7;255;255;255;255;255;255,0,0,0,QPSK,-,100,0,0,0,0.00,0.00,0.00,0.00,0,1,Rank 1,18,36,2,106,-,106,13,24.1,31,25,256QAM,0,SMDL,0,0,0,0.00,0.00,0.02,0.22,Rank 2,4,128,84,-,2 x 2,-,42569,-,-,-,-,-,-,-,-,-,11,5,-,-,84,-,1,2,-,-,-,-,-,-,-,-,-,-,-,-,-,-,-,-,-,-,-,204,9,30kHz,992,-,4,1,-,-,New trans.,0,0,256QAM,167,0,42569,139,3,0,0,Pass,1,QPSK,2,16,2,0,15,30kHz,Re trans.,-,83,
20260725 15:21:38.199,24.825649,102.848602,22.18,1948,3,1,0.00,0.00,,,,,,,1,SA,460,00,中国移动,4456484,6443511821,1573123,13,Normal,-,1,41,-,-,504990,-,721,-,-,30kHz,-,-,-,ms20,-,SA,-0.2,-2,0,-,94,-76.9,-10.8,13.4,2,-,-,6312,-40.4,-,-,-83.1;-75.6;-89.1;-75.6,-,13.5;9.6;255;255,14.1;12.1;255;255,-45.4;-40.4,2;1;3;4;4;4;4;5;5;1;7,721;721;721;721;722;560;701;793;7;6;699,-76.2;-85.3;-80.2;-86.4;-89.9;-108.8;-105.4;-110.8;-107.1;-104.8;-104.3,-10.8;-11.3;-10.8;-13.9;-17.3;-26.3;-24.3;-25.3;-24.9;-24.8;-19.5,255;255;255;255;255;255;255;255;255;255;255,1;0;0;0;0;0;0;0,504990;504990;504990;504990;504990;504990;504990;504990,721;722;560;699;6;701;7;793,2;4;4;7;1;4;5;5,-,4;1;1;1;1;1;1;1,-76.9;-90.7;-94.7;-105.1;-105.4;-105.4;-106.4;-110.8,-10.8;-16.9;-19.6;-20.7;-24.9;-24.3;-23.4;-25.3,13.4;255;255;255;255;255;255;255,1,2,2,QPSK,-,100,0,0,0,0.00,0.00,0.00,0.00,0,1,Rank 1,16,32,2,69,-,69,13,24.8,31,25,256QAM,0,SMDL,0,0,2.6,0.00,0.00,0.03,1.09,Rank 2,4,604,84,-,2 x 2,-,42569,-,-,-,-,-,-,-,-,-,8,13,-,-,84,-,1,2,-,-,-,-,-,-,-,-,-,-,-,-,-,-,-,-,-,-,-,427,9,30kHz,992,-,4,1,-,-,New trans.,0,0,256QAM,167,1,42569,410,13,0,0,Pass,1,QPSK,0,16,1,0,15,30kHz,Re trans.,-,175,
20260725 15:21:39.210,24.825631,102.848542,24.59,1948,3,1,0.00,0.00,,,,,,,1,SA,460,00,中国移动,4456484,6443511821,1573123,13,Normal,-,1,41,-,-,504990,-,721,-,-,30kHz,-,-,-,ms20,-,SA,-0.2,-2,0,-,95,-76.6,-10.6,13.7,2,-,-,6312,-41.5,-,-,-82.1;-75;-89.5;-85.7,-,10.6;9.7;255;255,9.9;8.6;255;255,-50.3;-41.5,2;3;4;1;4;4;4;7;5;1;5,721;721;721;721;722;560;701;699;7;6;559,-76.4;-78.4;-84.2;-84.2;-91.5;-94;-91.6;-97.7;-98.4;-97.2;-137.5,-10.6;-10.7;-12.6;-11.1;-17.1;-19.6;-17.9;-17.5;-21.4;-19.6;-35.6,255;255;255;255;255;255;255;255;255;255;255,1;0;0;0;0;0;0;0,504990;504990;504990;504990;504990;504990;504990;504990,721;701;722;560;6;699;7;559,2;4;4;4;1;7;5;5,-,4;1;1;1;1;1;1;1,-76.6;-91.6;-91.9;-93.7;-97.2;-97.7;-98;-137.5,-10.6;-17.9;-17.5;-19.8;-19.6;-17.5;-19.5;-35.6,13.7;255;255;255;255;255;255;255,1.6,7,0,QPSK,-,85.7,14.3,0,0,0.00,0.00,0.01,0.01,0,2,Rank 1,16,112,5,19,-,19,13,25.2,31,25,256QAM,0,SMDL,0,0,0,0.00,0.00,0.11,1.17,Rank 2,4,628,158,-,2 x 2,-,42569,-,-,-,-,-,-,-,-,-,9,6,-,-,158,-,1,5,-,-,-,-,-,-,-,-,-,-,-,-,-,-,-,-,-,-,-,504,9,30kHz,992,-,4,1,-,-,New trans.,0,0,256QAM,184,1,42569,513,12,0,4,Pass,0,QPSK,0,28,1,0,0,30kHz,Re trans.,-,829,
20260725 15:21:40.224,24.825607,102.848479,26.24,1948,3,1,0.00,0.00,,,,,,,1,SA,460,00,中国移动,4456484,6443511821,1573123,13,Normal,-,1,41,-,-,504990,-,721,-,-,30kHz,-,-,-,ms20,-,SA,-0.2,-2,0,-,100,-77.5,-10.8,9.8,2,-,-,6312,-46.3,-,-,-79.4;-81.5;-88.6;-85.7,-,12.2;9.4;255;255,8.1;6;255;255,-50.1;-46.3,2;3;5;1;2;4;4;7;6;1,721;721;721;721;722;560;701;699;7;6,-81.6;-76.2;-87.8;-86.1;-94.7;-94.7;-99.8;-99.1;-98.3;-98.3,-11.5;-10.5;-13.2;-11.4;-20.1;-19.1;-18.9;-19.7;-16.2;-20.8,255;255;255;255;255;255;255;255;255;255,1;0;0;0;0;0;0,504990;504990;504990;504990;504990;504990;504990,721;722;6;560;7;699;701,2;2;1;4;6;7;4,-,4;1;1;1;1;1;1,-77.5;-87.1;-92.2;-94.6;-98.3;-99.4;-99.8,-10.8;-16.3;-19.3;-18.6;-17.3;-20.3;-18.9,9.8;255;255;255;255;255;255,1.9,7,2,QPSK,-,91.7,8.3,0,0,0.00,0.00,0.00,0.00,0,1,Rank 1,17,204,13,69,-,69,13,25.1,31,25,256QAM,0,SMDL,0,0,0,0.00,0.00,0.10,0.11,Rank 2,4,396,153,-,2 x 2,-,42569,-,-,-,-,-,-,-,-,-,8,5,-,-,153,-,1,12,-,-,-,-,-,-,-,-,-,-,-,-,-,-,-,-,-,-,-,628,19,30kHz,944,-,4,1,-,-,New trans.,0,0,256QAM,163,1,42569,602,13,0,0,Pass,0,QPSK,0,16,1,0,15,30kHz,Re trans.,-,1417,
20260725 15:21:41.231,24.825587,102.848408,27.90,1947,3,1,0.00,0.00,,,,,,,1,SA,460,00,中国移动,4456484,6443511821,1573123,13,Normal,-,1,41,-,-,504990,-,721,-,-,30kHz,-,-,-,ms20,-,SA,-0.2,-5,0,-,93,-76.3,-10.5,18.3,3,-,-,6312,-36.4,-,-,-79.2;-75.3;-93.8;-78.9,-,17.4;6.8;255;255,8.4;8.2;255;255,-38.6;-36.4,3;2;4;1;4;4;4;7;5;1,721;721;721;721;722;560;701;699;7;6,-75.8;-80.7;-87.1;-91.8;-91.1;-92.3;-86.1;-92.3;-99;-94.8,-10.4;-10.9;-13.8;-13.3;-18;-20.4;-14.6;-13.5;-19.3;-16.4,255;255;255;255;255;255;255;255;255;255,1;0;0;0;0;0;0,504990;504990;504990;504990;504990;504990;504990,721;701;722;560;6;699;7,3;4;4;4;1;7;5,-,4;1;1;1;1;1;1,-76.3;-86.1;-91.4;-92.3;-92.5;-93.4;-98.3,-10.5;-14.6;-15.7;-20.4;-16.7;-14.8;-17.4,18.3;255;255;255;255;255;255,1.9,7,2,QPSK,-,91.7,8.3,0,0,0.00,0.00,0.01,0.01,0,1,Rank 1,17,204,2,66,-,66,13,24.3,31,24,256QAM,0,SMDL,0,0,5.3,0.00,0.00,0.04,0.79,Rank 2,4,452,99,-,2 x 2,-,42569,-,-,-,-,-,-,-,-,-,8,6,-,-,99,-,1,2,-,-,-,-,-,-,-,-,-,-,-,-,-,-,-,-,-,-,-,729,9,30kHz,992,-,4,1,-,-,New trans.,0,0,256QAM,183,1,42569,729,14,0,0,Pass,0,QPSK,1,16,2,0,15,30kHz,Re trans.,-,1417,
20260725 15:21:42.243,24.825567,102.848336,27.79,1947,3,1,0.00,0.00,,,,,,,1,SA,460,00,中国移动,4456484,6443511821,1573123,13,Normal,-,1,41,-,-,504990,-,721,-,-,30kHz,-,-,-,ms20,-,SA,-0.2,-4,0,-,98,-81.2,-11.7,12.5,3,-,-,6312,-45,-,-,-82.8;-80.5;-94.5;-85.4,-,7.7;18.5;255;255,-0.8;4.3;255;255,-45.9;-45,3;2;4;5;2;4;4;7;6;2,721;721;721;721;722;560;701;699;7;6,-80.5;-83.1;-93.2;-92.4;-85.9;-91.5;-79.9;-82.1;-97.2;-87.1,-10.6;-12.8;-17.1;-14.2;-16.4;-20.2;-12.5;-11.3;-17.6;-16.2,255;255;255;255;255;255;255;255;255;255,1;0;0;0;0;0;0,504990;504990;504990;504990;504990;504990;504990,721;701;699;722;6;560;7,3;4;7;2;2;4;6,-,4;1;1;1;1;1;1,-81.2;-79.9;-83.4;-85.7;-85.8;-91.6;-97.3,-11.7;-12.5;-12;-16.5;-15.8;-19.9;-18.2,12.5;255;255;255;255;255;255,1.2,5,0,QPSK,-,92.3,7.7,0,0,0.00,0.00,0.01,0.01,0,1,Rank 1,16,208,12,69,-,69,11,24,31,25,256QAM,0,SMDL,0,0,0.8,0.00,0.00,0.13,0.85,Rank 2,4,484,132,-,2 x 2,-,42569,-,-,-,-,-,-,-,-,-,7,8,-,-,132,-,1,12,-,-,-,-,-,-,-,-,-,-,-,-,-,-,-,-,-,-,-,832,9,30kHz,944,-,4,1,-,-,New trans.,0,0,256QAM,183,1,42569,818,3,0,0,Pass,1,QPSK,0,16,1,0,15,30kHz,Re trans.,-,1217,
20260725 15:21:43.257,24.825567,102.848336,27.79,1947,3,1,0.00,0.00,,,,,,,1,SA,460,00,中国移动,4456484,6443511821,1573123,13,Normal,-,1,41,-,-,504990,-,721,-,-,30kHz,-,-,-,ms20,-,SA,-0.2,-5,0,-,99,-82.8,-12,11.9,3,-,-,6312,-45,-,-,-87.3;-84;-92;-81.5,-,4.3;12.5;255;255,-1.4;10;255;255,-45;-45.4,3;4;2;6;2;4;4;7;4;2;1,721;721;721;721;722;560;701;699;7;6;252,-81.6;-85.7;-84.9;-95.6;-89.3;-91.1;-85.5;-87.2;-94;-87.6;-130.4,-10.7;-14;-13;-14.7;-17.2;-18.1;-15;-11.6;-19.9;-15.8;-32.1,255;255;255;255;255;255;255;255;255;255;255,1;0;0;0;0;0;0;0,504990;504990;504990;504990;504990;504990;504990;504990,721;701;6;699;722;560;7;252,3;4;2;7;2;4;4;1,-,4;1;1;1;1;1;1;1,-82.8;-85.5;-88.4;-88.9;-89.7;-91.8;-94;-130.4,-12;-15;-15.4;-12.8;-17;-17.8;-18.4;-32.1,11.9;255;255;255;255;255;255;255,0.4,3,0,QPSK,-,100,0,0,0,0.00,0.00,0.00,0.00,0,1,Rank 1,16,160,10,69,-,69,11,23.5,31,23,256QAM,0,SMDL,0,0,0,0.00,0.00,0.13,0.14,Rank 2,4,80,117,-,2 x 2,-,42569,-,-,-,-,-,-,-,-,-,7,8,-,-,117,-,1,10,-,-,-,-,-,-,-,-,-,-,-,-,-,-,-,-,-,-,-,939,8,30kHz,848,-,4,1,-,-,New trans.,0,0,256QAM,183,1,42569,928,13,0,0,Pass,0,QPSK,0,16,1,0,15,30kHz,Re trans.,-,934,
20260725 15:21:44.263,24.825534,102.848191,27.54,1947,3,1,0.00,0.00,,,,,,,1,SA,460,00,中国移动,4456484,6443511821,1573123,13,Normal,-,1,41,-,-,504990,-,721,-,-,30kHz,-,-,-,ms20,-,SA,-0.2,-2,0,-,99,-82.3,-11.9,14.7,3,-,-,6312,-43.8,-,-,-84.7;-79.2;-92.3;-77.5,-,6.4;13.5;255;255,-2.7;5.6;255;255,-43.8;-45.9,3;4;2;5;2;4;4;7;5;2;2;6;5,721;721;721;721;722;560;701;699;7;6;252;741;559,-81.7;-83.3;-86.1;-91.6;-87.6;-88.9;-82.2;-86.6;-103;-85;-104.3;-101.7;-90.5,-10.7;-12.7;-14.6;-13.3;-17.5;-20;-13.1;-11.5;-21.6;-14.5;-25.2;-20.7;-16.9,255;255;255;255;255;255;255;255;255;255;255;255;255,1;0;0;0;0;0;0;0;0;0,504990;504990;504990;504990;504990;504990;504990;504990;504990;504990,721;701;6;699;722;560;559;7;252;741,3;4;2;7;2;4;5;5;2;6,-,4;1;1;1;1;1;1;1;1;1,-82.3;-82.2;-85.8;-88.1;-88.4;-88.9;-90.5;-93.8;-95.3;-101.7,-11.9;-13.1;-14.5;-12.9;-17.1;-20;-16.9;-17.1;-20;-20.7,14.7;255;255;255;255;255;255;255;255;255,0.4,3,0,QPSK,-,100,0,0,0,0.00,0.00,0.01,0.01,0,1,Rank 1,16,160,1,69,-,69,12,23.1,31,22,256QAM,0,SMDL,0,0,1,0.00,0.00,0.03,0.03,Rank 2,4,408,21,-,2 x 2,-,42569,-,-,-,-,-,-,-,-,-,5,11,-,-,21,-,1,1,-,-,-,-,-,-,-,-,-,-,-,-,-,-,-,-,-,-,-,8,18,30kHz,896,-,4,1,-,-,-,0,0,256QAM,183,1,42569,1005,14,0,0,Pass,0,QPSK,0,16,1,0,15,30kHz,Re trans.,-,934,
20260725 15:21:45.274,24.825520,102.848117,27.97,1947,3,1,0.00,0.00,,,,,,,1,SA,460,00,中国移动,4456484,6443511821,1573123,13,Normal,-,1,41,-,-,504990,-,721,-,-,30kHz,-,-,-,ms20,-,SA,-0.2,-3,0,-,102,-84.3,-12.3,13.9,3,-,-,6312,-47.5,-,-,-85.7;-84.8;-91.8;-78.1,-,-3.5;13.8;255;255,-6.7;3.6;255;255,-48.4;-47.5,3;4;2;0;2;4;4;7;4;2;2;6;5,721;721;721;721;722;560;701;699;7;6;252;741;559,-84.4;-85.5;-88;-93.5;-84.2;-90.9;-87.3;-91;-91.9;-86.2;-92.2;-107;-99,-11;-13.4;-16;-14.4;-15;-19.8;-16.5;-13.3;-18.7;-14.4;-22.3;-22.3;-20.2,255;255;255;255;255;255;255;255;255;255;255;255;255,1;0;0;0;0;0;0;0;0;0,504990;504990;504990;504990;504990;504990;504990;504990;504990;504990,721;722;701;6;560;699;7;252;559;741,3;2;4;2;4;7;4;2;5;6,-,4;1;1;1;1;1;1;1;1;1,-84.3;-84.3;-87.1;-87.2;-90.9;-91.4;-92.1;-96.6;-99;-107,-12.3;-15;-16.4;-13.6;-19.8;-14.3;-15.5;-19.1;-20.2;-22.3,13.9;255;255;255;255;255;255;255;255;255,1,4,0,QPSK,-,100,0,0,0,0.00,0.00,0.00,0.00,0,1,Rank 1,16,148,8,106,-,106,13,23.3,31,22,256QAM,0,SMDL,0,0,0.7,0.00,0.00,0.07,1.02,Rank 2,4,612,90,-,2 x 2,-,42569,-,-,-,-,-,-,-,-,-,7,20,-,-,90,-,1,7,-,-,-,-,-,-,-,-,-,-,-,-,-,-,-,-,-,-,-,114,9,30kHz,848,-,4,1,-,-,New trans.,0,0,256QAM,148,1,42569,114,4,0,0,Pass,0,QPSK,28,32,2,0,14,30kHz,New trans.,-,788,
20260725 15:21:46.281,24.825506,102.848041,28.15,1947,3,1,0.00,0.00,,,,,,,1,SA,460,00,中国移动,4456484,6443511821,1573123,13,Normal,-,1,41,100,100,504990,-,6,513000,513000,30kHz,503172,1099,-,ms20,Connected,SA,-0.2,1,6,-60,97,-78.7,-11.3,9.6,2,Not Barred,6,6312,-41.3,504990,6,-74.8;-82.6;-94.3;-99.6,-,5.5;5.4;-4.1;3.9,7;1.3;-0.4;-0.4,-41.3;-58.6;-49.8;-43,3;7;4;4;7;4;2;1;0;7;1;6,721;722;560;701;699;7;6;6;6;6;252;741,-77.5;-113.4;-117;-121.9;-90.2;-84.3;-78;-85.1;-93.3;-94.8;-95.7;-100.6,-10.5;-27.2;-30.5;-30.9;-13.8;-15.9;-11.3;-12.2;-15.4;-17.3;-22.5;-19.9,255;255;255;255;255;255;255;255;255;255;255;255,1;0;0;0;0;0;0;0;0,504990;504990;504990;504990;504990;504990;504990;504990;504990,6;721;7;699;252;722;741;560;701,2;3;4;7;1;7;6;4;4,-,4;1;1;1;1;1;1;1;1,-78.7;-78.1;-85.1;-90.2;-95;-98.8;-100.6;-117;-121.9,-11.3;-11;-14.5;-13.8;-21.4;-20.7;-19.9;-30.5;-30.9,9.6;255;255;255;255;255;255;255;255,4.5,28,0,QPSK,-,100,0,0,0,0.00,0.00,0.02,0.02,13.6,1,Rank 1,18,276,13,141,-,141,13,22.9,31,22,256QAM,0,SMDL,1,0,9.2,0.00,0.00,0.11,0.62,Rank 2,4,392,162,-,4 x 4,HandOver,43861,Free,17,FORMAT_0,753,57,Success,43861,7,-,8,3,-6,-,162,-,1,12,-,-,-,-,-,-,-,-,-,-,-,-,-,Registered,Normal Service,9,269,18,D4A6D4C1,206,18,30kHz,688,-,4,1,-,-,New trans.,0,0,64QAM,59,1,43861,211,1,0,2,Pass,0,QPSK,0,44,1,0,2,30kHz,Re trans.,-,1379,
20260725 15:21:47.294,24.825496,102.847965,27.76,1947,3,1,0.00,0.00,,,,,,,1,SA,460,00,中国移动,4456484,6443511821,1573123,13,Normal,-,1,41,100,100,504990,-,6,513000,513000,30kHz,503172,1099,-,ms20,Connected,SA,-0.2,1,6,-60,95,-77.6,-11.4,6.8,2,Not Barred,6,6312,-38.6,504990,6,-74.8;-85.3;-87;-86.7,-,8.2;8.8;255;255,13.1;5.9;255;255,-38.6;-43.8,2;4;2;6;7;4;2;1;0;3;7,721;560;722;741;699;7;6;6;6;6;252,-86.8;-93.3;-84;-95.2;-98.5;-86.8;-77.3;-85.1;-92.8;-97.9;-105.1,-20.7;-19.3;-17.2;-17.7;-20.1;-14;-11.4;-11.8;-13.1;-19.7;-20,255;255;255;255;255;255;255;255;255;255;255,1;0;0;0;0;0;0;0,504990;504990;504990;504990;504990;504990;504990;504990,6;722;721;7;560;741;699;252,2;2;2;4;4;6;7;7,-,4;1;1;1;1;1;1;1,-77.6;-84.8;-85.8;-88.4;-93.3;-95.2;-98.5;-102.6,-11.4;-16.5;-13.5;-13.5;-19.3;-17.7;-20.1;-19.9,6.8;255;255;255;255;255;255;255,1.9,28,0,QPSK,-,100,0,0,0,0.00,0.00,0.01,0.01,0,1,Rank 1,23,484,21,69,-,69,12,19.4,31,22,64QAM,0,SMDL,0,2.2,54.3,0.00,0.00,0.07,0.26,Rank 2,4,184,83,-,2 x 2,HandOver,43861,Free,17,FORMAT_0,753,57,Success,43861,7,-,10,7,-6,-,83,-,5,16,-,-,-,-,-,-,-,-,-,-,-,-,-,Registered,Normal Service,9,269,18,D4A6D4C1,300,9,30kHz,848,-,4,1,-,-,New trans.,0,0,256QAM,59,2,43861,283,3,0,0,Pass,0,QPSK,0,16,1,0,15,30kHz,Re trans.,-,2587,
20260725 15:21:48.306,24.825488,102.847888,27.36,1947,3,1,0.00,0.00,,,,,,,1,SA,460,00,中国移动,4456484,6443511821,1573123,13,Normal,-,1,41,100,100,504990,-,6,513000,513000,30kHz,503172,1099,-,ms20,Connected,SA,-0.2,2,6,-60,96,-78.1,-11.1,3.5,2,Not Barred,6,6312,-41.8,504990,6,-85.3;-83.1;-82.2;-93.9,-,2.6;4;255;255,13.5;10.4;255;255,-41.8;-50.4,3;4;2;6;7;4;2;1;0;6;1,721;560;722;741;699;7;6;6;6;6;252,-85;-101.1;-86.3;-92.2;-104.8;-83.3;-77.6;-84.7;-92.7;-108.9;-121.7,-11.3;-23.5;-18.1;-14.6;-20.4;-12.4;-11.2;-11.1;-13;-24.1;-30.1,255;255;255;255;255;255;255;255;255;255;255,1;0;0;0;0;0;0;0,504990;504990;504990;504990;504990;504990;504990;504990,6;7;721;722;741;560;699;252,2;4;3;2;6;4;7;1,-,4;1;1;1;1;1;1;1,-78.1;-83.6;-86.1;-86.4;-92.5;-101.1;-104.8;-114.3,-11.1;-12.4;-13;-18;-15.1;-23.5;-20.4;-27,3.5;255;255;255;255;255;255;255,5.8,28,0,QPSK,-,100,0,0,0,0.00,0.00,0.00,0.00,33.3,1,Rank 1,19,192,10,69,-,69,13,19.4,31,20,64QAM,0,SMDL,0,0,56.1,0.00,0.00,0.03,0.22,Rank 2,4,164,59,-,2 x 2,HandOver,43861,Free,17,FORMAT_0,753,57,Success,43861,7,-,10,12,-6,-,59,-,5,10,-,-,-,-,-,-,-,-,-,-,-,-,-,Registered,Normal Service,9,269,18,D4A6D4C1,408,9,30kHz,800,-,4,1,-,-,New trans.,0,0,256QAM,59,0,43861,419,3,0,0,Pass,1,QPSK,0,16,1,0,15,30kHz,Re trans.,-,897,
20260725 15:21:49.313,24.825481,102.847814,27.07,1947,3,1,0.00,0.00,,,,,,,1,SA,460,00,中国移动,4456484,6677397515,1630224,11,Normal,-,1,41,100,100,504990,-,6,513000,513000,30kHz,503172,1099,-,ms20,Connected,SA,-0.2,2,6,-60,98,-79.6,-10.9,11.5,2,Not Barred,6,6312,-42.3,504990,6,-78.4;-78.8;-85.6;-88.7,-,11.5;10.4;255;255,16.1;15.9;255;255,-42.3;-42.3,3;0;5;5;7;4;2;1;0;3;5;4;1,721;252;722;741;699;7;6;6;6;6;559;560;494,-92.6;-148;-112.4;-96.9;-110.5;-86;-78.8;-84.1;-91.7;-94.6;-93.3;-105.6;-145.4,-14.6;-39.5;-25.9;-20.1;-23.4;-12.4;-11;-11;-12;-15.9;-15.9;-21.9;-38.4,255;255;255;255;255;255;255;255;255;255;255;255;255,1;0;0;0;0;0;0;0;0;0,504990;504990;504990;504990;504990;504990;504990;504990;504990;504990,6;7;721;559;722;741;560;699;494;252,2;4;3;5;5;5;4;7;1;0,-,4;1;1;1;1;1;1;1;1;1,-79.6;-86.7;-93.2;-93.3;-95.4;-97.8;-105.6;-110.5;-145.4;-147.5,-10.9;-12.3;-15.4;-15.9;-19.7;-18.8;-21.9;-23.4;-38.4;-39.3,11.5;255;255;255;255;255;255;255;255;255,7.3,30,0,QPSK,-,72.7,4.5,22.7,0,0.06,0.00,0.17,0.17,15,1,Rank 1,38,852,9,14,-,14,13,19.6,31,18,64QAM,0,SMDL,0,0,53.7,0.00,0.00,0.01,0.40,Rank 2,4,284,44,-,2 x 2,HandOver,43861,Free,17,FORMAT_0,753,57,Success,43861,7,-,7,4,-6,-,44,-,5,9,-,-,-,-,-,-,-,-,-,-,-,-,-,Registered,Normal Service,9,269,18,D4A6D4C1,508,18,30kHz,656,-,4,1,-,-,New trans.,0,0,64QAM,75,1,43861,513,12,0,4,Pass,0,QPSK,0,20,1,0,0,30kHz,Re trans.,-,21822,
20260725 15:21:50.325,24.825478,102.847739,27.22,1947,3,1,0.00,0.00,,,,,,,1,SA,460,00,中国移动,4456484,6677397515,1630224,11,Normal,-,1,41,100,100,504990,-,6,513000,513000,30kHz,503172,1099,-,ms20,Connected,SA,-0.2,2,6,-60,96,-78.1,-10.6,10.6,2,Not Barred,6,6312,-41.8,504990,6,-80.6;-81.8;-94.6;-94.9,-,7.3;10.6;255;255,13.9;11.4;255;255,-41.8;-48.5,4;4;5;6;5;4;2;1;3;4;0;7,721;560;722;741;559;7;6;6;6;6;252;699,-90.6;-119.2;-101.8;-96.7;-93.7;-84.8;-79.3;-78.3;-93.2;-94.7;-103.2;-102.7,-16.5;-28.9;-21.1;-17.3;-16.2;-12.4;-10.8;-10.5;-15;-18.1;-21.8;-20.2,255;255;255;255;255;255;255;255;255;255;255;255,1;0;0;0;0;0;0;0;0,504990;504990;504990;504990;504990;504990;504990;504990;504990,6;7;721;559;741;722;699;252;560,2;4;4;5;6;5;7;0;4,-,4;1;1;1;1;1;1;1;1,-78.1;-87.1;-91.9;-93.7;-96.6;-101.8;-102.7;-103.2;-119.2,-10.6;-13.1;-16.7;-16.2;-16.8;-21.1;-20.2;-21.8;-28.9,10.6;255;255;255;255;255;255;255;255,7.3,30,0,QPSK,-,72.7,4.5,22.7,0,0.00,0.06,0.01,0.01,0,1,Rank 1,38,852,19,69,-,69,13,16.7,22,15,64QAM,0,SMDL,0,0,81.6,0.03,0.04,0.03,0.18,Rank 2,4,152,66,-,2 x 2,HandOver,43861,Free,17,FORMAT_0,753,57,Success,43861,7,-,12,10,-6,-,66,-,1,18,-,-,-,-,-,-,-,-,-,-,-,-,-,Registered,Normal Service,9,269,18,D4A6D4C1,581,19,30kHz,848,-,4,1,-,-,New trans.,0,0,256QAM,88,1,43861,575,3,0,0,Pass,0,QPSK,0,16,1,0,15,30kHz,Re trans.,-,21822,
20260725 15:21:51.337,24.825476,102.847661,28.26,1947,3,1,0.00,0.00,,,,,,,1,SA,460,00,中国移动,4456484,6677397515,1630224,11,Normal,-,1,41,100,100,504990,-,6,513000,513000,30kHz,503172,1099,-,ms20,Connected,SA,-0.2,2,1,-60,90,-73.2,-10.5,13.4,2,Not Barred,6,6312,-40.5,504990,6,-74.2;-74.8;-83.1;-85.8,-,4.8;9.2;255;255,16.4;19.6;255;255,-40.5;-40.6,4;2;1;0;4;4;5;5;4,721;6;6;6;6;560;741;559;7,-89.2;-72.2;-75.2;-85.6;-90.3;-107;-91.7;-94.9;-81.6,-17.1;-10.6;-10.5;-11.7;-18;-24.9;-16;-18.3;-12,255;255;255;255;255;255;255;255;255,1;0;0;0;0;0,504990;504990;504990;504990;504990;504990,6;7;721;741;559;560,2;4;4;5;5;4,-,4;1;1;1;1;1,-73.2;-81.3;-89.4;-92.1;-94.9;-107,-10.5;-11.5;-15.9;-16.9;-18.3;-24.9,13.4;255;255;255;255;255,7.3,30,0,QPSK,-,72.7,4.5,22.7,0,0.00,0.00,0.00,0.00,0,1,Rank 1,38,852,3,69,-,69,12,16.7,22,15,64QAM,0,SMDL,0,0,81.6,0.00,0.00,0.03,0.00,Rank 2,4,0,22,-,2 x 2,HandOver,43861,Free,17,FORMAT_0,753,57,Success,43861,7,-,8,3,-6,-,22,-,1,3,-,-,-,-,-,-,-,-,-,-,-,-,-,Registered,Normal Service,9,269,18,D4A6D4C1,710,18,30kHz,848,-,4,1,-,-,New trans.,0,0,256QAM,24,1,43861,575,3,0,0,Pass,0,QPSK,0,16,1,0,15,30kHz,Re trans.,-,21822,
20260725 15:21:52.347,24.825480,102.847583,28.73,1947,3,1,0.00,0.00,,,,,,,1,SA,460,00,中国移动,4456484,6677397515,1630224,11,Normal,-,1,41,100,100,504990,-,6,513000,513000,30kHz,503172,1099,-,ms20,Connected,SA,-0.2,2,1,-60,86,-68.7,-10.4,17.1,2,Not Barred,6,6312,-33.8,504990,6,-68.6;-73.8;-79.5;-81.4,-,14;13.9;255;255,22.4;22.8;255;255,-33.8;-37.1,3;2;1;0;3;4;5;5;4,721;6;6;6;6;722;741;559;7,-90.1;-67.7;-70.5;-80.5;-82;-82.8;-81.8;-109.6;-77.6,-20;-10.4;-10.5;-12;-13;-17.9;-12.6;-27.5;-12.3,255;255;255;255;255;255;255;255;255,1;0;0;0;0;0,504990;504990;504990;504990;504990;504990,6;7;741;722;721;559,2;4;5;4;3;5,-,4;1;1;1;1;1,-68.7;-78.8;-82.3;-82.8;-90.1;-109.6,-10.4;-12.5;-12.8;-17.9;-20;-27.5,17.1;255;255;255;255;255,0.6,2,0,QPSK,-,100,0,0,0,0.00,0.00,0.00,0.00,0,2,Rank 1,16,112,3,69,-,69,13,21.9,31,23,256QAM,0,SMDL,0,0,26.7,0.00,0.00,0.00,0.09,Rank 2,4,60,22,-,2 x 2,HandOver,43861,Free,17,FORMAT_0,753,57,Success,43861,7,-,6,0,-6,-,22,-,1,3,-,-,-,-,-,-,-,-,-,-,-,-,-,Registered,Normal Service,9,269,18,D4A6D4C1,816,18,30kHz,800,-,4,1,-,-,New trans.,0,0,256QAM,36,1,43861,803,3,0,0,Pass,1,QPSK,0,16,1,0,15,30kHz,Re trans.,-,706,
20260725 15:21:53.361,24.825485,102.847505,28.62,1946,3,1,0.00,0.00,,,,,,,1,SA,460,00,中国移动,4456484,6677397515,1630224,11,Normal,-,1,41,100,100,504990,-,6,513000,513000,30kHz,503172,1099,-,ms20,Connected,SA,-0.2,2,1,-60,82,-65.4,-10.4,23.9,2,Not Barred,6,6312,-29.6,504990,6,-64.1;-63.1;-75.9;-88.3,-,21.1;19.6;21.2;17.8,19;24.6;255;255,-29.6;-31,5;2;1;0;3;4;3;5,741;6;6;6;6;7;721;722,-88.4;-65.1;-65.7;-77.1;-77.2;-73.2;-80.1;-92,-16.6;-10.4;-10.5;-11.7;-12;-11.5;-15.2;-20.4,255;255;255;255;255;255;255;255,1;0;0;0;0,504990;504990;504990;504990;504990,6;7;721;741;722,2;4;3;5;5,-,4;1;1;1;1,-65.4;-73.6;-80.1;-89.3;-92,-10.4;-11.8;-15.2;-17.1;-20.4,23.9;255;255;255;255,0,0,0,QPSK,-,100,0,0,0,0.00,0.00,0.00,0.00,0,1,Rank 1,17,104,5,14,-,14,13,21.6,24,23,256QAM,0,SMDL,0,0,6.3,0.00,0.00,0.00,0.10,Rank 2,4,64,23,-,2 x 2,HandOver,43861,Free,17,FORMAT_0,753,57,Success,43861,7,-,3,-2,-6,-,23,-,1,4,-,-,-,-,-,-,-,-,-,-,-,-,-,Registered,Normal Service,9,269,18,D4A6D4C1,912,18,30kHz,944,-,4,1,-,-,New trans.,0,0,256QAM,87,1,43861,897,12,0,4,Pass,0,QPSK,0,20,1,0,0,30kHz,Re trans.,-,304,
20260725 15:21:54.373,24.825491,102.847428,28.62,1946,3,1,0.00,0.00,,,,,,,1,SA,460,00,中国移动,4456484,6677397515,1630224,11,Normal,-,1,41,100,100,504990,-,6,513000,513000,30kHz,503172,1099,-,ms20,Connected,SA,-0.2,3,1,-60,82,-65.4,-10.4,21.9,2,Not Barred,6,6312,-28.5,504990,6,-65;-64;-76.3;-83.8,-,17.4;9;255;255,11.3;19;255;255,-29.8;-49;-40.5;-28.5,5;2;1;3;0;4;4,741;6;6;6;6;7;721,-91.7;-65.1;-65.3;-78;-80;-77.3;-86.8,-18.8;-10.4;-10.4;-11.2;-11.5;-12.4;-21,255;255;255;255;255;255;255,1;0;0;0,504990;504990;504990;504990,6;7;721;741,2;4;4;5,-,4;1;1;1,-65.4;-78.1;-86.9;-91.7,-10.4;-12.4;-21;-18.8,21.9;255;255;255,0,0,0,QPSK,-,100,0,0,0,0.00,0.00,0.00,0.00,0,1,Rank 1,17,104,2,69,-,69,12,22.3,24,24,256QAM,0,SMDL,0,0,0,0.00,0.00,0.00,0.05,Rank 2,4,28,9,-,2 x 2,HandOver,43861,Free,17,FORMAT_0,753,57,Success,43861,7,-,6,0,-6,-,9,-,1,1,-,-,-,-,-,-,-,-,-,-,-,-,-,Registered,Normal Service,9,269,18,D4A6D4C1,992,9,30kHz,944,-,4,1,-,-,New trans.,0,0,256QAM,25,1,43861,987,3,0,0,Pass,0,QPSK,0,16,1,0,15,30kHz,Re trans.,-,304,
20260725 15:21:55.381,24.825499,102.847349,28.94,1946,3,1,0.00,0.00,,,,,,,1,SA,460,00,中国移动,4456484,6677397515,1630224,11,Normal,-,1,41,100,100,504990,-,6,513000,513000,30kHz,503172,1099,-,ms20,Connected,SA,-0.2,3,1,-60,87,-68.6,-10.4,23.8,2,Not Barred,6,6312,-35.5,504990,6,-66.5;-68.5;-74;-87.6,-,9.7;17.7;255;255,13.1;20.1;255;255,-35.5;-37,5;2;1;3;4;4;3;4;5,741;6;6;6;6;7;721;560;559,-97.1;-69.6;-68.3;-80.3;-84.5;-77.3;-86.5;-87.4;-85,-19.9;-10.5;-10.4;-12.4;-17.1;-12.1;-17.9;-21;-15.5,255;255;255;255;255;255;255;255;255,1;0;0;0;0;0,504990;504990;504990;504990;504990;504990,6;7;559;721;560;741,2;4;5;3;4;5,-,4;1;1;1;1;1,-68.6;-78;-85;-87;-87.4;-91.1,-10.4;-12.7;-15.5;-18.5;-21;-17.8,23.8;255;255;255;255;255,0,0,0,QPSK,-,100,0,0,0,0.00,0.00,0.00,0.00,0,1,Rank 1,17,52,3,14,-,14,13,27,31,25,256QAM,0,SMDL,0,0,0,0.00,0.00,0.00,0.09,Rank 2,4,48,15,-,2 x 2,HandOver,43861,Free,17,FORMAT_0,753,57,Success,43861,7,-,6,2,-6,-,15,-,1,2,-,-,-,-,-,-,-,-,-,-,-,-,-,Registered,Normal Service,9,269,18,D4A6D4C1,88,18,30kHz,944,-,4,1,-,-,New trans.,0,0,256QAM,76,1,43861,65,12,0,4,Pass,0,QPSK,0,20,1,0,0,30kHz,Re trans.,-,152,
20260725 15:21:56.394,24.825508,102.847270,29.48,1946,3,1,0.00,0.00,,,,,,,1,SA,460,00,中国移动,4456484,6677397515,1630224,11,Normal,-,1,41,100,100,504990,-,6,513000,513000,30kHz,503172,1099,-,ms20,Connected,SA,-0.2,3,1,-60,91,-72.3,-10.6,14,2,Not Barred,6,6312,-30.3,504990,6,-71.5;-74.2;-78.9;-86.8,-,19.9;19.2;255;255,24.7;24.1;255;255,-39;-30.3,5;2;1;0;4;4;3;4;5,741;6;6;6;6;7;721;560;559,-97.4;-73.6;-71.4;-84.4;-84.9;-80.1;-114.6;-78.4;-76.2,-21.6;-10.7;-10.5;-12.3;-18.3;-14.4;-28.5;-14;-11.4,255;255;255;255;255;255;255;255;255,1;0;0;0;0;0,504990;504990;504990;504990;504990;504990,6;559;560;7;741;721,2;5;4;4;5;4,-,4;1;1;1;1;1,-67.9;-75.4;-77.8;-81.4;-89.7;-115.9,-10.5;-11.3;-13.7;-14.6;-18.3;-29.6,19.9;255;255;255;255;255,0,0,0,QPSK,-,100,0,0,0,0.00,0.00,0.00,0.00,0,1,Rank 1,17,52,4,14,-,14,12,24.7,31,24,256QAM,0,SMDL,0,0,0,0.00,0.00,0.04,0.19,Rank 2,4,104,29,-,2 x 2,HandOver,43861,Free,17,FORMAT_0,753,57,Success,43861,7,-,6,0,-6,-,29,-,1,4,-,-,-,-,-,-,-,-,-,-,-,-,-,Registered,Normal Service,9,269,18,D4A6D4C1,193,19,30kHz,944,-,4,1,-,-,New trans.,0,0,256QAM,59,0,43861,193,12,0,4,Pass,0,QPSK,0,20,1,0,0,30kHz,Re trans.,-,152,
20260725 15:21:57.402,24.825520,102.847189,30.06,1945,3,1,0.00,0.00,,,,,,,1,SA,460,00,中国移动,4456484,6677397515,1630224,11,Normal,-,1,41,100,100,504990,-,6,513000,513000,30kHz,503172,1099,-,ms20,Connected,SA,-0.2,2,1,-60,84,-67.9,-10.5,17.5,1,Not Barred,6,6312,-32.8,504990,6,-68.1;-68.8;-73;-83.5,-,22.6;21.8;255;255,16.8;22.8;255;255,-32.8;-33.6,5;1;2;0;4;4;4;4;5,741;6;6;6;6;7;721;560;559,-96.1;-67;-72.1;-80.3;-81.6;-79.1;-85.7;-82.6;-83.6,-21.5;-10.4;-10.6;-11.2;-15.4;-13.8;-20.2;-17.6;-14.1,255;255;255;255;255;255;255;255;255,1;0;0;0;0;0,504990;504990;504990;504990;504990;504990,6;7;560;559;721;741,1;4;4;5;4;5,-,4;1;1;1;1;1,-67.9;-79.2;-82.6;-83.6;-86;-95.9,-10.5;-14;-17.6;-14.1;-19.9;-21.4,17.5;255;255;255;255;255,0.3,2,0,QPSK,-,100,0,0,0,0.00,0.00,0.00,0.00,0,1,Rank 1,16,116,4,69,-,69,11,23.6,31,24,256QAM,0,SMDL,0,0,0,0.00,0.00,0.04,0.10,Rank 2,4,56,17,-,2 x 2,HandOver,43861,Free,17,FORMAT_0,753,57,Success,43861,7,-,8,0,-6,-,17,-,1,3,-,-,-,-,-,-,-,-,-,-,-,-,-,Registered,Normal Service,9,269,18,D4A6D4C1,292,18,30kHz,848,-,4,1,-,-,New trans.,0,0,256QAM,13,1,43861,287,3,0,0,Pass,0,QPSK,0,16,1,0,15,30kHz,Re trans.,-,465,
20260725 15:21:58.413,24.825535,102.847106,30.74,1945,3,1,0.00,0.00,,,,,,,1,SA,460,00,中国移动,4456484,6677397515,1630224,11,Normal,-,1,41,100,100,504990,-,6,513000,513000,30kHz,503172,1099,-,ms20,Connected,SA,-0.2,3,1,-60,76,-58.8,-10.4,27.3,1,Not Barred,6,6312,-21.9,504990,6,-54.7;-58.5;-65.5;-73.1,-,16.1;20;255;255,14.6;19.6;255;255,-21.9;-21.9,5;1;2;3;4;4;4;4;5,741;6;6;6;6;7;721;560;559,-138;-58.1;-63.1;-72;-72.8;-68.5;-148.2;-148.3;-84.6,-37.1;-10.4;-10.4;-11.4;-15.3;-11.5;-40.7;-40.7;-20.2,255;255;255;255;255;255;255;255;255,1;0;0;0;0;0,504990;504990;504990;504990;504990;504990,6;7;559;741;721;560,1;4;5;5;4;4,-,4;1;1;1;1;1,-58.8;-68.7;-84.6;-138;-148.1;-148.3,-10.4;-11.6;-20.2;-37.1;-40.6;-40.7,27.3;255;255;255;255;255,0.3,2,0,QPSK,-,100,0,0,0,0.00,0.00,0.00,0.00,0,1,Rank 1,16,116,4,69,-,69,10,24.3,31,25,256QAM,0,SMDL,0,0,0,0.00,0.00,0.01,0.21,Rank 2,4,120,17,-,2 x 2,HandOver,43861,Free,17,FORMAT_0,753,57,Success,43861,7,-,2,-13,-6,-,17,-,1,3,-,-,-,-,-,-,-,-,-,-,-,-,-,Registered,Normal Service,9,269,18,D4A6D4C1,390,18,30kHz,992,-,4,1,-,-,New trans.,0,0,256QAM,80,0,43861,351,3,0,0,Pass,0,QPSK,0,16,1,0,15,30kHz,Re trans.,-,465,
20260725 15:21:59.425,24.825552,102.847023,31.36,1945,3,1,0.00,0.00,,,,,,,1,SA,460,00,中国移动,4456484,6677397515,1630224,11,Normal,-,1,41,100,100,504990,-,6,513000,513000,30kHz,503172,1099,-,ms20,Connected,SA,-0.2,3,1,-60,73,-55.9,-10.4,26.9,1,Not Barred,6,6312,-17.8,504990,6,-58.7;-56.9;-64.1;-70,-,20.5;26.1;26.9;26.8,20.9;24.7;255;255,-21.3;-17.8,5;1;2;3;4;4;4;0,559;6;6;6;6;7;560;637,-70.3;-55.6;-63.4;-71.2;-71.3;-69;-74.4;-143.4,-12.6;-10.4;-10.5;-12.1;-14.9;-12.6;-18.3;-39,255;255;255;255;255;255;255;255,1;0;0;0;0,504990;504990;504990;504990;504990,6;559;7;560;637,1;5;4;4;0,-,4;1;1;1;1,-55.9;-70.3;-70.4;-76.8;-143.4,-10.4;-12.6;-13.7;-18.7;-39,26.9;255;255;255;255,0.1,1,0,QPSK,-,100,0,0,0,0.00,0.00,0.00,0.00,0,1,Rank 1,16,112,5,225,-,225,12,24.3,25,25,256QAM,0,SMDL,0,0,11.1,0.00,0.00,0.01,0.07,Rank 2,4,40,15,-,2 x 2,HandOver,43861,Free,17,FORMAT_0,753,57,Success,43861,7,-,0,-12,-6,-,15,-,1,4,-,-,-,-,-,-,-,-,-,-,-,-,-,Registered,Normal Service,9,269,18,D4A6D4C1,507,18,30kHz,896,-,4,1,-,-,-,0,0,256QAM,83,1,43861,504,3,0,0,Pass,1,QPSK,1,16,2,0,15,30kHz,Re trans.,-,480,
20260725 15:22:00.431,24.825574,102.846940,31.54,1945,3,1,0.00,0.00,,,,,,,1,SA,460,00,中国移动,4456484,6677397515,1630224,11,Normal,-,1,41,100,100,504990,-,6,513000,513000,30kHz,503172,1099,-,ms20,Connected,SA,-0.2,3,1,-60,76,-58.1,-10.4,21.4,1,Not Barred,6,6312,-22.8,504990,6,-62;-63;-72.5;-79.6,-,22.9;23.3;255;255,23.8;25.3;255;255,-22.8;-22.9,5;1;2;3;4;4;4,559;6;6;6;6;7;560,-75.5;-58;-67;-74.4;-74.6;-71.6;-83.9,-13.2;-10.4;-10.6;-13.1;-15.8;-12;-19.1,255;255;255;255;255;255;255,1;0;0;0,504990;504990;504990;504990,6;7;559;560,1;4;5;4,-,4;1;1;1,-58.1;-73.2;-75.5;-83.9,-10.4;-12.6;-13.2;-19.1,21.4;255;255;255,1.2,5,0,QPSK,-,83.3,16.7,0,0,0.00,0.00,0.00,0.00,0,2,Rank 1,17,104,5,106,-,106,13,23.4,31,23,256QAM,0,SMDL,0,0,10.7,0.00,0.00,0.01,0.18,Rank 2,4,112,15,-,2 x 2,HandOver,43861,Free,17,FORMAT_0,753,57,Success,43861,7,-,6,-6,-6,-,15,-,1,4,-,-,-,-,-,-,-,-,-,-,-,-,-,Registered,Normal Service,9,269,18,D4A6D4C1,602,9,30kHz,992,-,4,1,-,-,New trans.,0,0,256QAM,68,2,43861,602,1,0,0,Pass,1,QPSK,2,16,2,0,15,30kHz,Re trans.,-,808,
20260725 15:22:01.442,24.825599,102.846859,31.25,1944,3,1,0.00,0.00,,,,,,,1,SA,460,00,中国移动,4456484,6677397515,1630224,11,Normal,-,1,41,100,100,504990,-,6,513000,513000,30kHz,503172,1099,-,ms20,Connected,SA,-0.2,3,1,-60,78,-60.9,-10.4,24.1,1,Not Barred,6,6312,-27.6,504990,6,-60.7;-62.3;-84;-68.5,-,18.5;19.6;255;255,21;24.7;255;255,-27.6;-27.9,5;1;2;4;3;4;4,559;6;6;6;6;7;560,-71.8;-60.9;-71.1;-77.6;-78.6;-74.8;-77,-11.5;-10.4;-10.8;-15.8;-14.5;-13;-15.5,255;255;255;255;255;255;255,1;0;0;0,504990;504990;504990;504990,6;559;7;560,1;5;4;4,-,4;1;1;1,-60.9;-71.8;-75.9;-77,-10.4;-11.5;-13.5;-15.5,24.1;255;255;255,1.8,5,2,QPSK,-,80,20,0,0,0.00,0.00,0.00,0.01,0,2,Rank 1,18,92,5,106,-,106,13,24.3,25,25,256QAM,0,SMDL,0,0,0,0.00,0.00,0.03,0.15,Rank 2,4,84,29,-,2 x 2,HandOver,43861,Free,17,FORMAT_0,753,57,Success,43861,7,-,7,-1,-6,-,29,-,1,4,-,-,-,-,-,-,-,-,-,-,-,-,-,Registered,Normal Service,9,269,18,D4A6D4C1,709,19,30kHz,896,-,4,1,-,-,New trans.,0,0,256QAM,59,1,43861,707,1,0,0,Pass,0,QPSK,2,16,2,0,15,30kHz,Re trans.,-,812,
20260725 15:22:02.450,24.825629,102.846780,30.82,1944,3,1,0.00,0.00,,,,,,,1,SA,460,00,中国移动,4456484,6677397515,1630224,11,Normal,-,1,41,100,100,504990,-,6,513000,513000,30kHz,503172,1099,-,ms20,Connected,SA,-0.2,3,1,-60,84,-68.1,-10.5,21.8,1,Not Barred,6,6312,-26.8,504990,6,-67.8;-69.5;-68.1;-86.6,-,15;20.7;255;255,18.6;20.2;255;255,-26.8;-33.3,5;1;2;7;5;2;4;4,559;6;6;6;6;7;560;721,-79.2;-67.8;-75.4;-87.1;-86.5;-76.7;-97.8;-86.1,-11.9;-10.4;-12;-11.9;-16.2;-13.3;-20.9;-16.9,255;255;255;255;255;255;255;255,1;0;0;0;0,504990;504990;504990;504990;504990,6;7;559;721;560,1;2;5;4;4,-,4;1;1;1;1,-68.1;-78;-79.2;-86.6;-97.8,-10.5;-12.9;-11.9;-17.1;-20.9,21.8;255;255;255;255,1.8,5,2,QPSK,-,80,20,0,0,0.06,0.06,0.08,0.09,6.3,2,Rank 1,18,92,4,69,-,69,11,23,31,23,256QAM,0,SMDL,0,0,10,0.00,0.00,0.02,0.36,Rank 2,4,217,22,-,2 x 2,HandOver,43861,Free,17,FORMAT_0,753,57,Success,43861,7,-,9,0,-6,-,22,-,1,3,-,-,-,-,-,-,-,-,-,-,-,-,-,Registered,Normal Service,9,269,18,D4A6D4C1,802,18,30kHz,944,-,4,1,-,-,New trans.,0,0,256QAM,75,1,43861,797,3,0,0,Pass,1,QPSK,0,16,1,0,15,30kHz,Re trans.,-,812,
20260725 15:22:03.465,24.825660,102.846704,30.35,1944,3,1,0.00,0.00,,,,,,,1,SA,460,00,中国移动,4456484,6677397515,1630224,11,Normal,-,1,41,100,100,504990,-,6,513000,513000,30kHz,503172,1099,-,ms20,Connected,SA,-0.2,3,1,-60,82,-64.8,-10.4,23.6,1,Not Barred,6,6312,-31.9,504990,6,-65.6;-63.5;-73.5;-71.9,-,17.6;17.2;255;255,18.8;21.2;255;255,-31.9;-36.3,5;1;2;6;4;3;4;4;0,559;6;6;6;6;7;560;721;637,-77;-64.8;-79;-82.9;-82.8;-78.8;-82.5;-89.3;-141.6,-12.4;-10.4;-12.9;-11.4;-15.6;-12.2;-16.3;-21;-37.6,255;255;255;255;255;255;255;255;255,1;0;0;0;0;0,504990;504990;504990;504990;504990;504990,6;559;7;560;721;637,1;5;3;4;4;0,-,4;1;1;1;1;1,-64.8;-77;-79.1;-82.5;-89.2;-141.6,-10.4;-12.4;-13.5;-16.3;-20.9;-37.6,23.6;255;255;255;255;255,6.2,30,2,QPSK,-,68.8,6.3,18.8,6.3,0.00,0.00,0.00,0.01,0,1,Rank 1,18,288,16,14,-,14,13,23.5,31,22,256QAM,0,SMDL,0,0,5.6,0.03,0.03,0.07,0.24,Rank 2,4,144,56,-,2 x 2,HandOver,43861,Free,17,FORMAT_0,753,57,Success,43861,7,-,6,2,-6,-,56,-,1,16,-,-,-,-,-,-,-,-,-,-,-,-,-,Registered,Normal Service,9,269,18,D4A6D4C1,896,8,30kHz,800,-,4,1,-,-,New trans.,0,0,256QAM,64,1,43861,897,11,0,4,Pass,0,QPSK,0,20,1,0,0,30kHz,Re trans.,-,10455,
20260725 15:22:04.478,24.825688,102.846627,30.13,1944,3,1,0.00,0.00,,,,,,,1,SA,460,00,中国移动,4456484,6677397515,1630224,11,Normal,-,1,41,100,100,504990,-,6,513000,513000,30kHz,503172,1099,-,ms20,Connected,SA,-0.3,2,1,-60,91,-74.5,-10.7,17.7,1,Not Barred,6,6312,-37.4,504990,6,-76.9;-83.7;-77.5;-83.7,-,11.3;8.8;255;255,16.1;16.6;255;255,-39.6;-37.4,5;1;2;0;3;0;4;4;5;4;0,559;6;6;6;6;7;560;721;741;722;637,-77.1;-74.2;-83.1;-88.6;-90.9;-85.4;-82.6;-87.5;-133.6;-90.4;-94.9,-11.3;-10.6;-12.4;-15.1;-17.3;-13.6;-14;-16.3;-35.1;-18.7;-18.4,255;255;255;255;255;255;255;255;255;255;255,1;0;0;0;0;0;0;0,504990;504990;504990;504990;504990;504990;504990;504990,6;559;560;7;721;722;637;741,1;5;4;0;4;4;0;5,-,4;1;1;1;1;1;1;1,-74.5;-77.1;-82.6;-85.4;-87.5;-91;-94.9;-133.6,-10.7;-11.3;-14;-13.8;-16.3;-18.9;-18.4;-35.1,17.7;255;255;255;255;255;255;255,1.3,5,0,QPSK,-,87.5,12.5,0,0,0.00,0.00,0.00,0.00,0,2,Rank 1,16,132,7,69,-,69,12,21.8,31,20,256QAM,0,SMDL,0,0,13.8,0.00,0.00,0.02,0.18,Rank 2,4,116,35,-,2 x 2,HandOver,43861,Free,17,FORMAT_0,753,57,Success,43861,7,-,10,6,-6,-,35,-,1,6,-,-,-,-,-,-,-,-,-,-,-,-,-,Registered,Normal Service,9,269,18,D4A6D4C1,1013,8,30kHz,848,-,4,1,-,-,-,0,0,256QAM,13,0,43861,1013,14,0,0,Pass,0,QPSK,0,16,1,0,15,30kHz,Re trans.,-,760,
20260725 15:22:05.485,24.825719,102.846553,29.66,1943,3,1,0.00,0.00,,,,,,,1,SA,460,00,中国移动,4456484,6677397515,1630224,11,Normal,-,1,41,100,100,504990,-,6,513000,513000,30kHz,503172,1099,-,ms20,Connected,SA,-0.3,2,1,-60,93,-75.1,-11,14.6,1,Not Barred,6,6312,-40.6,504990,6,-75.9;-73.7;-77.5;-86.3,-,10;8.2;255;255,16.1;14.8;255;255,-40.6;-42,5;1;2;0;7;3;4;4;4,559;6;6;6;6;7;560;721;722,-76.7;-74.9;-83.9;-85.9;-92;-81.3;-83.3;-82.6;-93.8,-11.2;-10.9;-13.6;-12.4;-13.5;-11.2;-15.2;-13.6;-18.8,255;255;255;255;255;255;255;255;255,1;0;0;0;0;0,504990;504990;504990;504990;504990;504990,6;559;7;721;560;722,1;5;3;4;4;4,-,4;1;1;1;1;1,-75.1;-76.7;-81.7;-82.6;-83.3;-94.5,-11;-11.2;-12.7;-13.6;-15.2;-19,14.6;255;255;255;255;255,4.6,28,2,QPSK,-,100,0,0,0,0.00,0.00,0.01,0.01,14.3,1,Rank 1,17,160,7,157,-,157,13,18.1,31,17,64QAM,0,SMDL,0,0,72.7,0.00,0.00,0.02,0.18,Rank 2,4,132,40,-,2 x 2,HandOver,43861,Free,17,FORMAT_0,753,57,Success,43861,7,-,10,6,-6,-,40,-,1,7,-,-,-,-,-,-,-,-,-,-,-,-,-,Registered,Normal Service,9,269,18,D4A6D4C1,89,19,30kHz,672,-,4,1,-,-,New trans.,0,1,64QAM,13,1,43861,87,13,0,0,Pass,0,QPSK,28,32,2,0,15,30kHz,New trans.,-,1248,
20260725 15:22:06.492,24.825755,102.846481,29.63,1943,3,1,0.00,0.00,,,,,,,1,SA,460,00,中国移动,4456484,6677397515,1630224,11,Normal,-,1,41,100,100,504990,-,6,513000,513000,30kHz,503172,1099,-,ms20,Connected,SA,-0.3,3,1,-60,93,-75.6,-10.6,18.2,1,Not Barred,6,6312,-39.9,504990,6,-75;-73.6;-75.6;-83.1,-,9.7;12.2;255;255,13.2;14.1;255;255,-40.8;-39.9,5;1;0;2;6;2;4;4;2;5,559;6;6;6;6;7;560;721;722;741,-79.3;-75.6;-94;-86.4;-93.2;-76.5;-86.7;-84.3;-89;-85.4,-12.1;-10.6;-16.3;-20;-16;-10.9;-16.5;-13.9;-21.9;-13.7,255;255;255;255;255;255;255;255;255;255,1;0;0;0;0;0;0,504990;504990;504990;504990;504990;504990;504990,6;7;559;721;741;560;722,1;2;5;4;5;4;2,-,4;1;1;1;1;1;1,-75.6;-77.6;-79.3;-84.5;-85.4;-86.7;-90.2,-10.6;-10.9;-12.1;-13.8;-13.7;-16.5;-20.6,18.2;255;255;255;255;255;255,4.6,28,2,QPSK,-,100,0,0,0,0.00,0.00,0.01,0.01,20,1,Rank 1,17,160,5,69,-,69,12,18.4,20,19,64QAM,0,SMDL,0,0,93.1,0.00,0.00,0.01,0.16,Rank 2,4,116,29,-,2 x 2,HandOver,43861,Free,17,FORMAT_0,753,57,Success,43861,7,-,9,5,-6,-,29,-,1,5,-,-,-,-,-,-,-,-,-,-,-,-,-,Registered,Normal Service,9,269,18,D4A6D4C1,151,19,30kHz,736,-,4,1,-,-,New trans.,0,0,64QAM,56,1,43861,147,3,0,0,Pass,0,QPSK,0,16,1,0,15,30kHz,Re trans.,-,1248,
20260725 15:22:07.501,24.825794,102.846412,29.45,1943,3,1,0.00,0.00,,,,,,,1,SA,460,00,中国移动,4456484,6677397515,1630224,11,Normal,-,1,41,100,100,504990,-,6,513000,513000,30kHz,503172,1099,-,ms20,Connected,SA,-0.3,3,1,-60,92,-75.1,-10.9,8.7,1,Not Barred,6,6312,-35,504990,6,-77.5;-80.5;-82.6;-84.5,-,8.6;12.1;255;255,17.7;19;255;255,-35;-38.9,5;1;0;2;6;3;4;4;2;5,559;6;6;6;6;7;560;721;722;741,-86.5;-75;-86.9;-88.4;-91.8;-75.1;-98.1;-79.6;-93.2;-83.4,-16.4;-10.9;-14.6;-15.2;-15.7;-10.5;-23.5;-12.3;-17.3;-12.9,255;255;255;255;255;255;255;255;255;255,1;0;0;0;0;0;0,504990;504990;504990;504990;504990;504990;504990,6;7;721;741;559;722;560,1;3;4;5;5;2;4,-,4;1;1;1;1;1;1,-75.1;-75.2;-79.6;-83.4;-86.5;-92.8;-98.1,-10.9;-10.6;-12.3;-12.9;-16.4;-17.1;-23.5,8.7;255;255;255;255;255;255,7.6,28,28,QPSK,-,80,20,0,0,0.00,0.00,0.00,0.00,0,2,Rank 1,19,96,4,60,-,60,12,18.6,20,19,64QAM,0,SMDL,0,0,82.4,0.00,0.00,0.00,0.09,Rank 2,4,68,24,-,2 x 2,HandOver,43861,Free,17,FORMAT_0,753,57,Success,43861,7,-,6,9,-6,-,24,-,1,4,-,-,-,-,-,-,-,-,-,-,-,-,-,Registered,Normal Service,9,269,18,D4A6D4C1,292,19,30kHz,800,-,4,1,-,-,New trans.,0,0,256QAM,55,1,43861,290,0,0,0,Pass,0,QPSK,0,16,1,0,15,30kHz,Re trans.,-,1001,
20260725 15:22:08.508,24.825834,102.846343,29.41,1943,3,1,0.00,0.00,,,,,,,1,SA,460,00,中国移动,4456484,6677397515,1630224,11,Normal,-,1,41,100,100,504990,-,6,513000,513000,30kHz,503172,1099,-,ms20,Connected,SA,-0.3,4,1,-60,93,-75.7,-11.3,11.7,1,Not Barred,6,6312,-35.4,504990,6,-74.9;-75.8;-80.9;-81.4,-,5.1;10.8;255;255,19.6;18.3;255;255,-42;-35.4,5;1;0;6;7;2;5;4;5,559;6;6;6;6;7;741;721;722,-108;-75.6;-87.9;-90.9;-90.8;-75.4;-86.8;-85;-90.9,-24.8;-11.3;-15.1;-15.6;-13.8;-10.7;-13.3;-14.7;-18,255;255;255;255;255;255;255;255;255,1;0;0;0;0;0,504990;504990;504990;504990;504990;504990,6;7;721;741;722;559,1;2;4;5;5;5,-,4;1;1;1;1;1,-75.7;-75.2;-85.2;-86.8;-91.2;-108,-11.3;-10.7;-14.2;-13.3;-17.3;-24.8,11.7;255;255;255;255;255,10,30,2,QPSK,-,60,13.3,26.7,0,0.07,0.07,0.17,0.18,17.6,2,Rank 1,48,720,4,341,-,341,11,19.3,23,18,64QAM,0,SMDL,0,0,53.5,0.01,0.02,0.02,0.24,Rank 2,4,172,24,-,2 x 2,HandOver,43861,Free,17,FORMAT_0,753,57,Success,43861,7,-,7,12,-6,-,24,-,1,4,-,-,-,-,-,-,-,-,-,-,-,-,-,Registered,Normal Service,9,269,18,D4A6D4C1,370,18,30kHz,768,-,4,1,-,-,New trans.,0,0,256QAM,59,1,43861,315,3,0,0,Pass,0,16QAM,7,16,2,0,15,30kHz,Re trans.,-,21558,
20260725 15:22:09.518,24.825876,102.846276,29.45,1943,3,1,0.00,0.00,,,,,,,1,SA,460,00,中国移动,4456484,6677397516,1630224,12,Normal,-,1,41,100,100,504990,-,7,513000,513000,30kHz,503172,1099,-,ms20,Connected,SA,-0.3,0,2,-60,86,-67.7,-10.4,8.2,2,Not Barred,6,6312,-37.8,504990,7,-66.5;-76.4;0;0,-,16.1;10.1;-1.8;4.4,1.6;6.5;3.6;3.5,-37.8;-39.3,5;1;2;3;4;5;5;4;5,559;6;7;7;7;7;741;721;722,-88.8;-75.1;-67;-74.1;-79.8;-82.9;-84.3;-83.8;-92,-16.4;-11.2;-10.4;-10.5;-12.1;-13.2;-14.9;-14;-20.6,255;255;255;255;255;255;255;255;255,1;0;0;0;0;0,504990;504990;504990;504990;504990;504990,7;6;721;741;559;722,2;1;4;5;5;5,-,4;1;1;1;1;1,-67.7;-75.3;-83.9;-84.3;-88.8;-93.2,-10.4;-11.2;-14;-14.9;-16.4;-18.3,8.2;255;255;255;255;255,3.1,7,7,QPSK,-,57.1,42.9,0,0,0.00,0.00,0.00,0.00,0,1,Rank 2,16,116,13,69,-,69,11,20.8,23,20,256QAM,0,SMDL,0,0,11.8,0.02,0.02,0.01,0.10,Rank 2,4,68,30,-,4 x 4,HandOver,46302,Free,17,FORMAT_0,718,127,Success,46302,2,-,11,-10,-16,-,30,-,3,10,-,-,-,-,-,-,-,-,-,-,-,-,-,Registered,Normal Service,9,269,18,D4A6D4C1,487,8,30kHz,992,-,4,1,-,-,New trans.,0,0,256QAM,136,1,46302,485,13,0,0,Pass,1,QPSK,0,16,1,0,14,30kHz,Re trans.,-,1241,
20260725 15:22:10.524,24.825876,102.846276,29.45,1943,3,1,0.00,0.00,,,,,,,1,SA,460,00,中国移动,4456484,6677397515,1630224,11,Normal,-,1,41,100,100,504990,-,7,513000,513000,30kHz,503172,1099,-,ms20,Connected,SA,-0.3,-4,2,-60,89,-71,-10.6,18.2,3,Not Barred,6,6312,-40,504990,7,-79.3;-71.7;-81.8;-84.3,-,9.8;25.1;17.4;14.4,3.6;10.6;8.8;4.3,-44;-49.9;-46.1;-40,5;1;3;2;4;0;5;4;5,559;6;7;7;7;7;741;721;722,-122;-71.5;-70.1;-74.4;-80;-80.6;-82;-84.6;-107.4,-31.4;-10.7;-10.4;-11;-12.6;-12.3;-11.7;-15.7;-26.2,255;255;255;255;255;255;255;255;255,1;0;0;0;0;0,504990;504990;504990;504990;504990;504990,7;6;741;721;722;559,3;1;5;4;5;5,-,4;1;1;1;1;1,-71;-71.5;-82;-84.6;-107.9;-122,-10.6;-10.8;-11.7;-15.7;-26.2;-31.4,18.2;255;255;255;255;255,5.5,29,0,QPSK,-,77.8,22.2,0,0,0.00,0.00,0.15,0.15,14.7,4,Rank 1,29,1064,27,209,-,209,11,24.4,31,25,256QAM,0,SMDL,0.8,0,1.6,0.02,0.02,0.07,0.91,Rank 2,4,508,126,-,4 x 4,HandOver,46302,Free,17,FORMAT_0,718,127,Success,46302,2,-,5,-4,-16,-,126,-,4,23,-,-,-,-,-,-,-,-,-,-,-,-,-,Registered,Normal Service,9,269,18,D4A6D4C1,591,8,30kHz,992,-,4,1,-,-,New trans.,0,0,256QAM,180,1,46302,589,12,0,0,Pass,0,QPSK,1,16,4,0,15,30kHz,Re trans.,-,20174,
20260725 15:22:11.532,24.825962,102.846141,30.02,1942,3,1,0.00,0.00,,,,,,,1,SA,460,00,中国移动,4456484,6677397516,1630224,12,Normal,-,1,41,100,100,504990,-,7,513000,513000,30kHz,503172,1099,-,ms20,Connected,SA,-0.3,-4,2,-60,83,-64.7,-10.4,29.3,3,Not Barred,6,6312,-27.5,504990,7,-64.3;-61.8;-73.5;-78.6,-,22.1;25.6;255;255,5.7;8.2;255;255,-32.9;-45.8;-38.9;-27.5,5;1;3;2;1;7;5;4,722;6;7;7;7;7;741;721,-94.3;-71.2;-64.5;-70.2;-77.2;-81.1;-82;-86.8,-21.1;-12.7;-10.4;-10.5;-15.4;-11.6;-12.2;-15.9,255;255;255;255;255;255;255;255,1;0;0;0;0,504990;504990;504990;504990;504990,7;6;741;721;722,3;1;5;4;5,-,4;1;1;1;1,-64.7;-72.1;-82;-86.8;-94.4,-10.4;-12.3;-12.2;-15.9;-21,29.3;255;255;255;255,1,2,2,QPSK,-,100,0,0,0,0.00,0.00,0.01,0.01,0,1,Rank 1,16,48,27,69,-,69,11,24.6,25,25,256QAM,0,SMDL,0,0,0,0.04,0.04,0.07,0.19,Rank 2,4,100,126,-,4 x 4,HandOver,46302,Free,17,FORMAT_0,718,127,Success,46302,2,-,0,-12,-16,-,126,-,4,23,-,-,-,-,-,-,-,-,-,-,-,-,-,Registered,Normal Service,9,269,18,D4A6D4C1,687,9,30kHz,944,-,4,1,-,-,New trans.,0,0,256QAM,172,1,46302,684,13,0,0,Pass,1,QPSK,0,16,1,0,15,30kHz,Re trans.,-,471,
20260725 15:22:12.546,24.826009,102.846077,30.38,1942,3,1,0.00,0.00,,,,,,,1,SA,460,00,中国移动,4456484,6677397516,1630224,12,Normal,-,1,41,100,100,504990,-,7,513000,513000,30kHz,503172,1099,-,ms20,Connected,SA,-0.3,-4,2,-60,78,-59,-10.4,30.1,3,Not Barred,6,6312,-19.6,504990,7,-55.3;-60.3;-63.2;-65.3,-,27.6;25.3;24.5;31.6,13.3;19.3;12.7;16.1,-19.6;-29.9;-34.3;-25.1,4;1;3;2;1;4;5,721;6;7;7;7;7;741,-130.5;-67.3;-57.7;-63.4;-70.1;-72;-82.3,-34.9;-11.5;-10.4;-10.4;-14.3;-10.8;-13.4,255;255;255;255;255;255;255,1;0;0;0,504990;504990;504990;504990,7;6;741;721,3;1;5;4,-,4;1;1;1,-59;-67.9;-82.3;-130.5,-10.4;-11.4;-13.4;-34.9,30.1;255;255;255,1,2,2,QPSK,-,100,0,0,0,0.00,0.00,0.00,0.00,28.6,1,Rank 1,16,48,3,72,-,72,12,25.1,31,25,256QAM,0,SMDL,0,0,0,0.00,0.00,0.01,0.39,Rank 2,4,212,21,-,4 x 4,HandOver,46302,Free,17,FORMAT_0,718,127,Success,46302,2,-,-2,-12,-16,-,21,-,4,3,-,-,-,-,-,-,-,-,-,-,-,-,-,Registered,Normal Service,9,269,18,D4A6D4C1,760,8,30kHz,992,-,4,1,-,-,-,0,0,256QAM,187,1,46302,733,13,0,0,Pass,0,QPSK,9,4,1,0,0,30kHz,Re trans.,-,471,
20260725 15:22:13.559,24.826058,102.846015,30.60,1941,3,1,0.00,0.00,,,,,,,1,SA,460,00,中国移动,4456484,6677397516,1630224,12,Normal,-,1,41,100,100,504990,-,7,513000,513000,30kHz,503172,1099,-,ms20,Connected,SA,-0.3,-3,2,-60,70,-55,-10.4,32.8,3,Not Barred,6,6312,-17.6,504990,7,-51.4;-51.6;-65.9;-66.6,-,31.1;32.8;255;255,17.6;22.5;255;255,-17.6;-17.9,5;1;3;2;1;4;4;5,741;6;7;7;7;7;721;722,-81.2;-63.3;-53.6;-58.3;-65.9;-67.5;-150.8;-117.3,-16.2;-12.6;-10.4;-10.4;-13.3;-10.5;-41.3;-30.4,255;255;255;255;255;255;255;255,1;0;0;0;0,504990;504990;504990;504990;504990,7;6;741;722;721,3;1;5;5;4,-,4;1;1;1;1,-55;-64.5;-81.2;-117.3;-150.8,-10.4;-12.6;-16.2;-30.4;-41.3,32.8;255;255;255;255,10.3,28,28,QPSK,-,100,0,0,0,0.00,0.00,0.00,0.00,0,3,Rank 1,18,132,5,14,-,14,13,25.1,31,25,256QAM,0,SMDL,0,0,0,0.00,0.00,0.03,0.38,Rank 2,4,212,41,-,2 x 2,HandOver,46302,Free,17,FORMAT_0,718,127,Success,46302,2,-,-3,-14,-16,-,41,-,1,4,-,-,-,-,-,-,-,-,-,-,-,-,-,Registered,Normal Service,9,269,18,D4A6D4C1,867,18,30kHz,944,-,4,1,-,-,-,0,0,256QAM,155,1,46302,897,13,0,4,Pass,0,QPSK,0,20,1,0,0,30kHz,Re trans.,-,682,
20260725 15:22:14.564,24.826111,102.845954,30.82,1941,3,1,0.00,0.00,,,,,,,1,SA,460,00,中国移动,4456484,6677397516,1630224,12,Normal,-,1,41,100,100,504990,-,7,513000,513000,30kHz,503172,1099,-,ms20,Connected,SA,-0.3,-3,2,-60,67,-51.1,-10.4,34.3,3,Not Barred,6,6312,-13.9,504990,7,-50.8;-49.7;-64.6;-59.3,-,29.7;34.3;255;255,13.8;21.1;255;255,-16.8;-13.9,5;0;3;2;1;4,741;6;7;7;7;7,-150.2;-64.5;-49.8;-52.7;-61.3;-63,-41.1;-12.8;-10.4;-10.4;-11.5;-10.4,255;255;255;255;255;255,1;0;0,504990;504990;504990,7;6;741,3;0;5,-,4;1;1,-51.1;-65;-150.2,-10.4;-13.9;-41.1,34.3;255;255,5.6,19,4,QPSK,-,84.6,7.7,7.7,0,0.06,0.06,0.08,0.08,0,2,Rank 1,33,437,6,69,-,69,9,24.7,31,25,256QAM,0,SMDL,0,0,1.2,0.00,0.00,0.22,0.66,Rank 2,4,376,74,-,4 x 4,HandOver,46302,Free,17,FORMAT_0,718,127,Success,46302,2,-,-5,-18,-16,-,74,-,1,5,-,-,-,-,-,-,-,-,-,-,-,-,-,Registered,Normal Service,9,269,18,D4A6D4C1,986,18,30kHz,992,-,4,1,-,-,New trans.,0,0,256QAM,139,1,46302,981,13,0,0,Pass,0,QPSK,0,16,1,0,15,30kHz,Re trans.,-,9382,
20260725 15:22:15.571,24.826166,102.845895,30.85,1941,3,1,0.00,0.00,,,,,,,1,SA,460,00,中国移动,4456484,6677397516,1630224,12,Normal,-,1,41,100,100,504990,-,7,513000,513000,30kHz,503172,1099,-,ms20,Connected,SA,-0.3,-3,0,-60,72,-56.6,-10.4,29.3,3,Not Barred,6,6312,-22.5,504990,7,-62;-58.2;-79.4;-68,-,30;28.9;255;255,14.8;19.1;255;255,-24.5;-22.5,3;2;1;4;0,7;7;7;7;6,-56.3;-56.8;-66.9;-66.6;-65,-10.4;-10.4;-11.4;-10.4;-11.8,255;255;255;255;255,1;0,504990;504990,7;6,3;0,-,4;1,-56.6;-66.2,-10.4;-12.5,29.3;255,3.6,12,0,QPSK,-,77.8,22.2,0,0,0.00,0.00,0.01,0.01,0,1,Rank 1,20,184,13,14,-,14,11,25.1,31,25,256QAM,0,SMDL,0,0,0,0.03,0.03,0.09,0.35,Rank 2,4,196,97,-,2 x 2,HandOver,46302,Free,17,FORMAT_0,718,127,Success,46302,2,-,0,-8,-16,-,97,-,1,12,-,-,-,-,-,-,-,-,-,-,-,-,-,Registered,Normal Service,9,269,18,D4A6D4C1,61,18,30kHz,992,-,4,1,-,-,-,0,0,256QAM,155,1,46302,65,13,0,4,Pass,0,QPSK,0,20,1,0,0,30kHz,Re trans.,-,1986,
20260725 15:22:16.580,24.826221,102.845839,30.49,1940,3,1,0.00,0.00,,,,,,,1,SA,460,00,中国移动,4456484,6677397516,1630224,12,Normal,-,1,41,100,100,504990,-,7,513000,513000,30kHz,503172,1099,-,ms20,Connected,SA,-0.3,-3,0,-60,80,-66.2,-10.5,26.4,3,Not Barred,6,6312,-30,504990,7,-69.5;-63.9;-71.4;-78.5,-,19.1;24.9;255;255,15.2;15;255;255,-33.8;-30,3;2;4;1;1;5,7;7;7;7;6;741,-67.3;-65.3;-73.2;-75.9;-73.6;-87.6,-10.5;-10.5;-10.6;-13.9;-12.4;-17.4,255;255;255;255;255;255,1;0;0,504990;504990;504990,7;6;741,3;1;5,-,4;1;1,-66.2;-74.1;-87.6,-10.5;-12.1;-17.4,26.4;255;255,3.6,12,0,QPSK,-,77.8,22.2,0,0,0.00,0.00,0.00,0.00,0,1,Rank 1,20,184,5,69,-,69,10,25.1,31,25,256QAM,0,SMDL,0,0,0,0.00,0.00,0.01,0.19,Rank 2,4,100,31,-,2 x 2,HandOver,46302,Free,17,FORMAT_0,718,127,Success,46302,2,-,4,4,-16,-,31,-,1,4,-,-,-,-,-,-,-,-,-,-,-,-,-,Registered,Normal Service,9,269,18,D4A6D4C1,119,8,30kHz,992,-,4,1,-,-,New trans.,0,0,256QAM,175,0,46302,114,2,0,0,Pass,1,QPSK,0,16,1,0,15,30kHz,Re trans.,-,1986,
20260725 15:22:17.594,24.826278,102.845783,30.82,1940,3,1,0.00,0.00,,,,,,,1,SA,460,00,中国移动,4456484,6677397516,1630224,12,Normal,-,1,41,100,100,504990,-,7,513000,513000,30kHz,503172,1099,-,ms20,Connected,SA,-0.3,2,0,-60,80,-60.7,-10.4,26.3,3,Not Barred,6,6312,-22.1,504990,7,-59.7;-60.8;-69.3;-68.1,-,23.9;22.6;255;255,20;15.8;255;255,-22.1;-29.3,3;2;6;4;0;5,7;7;7;7;6;741,-61.6;-59.9;-70.9;-71;-69.9;-86.4,-10.4;-10.4;-10.5;-10.6;-11.5;-19.7,255;255;255;255;255;255,1;0;0,504990;504990;504990,7;6;741,3;0;5,-,4;1;1,-60.7;-70.2;-86.4,-10.4;-11.8;-19.7,26.3;255;255,1.3,3,3,QPSK,-,100,0,0,0,0.00,0.00,0.00,0.00,0,2,Rank 1,16,48,1,66,-,66,11,24.8,25,25,256QAM,0,SMDL,0,0,0,0.00,0.00,0.00,0.16,Rank 2,4,88,14,-,2 x 2,HandOver,46302,Free,17,FORMAT_0,718,127,Success,46302,2,-,-1,-3,-16,-,14,-,1,1,-,-,-,-,-,-,-,-,-,-,-,-,-,Registered,Normal Service,9,269,18,D4A6D4C1,235,18,30kHz,992,-,4,1,-,-,New trans.,0,0,256QAM,140,1,46302,230,14,0,0,Pass,1,QPSK,1,16,2,0,15,30kHz,Re trans.,-,292,
20260725 15:22:18.608,24.826336,102.845726,31.18,1939,3,1,0.00,0.00,,,,,,,1,SA,460,00,中国移动,4456484,6677397516,1630224,12,Normal,-,1,41,100,100,504990,-,7,513000,513000,30kHz,503172,1099,-,ms20,Connected,SA,-0.3,1,0,-60,80,-61,-10.4,21.2,3,Not Barred,6,6312,-24.4,504990,7,-63.7;-63.4;-70.3;-73.4,-,21.9;19.8;255;255,27.9;29.5;255;255,-28.6;-24.4,3;2;6;4;0;5,7;7;7;7;6;741,-63.1;-58.8;-63.9;-70.3;-67.3;-79.5,-10.4;-10.4;-10.4;-10.5;-11.2;-15.6,255;255;255;255;255;255,1;0;0,504990;504990;504990,7;6;741,3;0;5,-,4;1;1,-61;-68;-79.5,-10.4;-11.6;-15.6,21.2;255;255,0.5,1,1,QPSK,-,100,0,0,0,0.00,0.00,0.00,0.00,0,1,Rank 1,16,32,2,225,-,225,11,25,25,25,256QAM,0,SMDL,0,0,0,0.00,0.00,0.00,0.08,Rank 2,4,40,19,-,2 x 2,HandOver,46302,Free,17,FORMAT_0,718,127,Success,46302,2,-,-7,-6,-16,-,19,-,1,2,-,-,-,-,-,-,-,-,-,-,-,-,-,Registered,Normal Service,9,269,18,D4A6D4C1,370,8,30kHz,944,-,4,1,-,-,New trans.,0,0,256QAM,183,1,46302,365,14,0,0,Pass,1,QPSK,1,16,2,0,15,30kHz,Re trans.,-,135,
20260725 15:22:19.618,24.826395,102.845673,30.85,1939,3,1,0.00,0.00,,,,,,,1,SA,460,00,中国移动,4456484,6677397516,1630224,12,Normal,-,1,41,100,100,504990,-,7,513000,513000,30kHz,503172,1099,-,ms20,Connected,SA,-0.3,2,0,-60,74,-59.7,-10.4,26.9,6,Not Barred,6,6312,-17.8,504990,7,-54.5;-57.5;0;0,-,29.2;22.7;255;255,24.8;21.3;255;255,-17.8;-24.6,6;3;2;1;1;5,7;7;7;7;6;741,-58.5;-66.4;-62.8;-72.2;-70.8;-84.6,-10.4;-10.5;-10.5;-12.9;-13.1;-17.5,255;255;255;255;255;255,1;0;0,504990;504990;504990,7;6;741,6;1;5,-,4;1;1,-59.7;-70.7;-84.6,-10.4;-12.4;-17.5,26.9;255;255,2,5,1,QPSK,-,83.3,16.7,0,0,0.00,0.00,0.01,0.01,0,2,Rank 1,16,100,5,106,-,106,11,24.9,31,25,256QAM,0,SMDL,0,0,0,0.00,0.00,0.01,0.28,Rank 2,4,152,48,-,2 x 2,HandOver,46302,Free,17,FORMAT_0,718,127,Success,46302,2,-,-10,-8,-16,-,48,-,1,4,-,-,-,-,-,-,-,-,-,-,-,-,-,Registered,Normal Service,9,269,18,D4A6D4C1,472,19,30kHz,992,-,4,1,-,-,New trans.,0,0,256QAM,152,1,46302,467,14,0,0,Pass,1,QPSK,2,16,2,0,15,30kHz,Re trans.,-,829,
20260725 15:22:20.624,24.826455,102.845620,30.20,1939,3,1,0.00,0.00,,,,,,,1,SA,460,00,中国移动,4456484,6677397516,1630224,12,Normal,-,1,41,100,100,504990,-,7,513000,513000,30kHz,503172,1099,-,ms20,Connected,SA,-0.3,2,0,-60,73,-54.9,-10.4,30.8,6,Not Barred,6,6312,-16.9,504990,7,-53.5;-69.8;-70.7;-64,-,32.2;25.6;255;255,22.1;19;255;255,-16.9;-30.8,6;2;3;4;1;5,7;7;7;7;6;741,-54.8;-64.9;-67;-72.3;-67.9;-93,-10.4;-10.7;-10.5;-10.6;-12.2;-22.2,255;255;255;255;255;255,1;0;0,504990;504990;504990,7;6;741,6;1;5,-,4;1;1,-54.9;-68;-93,-10.4;-12.2;-22.2,30.8;255;255,2,5,1,QPSK,-,83.3,16.7,0,0,0.00,0.00,0.00,0.00,0,2,Rank 1,16,100,3,14,-,14,11,25,31,25,256QAM,0,SMDL,0,0,0,0.00,0.00,0.01,0.19,Rank 2,4,100,26,-,2 x 2,HandOver,46302,Free,17,FORMAT_0,718,127,Success,46302,2,-,-15,-10,-16,-,26,-,1,2,-,-,-,-,-,-,-,-,-,-,-,-,-,Registered,Normal Service,9,269,18,D4A6D4C1,561,8,30kHz,800,-,4,1,-,-,New trans.,0,0,256QAM,152,1,46302,513,16,0,4,Pass,0,QPSK,0,20,1,0,0,30kHz,Re trans.,-,829,
20260725 15:22:21.635,24.826512,102.845572,28.80,1938,3,1,0.00,0.00,,,,,,,1,SA,460,00,中国移动,4456484,6677397516,1630224,12,Normal,-,1,41,100,100,504990,-,7,513000,513000,30kHz,503172,1099,-,ms20,Connected,SA,-0.3,3,0,-60,78,-56.2,-10.4,16.3,6,Not Barred,6,6312,-26.5,504990,7,-67.6;-66.9;-74.2;-70.5,-,22.6;13.7;255;255,31.3;19.8;255;255,-26.5;-28.9,6;2;1;3;1,7;7;7;7;6,-59.9;-55.5;-69.5;-66.1;-66.6,-10.4;-10.4;-14.5;-10.6;-11.4,255;255;255;255;255,1;0,504990;504990,7;6,6;1,-,4;1,-56.2;-66.8,-10.4;-11.6,16.3;255,0.7,2,0,QPSK,-,100,0,0,0,0.00,0.00,0.00,0.00,0,2,Rank 1,17,52,3,106,-,106,11,21,21,21,256QAM,0,SMDL,0,0,0,0.00,0.00,0.01,0.01,Rank 2,4,4,26,-,2 x 2,HandOver,46302,Free,17,FORMAT_0,718,127,Success,46302,2,-,-11,-5,-16,-,26,-,1,2,-,-,-,-,-,-,-,-,-,-,-,-,-,Registered,Normal Service,9,269,18,D4A6D4C1,674,18,30kHz,992,-,4,1,-,-,New trans.,0,0,256QAM,140,1,46302,669,14,0,0,Pass,1,QPSK,2,16,2,0,15,30kHz,Re trans.,-,189,
20260725 15:22:22.648,24.826570,102.845528,27.22,1938,3,1,0.00,0.00,,,,,,,1,SA,460,00,中国移动,4456484,6677397516,1630224,12,Normal,-,1,41,100,100,504990,-,7,513000,513000,30kHz,503172,1099,-,ms20,Connected,SA,-0.3,3,0,-60,81,-66.1,-10.6,17.4,2,Not Barred,6,6312,-28.8,504990,7,-68.5;-63.3;-101.3;-73.7,-,8.3;11.1;255;255,23.8;25.5;255;255,-34.4;-28.8,2;6;1;4;1;5,7;7;7;7;6;741,-64.9;-69.7;-72.4;-75.8;-74.5;-114,-10.6;-10.5;-12.1;-11.1;-13.5;-28.5,255;255;255;255;255;255,1;0;0,504990;504990;504990,7;6;741,2;1;5,-,4;1;1,-66.1;-74;-114,-10.6;-12.9;-28.5,17.4;255;255,0.7,2,0,QPSK,-,100,0,0,0,0.00,0.00,0.00,0.00,0,2,Rank 1,17,52,3,157,-,157,11,24.7,25,25,256QAM,0,SMDL,0,0,0,0.00,0.00,0.00,0.17,Rank 2,4,92,26,-,2 x 2,HandOver,46302,Free,17,FORMAT_0,718,127,Success,46302,2,-,-9,3,-16,-,26,-,1,2,-,-,-,-,-,-,-,-,-,-,-,-,-,Registered,Normal Service,9,269,18,D4A6D4C1,717,18,30kHz,992,-,4,1,-,-,New trans.,0,0,256QAM,148,1,46302,712,11,0,0,Pass,0,QPSK,3,16,2,0,15,30kHz,Re trans.,-,189,
20260725 15:22:23.660,24.826624,102.845490,24.70,1938,3,1,0.00,0.00,,,,,,,1,SA,460,00,中国移动,4456484,6677397516,1630224,12,Normal,-,1,41,100,100,504990,-,7,513000,513000,30kHz,503172,1099,-,ms20,Connected,SA,-0.3,2,0,-60,87,-69.4,-10.8,12.7,2,Not Barred,6,6312,-33.8,504990,7,-68.7;-71.1;-104.2;-69.3,-,13.2;17.1;255;255,23.5;26.4;255;255,-33.8;-34.9,2;6;3;1;1;5,7;7;7;7;6;741,-68.6;-68.6;-71.4;-72.1;-73.4;-91.9,-10.8;-10.6;-10.8;-12.7;-14.8;-18.6,255;255;255;255;255;255,1;0;0,504990;504990;504990,7;6;741,2;1;5,-,4;1;1,-69.4;-74.5;-91.9,-10.8;-13.6;-18.6,12.7;255;255,2.8,6,6,QPSK,-,66.7,33.3,0,0,0.00,0.00,0.01,0.01,0,1,Rank 1,16,96,3,69,-,69,11,25,31,25,256QAM,0,SMDL,0,0,0,0.00,0.00,0.01,0.25,Rank 2,4,132,23,-,2 x 2,HandOver,46302,Free,17,FORMAT_0,718,127,Success,46302,2,-,-8,-3,-16,-,23,-,1,3,-,-,-,-,-,-,-,-,-,-,-,-,-,Registered,Normal Service,9,269,18,D4A6D4C1,880,8,30kHz,992,-,4,1,-,-,New trans.,0,0,256QAM,95,1,46302,879,12,0,0,Pass,0,QPSK,0,16,1,0,15,30kHz,Re trans.,-,1003,
20260725 15:22:24.668,24.826675,102.845453,23.83,1937,3,1,0.00,0.00,,,,,,,1,SA,460,00,中国移动,4456484,6677397516,1630224,12,Normal,-,1,41,100,100,504990,-,7,513000,513000,30kHz,503172,1099,-,ms20,Connected,SA,-0.3,2,0,-60,83,-62.3,-10.7,14,2,Not Barred,6,6312,-26.5,504990,7,-68.5;-61.6;-106.1;-76.6,-,11.2;14;5.2;3.4,29.5;28.2;255;255,-36.9;-26.5,2;6;0;1;1,7;7;7;7;6,-60.7;-65.2;-74.5;-69.9;-64.2,-10.5;-10.6;-12.3;-16.3;-11.1,255;255;255;255;255,1;0,504990;504990,7;6,2;1,-,4;1,-62.3;-64.2,-10.7;-11.1,14;255,2.8,6,6,QPSK,-,66.7,33.3,0,0,0.00,0.00,0.00,0.00,0,1,Rank 1,16,96,5,14,-,14,11,25.7,31,25,256QAM,0,SMDL,0,0,0,0.00,0.00,0.01,0.24,Rank 2,4,128,56,-,2 x 2,HandOver,46302,Free,17,FORMAT_0,718,127,Success,46302,2,-,-12,-8,-16,-,56,-,1,5,-,-,-,-,-,-,-,-,-,-,-,-,-,Registered,Normal Service,9,269,18,D4A6D4C1,894,19,30kHz,992,-,4,1,-,-,New trans.,0,0,256QAM,95,1,46302,961,12,0,4,Pass,0,QPSK,0,20,1,0,0,30kHz,Re trans.,-,1003,
20260725 15:22:25.677,24.826721,102.845415,22.39,1937,3,1,0.00,0.00,,,,,,,1,SA,460,00,中国移动,4456484,6677397516,1630224,12,Normal,-,1,41,100,100,504990,-,7,513000,513000,30kHz,503172,1099,-,ms20,Connected,SA,-0.3,3,0,-60,80,-61,-10.7,12.4,2,Not Barred,6,6312,-25.9,504990,7,-68.3;-62.1;-103.8;-68.5,-,7.1;14.1;255;255,19.3;26.2;255;255,-31;-25.9,2;1;3;4;1,7;7;7;7;6,-61.4;-59.8;-65.5;-69.9;-68.2,-10.6;-10.8;-10.9;-10.9;-14.5,255;255;255;255;255,1;0,504990;504990,7;6,2;1,-,4;1,-61;-68.9,-10.7;-14.2,12.4;255,0,0,0,QPSK,-,100,0,0,0,0.00,0.00,0.00,0.00,0,1,Rank 1,17,88,3,106,-,106,11,24.8,25,25,256QAM,0,SMDL,0,0,0,0.00,0.00,0.02,0.09,Rank 2,4,48,10,-,2 x 2,HandOver,46302,Free,17,FORMAT_0,718,127,Success,46302,2,-,-12,-11,-16,-,10,-,2,1,-,-,-,-,-,-,-,-,-,-,-,-,-,Registered,Normal Service,9,269,18,D4A6D4C1,55,18,30kHz,848,-,4,1,-,-,New trans.,0,0,256QAM,111,1,46302,51,14,0,0,Pass,1,QPSK,2,16,2,0,15,30kHz,Re trans.,-,235,
20260725 15:22:26.690,24.826769,102.845376,23.76,1937,3,1,0.00,0.00,,,,,,,1,SA,460,00,中国移动,4456484,6677397516,1630224,12,Normal,-,1,41,100,100,504990,-,7,513000,513000,30kHz,503172,1099,-,ms20,Connected,SA,-0.3,1,0,-60,74,-54.6,-10.4,16.9,1,Not Barred,6,6312,-21,504990,7,-58.3;-56.9;-98.6;-64.9,-,12.1;17.1;255;255,22;23.5;255;255,-21;-24,1;6;3;2;0;5,7;7;7;7;6;741,-54.5;-67.1;-64;-65.5;-74.6;-89,-10.4;-10.6;-10.6;-10.6;-13.5;-19.5,255;255;255;255;255;255,1;0;0,504990;504990;504990,7;6;741,1;0;5,-,4;1;1,-54.6;-74.2;-89,-10.4;-15.3;-19.5,16.9;255;255,1.3,3,0,QPSK,-,100,0,0,0,0.00,0.00,0.00,0.00,0,2,Rank 1,16,64,3,421,-,421,11,21.6,31,20,256QAM,0,SMDL,0,0,4,0.00,0.00,0.01,0.16,Rank 2,4,100,37,-,2 x 2,HandOver,46302,Free,17,FORMAT_0,718,127,Success,46302,2,-,-3,-11,-16,-,37,-,2,3,-,-,-,-,-,-,-,-,-,-,-,-,-,Registered,Normal Service,9,269,18,D4A6D4C1,163,18,30kHz,992,-,4,1,-,-,New trans.,0,0,256QAM,123,1,46302,161,5,0,0,Pass,0,QPSK,4,32,2,0,13,30kHz,Re trans.,-,401,
20260725 15:22:27.695,24.826816,102.845331,25.38,1936,3,1,0.00,0.00,,,,,,,1,SA,460,00,中国移动,4456484,6677397516,1630224,12,Normal,-,1,41,100,100,504990,-,7,513000,513000,30kHz,503172,1099,-,ms20,Connected,SA,-0.3,2,0,-60,82,-63.5,-10.6,11.3,1,Not Barred,6,6312,-29.1,504990,7,-62.6;-68.7;-102.8;-71,-,4.5;6.7;255;255,23.8;22.9;255;255,-29.1;-29.4,1;6;0;4;7;5;2,7;7;7;7;6;741;38,-62.1;-66;-69.4;-74.3;-74.1;-100.2;-76.7,-10.6;-10.6;-10.9;-11.1;-12.2;-25.7;-14.8,255;255;255;255;255;255;255,1;0;0;0,504990;504990;504990;504990,7;6;38;741,1;7;2;5,-,4;1;1;1,-63.5;-72.5;-76.7;-100.2,-10.6;-13.5;-14.8;-25.7,11.3;255;255;255,1.3,3,0,QPSK,-,100,0,0,0,0.06,0.06,0.08,0.09,0,2,Rank 1,16,64,12,69,-,69,11,23.8,31,25,256QAM,0,SMDL,0,0,7.8,0.00,0.00,0.01,0.48,Rank 2,4,268,69,-,2 x 2,HandOver,46302,Free,17,FORMAT_0,718,127,Success,46302,2,-,-2,-1,-16,-,69,-,2,12,-,-,-,-,-,-,-,-,-,-,-,-,-,Registered,Normal Service,9,269,18,D4A6D4C1,259,18,30kHz,992,-,4,1,-,-,New trans.,0,0,256QAM,167,1,46302,255,13,0,0,Pass,1,QPSK,0,16,1,0,15,30kHz,Re trans.,-,401,
20260725 15:22:28.707,24.826865,102.845284,26.75,1936,3,1,0.00,0.00,,,,,,,1,SA,460,00,中国移动,4456484,6677397516,1630224,12,Normal,-,1,41,100,100,504990,-,7,513000,513000,30kHz,503172,1099,-,ms20,Connected,SA,-0.3,2,0,-60,87,-69.9,-12.2,3.4,1,Not Barred,6,6312,-30.1,504990,7,-70.5;-75.7;-107.9;-76.7,-,6.9;1.5;255;255,24.6;22.6;255;255,-33.5;-30.1,1;6;2;7;1;5;2;5,7;7;7;7;6;8;38;741,-69.7;-69.1;-73;-75;-70.2;-77.7;-97.7;-81.9,-12.5;-11.3;-14.1;-11.5;-14;-15.6;-25.7;-17.1,255;255;255;255;255;255;255;255,1;0;0;0;0,504990;504990;504990;504990;504990,7;6;8;741;38,1;1;5;5;2,-,4;1;1;1;1,-69.9;-70.8;-80.1;-81.9;-97.7,-12.2;-13.4;-17.5;-17.1;-25.7,3.4;255;255;255;255,3.4,14,0,QPSK,-,75,16.7,8.3,0,0.00,0.00,0.00,0.00,0,1,Rank 1,37,449,3,69,-,69,11,25.2,31,25,256QAM,0,SMDL,0,0,0,0.03,0.03,0.03,0.28,Rank 2,4,148,46,-,2 x 2,HandOver,46302,Free,17,FORMAT_0,718,127,Success,46302,2,-,-2,0,-16,-,46,-,2,3,-,-,-,-,-,-,-,-,-,-,-,-,-,Registered,Normal Service,9,269,18,D4A6D4C1,354,18,30kHz,992,-,4,1,-,-,New trans.,0,0,256QAM,167,1,46302,349,13,0,0,Pass,0,QPSK,0,16,1,0,15,30kHz,Re trans.,-,10700,
20260725 15:22:29.722,24.826915,102.845233,27.79,1936,3,1,0.00,0.00,,,,,,,1,SA,460,00,中国移动,4456484,6677397516,1630224,12,Normal,-,1,41,100,100,504990,-,7,513000,513000,30kHz,503172,1099,-,ms20,Connected,SA,-0.3,2,0,-60,86,-68.3,-11.3,7.4,0,Not Barred,6,6312,-31,504990,7,-76.3;-67.5;-76.2;-66.9,-,4.9;6.7;255;255,19.8;18.5;255;255,-34.8;-31,0;6;5;4;1;2;5,7;7;7;7;6;8;741,-66.6;-74.7;-75.8;-73.4;-82.6;-72.9;-81.4,-11;-11.3;-13.2;-11.6;-17.4;-12.8;-13.6,255;255;255;255;255;255;255,1;0;0;0,504990;504990;504990;504990,7;8;6;741,0;2;1;5,-,4;1;1;1,-68.3;-74.1;-78.4;-81.4,-11.3;-14.5;-16;-13.6,7.4;255;255;255,0.7,3,0,QPSK,-,100,0,0,0,0.00,0.00,0.00,0.00,0,1,Rank 1,16,112,7,69,-,69,10,24.4,31,25,256QAM,0,SMDL,0,0,1.5,0.00,0.00,0.06,0.06,Rank 2,4,260,60,-,2 x 2,HandOver,46302,Free,17,FORMAT_0,718,127,Success,46302,2,-,0,-2,-16,-,60,-,2,7,-,-,-,-,-,-,-,-,-,-,-,-,-,Registered,Normal Service,9,269,18,D4A6D4C1,461,18,30kHz,992,-,4,1,-,-,New trans.,0,0,256QAM,168,1,46302,457,13,0,0,Pass,0,QPSK,0,16,1,0,15,30kHz,Re trans.,-,565,
20260725 15:22:30.730,24.826968,102.845179,29.48,1936,3,1,0.00,0.00,,,,,,,1,SA,460,00,中国移动,4456484,6677397516,1630224,12,Normal,-,1,41,100,100,504990,-,7,513000,513000,30kHz,503172,1099,-,ms20,Connected,SA,-0.3,3,0,-60,86,-68,-11,8.2,0,Not Barred,6,6312,-25.3,504990,7,-65.9;-60.4;-97.7;-67,-,9;7.8;255;255,21.3;19.5;255;255,-29.9;-25.3,0;7;1;6;5;1;5,7;7;7;7;6;8;741,-66.9;-71.7;-72.9;-71.2;-81.5;-71.5;-81.6,-11.1;-10.7;-14.5;-11.3;-17.8;-12.6;-18.2,255;255;255;255;255;255;255,1;0;0;0,504990;504990;504990;504990,7;8;741;6,0;1;5;5,-,4;1;1;1,-68;-72.8;-81.6;-82,-11;-13.1;-18.2;-18.6,8.2;255;255;255,0.7,3,0,QPSK,-,100,0,0,0,0.00,0.00,0.00,0.00,0,1,Rank 1,16,112,7,14,-,14,10,24.9,25,25,256QAM,0,SMDL,0,0,0,0.00,0.00,0.02,0.30,Rank 2,4,160,60,-,2 x 2,HandOver,46302,Free,17,FORMAT_0,718,127,Success,46302,2,-,0,-5,-16,-,60,-,2,7,-,-,-,-,-,-,-,-,-,-,-,-,-,Registered,Normal Service,9,269,18,D4A6D4C1,462,19,30kHz,992,-,4,1,-,-,New trans.,0,0,256QAM,152,1,46302,513,10,0,4,Pass,0,QPSK,0,20,1,0,0,30kHz,Re trans.,-,565,
20260725 15:22:31.744,24.827026,102.845125,31.21,1935,3,1,0.00,0.00,,,,,,,1,SA,460,00,中国移动,4456484,6677397516,1630224,12,Normal,-,1,41,100,100,504990,-,7,513000,513000,30kHz,503172,1099,-,ms20,Connected,SA,-0.4,3,0,-60,87,-71.1,-12.5,8.1,0,Not Barred,6,6312,-33.1,504990,7,-70.2;-69.1;-111.1;-72.7,-,5;-0.1;255;255,23.2;20.4;255;255,-35;-33.1,0;1;5;7;3;1;5,7;7;7;7;6;8;741,-69.6;-74.5;-72.7;-73.6;-93.7;-67.5;-78.7,-11.8;-16.8;-12.6;-11.1;-22.4;-11.6;-19.3,255;255;255;255;255;255;255,1;0;0;0,504990;504990;504990;504990,7;8;741;6,0;1;5;3,-,4;1;1;1,-71.1;-68.2;-78.7;-92.8,-12.5;-11.8;-19.3;-22.2,8.1;255;255;255,0.2,1,0,QPSK,-,100,0,0,0,0.00,0.00,0.00,0.00,0,1,Rank 1,17,104,4,106,-,106,7,20.9,25,23,256QAM,0,SMDL,0,0,46.7,0.00,0.00,0.00,0.09,Rank 2,4,60,31,-,2 x 2,HandOver,46302,Free,17,FORMAT_0,718,127,Success,46302,2,-,7,0,-16,-,31,-,2,2,-,-,-,-,-,-,-,-,-,-,-,-,-,Registered,Normal Service,9,269,18,D4A6D4C1,652,18,30kHz,992,-,4,1,-,-,New trans.,0,0,256QAM,256,1,46302,647,14,0,0,Pass,1,QPSK,2,16,2,0,15,30kHz,Re trans.,-,301,
20260725 15:22:32.755,24.827087,102.845069,32.29,1935,3,1,0.00,0.00,,,,,,,1,SA,460,00,中国移动,4456484,6677397516,1630224,12,Normal,-,1,41,100,100,504990,-,8,513000,513000,30kHz,503172,1099,-,ms20,Connected,SA,-0.4,0,2,-60,95,-76.7,-12,8.3,1,Not Barred,6,6312,-37,504990,8,-79.9;-71.7;-79.3;-80.5,-,6.1;8.3;7.4;-2.2,14.3;17.8;19.6;11.7,-38.8;-37.4;-71.4;-37,2;5;1;2;3;0;5;2,7;180;8;8;8;8;741;38,-81.4;-88.5;-77.4;-75;-78.9;-79.5;-77.4;-82.2,-18;-18.5;-11.9;-11.4;-11.4;-14.2;-13.3;-16.3,255;255;255;255;255;255;255;255,1;0;0;0;0,504990;504990;504990;504990;504990,8;741;7;38;180,1;5;2;2;5,-,4;1;1;1;1,-76.7;-77.4;-80.6;-82.2;-88.5,-12;-13.3;-14.5;-16.3;-18.5,8.3;255;255;255;255,1.2,5,0,QPSK,-,94.4,5.6,0,0,0.00,0.00,0.02,0.02,0,1,Rank 2,21,392,8,217,-,217,13,24.7,31,25,256QAM,0,SMDL,0.8,0,0,0.00,0.00,0.00,0.94,Rank 2,4,524,43,-,4 x 4,HandOver,46225,Free,17,FORMAT_0,726,127,Success,46225,2,-,8,1,-12,-,43,-,1,7,-,-,-,-,-,-,-,-,-,-,-,-,-,Registered,Normal Service,9,269,18,D4A6D4C1,770,9,30kHz,992,-,4,1,-,-,New trans.,0,1,256QAM,231,1,46225,769,13,0,0,Pass,1,QPSK,28,32,3,0,15,30kHz,New trans.,-,2448,
20260725 15:22:33.761,24.827149,102.845013,32.47,1934,3,1,0.00,0.00,,,,,,,1,SA,460,00,中国移动,4456484,6677397517,1630224,13,Normal,-,1,41,100,100,504990,-,8,513000,513000,30kHz,503172,1099,-,ms20,Connected,SA,-0.4,-1,2,-60,87,-68,-10.8,10.3,1,Not Barred,6,6312,-30.5,504990,8,-85.1;-67.8;-106.8;-76.6,-,7.5;14.6;255;255,18.1;18.8;255;255,-45.5;-30.5,0;5;1;2;3;7;5;2;7,7;180;8;8;8;8;741;38;742,-76.9;-95.7;-69.5;-66;-74.4;-80.7;-77.2;-130.8;-87.1,-12.8;-19.5;-10.9;-10.6;-10.9;-13.5;-12.1;-34.6;-17.1,255;255;255;255;255;255;255;255;255,1;0;0;0;0;0,504990;504990;504990;504990;504990;504990,8;741;7;742;180;38,1;5;0;7;5;2,-,4;1;1;1;1;1,-68;-77.6;-77.9;-87.1;-95.7;-130.8,-10.8;-12.5;-12.8;-17.1;-19.5;-34.6,10.3;255;255;255;255;255,7.2,28,0,QPSK,-,100,0,0,0,0.00,0.00,0.01,0.01,20,1,Rank 1,21,284,22,69,-,69,11,24.9,31,25,256QAM,0,SMDL,0,0,0,0.00,0.00,0.06,1.75,Rank 2,4,948,250,-,2 x 2,HandOver,46225,Free,17,FORMAT_0,726,127,Success,46225,2,-,3,-9,-12,-,250,-,4,18,-,-,-,-,-,-,-,-,-,-,-,-,-,Registered,Normal Service,9,269,18,D4A6D4C1,861,19,30kHz,992,-,4,1,-,-,New trans.,0,0,256QAM,231,1,46225,857,13,0,0,Pass,1,QPSK,0,16,1,0,15,30kHz,Re trans.,-,1645,
20260725 15:22:34.775,24.827212,102.844956,32.90,1934,3,1,0.00,0.00,,,,,,,1,SA,460,00,中国移动,4456484,6677397517,1630224,13,Normal,-,1,41,100,100,504990,-,8,513000,513000,30kHz,503172,1099,-,ms20,Connected,SA,-0.4,-1,2,-60,83,-61.5,-10.4,24.6,1,Not Barred,6,6312,-26.8,504990,8,-71.7;-62.1;-102.8;-71,-,12.9;23;16.5;14.5,16.1;23.3;255;255,-35.9;-26.8,0;5;1;2;0;7;5;5;7;2,7;180;8;8;8;8;741;6;742;38,-83.8;-98.2;-63.6;-61.7;-72.8;-76.5;-81.8;-94.3;-89.8;-152.7,-22.3;-21.3;-10.4;-10.4;-11.3;-11.7;-14.1;-19;-17.9;-42,255;255;255;255;255;255;255;255;255;255,1;0;0;0;0;0;0,504990;504990;504990;504990;504990;504990;504990,8;741;7;742;6;180;38,1;5;0;7;5;5;2,-,4;1;1;1;1;1;1,-61.5;-82.2;-83.9;-89.8;-94.3;-98.2;-152.7,-10.4;-14.5;-15.3;-17.9;-19;-21.3;-42,24.6;255;255;255;255;255;255,7.2,28,0,QPSK,-,100,0,0,0,0.00,0.00,0.00,0.00,0,1,Rank 1,21,284,6,69,-,69,11,25.1,31,25,256QAM,0,SMDL,0,0,0,0.00,0.00,0.10,1.65,Rank 2,4,896,239,-,2 x 2,HandOver,46225,Free,17,FORMAT_0,726,127,Success,46225,2,-,5,-12,-12,-,239,-,4,6,-,-,-,-,-,-,-,-,-,-,-,-,-,Registered,Normal Service,9,269,18,D4A6D4C1,958,18,30kHz,992,-,4,1,-,-,New trans.,0,0,256QAM,231,1,46225,933,13,0,0,Pass,1,QPSK,0,16,1,0,15,30kHz,Re trans.,-,1645,
20260725 15:22:35.789,24.827273,102.844894,33.30,1934,3,1,0.00,0.00,,,,,,,1,SA,460,00,中国移动,4456484,6677397517,1630224,13,Normal,-,1,41,100,100,504990,-,8,513000,513000,30kHz,503172,1099,-,ms20,Connected,SA,-0.4,-1,2,-60,90,-69.9,-10.6,7,1,Not Barred,6,6312,-43.6,504990,8,-79.1;-82.3;-111.1;-81.4,-,7;6.3;14.4;10.2,21.1;24.4;10.7;20.2,-43.6;-45.6,6;5;1;0;2;3;5;5;7;2,7;180;8;8;8;8;741;6;742;38,-85;-153.3;-71;-77;-70.7;-80.6;-84.3;-101.3;-93.4;-93.7,-14.3;-42;-10.6;-11;-10.7;-11;-13;-24;-21.3;-19.2,255;255;255;255;255;255;255;255;255;255,1;0;0;0;0;0;0,504990;504990;504990;504990;504990;504990;504990,8;741;7;742;38;6;180,1;5;6;7;2;5;5,-,4;1;1;1;1;1;1,-69.9;-84.9;-85.4;-93.4;-93.7;-101.3;-153.3,-10.6;-13.2;-15.1;-21.3;-19.2;-24;-42,7;255;255;255;255;255;255,0.7,5,0,QPSK,-,85.7,14.3,0,0,0.00,0.00,0.01,0.01,20,2,Rank 1,16,112,5,69,-,69,11,25.2,31,25,256QAM,0,SMDL,0,0,0,0.00,0.00,0.14,1.24,Rank 2,4,676,204,-,4 x 4,HandOver,46225,Free,17,FORMAT_0,726,127,Success,46225,2,-,4,-4,-12,-,204,-,4,5,-,-,-,-,-,-,-,-,-,-,-,-,-,Registered,Normal Service,9,269,18,D4A6D4C1,44,19,30kHz,992,-,4,1,-,-,New trans.,0,0,256QAM,219,1,46225,43,3,0,0,Pass,1,QPSK,0,16,1,0,15,30kHz,Re trans.,-,675,
20260725 15:22:36.803,24.827331,102.844829,33.26,1933,3,1,0.00,0.00,,,,,,,1,SA,460,00,中国移动,4456484,6677397517,1630224,13,Normal,-,1,41,100,100,504990,-,8,513000,513000,30kHz,503172,1099,-,ms20,Connected,SA,-0.4,-5,2,-60,91,-72.2,-10.7,13.4,1,Not Barred,6,6312,-30.9,504990,8,-90.1;-71.6;-87.3;-71.2,-,-21.7;13.4;-1.7;10.4,26.5;30.9;6.6;31.8,-35.3;-33.6;-70.6;-30.9,6;5;1;3;0;2;6;5;7;2,7;180;8;8;8;8;741;6;742;38,-83.6;-141.2;-71.8;-73;-77.1;-75.6;-90;-92.5;-134.9;-148.1,-14.5;-38;-10.5;-10.6;-11;-11.4;-17.5;-19;-35.5;-40,255;255;255;255;255;255;255;255;255;255,1;0;0;0;0;0;0,504990;504990;504990;504990;504990;504990;504990,8;7;741;6;742;180;38,1;6;6;5;7;5;2,-,4;1;1;1;1;1;1,-72.2;-85.4;-89.6;-92.5;-134.9;-141.2;-148.1,-10.7;-15.2;-16.5;-19;-35.5;-38;-40,13.4;255;255;255;255;255;255,4.9,29,0,QPSK,-,85.7,14.3,0,0,0.00,0.00,0.00,0.00,0,1,Rank 1,18,132,5,14,-,14,11,25.1,31,25,256QAM,0,SMDL,0,0,0,0.00,0.00,0.14,1.24,Rank 2,4,392,204,-,4 x 4,HandOver,46225,Free,17,FORMAT_0,726,127,Success,46225,2,-,-2,-1,-12,-,204,-,4,5,-,-,-,-,-,-,-,-,-,-,-,-,-,Registered,Normal Service,9,269,18,D4A6D4C1,68,9,30kHz,992,-,4,1,-,-,New trans.,0,1,256QAM,219,1,46225,65,11,0,4,Pass,0,QPSK,0,20,1,0,0,30kHz,Re trans.,-,996,
20260725 15:22:37.817,24.827388,102.844762,33.52,1933,3,1,0.00,0.00,,,,,,,1,SA,460,00,中国移动,4456484,6677397517,1630224,13,Normal,-,1,41,100,100,504990,-,8,513000,513000,30kHz,503172,1099,-,ms20,Connected,SA,-0.4,-2,2,-60,88,-68.1,-10.4,22.2,1,Not Barred,6,6312,-34.1,504990,8,-66;-72.8;-70.7;-74.6,-,22.2;14.1;18.9;18.1,29.7;25.2;255;255,-34.1;-44.5,6;5;1;2;0;3;5;5;7;2,7;180;8;8;8;8;741;6;742;38,-87.2;-156;-66.5;-68.2;-71;-72.3;-90.6;-97.2;-95.9;-107.7,-16.2;-43;-10.5;-10.4;-10.4;-10.5;-13.3;-22;-22.4;-29.2,255;255;255;255;255;255;255;255;255;255,1;0;0;0;0;0;0,504990;504990;504990;504990;504990;504990;504990,8;7;741;742;6;38;180,1;6;5;7;5;2;5,-,4;1;1;1;1;1;1,-68.1;-86.6;-91.2;-95.9;-97.2;-107.7;-156,-10.4;-16.6;-14.6;-22.4;-22;-29.2;-43,22.2;255;255;255;255;255;255,4.9,29,0,QPSK,-,85.7,14.3,0,0,0.00,0.00,0.00,0.00,0,1,Rank 1,18,132,5,14,-,14,11,25.3,31,31,256QAM,0,SMDL,0,0,0,0.00,0.00,0.04,0.72,Rank 2,4,12,139,-,4 x 4,HandOver,46225,Free,17,FORMAT_0,726,127,Success,46225,2,-,-4,-3,-12,-,139,-,1,4,-,-,-,-,-,-,-,-,-,-,-,-,-,Registered,Normal Service,9,269,18,D4A6D4C1,193,8,30kHz,848,-,4,1,-,-,New trans.,0,0,256QAM,255,1,46225,65,11,0,4,Pass,0,QPSK,0,20,1,0,0,30kHz,Re trans.,-,996,
20260725 15:22:38.833,24.827442,102.844691,33.34,1933,3,1,0.00,0.00,,,,,,,1,SA,460,00,中国移动,4456484,6677397517,1630224,13,Normal,-,1,41,100,100,504990,-,8,513000,513000,30kHz,503172,1099,-,ms20,Connected,SA,-0.4,-1,2,-60,91,-71.1,-10.6,18.3,1,Not Barred,6,6312,-36,504990,8,-75;-80.5;-68.3;-72.3,-,11.8;11.1;255;255,28.9;27.7;255;255,-36.8;-36,1;5;1;2;0;7;6;5;7;2,7;180;8;8;8;8;741;6;742;38,-111.4;-96.7;-73;-71.4;-75.1;-76.5;-96;-112.2;-86.8;-85.9,-27.8;-22.6;-10.6;-10.8;-10.6;-10.9;-21.7;-27.9;-19.8;-18.4,255;255;255;255;255;255;255;255;255;255,1;0;0;0;0;0;0,504990;504990;504990;504990;504990;504990;504990,8;38;742;7;741;180;6,1;2;7;1;6;5;5,-,4;1;1;1;1;1;1,-71.1;-85.9;-86.8;-88.3;-90.9;-96.7;-112.2,-10.6;-18.4;-19.8;-19.5;-18.5;-22.6;-27.9,18.3;255;255;255;255;255;255,4.9,29,0,QPSK,-,85.7,14.3,0,0,0.00,0.00,0.00,0.00,0,1,Rank 1,18,132,0,209,-,209,11,23.4,25,24,256QAM,0,SMDL,0,0,0,0.00,0.00,0.04,0.02,Rank 2,4,40,3,-,2 x 2,HandOver,46225,Free,17,FORMAT_0,726,127,Success,46225,2,-,-4,0,-12,-,3,-,1,4,-,-,-,-,-,-,-,-,-,-,-,-,-,Registered,Normal Service,9,269,18,D4A6D4C1,347,8,30kHz,944,-,4,1,-,-,New trans.,0,0,256QAM,255,1,46225,346,13,0,0,Pass,0,QPSK,4,16,2,0,14,30kHz,Re trans.,-,996,
20260725 15:22:39.848,24.827493,102.844619,33.52,1933,3,1,0.00,0.00,,,,,,,1,SA,460,00,中国移动,4456484,6677397517,1630224,13,Normal,-,1,41,100,100,504990,-,8,513000,513000,30kHz,503172,1099,-,ms20,Connected,SA,-0.4,-1,2,-60,87,-71.2,-10.6,18.9,1,Not Barred,6,6312,-31.8,504990,8,-68.8;-70.1;-71.8;-76.3,-,20.8;17.8;255;255,26.7;22.6;255;255,-31.8;-33.8,6;6;1;2;0;3;5;4;7,7;180;8;8;8;8;741;38;742,-82.1;-88.1;-70.8;-70;-75.3;-74.3;-87.4;-121.3;-93.3,-13.8;-19.8;-10.5;-10.6;-10.8;-10.6;-15.5;-31;-20.4,255;255;255;255;255;255;255;255;255,1;0;0;0;0;0,504990;504990;504990;504990;504990;504990,8;7;741;180;742;38,1;6;5;6;7;4,-,4;1;1;1;1;1,-71.2;-82.3;-87.4;-88.2;-93.3;-121.4,-10.6;-14;-15.5;-19.8;-20.4;-31,18.9;255;255;255;255;255,2.1,10,0,QPSK,-,86.7,13.3,0,0,0.06,0.06,0.09,0.09,0,2,Rank 1,29,449,14,42,-,42,10,24.4,31,24,256QAM,0,SMDL,0,0,0,0.00,0.00,0.01,0.07,Rank 2,4,756,188,-,4 x 4,HandOver,46225,Free,17,FORMAT_0,726,127,Success,46225,2,-,-5,-1,-12,-,188,-,1,14,-,-,-,-,-,-,-,-,-,-,-,-,-,Registered,Normal Service,9,269,18,D4A6D4C1,451,18,30kHz,848,-,4,1,-,-,New trans.,0,0,256QAM,195,1,46225,426,11,0,0,Pass,0,QPSK,0,16,2,0,15,30kHz,Re trans.,-,11469,
20260725 15:22:40.860,24.827543,102.844544,33.77,1932,3,1,0.00,0.00,,,,,,,1,SA,460,00,中国移动,4456484,6677397517,1630224,13,Normal,-,1,41,100,100,504990,-,8,513000,513000,30kHz,503172,1099,-,ms20,Connected,SA,-0.4,-2,2,-60,79,-61.2,-10.4,24.4,1,Not Barred,6,6312,-26.5,504990,8,-60.2;-66.3;-77.7;-73.4,-,24.4;18.5;255;255,15.5;11.3;255;255,-26.5;-31.1,7;6;1;2;3;0;5;7,7;180;8;8;8;8;741;742,-140.2;-87.6;-61.7;-59.5;-64.3;-70.7;-79.1;-85.8,-38.3;-21.9;-10.4;-10.4;-10.4;-10.6;-12.3;-18,255;255;255;255;255;255;255;255,1;0;0;0;0,504990;504990;504990;504990;504990,8;741;742;180;7,1;5;7;6;7,-,4;1;1;1;1,-61.2;-80.5;-85.8;-87.6;-139.6,-10.4;-14.2;-18;-21.9;-38.1,24.4;255;255;255;255,2.1,10,0,QPSK,-,86.7,13.3,0,0,0.00,0.00,0.00,0.00,0,2,Rank 1,29,449,3,106,-,106,11,23,31,24,256QAM,0,SMDL,0,0,6,0.03,0.03,0.16,1.34,Rank 2,4,464,123,-,2 x 2,HandOver,46225,Free,17,FORMAT_0,726,127,Success,46225,2,-,-6,-6,-12,-,123,-,1,3,-,-,-,-,-,-,-,-,-,-,-,-,-,Registered,Normal Service,9,269,18,D4A6D4C1,550,19,30kHz,944,-,4,1,-,-,New trans.,0,0,256QAM,215,1,46225,550,13,0,0,Pass,1,QPSK,2,16,2,0,15,30kHz,Re trans.,-,11469,
20260725 15:22:41.872,24.827587,102.844467,33.37,1932,3,1,0.00,0.00,,,,,,,1,SA,460,00,中国移动,4456484,6677397517,1630224,13,Normal,-,1,41,100,100,504990,-,8,513000,513000,30kHz,503172,1099,-,ms20,Connected,SA,-0.4,-2,2,-60,77,-59.5,-10.4,26.3,1,Not Barred,6,6312,-22.1,504990,8,-58.5;-61;-70.8;-72.2,-,24.8;23.5;255;255,19.4;19.8;255;255,-22.1;-23.5,7;6;1;3;2;0;5;7,7;180;8;8;8;8;741;742,-85.2;-89.1;-60.8;-58.9;-58.9;-70.3;-81.6;-79.1,-22.4;-22.3;-10.4;-10.3;-10.4;-10.4;-16.2;-16.3,255;255;255;255;255;255;255;255,1;0;0;0;0,504990;504990;504990;504990;504990,8;742;741;7;180,1;7;5;7;6,-,4;1;1;1;1,-59.5;-79.1;-82.3;-85.7;-89.1,-10.4;-16.3;-17.2;-21.9;-22.3,26.3;255;255;255;255,4.8,13,3,QPSK,-,62.5,20.8,16.7,0,0.14,0.14,0.21,0.22,0,2,Rank 1,43,1043,23,66,-,66,11,24.3,31,25,256QAM,0,SMDL,0,0,0.7,0.00,0.00,0.06,0.76,Rank 2,4,596,176,-,2 x 2,HandOver,46225,Free,17,FORMAT_0,726,127,Success,46225,2,-,-7,-13,-12,-,176,-,1,23,-,-,-,-,-,-,-,-,-,-,-,-,-,Registered,Normal Service,9,269,18,D4A6D4C1,655,8,30kHz,992,-,4,1,-,-,New trans.,0,0,256QAM,195,1,46225,650,11,0,0,Pass,0,QPSK,1,16,2,0,15,30kHz,Re trans.,-,27067,
20260725 15:22:42.885,24.827633,102.844389,33.41,1932,3,1,0.00,0.00,,,,,,,1,SA,460,00,中国移动,4456484,6677397517,1630224,13,Normal,-,1,41,100,100,504990,-,8,513000,513000,30kHz,503172,1099,-,ms20,Connected,SA,-0.4,-3,2,-60,80,-62,-10.4,25.2,1,Not Barred,6,6312,-25.5,504990,8,-63.4;-66.3;-73.1;-76.6,-,25.5;22.9;12.2;20.5,23.4;24.4;255;255,-25.5;-28.8,6;6;1;3;2;0;6;7,7;180;8;8;8;8;741;742,-137.1;-103.6;-63.1;-62;-61.4;-73.1;-83.3;-83.1,-36.7;-26.9;-10.4;-10.4;-10.4;-10.5;-16.8;-16.6,255;255;255;255;255;255;255;255,1;0;0;0;0,504990;504990;504990;504990;504990,8;741;742;180;7,1;6;7;6;6,-,4;1;1;1;1,-62;-82.7;-83.1;-103.6;-137.1,-10.4;-14.4;-16.6;-26.9;-36.7,25.2;255;255;255;255,4.8,13,3,QPSK,-,62.5,20.8,16.7,0,0.00,0.00,0.00,0.00,0,2,Rank 1,43,1043,3,66,-,66,11,24.8,31,25,256QAM,0,SMDL,0,0,0,0.05,0.05,0.14,1.05,Rank 2,4,600,122,-,2 x 2,HandOver,46225,Free,17,FORMAT_0,726,127,Success,46225,2,-,-4,-8,-12,-,122,-,1,3,-,-,-,-,-,-,-,-,-,-,-,-,-,Registered,Normal Service,9,269,18,D4A6D4C1,741,8,30kHz,944,-,4,1,-,-,New trans.,0,0,256QAM,195,1,46225,683,13,0,0,Pass,0,QPSK,1,16,2,0,15,30kHz,Re trans.,-,27067,
20260725 15:22:43.898,24.827681,102.844314,33.26,1931,3,1,0.00,0.00,,,,,,,1,SA,460,00,中国移动,4456484,6677397517,1630224,13,Normal,-,1,41,100,100,504990,-,8,513000,513000,30kHz,503172,1099,-,ms20,Connected,SA,-0.4,-3,2,-60,84,-62.7,-10.4,19.8,1,Not Barred,6,6312,-34.6,504990,8,-72.5;-68.7;-91.1;-79.9,-,16.5;18.3;255;255,25.7;28.4;255;255,-37.5;-34.6,6;6;1;3;2;0;6;7,7;180;8;8;8;8;741;742,-110.9;-88.8;-68;-60.9;-64.9;-77.2;-82.5;-109.8,-27.8;-21.4;-10.5;-10.3;-10.4;-10.7;-15.1;-27.4,255;255;255;255;255;255;255;255,1;0;0;0;0,504990;504990;504990;504990;504990,8;741;180;742;7,1;6;6;7;6,-,4;1;1;1;1,-62.7;-82.3;-88.8;-109.8;-110.9,-10.4;-13.4;-21.4;-27.4;-27.8,19.8;255;255;255;255,1.4,3,1,QPSK,-,100,0,0,0,0.00,0.00,0.00,0.00,0,2,Rank 1,16,80,3,14,-,14,11,25,25,25,256QAM,0,SMDL,0,0,0,0.00,0.00,0.01,1.12,Rank 2,4,192,122,-,2 x 2,HandOver,46225,Free,17,FORMAT_0,726,127,Success,46225,2,-,-1,0,-12,-,122,-,1,3,-,-,-,-,-,-,-,-,-,-,-,-,-,Registered,Normal Service,9,269,18,D4A6D4C1,831,18,30kHz,992,-,4,1,-,-,-,0,0,256QAM,255,1,46225,833,11,0,4,Pass,0,QPSK,0,20,1,0,0,30kHz,Re trans.,-,421,
20260725 15:22:44.910,24.827731,102.844241,33.23,1931,3,1,0.00,0.00,,,,,,,1,SA,460,00,中国移动,4456484,6677397517,1630224,13,Normal,-,1,41,100,100,504990,-,8,513000,513000,30kHz,503172,1099,-,ms20,Connected,SA,-0.4,-3,2,-60,79,-60.8,-10.4,18.2,3,Not Barred,6,6312,-25.9,504990,8,-66.7;-61.1;-65.9;-76.9,-,19.6;14.1;255;255,16.9;10.7;255;255,-33.5;-25.9,4;7;3;2;1;0;5,7;742;8;8;8;8;741,-93.3;-83.4;-60.8;-73.4;-75.3;-83.2;-80.1,-19.3;-16.7;-10.4;-11.2;-11.3;-13.1;-11.9,255;255;255;255;255;255;255,1;0;0;0,504990;504990;504990;504990,8;741;742;7,3;5;7;4,-,4;1;1;1,-60.8;-81.3;-83.4;-92.5,-10.4;-13;-16.7;-19.8,18.2;255;255;255,1.4,3,1,QPSK,-,100,0,0,0,0.00,0.00,0.00,0.00,0,2,Rank 1,16,80,3,26,-,26,6,23.5,31,23,256QAM,0,SMDL,0,0,0,0.00,0.00,0.03,0.36,Rank 2,4,404,52,-,2 x 2,HandOver,46225,Free,17,FORMAT_0,726,127,Success,46225,2,-,-1,0,-12,-,52,-,1,2,-,-,-,-,-,-,-,-,-,-,-,-,-,Registered,Normal Service,9,269,18,D4A6D4C1,954,18,30kHz,992,-,4,1,-,-,New trans.,0,0,256QAM,228,2,46225,933,7,0,0,Pass,1,QPSK,0,16,1,0,15,30kHz,Re trans.,-,421,
20260725 15:22:45.918,24.827785,102.844169,33.26,1931,3,1,0.00,0.00,,,,,,,1,SA,460,00,中国移动,4456484,6677397517,1630224,13,Normal,-,1,41,100,100,504990,-,8,513000,513000,30kHz,503172,1099,-,ms20,Connected,SA,-0.4,-3,2,-60,94,-76.5,-10.7,7.5,3,Not Barred,6,6312,-39.1,504990,8,-89.8;-81.1;-84.4;-78.5,-,14.4;8.7;255;255,17.9;23;255;255,-43.6;-39.1,6;7;3;2;1;0;5,7;742;8;8;8;8;741,-92.9;-87.3;-75.4;-79;-80.3;-91.3;-81.3,-16.5;-12.1;-10.5;-10.7;-10.9;-14.5;-11.3,255;255;255;255;255;255;255,1;0;0;0,504990;504990;504990;504990,8;741;742;7,3;5;7;6,-,4;1;1;1,-76.5;-80.9;-87.3;-94.8,-10.7;-11.3;-12.1;-17.4,7.5;255;255;255,1.5,5,0,QPSK,-,83.3,16.7,0,0,0.00,0.00,0.00,0.00,0,1,Rank 1,16,100,3,66,-,66,11,24.9,31,25,256QAM,0,SMDL,0,0,0,0.00,0.00,0.06,0.68,Rank 2,4,364,136,-,2 x 2,HandOver,46225,Free,17,FORMAT_0,726,127,Success,46225,2,-,12,11,-12,-,136,-,1,3,-,-,-,-,-,-,-,-,-,-,-,-,-,Registered,Normal Service,9,269,18,D4A6D4C1,31,9,30kHz,992,-,4,1,-,-,New trans.,0,0,256QAM,219,1,46225,27,13,0,0,Pass,1,QPSK,1,16,2,0,15,30kHz,Re trans.,-,584,
20260725 15:22:46.926,24.827838,102.844104,31.61,1931,3,1,0.00,0.00,,,,,,,1,SA,460,00,中国移动,4456484,6677397517,1630224,13,Normal,-,1,41,100,100,504990,-,8,513000,513000,30kHz,503172,1099,-,ms20,Connected,SA,-0.4,-4,2,-60,94,-77.9,-10.7,4.8,3,Not Barred,6,6312,-43,504990,8,-85.3;-82.2;-86.2;-87.4,-,5.9;-2.5;255;255,16;17.6;255;255,-43.6;-43,0;7;3;2;1;0;6,7;742;8;8;8;8;741,-102.2;-84.5;-79.6;-75.5;-77.6;-89.4;-78.8,-20.9;-11.9;-11;-10.6;-10.7;-13.4;-10.6,255;255;255;255;255;255;255,1;0;0;0,504990;504990;504990;504990,8;741;742;7,3;6;7;0,-,4;1;1;1,-77.9;-79.2;-84.8;-94.9,-10.7;-10.7;-12.1;-20.3,4.8;255;255;255,1.5,5,0,QPSK,-,83.3,16.7,0,0,0.00,0.00,0.00,0.00,0,1,Rank 1,16,100,4,66,-,66,8,24.9,31,25,256QAM,0,SMDL,0,0,0,0.00,0.00,0.06,0.67,Rank 2,4,264,117,-,2 x 2,HandOver,46225,Free,17,FORMAT_0,726,127,Success,46225,2,-,6,14,-12,-,117,-,1,4,-,-,-,-,-,-,-,-,-,-,-,-,-,Registered,Normal Service,9,269,18,D4A6D4C1,103,8,30kHz,896,-,4,1,-,-,New trans.,0,0,256QAM,231,1,46225,27,13,0,0,Pass,1,QPSK,1,16,2,0,15,30kHz,Re trans.,-,584,
20260725 15:22:47.935,24.827893,102.844042,31.28,1930,3,1,0.00,0.00,,,,,,,1,SA,460,00,中国移动,4456484,6677397517,1630224,13,Normal,-,1,41,100,100,504990,-,8,513000,513000,30kHz,503172,1099,-,ms20,Connected,SA,-0.4,-5,2,-60,96,-76.8,-10.7,13.1,3,Not Barred,6,6312,-45.8,504990,8,-78.5;-86.4;-86.1;-82.3,-,13.1;-1;255;255,19.1;20.3;255;255,-45.8;-47.1,6;7;3;1;2;0,741;742;8;8;8;8,-76.2;-83.9;-77.8;-77.9;-75.9;-87.8,-10.8;-11.6;-10.7;-10.7;-10.6;-12.3,255;255;255;255;255;255,1;0;0,504990;504990;504990,8;741;742,3;6;7,-,4;1;1,-76.8;-76.2;-83.9,-10.7;-10.8;-11.6,13.1;255;255,1,3,0,QPSK,-,100,0,0,0,0.00,0.00,0.00,0.00,0,2,Rank 1,16,64,4,157,-,157,11,24.9,31,25,256QAM,0,SMDL,0,0,0,0.00,0.00,0.02,0.49,Rank 2,4,200,117,-,2 x 2,HandOver,46225,Free,17,FORMAT_0,726,127,Success,46225,2,-,8,11,-12,-,117,-,1,4,-,-,-,-,-,-,-,-,-,-,-,-,-,Registered,Normal Service,9,269,18,D4A6D4C1,223,8,30kHz,944,-,4,1,-,-,New trans.,0,0,256QAM,255,1,46225,142,10,0,0,Pass,0,QPSK,3,16,2,0,15,30kHz,Re trans.,-,361,
20260725 15:22:48.947,24.827949,102.843980,31.54,1930,3,1,0.00,0.00,,,,,,,1,SA,460,00,中国移动,4456484,6677397517,1630224,13,Normal,-,1,41,100,100,504990,-,8,513000,513000,30kHz,503172,1099,-,ms20,Connected,SA,-0.4,-5,2,-60,95,-77.1,-11,8.9,3,Not Barred,6,6312,-38.8,504990,8,-80.7;-75.1;-89.8;-81.6,-,3.5;8.5;255;255,12.1;20.2;255;255,-47.9;-38.8,5;7;3;1;2;0,741;742;8;8;8;8,-75.4;-78.8;-76.4;-79.1;-77.5;-88.4,-10.7;-11.7;-11;-11.2;-10.9;-15.1,255;255;255;255;255;255,1;0;0,504990;504990;504990,8;741;742,3;5;7,-,4;1;1,-77.1;-75.2;-78.8,-11;-10.6;-11.7,8.9;255;255,1,3,0,QPSK,-,100,0,0,0,0.00,0.00,0.00,0.00,0,2,Rank 1,16,64,2,66,-,66,11,24.3,31,24,256QAM,0,SMDL,0,0,0,0.00,0.00,0.00,0.37,Rank 2,4,316,52,-,2 x 2,HandOver,46225,Free,17,FORMAT_0,726,127,Success,46225,2,-,7,11,-12,-,52,-,1,2,-,-,-,-,-,-,-,-,-,-,-,-,-,Registered,Normal Service,9,269,18,D4A6D4C1,329,9,30kHz,848,-,4,1,-,-,New trans.,0,0,256QAM,231,1,46225,303,15,0,0,Pass,1,QPSK,1,16,2,0,15,30kHz,Re trans.,-,361,
20260725 15:22:49.960,24.828004,102.843919,31.25,1930,3,1,0.00,0.00,,,,,,,1,SA,460,00,中国移动,4456484,6677397517,1630224,13,Normal,-,1,41,100,100,504990,-,741,513000,513000,30kHz,503172,1099,-,ms20,Connected,SA,-0.4,3,0,-60,90,-72.1,-10.5,21.8,5,Not Barred,6,6312,-28.3,504990,741,-75.2;-68.5;-87;-63.8,-,11.5;11.7;10.8;22.4,20.7;20.9;19.2;24.5,-39.4;-33;-51.9;-28.3,5;6;7;4;7;3,741;741;741;741;742;8,-72.1;-71.9;-82.3;-82.5;-77.7;-73.8,-10.6;-10.4;-15.9;-11.3;-12.1;-10.9,255;255;255;255;255;255,1;0;0,504990;504990;504990,741;8;742,5;3;7,-,4;1;1,-72.1;-73.7;-77.7,-10.5;-10.9;-12.1,21.8;255;255,0.8,3,0,QPSK,-,100,0,0,0,0.00,0.00,0.00,0.00,0,1,Rank 1,16,96,4,69,-,69,11,23.5,31,25,256QAM,0,SMDL,3.1,0,1.6,0.00,0.00,0.05,0.57,Rank 2,4,268,111,-,4 x 4,HandOver,14240,Free,17,FORMAT_0,232,127,Success,14240,5,-,10,-3,-10,-,111,-,1,4,-,-,-,-,-,-,-,-,-,-,-,-,-,Registered,Normal Service,9,269,18,D4A6D4C1,435,19,30kHz,992,-,4,1,-,-,New trans.,0,0,256QAM,33,1,14240,426,13,0,0,Pass,1,QPSK,0,16,1,0,15,30kHz,Re trans.,-,496,
20260725 15:22:50.973,24.828061,102.843860,31.07,1930,3,1,0.00,0.00,,,,,,,1,SA,460,00,中国移动,4456484,6677397517,1630224,13,Normal,-,1,41,100,100,504990,-,741,513000,513000,30kHz,503172,1099,-,ms20,Connected,SA,-0.4,2,0,-60,91,-71.8,-10.5,18.9,5,Not Barred,6,6312,-38.9,504990,741,-74.1;-74.5;-77.5;-78.3,-,10.2;9.7;11.4;18.9,20.8;20.7;20.9;21.9,-38.9;-47.3;-42.1;-40.5,5;6;4;7;7;1;5;4,741;741;741;741;742;8;664;475,-73.1;-71.2;-82.2;-80.7;-79.9;-69.8;-85.3;-104.9,-10.7;-10.4;-11.9;-13.9;-12.4;-10.6;-20.6;-25.7,255;255;255;255;255;255;255;255,1;0;0;0;0,504990;504990;504990;504990;504990,741;8;742;664;475,5;1;7;5;4,-,4;1;1;1;1,-71.8;-71;-79.9;-85.3;-104.9,-10.5;-10.7;-12.4;-20.6;-25.7,18.9;255;255;255;255,0.3,4,0,QPSK,-,100,0,0,0,0.00,0.00,0.02,0.02,3.2,1,Rank 1,23,744,32,66,-,66,15,25.4,31,25,256QAM,0,SMDL,0,0,0,0.00,0.00,0.09,0.45,Rank 2,4,533,118,-,4 x 4,HandOver,14240,Free,17,FORMAT_0,232,127,Success,14240,5,-,7,2,-10,-,118,-,9,23,-,-,-,-,-,-,-,-,-,-,-,-,-,Registered,Normal Service,9,269,18,D4A6D4C1,541,19,30kHz,944,-,4,1,-,-,New trans.,0,0,256QAM,52,1,14240,530,0,0,0,Pass,0,QPSK,2,16,2,0,15,30kHz,Re trans.,-,3173,
20260725 15:22:51.985,24.828121,102.843805,31.46,1929,3,1,0.00,0.00,,,,,,,1,SA,460,00,中国移动,4456484,6443507724,1573122,12,Normal,-,1,41,100,100,504990,-,741,513000,513000,30kHz,503172,1099,-,ms20,Connected,SA,-0.4,3,0,-60,91,-72,-10.8,14.7,5,Not Barred,6,6312,-31.8,504990,741,-67.1;-72;-76.5;-80.1,-,8.1;7.3;10;12,21.2;19.8;22.7;17.9,-31.8;-45.3;-41.4;-35.9,5;6;7;4;7;1;5,741;741;741;741;742;8;664,-73.9;-69.5;-78.9;-81.3;-75.6;-69.4;-83.4,-11.3;-10.4;-14.1;-11.6;-11.3;-10.6;-18.2,255;255;255;255;255;255;255,1;0;0;0,504990;504990;504990;504990,741;8;742;664,5;1;7;5,-,4;1;1;1,-72;-70.6;-75.6;-83.4,-10.8;-10.7;-11.3;-18.2,14.7;255;255;255,5.2,20,2,QPSK,-,85.7,4.8,9.5,0,0.06,0.06,0.10,0.11,0,3,Rank 3,22,476,21,69,-,69,11,24.6,31,25,256QAM,0,SMDL,0.9,0,0,0.00,0.00,0.10,0.98,Rank 2,4,472,140,-,4 x 4,HandOver,14240,Free,17,FORMAT_0,232,127,Success,14240,5,-,5,3,-10,-,140,-,3,18,-,-,-,-,-,-,-,-,-,-,-,-,-,Registered,Normal Service,9,269,18,D4A6D4C1,642,8,30kHz,992,-,4,1,-,-,New trans.,0,0,256QAM,40,1,14240,627,13,0,0,Pass,0,QPSK,0,16,1,0,15,30kHz,Re trans.,-,13441,
20260725 15:22:53.001,24.828183,102.843750,32.04,1929,3,1,0.00,0.00,,,,,,,1,SA,460,00,中国移动,4456484,6443507724,1573122,12,Normal,-,1,41,100,100,504990,-,741,513000,513000,30kHz,503172,1099,-,ms20,Connected,SA,-0.4,4,0,-60,83,-62.9,-10.6,17.2,5,Not Barred,6,6312,-29.6,504990,741,-66.7;-67.6;-71.1;-79.6,-,18.4;13.8;255;255,24;24.1;255;255,-29.6;-30.3,5;6;7;4;7;1;5,741;741;741;741;742;8;664,-65;-61.8;-71;-74;-76;-65.8;-98.9,-10.5;-10.4;-12;-10.8;-15.1;-10.7;-26.8,255;255;255;255;255;255;255,1;0;0;0,504990;504990;504990;504990,741;8;742;664,5;1;7;5,-,4;1;1;1,-62.9;-66.7;-76;-98.9,-10.6;-10.8;-15.1;-26.8,17.2;255;255;255,5.2,20,2,QPSK,-,85.7,4.8,9.5,0,0.00,0.00,0.00,0.00,0,3,Rank 1,22,476,5,69,-,69,11,24.4,31,25,256QAM,0,SMDL,0,0,0,0.03,0.03,0.10,0.86,Rank 2,4,216,73,-,4 x 4,HandOver,14240,Free,17,FORMAT_0,232,127,Success,14240,5,-,1,-7,-10,-,73,-,3,5,-,-,-,-,-,-,-,-,-,-,-,-,-,Registered,Normal Service,9,269,18,D4A6D4C1,746,9,30kHz,944,-,4,1,-,-,New trans.,0,0,256QAM,40,1,14240,722,3,0,0,Pass,1,QPSK,0,16,1,0,15,30kHz,Re trans.,-,13441,
20260725 15:22:54.007,24.828249,102.843696,32.90,1929,3,1,0.00,0.00,,,,,,,1,SA,460,00,中国移动,4456484,6443507724,1573122,12,Normal,-,1,41,100,100,504990,-,741,513000,513000,30kHz,503172,1099,-,ms20,Connected,SA,-0.4,4,0,-60,87,-66.7,-10.5,23.8,6,Not Barred,6,6312,-33.6,504990,741,-74.5;-80.7;-86;-74.9,-,18;20.6;255;255,22.6;19.8;255;255,-35.6;-41.6;-33.6;-42.1,6;5;7;4;7;1,741;741;741;741;742;8,-66;-71.8;-77.2;-81;-75.8;-67.7,-10.4;-10.9;-12.8;-11.7;-12.7;-10.9,255;255;255;255;255;255,1;0;0,504990;504990;504990,741;8;742,6;1;7,-,4;1;1,-66.7;-69;-75.8,-10.5;-11;-12.7,23.8;255;255,0,0,0,QPSK,-,100,0,0,0,0.00,0.00,0.00,0.00,0,1,Rank 1,16,96,10,66,-,66,11,24.9,31,25,256QAM,0,SMDL,0,0,0,0.00,0.00,0.01,0.35,Rank 2,4,436,111,-,2 x 2,HandOver,14240,Free,17,FORMAT_0,232,127,Success,14240,5,-,9,8,-10,-,111,-,1,9,-,-,-,-,-,-,-,-,-,-,-,-,-,Registered,Normal Service,9,269,18,D4A6D4C1,845,9,30kHz,992,-,4,1,-,-,New trans.,0,0,256QAM,92,1,14240,842,3,0,0,Pass,0,QPSK,1,16,2,0,15,30kHz,Re trans.,-,414,
20260725 15:22:55.014,24.828317,102.843646,32.94,1928,3,1,0.00,0.00,,,,,,,1,SA,460,00,中国移动,4456484,6443507724,1573122,12,Normal,-,1,41,100,100,504990,-,741,513000,513000,30kHz,503172,1099,-,ms20,Connected,SA,-0.4,3,0,-60,84,-69.5,-10.6,24.2,6,Not Barred,6,6312,-28.3,504990,741,-65.3;-69.5;-71.7;-78.8,-,27.3;10.4;26.2;25,22.5;18.9;255;255,-28.3;-36.9,6;5;7;4;7;1;4;5,741;741;741;741;742;8;475;664,-68.4;-73.8;-77.5;-82.5;-75.6;-66;-93.4;-82.4,-10.4;-10.9;-14.1;-12.5;-12.4;-10.5;-20.5;-18.8,255;255;255;255;255;255;255;255,1;0;0;0;0,504990;504990;504990;504990;504990,741;8;742;664;475,6;1;7;5;4,-,4;1;1;1;1,-69.5;-66.8;-75.6;-82.4;-91.3,-10.6;-10.5;-12.4;-18.8;-20.2,24.2;255;255;255;255,0.3,2,0,QPSK,-,100,0,0,0,0.00,0.00,0.01,0.01,0,1,Rank 1,16,200,4,69,-,69,10,24,31,25,256QAM,0,SMDL,2.1,0,1.1,0.00,0.00,0.05,0.80,Rank 2,4,376,92,-,2 x 2,HandOver,14240,Free,17,FORMAT_0,232,127,Success,14240,5,-,5,3,-10,-,92,-,1,3,-,-,-,-,-,-,-,-,-,-,-,-,-,Registered,Normal Service,9,269,18,D4A6D4C1,947,8,30kHz,944,-,4,1,-,-,New trans.,0,0,256QAM,63,1,14240,926,3,0,0,Pass,0,QPSK,0,16,1,0,15,30kHz,Re trans.,-,827,
20260725 15:22:56.020,24.828388,102.843597,33.26,1928,3,1,0.00,0.00,,,,,,,1,SA,460,00,中国移动,4456484,6443507724,1573122,12,Normal,-,1,41,100,100,504990,-,741,513000,513000,30kHz,503172,1099,-,ms20,Connected,SA,-0.4,3,0,-60,84,-66.1,-10.4,28.1,6,Not Barred,6,6312,-36.3,504990,741,-60.8;-70.5;-81.3;-82.3,-,24.2;20.1;255;255,21.3;20.1;255;255,-36.3;-41.1,6;5;7;4;7;2;3;5,741;741;741;741;742;8;475;664,-66;-75.5;-77.6;-84.5;-74.8;-75.7;-87.2;-83.5,-10.4;-11.3;-14.8;-12.6;-12.1;-11.2;-15;-18.4,255;255;255;255;255;255;255;255,1;0;0;0;0,504990;504990;504990;504990;504990,741;742;8;664;475,6;7;2;5;3,-,4;1;1;1;1,-66.1;-74.8;-76;-83.1;-88.3,-10.4;-12.1;-11.2;-18.3;-15.7,28.1;255;255;255;255,0.2,1,0,QPSK,-,100,0,0,0,0.00,0.00,0.00,0.00,0,1,Rank 1,18,92,5,19,-,19,9,24.3,31,25,256QAM,0,SMDL,0,0.8,0,0.00,0.00,0.00,0.67,Rank 2,4,488,126,-,2 x 2,HandOver,14240,Free,17,FORMAT_0,232,127,Success,14240,5,-,8,0,-10,-,126,-,1,4,-,-,-,-,-,-,-,-,-,-,-,-,-,Registered,Normal Service,9,269,18,D4A6D4C1,15,18,30kHz,992,-,4,1,-,-,New trans.,0,0,256QAM,51,1,14240,1,16,0,4,Pass,0,QPSK,0,28,1,0,0,30kHz,Re trans.,-,292,
20260725 15:22:57.026,24.828460,102.843550,33.26,1928,3,1,0.00,0.00,,,,,,,1,SA,460,00,中国移动,4456484,6443507724,1573122,12,Normal,-,1,41,100,100,504990,-,741,513000,513000,30kHz,503172,1099,-,ms20,Connected,SA,-0.4,4,0,-60,74,-55.9,-10.4,26.9,6,Not Barred,6,6312,-19.6,504990,741,-55.2;-60.5;-59.9;-74.6,-,26.3;20.5;255;255,25.5;26.6;255;255,-19.6;-24.6,6;5;0;4;7;2;3;5,741;741;741;741;742;8;475;664,-55.9;-73.9;-80;-81.5;-63;-77.3;-71.7;-103.6,-10.4;-12.7;-14.6;-16.6;-10.7;-13.9;-11.4;-26.3,255;255;255;255;255;255;255;255,1;0;0;0;0,504990;504990;504990;504990;504990,741;742;475;8;664,6;7;3;2;5,-,4;1;1;1;1,-55.9;-63;-73.6;-77.9;-103.6,-10.4;-10.7;-12.3;-14.1;-26.3,26.9;255;255;255;255,0.2,1,0,QPSK,-,100,0,0,0,0.00,0.00,0.00,0.00,0,1,Rank 1,18,92,6,106,-,106,11,24.8,25,25,256QAM,0,SMDL,0,0,0,0.00,0.00,0.01,0.89,Rank 2,4,172,44,-,2 x 2,HandOver,14240,Free,17,FORMAT_0,232,127,Success,14240,5,-,-5,-10,-10,-,44,-,1,6,-,-,-,-,-,-,-,-,-,-,-,-,-,Registered,Normal Service,9,269,18,D4A6D4C1,122,19,30kHz,992,-,4,1,-,-,New trans.,0,0,256QAM,63,1,14240,105,15,0,0,Pass,0,QPSK,2,16,2,0,15,30kHz,Re trans.,-,292,
20260725 15:22:58.041,24.828532,102.843506,32.90,1928,3,1,0.00,0.00,,,,,,,1,SA,460,00,中国移动,4456484,6443507724,1573122,12,Normal,-,1,41,100,100,504990,-,741,513000,513000,30kHz,503172,1099,-,ms20,Connected,SA,-0.4,4,0,-60,74,-56.9,-10.4,20.6,6,Not Barred,6,6312,-22.3,504990,741,-57.7;-59.9;-60.1;-68.5,-,22.6;17.9;255;255,25;26.4;255;255,-22.3;-24.5,6;5;0;4;7;2;3;5,741;741;741;741;742;8;475;664,-56.9;-78.5;-79.3;-84.3;-60.9;-73.6;-71.7;-82.3,-10.4;-14.7;-14.7;-17.9;-10.4;-11.8;-11.2;-18.9,255;255;255;255;255;255;255;255,1;0;0;0;0,504990;504990;504990;504990;504990,741;742;475;8;664,6;7;3;2;5,-,4;1;1;1;1,-56.9;-60.9;-73.5;-73.7;-83.9,-10.4;-10.4;-11.8;-12;-18.6,20.6;255;255;255;255,0.2,1,0,QPSK,-,100,0,0,0,0.00,0.00,0.01,0.01,0,1,Rank 1,18,92,6,106,-,106,11,24.8,25,25,256QAM,0,SMDL,0,0,0,0.00,0.00,0.00,0.32,Rank 2,4,160,44,-,2 x 2,HandOver,14240,Free,17,FORMAT_0,232,127,Success,14240,5,-,-5,-10,-10,-,44,-,1,6,-,-,-,-,-,-,-,-,-,-,-,-,-,Registered,Normal Service,9,269,18,D4A6D4C1,130,19,30kHz,944,-,4,1,-,-,New trans.,0,0,256QAM,63,1,14240,105,15,0,0,Pass,0,QPSK,2,16,2,0,15,30kHz,Re trans.,-,292,
20260725 15:22:59.053,24.828607,102.843470,32.36,1928,3,1,0.00,0.00,,,,,,,1,SA,460,00,中国移动,4456484,6443507724,1573122,12,Normal,-,1,41,100,100,504990,-,741,513000,513000,30kHz,503172,1099,-,ms20,Connected,SA,-0.4,5,0,-60,78,-59.7,-10.4,25.6,6,Not Barred,6,6312,-24.1,504990,741,-58.6;-64;-60;-71.5,-,25.6;21.7;255;255,21.5;18.2;255;255,-24.1;-28.9,6;5;7;0;7;2;3;5,741;741;741;741;742;8;475;664,-59.7;-74.1;-78.4;-78.5;-66.6;-81.3;-69.5;-82.2,-10.4;-12.1;-20;-12.2;-10.7;-16.9;-10.9;-17.3,255;255;255;255;255;255;255;255,1;0;0;0;0,504990;504990;504990;504990;504990,741;742;475;8;664,6;7;3;2;5,-,4;1;1;1;1,-59.7;-66.6;-71;-81.6;-83.1,-10.4;-10.7;-11.3;-15.5;-17.9,25.6;255;255;255;255,1.6,5,0,QPSK,-,87.5,12.5,0,0,0.00,0.00,0.00,0.00,0,2,Rank 1,16,128,1,69,-,69,7,24.8,25,25,256QAM,0,SMDL,0,0,0,0.00,0.00,0.00,0.30,Rank 2,4,136,35,-,2 x 2,HandOver,14240,Free,17,FORMAT_0,232,127,Success,14240,5,-,-1,-6,-10,-,35,-,1,1,-,-,-,-,-,-,-,-,-,-,-,-,-,Registered,Normal Service,9,269,18,D4A6D4C1,324,18,30kHz,992,-,4,1,-,-,New trans.,0,0,256QAM,60,1,14240,316,3,0,0,Pass,0,QPSK,0,16,1,0,15,30kHz,Re trans.,-,903,
20260725 15:23:00.065,24.828681,102.843435,32.18,1928,3,1,0.00,0.00,,,,,,,1,SA,460,00,中国移动,4456484,6443507724,1573122,12,Normal,-,1,41,100,100,504990,-,741,513000,513000,30kHz,503172,1099,-,ms20,Connected,SA,-0.4,5,0,-60,84,-66.4,-10.5,21.9,6,Not Barred,6,6312,-34.5,504990,741,-69.5;-69.9;-67.5;-73.1,-,22.8;19.3;255;255,14.3;14.7;255;255,-34.5;-35.4,6;7;5;4;7;1;3;5,741;741;741;741;742;8;475;664,-66.3;-75.1;-77.4;-82.3;-72;-83.2;-70;-86.4,-10.4;-16.1;-11.8;-12.4;-11.8;-13.1;-10.6;-18.8,255;255;255;255;255;255;255;255,1;0;0;0;0,504990;504990;504990;504990;504990,741;475;742;8;664,6;3;7;1;5,-,4;1;1;1;1,-66.4;-70.7;-72;-83.8;-86.4,-10.5;-10.9;-11.8;-14.2;-18.8,21.9;255;255;255;255,1.6,5,0,QPSK,-,87.5,12.5,0,0,0.00,0.00,0.00,0.00,0,2,Rank 1,16,128,2,157,-,157,9,24.8,25,25,256QAM,0,SMDL,0,0,0,0.00,0.00,0.00,0.25,Rank 2,4,264,63,-,2 x 2,HandOver,14240,Free,17,FORMAT_0,232,127,Success,14240,5,-,8,1,-10,-,63,-,1,2,-,-,-,-,-,-,-,-,-,-,-,-,-,Registered,Normal Service,9,269,18,D4A6D4C1,422,9,30kHz,896,-,4,1,-,-,New trans.,0,0,256QAM,59,1,14240,406,14,0,0,Pass,1,QPSK,3,16,2,0,15,30kHz,Re trans.,-,903,
20260725 15:23:01.079,24.828755,102.843400,31.86,1928,3,1,0.00,0.00,,,,,,,1,SA,460,00,中国移动,4456484,6453981196,1575679,12,Normal,-,1,41,100,100,504990,-,475,513000,513000,30kHz,503172,1099,-,ms20,Connected,SA,-0.5,3,3,-60,87,-68.8,-10.6,6.6,2,Not Barred,6,6312,-33.4,504990,475,-69.4;-84.9;-93;-84.7,-,12.6;-5.9;-5.6;-7.8,19.6;13.5;14.2;14.3,-33.4;-51.8;-43;-40.5,6;7;2;2;3;1;4;5;4,741;742;8;475;475;475;475;664;700,-76.3;-81.8;-83.5;-68.7;-69.1;-75.8;-77;-84.4;-93,-10.7;-13;-16.6;-10.8;-10.5;-11.6;-10.8;-19.1;-22,255;255;255;255;255;255;255;255;255,1;0;0;0;0;0,504990;504990;504990;504990;504990;504990,475;741;8;742;664;700,2;6;2;7;5;4,-,4;1;1;1;1;1,-68.8;-77.8;-82.1;-83.4;-84.4;-93,-10.6;-11.5;-15.1;-14.7;-19.1;-22,6.6;255;255;255;255;255,1,3,0,QPSK,-,100,0,0,0,0.00,0.00,0.00,0.00,0,1,Rank 3,16,80,6,69,-,69,8,21.6,25,21,256QAM,0,SMDL,0.9,0,8.3,0.00,0.00,0.00,0.49,Rank 2,4,432,108,-,4 x 4,HandOver,26076,Free,17,FORMAT_0,249,127,Success,26076,10,-,8,-10,-15,-,108,-,1,6,-,-,-,-,-,-,-,-,-,-,-,-,-,Registered,Normal Service,9,269,18,D4A6D4C1,529,18,30kHz,992,-,4,1,-,-,New trans.,0,0,256QAM,168,1,26076,527,13,0,0,Pass,0,QPSK,0,16,1,0,15,30kHz,Re trans.,-,605,
20260725 15:23:02.091,24.828829,102.843367,31.72,1928,3,1,0.00,0.00,,,,,,,1,SA,460,00,中国移动,4456484,6443507724,1573122,12,Normal,-,1,41,100,100,504990,-,475,513000,513000,30kHz,503172,1099,-,ms20,Connected,SA,-0.5,3,3,-60,88,-71.3,-10.9,8.2,2,Not Barred,6,6312,-37.6,504990,475,-73.2;-84.6;-92.2;-82.1,-,8.2;0.5;-0.7;-0.6,13.2;11.9;255;255,-37.6;-47.4,5;7;1;2;3;1;5;5,741;742;8;475;475;475;475;664,-79.3;-83.7;-82.8;-70.1;-72.2;-77.2;-80;-80.1,-11.3;-15.8;-13.7;-10.8;-10.6;-11.9;-14.4;-14.5,255;255;255;255;255;255;255;255,1;0;0;0;0,504990;504990;504990;504990;504990,475;741;664;8;742,2;5;5;1;7,-,4;1;1;1;1,-71.3;-79;-80.1;-83.5;-84.8,-10.9;-11.3;-14.5;-14.2;-14.9,8.2;255;255;255;255,0.5,4,0,QPSK,-,100,0,0,0,0.00,0.00,0.02,0.02,0,2,Rank 1,22,616,24,69,-,69,11,23.8,31,24,256QAM,0,SMDL,0.9,0,0.9,0.00,0.00,0.02,0.67,Rank 2,4,424,115,-,2 x 2,HandOver,26076,Free,17,FORMAT_0,249,127,Success,26076,10,-,9,-11,-15,-,115,-,6,18,-,-,-,-,-,-,-,-,-,-,-,-,-,Registered,Normal Service,9,269,18,D4A6D4C1,608,18,30kHz,992,-,4,1,-,-,New trans.,0,0,256QAM,104,1,26076,603,13,0,0,Pass,1,QPSK,0,16,1,0,15,30kHz,Re trans.,-,3027,
20260725 15:23:03.105,24.828904,102.843336,31.61,1928,3,1,0.00,0.00,,,,,,,1,SA,460,00,中国移动,4456484,6443507724,1573122,12,Normal,-,1,41,100,100,504990,-,475,513000,513000,30kHz,503172,1099,-,ms20,Connected,SA,-0.5,3,3,-60,90,-73.5,-11,11.9,2,Not Barred,6,6312,-40.3,504990,475,-68.1;-76.4;-86.4;-75.8,-,9;4.5;-2.4;-3.6,15.6;16.9;255;255,-40.3;-42.9,6;2;0;2;3;1;5;5,741;742;8;475;475;475;475;664,-80.5;-82.5;-93.3;-72.2;-72.9;-76.3;-79.7;-81.4,-10.9;-18.1;-19.6;-11.3;-10.6;-11.1;-14.3;-15.3,255;255;255;255;255;255;255;255,1;0;0;0;0,504990;504990;504990;504990;504990,475;741;664;742;8,2;6;5;2;0,-,4;1;1;1;1,-73.5;-80.2;-81.4;-83.9;-87.8,-11;-12;-15.3;-15.1;-19.3,11.9;255;255;255;255,0.5,4,0,QPSK,-,100,0,0,0,0.00,0.00,0.00,0.00,0,2,Rank 1,22,616,3,69,-,69,10,24.5,25,25,256QAM,0,SMDL,0,0,0,0.00,0.00,0.03,0.73,Rank 2,4,96,41,-,2 x 2,HandOver,26076,Free,17,FORMAT_0,249,127,Success,26076,10,-,11,-7,-15,-,41,-,6,3,-,-,-,-,-,-,-,-,-,-,-,-,-,Registered,Normal Service,9,269,18,D4A6D4C1,678,18,30kHz,992,-,4,1,-,-,New trans.,0,0,256QAM,144,1,26076,673,13,0,0,Pass,0,QPSK,0,16,1,0,15,30kHz,Re trans.,-,3027,
20260725 15:23:04.121,24.828979,102.843307,31.54,1928,3,1,0.00,0.00,,,,,,,1,SA,460,00,中国移动,4456484,6453981196,1575679,12,Normal,-,1,41,100,100,504990,-,475,513000,513000,30kHz,503172,1099,-,ms20,Connected,SA,-0.5,2,3,-60,87,-71.3,-10.9,9.5,2,Not Barred,6,6312,-32.1,504990,475,-67.3;-81.7;-93.1;-77.5,-,11.9;7;0.8;7.2,18.6;16.1;7.6;12.7,-32.1;-53.1;-46.9;-41.6,5;7;2;2;3;1;5;5,741;742;8;475;475;475;475;664,-74.4;-86;-84.1;-69.3;-72.3;-73.8;-77.6;-90.3,-10.9;-14.8;-17.8;-10.9;-10.5;-11.2;-15.4;-21.5,255;255;255;255;255;255;255;255,1;0;0;0;0,504990;504990;504990;504990;504990,475;741;8;742;664,2;5;2;7;5,-,4;1;1;1;1,-71.3;-74.6;-80.2;-86;-90.3,-10.9;-11;-15.7;-16;-21.5,9.5;255;255;255;255,0.5,2,0,QPSK,-,100,0,0,0,0.00,0.00,0.00,0.00,0,2,Rank 2,16,64,7,69,-,69,12,24.2,26,25,256QAM,0,SMDL,0,0,0,0.00,0.00,0.00,0.17,Rank 2,4,540,45,-,4 x 4,HandOver,26076,Free,17,FORMAT_0,249,127,Success,26076,10,-,6,-7,-15,-,45,-,1,6,-,-,-,-,-,-,-,-,-,-,-,-,-,Registered,Normal Service,9,269,18,D4A6D4C1,821,18,30kHz,992,-,4,1,-,-,New trans.,0,0,256QAM,108,1,26076,816,11,0,0,Pass,1,QPSK,0,16,1,0,15,30kHz,Re trans.,-,313,
20260725 15:23:05.126,24.829053,102.843278,31.21,1928,3,1,0.00,0.00,,,,,,,1,SA,460,00,中国移动,4456484,6453981196,1575679,12,Normal,-,1,41,100,100,504990,-,475,513000,513000,30kHz,503172,1099,-,ms20,Connected,SA,-0.5,2,3,-60,96,-80.8,-12.5,3.5,2,Not Barred,6,6312,-41.9,504990,475,-81.8;-89;-97.5;-84.1,-,6.9;0.2;255;255,10.8;5.3;255;255,-41.9;-47,5;7;1;2;1;3;5;5,741;742;8;475;475;475;475;664,-75;-85.3;-83.9;-79.3;-81.7;-82.4;-99.9;-93,-10.9;-12.7;-14.5;-12.9;-13.4;-11.5;-24.7;-22,255;255;255;255;255;255;255;255,1;0;0;0;0,504990;504990;504990;504990;504990,475;741;8;742;664,2;5;1;7;5,-,4;1;1;1;1,-80.8;-76;-83.8;-86.3;-93,-12.5;-10.8;-14.9;-13.1;-22,3.5;255;255;255;255,3.1,19,2,QPSK,-,88.5,3.8,7.7,0,0.06,0.06,0.09,0.10,0,1,Rank 1,21,565,20,69,-,69,10,22.1,31,25,256QAM,0,SMDL,0,0,23.2,0.04,0.04,0.05,0.98,Rank 2,4,224,126,-,2 x 2,HandOver,26076,Free,17,FORMAT_0,249,127,Success,26076,10,-,13,0,-15,-,126,-,1,20,-,-,-,-,-,-,-,-,-,-,-,-,-,Registered,Normal Service,9,269,18,D4A6D4C1,930,18,30kHz,848,-,4,1,-,-,New trans.,0,0,256QAM,184,1,26076,925,13,0,0,Pass,0,QPSK,0,16,1,0,15,30kHz,Re trans.,-,12530,
20260725 15:23:06.137,24.829127,102.843251,31.25,1928,3,1,0.00,0.00,,,,,,,1,SA,460,00,中国移动,4456484,6453981196,1575679,12,Normal,-,1,41,100,100,504990,-,475,513000,513000,30kHz,503172,1099,-,ms20,Connected,SA,-0.5,2,3,-60,90,-72.4,-10.8,7.9,2,Not Barred,6,6312,-45.5,504990,475,-76.1;-81.5;-85.2;-96.8,-,10.3;1.7;1;-8.6,12.9;10;255;255,-45.6;-53.4;-51.5;-45.5,5;7;2;2;1;3;5;4,741;742;8;475;475;475;475;700,-74.1;-85.2;-82.9;-70.7;-74.2;-76.4;-80.6;-102.3,-11;-14.7;-14.6;-10.7;-10.9;-10.8;-15.1;-21.9,255;255;255;255;255;255;255;255,1;0;0;0;0,504990;504990;504990;504990;504990,475;741;742;700;8,2;5;7;4;2,-,4;1;1;1;1,-72.4;-74.2;-84.4;-102.3;-113.1,-10.8;-11;-15.9;-21.9;-26.4,7.9;255;255;255;255,3.1,29,0,QPSK,-,75,21.4,3.6,0,0.00,0.00,0.06,0.07,6.3,1,Rank 1,24,688,23,157,-,157,11,22.5,31,22,256QAM,0,SMDL,0,0,4.2,0.07,0.07,0.15,0.36,Rank 2,4,728,161,-,4 x 4,HandOver,26076,Free,17,FORMAT_0,249,127,Success,26076,10,-,10,-3,-15,-,161,-,1,23,-,-,-,-,-,-,-,-,-,-,-,-,-,Registered,Normal Service,9,269,18,D4A6D4C1,12,8,30kHz,736,-,4,1,-,-,New trans.,0,0,64QAM,179,1,26076,11,11,0,0,Pass,0,QPSK,3,16,2,0,15,30kHz,Re trans.,-,10472,
20260725 15:23:07.142,24.829202,102.843225,31.43,1928,3,1,0.00,0.00,,,,,,,1,SA,460,00,中国移动,4456484,6443507724,1573122,12,Normal,-,1,41,100,100,504990,-,741,513000,513000,30kHz,503172,1099,-,ms20,Connected,SA,-0.5,1,0,-60,94,-75.1,-11.1,7.1,5,Not Barred,6,6312,-39.3,504990,741,-76.2;-78.8;-84.1;-78.9,-,-3.9;-4.1;3.7;-6.8,6.1;7.8;8.4;7.4,-39.3;-53.8;-47;-42.8,5;7;6;4;2;1;2;4;5;3,741;741;741;741;742;8;475;700;664;254,-75;-88;-85.7;-104;-85.5;-80.9;-82.4;-102.6;-82.8;-93.8,-11.1;-13.6;-11.1;-20.3;-14.1;-11.9;-15;-21.2;-16.6;-18,255;255;255;255;255;255;255;255;255;255,1;0;0;0;0;0;0,504990;504990;504990;504990;504990;504990;504990,741;8;664;475;742;254;700,5;1;5;2;2;3;4,-,4;1;1;1;1;1;1,-75.1;-81;-82.8;-84.2;-85;-93.8;-102.6,-11.1;-12.3;-16.6;-14.2;-12.9;-18;-21.2,7.1;255;255;255;255;255;255,0.9,4,0,QPSK,-,100,0,0,0,0.05,0.05,0.02,0.02,0,1,Rank 3,18,180,12,69,-,69,12,23.1,31,31,256QAM,0,SMDL,1.3,0,17.9,0.00,0.00,0.09,1.16,Rank 2,5,312,92,-,4 x 4,HandOver,14091,Free,17,FORMAT_0,232,57,Success,14091,5,-,19,-2,-9,-,92,-,1,12,-,-,-,-,-,-,-,-,-,-,-,-,-,Registered,Normal Service,9,269,18,D4A6D4C1,103,19,30kHz,1249,-,5,1,-,-,New trans.,0,0,256QAM,21,1,14091,93,13,0,0,Pass,1,QPSK,0,16,1,0,15,30kHz,Re trans.,-,1379,
20260725 15:23:08.154,24.829275,102.843198,30.17,1928,3,1,0.00,0.00,,,,,,,1,SA,460,00,中国移动,4456484,6453981196,1575679,12,Normal,-,1,41,100,100,504990,-,475,513000,513000,30kHz,503172,1099,-,ms20,Connected,SA,-0.5,3,3,-60,103,-81.6,-13.7,-3.3,2,Not Barred,6,6312,-43.9,504990,475,-83.9;-91.3;-150;-100.5,-,0.7;-9.9;-17.3;-15.3,-0.1;-0.4;-3.9;-14.4,-43.9;-51.9;-46.4;-45.5,5;2;1;2;1;3;0;4;5;3,741;742;8;475;475;475;475;700;664;254,-82.2;-84.4;-87.7;-81.2;-81.2;-85.5;-85.9;-145.6;-81;-93,-12.5;-12.6;-14.8;-14.7;-13.5;-14.8;-13.2;-38.8;-12.4;-20.3,255;255;255;255;255;255;255;255;255;255,1;0;0;0;0;0;0,504990;504990;504990;504990;504990;504990;504990,475;664;741;742;8;254;700,2;5;5;2;1;3;4,-,4;1;1;1;1;1;1,-81.6;-81;-83.6;-85.4;-88.2;-93;-145.6,-13.7;-12.4;-12.2;-12.9;-16;-20.3;-38.8,-3.3;255;255;255;255;255;255,0.6,3,0,QPSK,-,100,0,0,0,0.05,0.05,0.02,0.02,0,1,Rank 2,19,336,20,69,-,69,12,24.9,31,25,256QAM,0,SMDL,0.8,0,0,0.00,0.00,0.09,0.48,Rank 2,5,614,157,-,4 x 4,HandOver,26679,Free,17,FORMAT_0,249,57,Success,26679,8,-,19,0,-12,-,157,-,3,17,-,-,-,-,-,-,-,-,-,-,-,-,-,Registered,Normal Service,9,269,18,D4A6D4C1,206,9,30kHz,1249,-,5,1,-,-,-,0,1,256QAM,187,1,26679,200,13,0,0,Pass,0,QPSK,0,16,1,0,15,30kHz,Re trans.,-,1901,
20260725 15:23:09.169,24.829342,102.843164,28.94,1929,3,1,0.00,0.00,,,,,,,1,SA,460,00,中国移动,4456484,6443503628,1573121,12,Normal,-,1,41,100,100,504990,-,664,513000,513000,30kHz,503172,1099,-,ms20,Connected,SA,-0.5,2,5,-58,93,-75.2,-11,11.9,5,Not Barred,6,6312,-42.3,504990,664,-76.2;-76.5;-107.4;-88.2,-,6.7;1.8;5.1;2.6,5.9;3.5;3.4;0.4,-42.9;-47.8;-50.5;-42.3,5;2;1;2;3;5;3;4;6;4,741;742;8;475;254;664;664;664;664;700,-84.3;-82.6;-88;-89.4;-89.3;-75.2;-91.6;-88.9;-91.4;-89.5,-18.8;-12;-14.3;-18.4;-14.3;-11;-16.6;-13.8;-15.6;-15.3,255;255;255;255;255;255;255;255;255;255,1;0;0;0;0;0;0,504990;504990;504990;504990;504990;504990;504990,664;742;741;8;254;700;475,5;2;5;1;3;4;2,-,4;1;1;1;1;1;1,-75.2;-84.7;-85.5;-88.2;-89.3;-89.5;-90.8,-11;-12.8;-14.6;-14.5;-14.3;-15.3;-18.2,11.9;255;255;255;255;255;255,3.4,28,0,QPSK,-,100,0,0,0,0.00,0.05,0.03,0.03,7.7,3,Rank 2,27,1328,49,69,-,69,12,22.6,31,31,256QAM,0,SMDL,2.1,0,27.8,0.01,0.00,0.09,1.13,Rank 2,4,777,202,-,4 x 4,HandOver,44593,Free,17,FORMAT_0,418,57,Success,44593,7,-,7,-4,-5,-,202,-,11,38,-,-,-,-,-,-,-,-,-,-,-,-,-,Registered,Normal Service,9,269,18,D4A6D4C1,307,9,30kHz,688,-,4,1,-,-,New trans.,0,0,64QAM,199,1,44593,307,14,0,0,Pass,0,QPSK,0,16,1,0,15,30kHz,Re trans.,-,6157,
20260725 15:23:10.182,24.829408,102.843134,27.79,1929,3,1,0.00,0.00,,,,,,,1,SA,460,00,中国移动,4456484,6443503628,1573121,12,Normal,-,1,41,100,100,504990,-,664,513000,513000,30kHz,503172,1099,-,ms20,Connected,SA,-0.5,2,5,-58,99,-80.7,-12.7,3.8,5,Not Barred,6,6312,-45.9,504990,664,-84.6;-76.4;-113.2;-90,-,2.2;0.4;9.1;-3.1,2.1;2.1;-3.4;-3.3,-45.9;-49.3;-60.3;-45.9,5;3;2;3;3;5;3;4,741;742;8;475;254;664;664;664,-82.4;-83.2;-88.9;-91.2;-90.1;-80.7;-94.4;-94.1,-13.8;-12.2;-16.7;-19.4;-18.6;-12.7;-21.1;-18.2,255;255;255;255;255;255;255;255,1;0;0;0;0;0,504990;504990;504990;504990;504990;504990,664;742;741;8;254;475,5;3;5;2;3;3,-,3;1;1;1;1;1,-80.7;-81.4;-83.8;-88.2;-90.1;-90.5,-12.7;-11.6;-13.2;-15.8;-18.6;-19.1,3.8;255;255;255;255;255,3.4,28,0,QPSK,-,100,0,0,0,0.00,0.00,0.03,0.03,13.3,3,Rank 2,27,1328,10,69,-,69,12,20.9,31,19,64QAM,0,SMDL,0,0,53.7,0.00,0.00,0.31,1.11,Rank 2,4,804,199,-,4 x 4,HandOver,44593,Free,17,FORMAT_0,418,57,Success,44593,7,-,9,5,-5,-,199,-,1,9,-,-,-,-,-,-,-,-,-,-,-,-,-,Registered,Normal Service,9,269,18,D4A6D4C1,408,9,30kHz,688,-,4,1,-,-,New trans.,0,0,64QAM,67,1,44593,383,13,0,0,Pass,0,QPSK,0,16,1,0,15,30kHz,Re trans.,-,6157,
20260725 15:23:11.194,24.829474,102.843107,27.61,1929,3,1,0.00,0.00,,,,,,,1,SA,460,00,中国移动,4456484,6443503628,1573121,12,Normal,-,1,41,100,100,504990,-,664,513000,513000,30kHz,503172,1099,-,ms20,Connected,SA,-0.5,2,5,-58,88,-71,-10.5,13,5,Not Barred,6,6312,-35.6,504990,664,-71.4;-71.2;-82;-82.1,-,11.7;9.8;255;255,1.8;4;255;255,-36.9;-45.3;-58.3;-35.6,5;2;2;2;3;5;4;3;6,741;742;8;475;254;664;664;664;664,-89.6;-79.2;-95.2;-99.9;-92.3;-71;-82.5;-87.9;-88.3,-23.5;-11.9;-21.5;-25.7;-19.5;-10.5;-11.8;-15;-13,255;255;255;255;255;255;255;255;255,1;0;0;0;0;0,504990;504990;504990;504990;504990;504990,664;742;741;8;254;475,5;2;5;2;3;2,-,4;1;1;1;1;1,-71;-80.6;-85.9;-91.8;-92.3;-92.6,-10.5;-11.8;-17.8;-20.1;-19.5;-22.5,13;255;255;255;255;255,0.6,2,0,QPSK,-,100,0,0,0,0.00,0.00,0.00,0.00,0,1,Rank 1,16,164,2,69,-,69,10,21.4,31,19,256QAM,0,SMDL,0,0,38.3,0.00,0.00,0.17,1.13,Rank 2,4,480,114,-,2 x 2,HandOver,44593,Free,17,FORMAT_0,418,57,Success,44593,7,-,8,-1,-5,-,114,-,1,2,-,-,-,-,-,-,-,-,-,-,-,-,-,Registered,Normal Service,9,269,18,D4A6D4C1,513,9,30kHz,896,-,4,1,-,-,New trans.,0,0,256QAM,67,1,44593,507,14,0,0,Pass,0,QPSK,0,16,1,0,15,30kHz,Re trans.,-,833,
20260725 15:23:12.208,24.829537,102.843082,27.22,1929,3,1,0.00,0.00,,,,,,,1,SA,460,00,中国移动,4456484,6443503628,1573121,12,Normal,-,1,41,100,100,504990,-,664,513000,513000,30kHz,503172,1099,-,ms20,Connected,SA,-0.5,2,4,-58,87,-69.5,-10.5,11.4,5,Not Barred,6,6312,-33.3,504990,664,-73;-69.5;-106.2;-83.1,-,14;10.1;255;255,4.1;1.9;255;255,-35.6;-33.3,5;2;1;2;5;4;3;6;2,741;742;8;475;664;664;664;664;699,-83.9;-76.8;-112.5;-117;-69.5;-81.6;-83.7;-86.4;-85.2,-22.4;-11.1;-26.5;-31;-10.5;-12.1;-13.5;-12.8;-15.2,255;255;255;255;255;255;255;255;255,1;0;0;0;0;0,504990;504990;504990;504990;504990;504990,664;742;699;741;8;475,5;2;2;5;1;2,-,4;1;1;1;1;1,-69.5;-77.3;-85.2;-85.4;-112.5;-117,-10.5;-11.3;-15.2;-16.6;-26.5;-31,11.4;255;255;255;255;255,6.4,28,2,QPSK,-,100,0,0,0,0.00,0.00,0.00,0.00,0,2,Rank 1,19,192,13,69,-,69,11,22.5,31,22,256QAM,0,SMDL,0,0,3.7,0.00,0.00,0.06,0.73,Rank 2,4,668,182,-,2 x 2,HandOver,44593,Free,17,FORMAT_0,418,57,Success,44593,7,-,6,2,-5,-,182,-,1,13,-,-,-,-,-,-,-,-,-,-,-,-,-,Registered,Normal Service,9,269,18,D4A6D4C1,617,9,30kHz,896,-,4,1,-,-,New trans.,0,0,256QAM,112,1,44593,599,11,0,0,Pass,1,QPSK,0,16,1,0,15,30kHz,Re trans.,-,912,
20260725 15:23:13.222,24.829601,102.843059,26.42,1930,3,1,0.00,0.00,,,,,,,1,SA,460,00,中国移动,4456484,6443503628,1573121,12,Normal,-,1,41,100,100,504990,-,664,513000,513000,30kHz,503172,1099,-,ms20,Connected,SA,-0.5,2,2,-58,87,-75.9,-11.2,10.2,5,Not Barred,6,6312,-45.9,504990,664,-71.6;-85.4;-124.2;-82.9,-,10.2;-0.9;-10.9;3.9,4.2;1.4;255;255,-45.9;-47.3,6;2;5;4;3;6,741;742;664;664;664;664,-86.8;-72.4;-75.6;-84;-89.5;-91.6,-13.6;-10.5;-11.1;-12.8;-17;-16.3,255;255;255;255;255;255,1;0;0,504990;504990;504990,664;742;741,5;2;6,-,4;1;1,-75.9;-72.7;-86.4,-11.2;-10.5;-13.4,10.2;255;255,6.4,28,2,QPSK,-,100,0,0,0,0.00,0.00,0.01,0.01,20,2,Rank 1,19,192,13,69,-,69,11,23.1,31,23,256QAM,0,SMDL,0,0,0,0.03,0.03,0.09,1.09,Rank 2,4,240,182,-,2 x 2,HandOver,44593,Free,17,FORMAT_0,418,57,Success,44593,7,-,6,9,-5,-,182,-,1,13,-,-,-,-,-,-,-,-,-,-,-,-,-,Registered,Normal Service,9,269,18,D4A6D4C1,620,9,30kHz,896,-,4,1,-,-,New trans.,0,0,256QAM,111,1,44593,599,11,0,0,Pass,1,QPSK,0,16,1,0,15,30kHz,Re trans.,-,912,
20260725 15:23:14.232,24.829664,102.843039,25.20,1930,3,1,0.00,0.00,,,,,,,1,SA,460,00,中国移动,4456484,6443503628,1573121,12,Normal,-,1,41,100,100,504990,-,742,513000,513000,30kHz,503172,1099,-,ms20,Connected,SA,-0.5,1,1,-58,83,-64.9,-10.4,25.7,2,Not Barred,6,6312,-26.9,504990,742,-62;-74.6;-104.8;-64,-,30.5;25.5;255;255,10.4;7;255;255,-26.9;-36,6;2;1;3;4;5,741;742;742;742;742;664,-90.6;-64.3;-71.4;-74.6;-78.5;-72.4,-19;-10.4;-10.5;-10.9;-12;-10.8,255;255;255;255;255;255,1;0;0,504990;504990;504990,742;664;741,2;5;6,-,4;1;1,-64.9;-72.4;-89.9,-10.4;-10.8;-18.8,25.7;255;255,3.6,14,2,QPSK,-,80,0,20,0,0.00,0.00,0.00,0.00,20,1,Rank 1,16,80,0,63,-,63,11,23,25,25,256QAM,0,SMDL,5,0,5,0.00,0.00,0.01,0.41,Rank 2,4,160,38,-,2 x 2,HandOver,15237,Free,17,FORMAT_0,262,127,Success,15237,2,-,-1,-15,-15,-,38,-,1,13,-,-,-,-,-,-,-,-,-,-,-,-,-,Registered,Normal Service,9,269,18,D4A6D4C1,816,8,30kHz,992,-,4,1,-,-,New trans.,0,0,256QAM,151,1,15237,806,14,0,0,Pass,0,QPSK,0,16,1,0,15,30kHz,Re trans.,-,990,
20260725 15:23:15.238,24.829721,102.843023,22.82,1930,3,1,0.00,0.00,,,,,,,1,SA,460,00,中国移动,4456484,6443503628,1573121,12,Normal,-,1,41,100,100,504990,-,742,513000,513000,30kHz,503172,1099,-,ms20,Connected,SA,-0.5,3,1,-58,68,-50.9,-10.4,36.9,2,Not Barred,6,6312,-19.1,504990,742,-52.8;-66.6;-66.3;-58.5,-,35.8;33.5;255;255,26.5;16.3;255;255,-19.1;-22.1;-31;-23,0;2;1;3;4;5,741;742;742;742;742;664,-83.9;-50.9;-65.4;-67.1;-68.5;-81.1,-15.5;-10.4;-10.4;-10.4;-10.4;-14.7,255;255;255;255;255;255,1;0;0,504990;504990;504990,742;664;741,2;5;0,-,4;1;1,-50.9;-81.1;-83.6,-10.4;-14.7;-15.4,36.9;255;255,0.6,4,0,QPSK,-,100,0,0,0,0.00,0.00,0.02,0.02,0,1,Rank 1,23,472,20,63,-,63,11,25.4,31,25,256QAM,0,SMDL,0,0,0,0.00,0.00,0.17,0.26,Rank 2,4,552,130,-,2 x 2,HandOver,15237,Free,17,FORMAT_0,262,127,Success,15237,2,-,-2,-28,-15,-,130,-,5,15,-,-,-,-,-,-,-,-,-,-,-,-,-,Registered,Normal Service,9,269,18,D4A6D4C1,892,9,30kHz,992,-,4,1,-,-,New trans.,0,0,256QAM,116,1,15237,859,13,0,0,Pass,0,QPSK,0,16,1,0,15,30kHz,Re trans.,-,2338,
20260725 15:23:16.250,24.829773,102.843005,20.38,1931,3,1,0.00,0.00,,,,,,,1,SA,460,00,中国移动,4456484,6443507723,1573122,11,Normal,-,1,41,100,100,504990,-,742,513000,513000,30kHz,503172,1099,-,ms20,Connected,SA,-0.5,3,1,-58,71,-59,-10.4,30.3,2,Not Barred,6,6312,-26.5,504990,742,-61.9;-60.3;-74.5;-63.6,-,30.3;24.6;255;255,8.9;9.7;255;255,-37.6;-26.5;-42.9;-36,0;2;3;6;4;5,741;742;742;742;742;664,-85.5;-59;-75.7;-76.1;-80.1;-70.5,-13.9;-10.4;-10.8;-10.7;-11.6;-10.7,255;255;255;255;255;255,1;0;0,504990;504990;504990,742;664;741,2;5;0,-,4;1;1,-59;-70.5;-86.7,-10.4;-10.7;-13.2,30.3;255;255,0.6,4,0,QPSK,-,100,0,0,0,0.00,0.00,0.00,0.00,0,1,Rank 1,23,472,2,106,-,106,11,24.2,31,25,256QAM,0,SMDL,0,0,0,0.00,0.00,0.05,1.00,Rank 2,4,228,52,-,2 x 2,HandOver,15237,Free,17,FORMAT_0,262,127,Success,15237,2,-,3,-19,-15,-,52,-,5,2,-,-,-,-,-,-,-,-,-,-,-,-,-,Registered,Normal Service,9,269,18,D4A6D4C1,984,9,30kHz,992,-,4,1,-,-,New trans.,0,0,256QAM,168,1,15237,959,3,0,0,Pass,1,QPSK,2,16,2,0,15,30kHz,Re trans.,-,2338,
20260725 15:23:17.261,24.829810,102.842986,14.15,1931,3,1,0.00,0.00,,,,,,,1,SA,460,00,中国移动,4456484,6443507723,1573122,11,Normal,-,1,41,100,100,504990,-,742,513000,513000,30kHz,503172,1099,-,ms20,Connected,SA,-0.5,3,1,-58,85,-67.4,-10.4,23.8,2,Not Barred,6,6312,-26.4,504990,742,-72.3;-65.8;-77.5;-64.8,-,14.9;24.2;255;255,10.2;8;255;255,-31.6;-26.4,0;2;3;6;4;5;1,741;742;742;742;742;664;8,-89.1;-66.6;-73.8;-80.6;-79.6;-80.5;-118.3,-16.9;-10.4;-10.5;-10.8;-11.1;-13.7;-28.1,255;255;255;255;255;255;255,1;0;0;0,504990;504990;504990;504990,742;664;741;8,2;5;0;1,-,4;1;1;1,-67.4;-81.2;-86.4;-118.3,-10.4;-14.4;-15.8;-28.1,23.8;255;255;255,1,2,2,QPSK,-,100,0,0,0,0.00,0.00,0.00,0.00,0,2,Rank 1,17,68,3,106,-,106,11,24.9,27,25,256QAM,0,SMDL,0,0,0,0.00,0.00,0.04,0.40,Rank 2,4,428,108,-,2 x 2,HandOver,15237,Free,17,FORMAT_0,262,127,Success,15237,2,-,5,-4,-15,-,108,-,1,2,-,-,-,-,-,-,-,-,-,-,-,-,-,Registered,Normal Service,9,269,18,D4A6D4C1,84,8,30kHz,992,-,4,1,-,-,New trans.,0,0,256QAM,168,1,15237,59,4,0,0,Pass,1,QPSK,2,16,2,0,15,30kHz,Re trans.,-,289,
20260725 15:23:18.268,24.829837,102.842949,17.35,1931,3,1,0.00,0.00,,,,,,,1,SA,460,00,中国移动,4456484,6443507723,1573122,11,Normal,-,1,41,100,100,504990,-,742,513000,513000,30kHz,503172,1099,-,ms20,Connected,SA,-0.5,3,1,-58,78,-59.9,-10.4,34.8,2,Not Barred,6,6312,-27.4,504990,742,-60.5;-54.3;-80.3;-62.3,-,32.4;38;255;255,20.5;22.9;255;255,-33.6;-27.4,0;2;3;1;7;5,741;742;742;742;742;664,-82.7;-59.9;-68.4;-71.1;-76;-90.1,-14.3;-10.4;-10.4;-10.4;-10.6;-17.6,255;255;255;255;255;255,1;0;0,504990;504990;504990,742;741;664,2;0;5,-,4;1;1,-59.9;-82.7;-90.1,-10.4;-14.3;-17.6,34.8;255;255,4,17,2,QPSK,-,78.6,14.3,7.1,0,0.06,0.06,0.09,0.09,0,1,Rank 1,29,416,13,63,-,63,11,23.1,31,25,256QAM,0,SMDL,0,0,20.3,0.03,0.04,0.04,0.81,Rank 2,4,316,100,-,2 x 2,HandOver,15237,Free,17,FORMAT_0,262,127,Success,15237,2,-,2,-12,-15,-,100,-,1,13,-,-,-,-,-,-,-,-,-,-,-,-,-,Registered,Normal Service,9,269,18,D4A6D4C1,172,8,30kHz,896,-,4,1,-,-,New trans.,0,0,256QAM,143,2,15237,147,3,0,0,Pass,0,QPSK,0,16,1,0,15,30kHz,Re trans.,-,11123,
20260725 15:23:19.276,24.829843,102.842901,19.62,1931,3,1,0.00,0.00,,,,,,,1,SA,460,00,中国移动,4456484,6443507723,1573122,11,Normal,-,1,41,100,100,504990,-,742,513000,513000,30kHz,503172,1099,-,ms20,Connected,SA,-0.5,4,1,-58,81,-64,-10.4,29.3,2,Not Barred,6,6312,-29.3,504990,742,-66.3;-63.5;-80.1;-61.6,-,25.6;27.2;255;255,20;18.8;255;255,-30.9;-29.3,0;2;3;1;4;5,741;742;742;742;742;664,-85.6;-62.8;-66.5;-71.9;-73.5;-131.2,-19.9;-10.4;-10.4;-10.4;-10.6;-33.6,255;255;255;255;255;255,1;0;0,504990;504990;504990,742;741;664,2;0;5,-,4;1;1,-64;-85.7;-131.2,-10.4;-20;-33.6,29.3;255;255,4,17,2,QPSK,-,78.6,14.3,7.1,0,0.00,0.00,0.00,0.00,0,1,Rank 1,29,416,3,106,-,106,11,24.1,25,25,256QAM,0,SMDL,0,0,0,0.00,0.00,0.03,0.53,Rank 2,4,420,109,-,2 x 2,HandOver,15237,Free,17,FORMAT_0,262,127,Success,15237,2,-,-1,-9,-15,-,109,-,1,3,-,-,-,-,-,-,-,-,-,-,-,-,-,Registered,Normal Service,9,269,18,D4A6D4C1,278,18,30kHz,992,-,4,1,-,-,New trans.,0,0,256QAM,116,1,15237,253,13,0,0,Pass,0,QPSK,2,16,2,0,15,30kHz,Re trans.,-,11123,
20260725 15:23:20.286,24.829835,102.842855,18.76,1931,3,1,0.00,0.00,,,,,,,1,SA,460,00,中国移动,4456484,6443507723,1573122,11,Normal,-,1,41,100,100,504990,-,742,513000,513000,30kHz,503172,1099,-,ms20,Connected,SA,-0.5,3,1,-58,80,-65.2,-10.4,33,2,Not Barred,6,6312,-28.5,504990,742,-61.5;-69.9;-83.1;-69.5,-,32.9;24.6;255;255,17.3;11.3;255;255,-32.9;-28.5,0;2;3;4;6;5,741;742;742;742;742;664,-84.4;-64.4;-67.3;-70;-72;-101.5,-14.5;-10.3;-10.4;-10.5;-10.4;-22.3,255;255;255;255;255;255,1;0;0,504990;504990;504990,742;741;664,2;0;5,-,4;1;1,-65.2;-84.9;-101.5,-10.4;-14.7;-22.3,33;255;255,2,2,2,QPSK,-,100,0,0,0,0.00,0.00,0.00,0.01,0,2,Rank 1,16,80,4,106,-,106,11,24.6,31,25,256QAM,0,SMDL,0,0,1.1,0.00,0.00,0.02,0.76,Rank 2,4,352,102,-,2 x 2,HandOver,15237,Free,17,FORMAT_0,262,127,Success,15237,2,-,-1,-4,-15,-,102,-,1,4,-,-,-,-,-,-,-,-,-,-,-,-,-,Registered,Normal Service,9,269,18,D4A6D4C1,354,9,30kHz,896,-,4,1,-,-,New trans.,0,0,256QAM,156,2,15237,329,4,0,0,Pass,0,QPSK,2,16,2,0,15,30kHz,Re trans.,-,749,
20260725 15:23:21.296,24.829819,102.842814,16.88,1931,3,1,0.00,0.00,,,,,,,1,SA,460,00,中国移动,4456484,6443507723,1573122,11,Normal,-,1,41,100,100,504990,-,742,513000,513000,30kHz,503172,1099,-,ms20,Connected,SA,-0.5,3,1,-58,81,-62.5,-10.4,31.9,2,Not Barred,6,6312,-27.4,504990,742,-57.6;-67.7;-80;-68.2,-,29;28.9;24.9;29.3,15.9;10.1;255;255,-29;-27.4,0;2;3;6;4;5,741;742;742;742;742;664,-86.4;-62.9;-63;-66.8;-67.8;-148.4,-20.5;-10.3;-10.4;-10.4;-10.5;-40.3,255;255;255;255;255;255,1;0;0,504990;504990;504990,742;741;664,2;0;5,-,4;1;1,-62.5;-86.6;-148.4,-10.4;-19.8;-40.3,31.9;255;255,3,4,4,QPSK,-,100,0,0,0,0.00,0.00,0.00,0.00,0,2,Rank 1,16,32,1,106,-,106,11,22.4,23,23,256QAM,0,SMDL,0,0,0,0.00,0.00,0.00,0.65,Rank 2,4,20,10,-,2 x 2,HandOver,15237,Free,17,FORMAT_0,262,127,Success,15237,2,-,1,-6,-15,-,10,-,1,1,-,-,-,-,-,-,-,-,-,-,-,-,-,Registered,Normal Service,9,269,18,D4A6D4C1,487,19,30kHz,944,-,4,1,-,-,New trans.,0,0,256QAM,172,1,15237,461,14,0,0,Pass,0,QPSK,2,16,2,0,15,30kHz,Re trans.,-,315,
20260725 15:23:22.306,24.829801,102.842769,17.86,1931,3,1,0.00,0.00,,,,,,,1,SA,460,00,中国移动,4456484,6443507723,1573122,11,Normal,-,1,41,100,100,504990,-,742,513000,513000,30kHz,503172,1099,-,ms20,Connected,SA,-0.5,4,1,-58,85,-67.7,-10.5,18.2,2,Not Barred,6,6312,-34.1,504990,742,-74.3;-78.8;-76.6;-74.3,-,22.7;17.2;255;255,9.6;6.9;255;255,-43.4;-34.1,7;2;3;4;6;5,741;742;742;742;742;664,-94.7;-68.5;-68;-73.2;-71.4;-90.8,-22.1;-10.4;-10.5;-11;-10.4;-20.9,255;255;255;255;255;255,1;0;0,504990;504990;504990,742;741;664,2;7;5,-,4;1;1,-67.7;-88.5;-90.8,-10.5;-20.3;-20.9,18.2;255;255,1.7,2,2,QPSK,-,100,0,0,0,0.00,0.00,0.00,0.00,0,1,Rank 1,16,100,6,14,-,14,11,24.8,25,25,256QAM,0,SMDL,0,0,0,0.00,0.00,0.01,0.03,Rank 2,4,372,98,-,2 x 2,HandOver,15237,Free,17,FORMAT_0,262,127,Success,15237,2,-,4,2,-15,-,98,-,1,5,-,-,-,-,-,-,-,-,-,-,-,-,-,Registered,Normal Service,9,269,18,D4A6D4C1,556,8,30kHz,992,-,4,1,-,-,New trans.,0,0,256QAM,112,0,15237,577,12,0,4,Pass,0,QPSK,0,20,1,0,0,30kHz,Re trans.,-,544,
20260725 15:23:23.320,24.829785,102.842721,19.19,1931,3,1,0.00,0.00,,,,,,,1,SA,460,00,中国移动,4456484,6443507723,1573122,11,Normal,-,1,41,100,100,504990,-,742,513000,513000,30kHz,503172,1099,-,ms20,Connected,SA,-0.5,4,1,-58,84,-65.9,-10.4,19.6,2,Not Barred,6,6312,-36.6,504990,742,-73.7;-75;-75.3;-72.2,-,13.4;22.7;255;255,7.6;-1.3;255;255,-38.3;-36.6,7;2;6;3;4;5,741;742;742;742;742;664,-88.4;-70;-65.7;-64.7;-72.2;-78.5,-18.2;-10.4;-10.4;-10.4;-11.3;-14.1,255;255;255;255;255;255,1;0;0,504990;504990;504990,742;664;741,2;5;7,-,4;1;1,-65.9;-79.2;-88.5,-10.4;-15;-18.2,19.6;255;255,1.7,2,2,QPSK,-,100,0,0,0,0.00,0.00,0.00,0.00,0,1,Rank 1,16,100,6,63,-,63,11,24.8,25,25,256QAM,0,SMDL,0,0,0,0.00,0.00,0.01,0.69,Rank 2,4,0,98,-,2 x 2,HandOver,15237,Free,17,FORMAT_0,262,127,Success,15237,2,-,3,2,-15,-,98,-,1,5,-,-,-,-,-,-,-,-,-,-,-,-,-,Registered,Normal Service,9,269,18,D4A6D4C1,699,9,30kHz,992,-,4,1,-,-,New trans.,0,0,256QAM,115,1,15237,681,3,0,0,Pass,1,QPSK,0,16,1,0,15,30kHz,Re trans.,-,544,
20260725 15:23:24.329,24.829767,102.842673,19.62,1931,3,1,0.00,0.00,,,,,,,1,SA,460,00,中国移动,4456484,6443507723,1573122,11,Normal,-,1,41,100,100,504990,-,742,513000,513000,30kHz,503172,1099,-,ms20,Connected,SA,-0.5,5,1,-58,90,-69.6,-10.6,25.6,6,Not Barred,6,6312,-35,504990,742,-69.5;-75.2;-104.6;-79,-,14.2;17.7;255;255,10;-0.6;255;255,-35;-41.3,0;6;4;5;3;5,741;742;742;742;742;664,-88.8;-70.5;-70.4;-74.2;-71.5;-80,-14.8;-10.4;-11.2;-11.3;-10.5;-13.1,255;255;255;255;255;255,1;0;0,504990;504990;504990,742;664;741,6;5;0,-,4;1;1,-69.6;-80.5;-88.9,-10.6;-14.5;-15.5,25.6;255;255,1.7,2,2,QPSK,-,100,0,0,0,0.00,0.00,0.00,0.00,0,1,Rank 1,16,100,3,106,-,106,11,25,31,25,256QAM,0,SMDL,0,0,0,0.00,0.00,0.00,0.00,Rank 2,4,208,90,-,2 x 2,HandOver,15237,Free,17,FORMAT_0,262,127,Success,15237,2,-,7,13,-15,-,90,-,1,3,-,-,-,-,-,-,-,-,-,-,-,-,-,Registered,Normal Service,9,269,18,D4A6D4C1,802,18,30kHz,992,-,4,1,-,-,New trans.,0,0,256QAM,184,1,15237,764,1,0,0,Pass,1,QPSK,2,16,2,0,15,30kHz,Re trans.,-,544,
20260725 15:23:25.344,24.829753,102.842625,17.14,1931,3,1,0.00,0.00,,,,,,,1,SA,460,00,中国移动,4456484,6443507723,1573122,11,Normal,-,1,41,100,100,504990,-,742,513000,513000,30kHz,503172,1099,-,ms20,Connected,SA,-0.5,5,1,-58,90,-70.2,-10.6,24,3,Not Barred,6,6312,-34.5,504990,742,-71.6;-69.5;-80.5;-77.7,-,17.9;7.7;255;255,0.8;-0.7;255;255,-36.5;-34.5,7;3;2;6;1;4,741;742;742;742;742;664,-89.8;-69.5;-72.2;-72.2;-79;-77.8,-15.4;-10.5;-10.5;-10.4;-11;-15.2,255;255;255;255;255;255,1;0;0,504990;504990;504990,742;664;741,3;4;7,-,4;1;1,-70.2;-76.2;-89.8,-10.6;-12.7;-15.1,24;255;255,1.7,2,2,QPSK,-,100,0,0,0,0.00,0.00,0.00,0.00,0,1,Rank 1,16,100,3,106,-,106,11,24.8,25,25,256QAM,0,SMDL,0,0,0,0.00,0.00,0.01,0.39,Rank 2,4,220,90,-,2 x 2,HandOver,15237,Free,17,FORMAT_0,262,127,Success,15237,2,-,7,16,-15,-,90,-,1,3,-,-,-,-,-,-,-,-,-,-,-,-,-,Registered,Normal Service,9,269,18,D4A6D4C1,802,18,30kHz,992,-,4,1,-,-,New trans.,0,0,256QAM,184,1,15237,764,1,0,0,Pass,1,QPSK,2,16,2,0,15,30kHz,Re trans.,-,544,
20260725 15:23:26.356,24.829760,102.842553,11.95,1932,3,1,0.00,0.00,,,,,,,1,SA,460,00,中国移动,4456484,6443507723,1573122,11,Normal,-,1,41,100,100,504990,-,742,513000,513000,30kHz,503172,1099,-,ms20,Connected,SA,-0.5,5,1,-58,87,-69.8,-11,12.8,3,Not Barred,6,6312,-30.6,504990,742,-78.6;-71.1;-103;-69.1,-,15.5;11.9;13;17.7,5;-0.6;255;255,-35.6;-30.6,7;3;4;6;2;4;0,741;742;742;742;742;664;944,-89.8;-69.8;-70.5;-71;-75.6;-71.1;-91.1,-16;-10.5;-12.4;-10.4;-10.5;-12;-18.5,255;255;255;255;255;255;255,1;0;0;0,504990;504990;504990;504990,742;664;741;944,3;4;7;0,-,4;1;1;1,-69.8;-72.3;-89.8;-91.1,-11;-12.2;-16;-18.5,12.8;255;255;255,1,2,2,QPSK,-,100,0,0,0,0.00,0.00,0.00,0.00,0,2,Rank 1,16,64,0,63,-,63,11,24.9,25,25,256QAM,0,SMDL,0,0,0,0.00,0.00,0.00,0.41,Rank 2,4,248,18,-,2 x 2,HandOver,15237,Free,17,FORMAT_0,262,127,Success,15237,2,-,2,13,-15,-,18,-,1,3,-,-,-,-,-,-,-,-,-,-,-,-,-,Registered,Normal Service,9,269,18,D4A6D4C1,964,18,30kHz,992,-,4,1,-,-,New trans.,0,0,256QAM,131,1,15237,939,13,0,0,Pass,1,QPSK,0,16,1,0,15,30kHz,Re trans.,-,295,
20260725 15:23:27.367,24.829785,102.842536,13.10,1932,3,1,0.00,0.00,,,,,,,1,SA,460,00,中国移动,4456484,6443507723,1573122,11,Normal,-,1,41,100,100,504990,-,742,513000,513000,30kHz,503172,1099,-,ms20,Connected,SA,-0.5,6,1,-58,87,-62.7,-10.4,23.2,3,Not Barred,6,6312,-24.9,504990,742,-61.4;-59.1;-96.3;-62.7,-,22.5;21.1;255;255,2.1;3.5;255;255,-25.3;-24.9,7;3;6;4;2;4;0,741;742;742;742;742;664;944,-86.6;-63;-61.9;-72.1;-76.6;-70;-119.3,-13.8;-10.4;-10.3;-14.8;-10.6;-11.6;-30.1,255;255;255;255;255;255;255,1;0;0;0,504990;504990;504990;504990,742;664;741;944,3;4;7;0,-,4;1;1;1,-62.7;-70.8;-87.8;-119.3,-10.4;-11.3;-15.6;-30.1,23.2;255;255;255,0,0,0,QPSK,-,100,0,0,0,0.00,0.00,0.00,0.00,0,1,Rank 1,22,44,3,19,-,19,11,24.7,25,25,256QAM,0,SMDL,0,0,0,0.00,0.00,0.00,0.47,Rank 2,4,12,64,-,2 x 2,HandOver,15237,Free,17,FORMAT_0,262,127,Success,15237,2,-,2,7,-15,-,64,-,1,2,-,-,-,-,-,-,-,-,-,-,-,-,-,Registered,Normal Service,9,269,18,D4A6D4C1,964,18,30kHz,992,-,4,1,-,-,New trans.,0,0,256QAM,131,1,15237,65,13,0,4,Pass,0,QPSK,0,28,1,0,0,30kHz,Re trans.,-,82,
20260725 15:23:28.381,24.829785,102.842536,13.10,1932,3,1,0.00,0.00,,,,,,,1,SA,460,00,中国移动,4456484,6443507723,1573122,11,Normal,-,1,41,100,100,504990,-,742,513000,513000,30kHz,503172,1099,-,ms20,Connected,SA,-0.5,7,1,-58,71,-53.9,-10.4,29,3,Not Barred,6,6312,-14.9,504990,742,-59.5;-49.8;-86.5;-65.8,-,23.1;24;255;255,-1.4;2.3;255;255,-24.1;-14.9,7;3;6;4;2;4,741;742;742;742;742;664,-80.6;-53;-57.4;-64.2;-66.9;-72.9,-16.9;-10.3;-10.4;-11.1;-10.5;-17.7,255;255;255;255;255;255,1;0;0,504990;504990;504990,742;664;741,3;4;7,-,4;1;1,-53.9;-73.5;-81.2,-10.4;-15.5;-17.8,29;255;255,0,0,0,QPSK,-,100,0,0,0,0.00,0.00,0.00,0.00,0,1,Rank 1,22,44,3,63,-,63,10,24.7,31,25,256QAM,0,SMDL,0,0,0,0.00,0.00,0.00,0.02,Rank 2,4,212,64,-,2 x 2,HandOver,15237,Free,17,FORMAT_0,262,127,Success,15237,2,-,-7,-2,-15,-,64,-,1,2,-,-,-,-,-,-,-,-,-,-,-,-,-,Registered,Normal Service,9,269,18,D4A6D4C1,174,8,30kHz,992,-,4,1,-,-,New trans.,0,0,256QAM,135,1,15237,149,3,0,0,Pass,1,QPSK,0,16,1,0,15,30kHz,Re trans.,-,82,
20260725 15:23:29.394,24.829839,102.842546,8.57,1933,3,1,0.00,0.00,,,,,,,1,SA,460,00,中国移动,4456484,6443507723,1573122,11,Normal,-,1,41,100,100,504990,-,742,513000,513000,30kHz,503172,1099,-,ms20,Connected,SA,-0.5,8,1,-58,69,-50.3,-10.4,32.7,3,Not Barred,6,6312,-13.6,504990,742,-61.4;-52.4;-83.9;-74.2,-,26.7;32;255;255,25.5;23.7;255;255,-22.1;-13.6,7;3;4;6;2;4,741;742;742;742;742;664,-80.6;-50.3;-60.9;-61.7;-64.1;-75,-17.2;-10.4;-10.6;-10.4;-10.3;-16.6,255;255;255;255;255;255,1;0;0,504990;504990;504990,742;664;741,3;4;7,-,4;1;1,-50.3;-75.9;-80.5,-10.4;-14.5;-17.2,32.7;255;255,0,0,0,QPSK,-,100,0,0,0,0.00,0.00,0.00,0.00,0,1,Rank 1,22,44,5,106,-,106,11,23.5,31,25,256QAM,0,SMDL,0,0,20,0.00,0.00,0.00,0.39,Rank 2,4,520,127,-,2 x 2,HandOver,15237,Free,17,FORMAT_0,262,127,Success,15237,2,-,-6,-6,-15,-,127,-,1,4,-,-,-,-,-,-,-,-,-,-,-,-,-,Registered,Normal Service,9,269,18,D4A6D4C1,268,18,30kHz,992,-,4,1,-,-,New trans.,0,0,256QAM,112,1,15237,208,3,0,0,Pass,1,QPSK,2,16,2,0,15,30kHz,Re trans.,-,82,
20260725 15:23:30.408,24.829854,102.842557,6.44,1933,3,1,0.00,0.00,,,,,,,1,SA,460,00,中国移动,4456484,6443507723,1573122,11,Normal,-,1,41,100,100,504990,-,742,513000,513000,30kHz,503172,1099,-,ms20,Connected,SA,-0.5,8,1,-58,67,-47.6,-10.4,29.8,3,Not Barred,6,6312,-12,504990,742,-57.5;-46.4;-85.2;-56,-,20;26.9;255;255,26;27.9;255;255,-17.5;-12,7;3;4;6;2;5,741;742;742;742;742;664,-78.6;-47.6;-59.8;-59.4;-63.1;-84,-16.5;-10.4;-10.4;-10.4;-10.4;-20.2,255;255;255;255;255;255,1;0;0,504990;504990;504990,742;741;664,3;7;5,-,4;1;1,-47.6;-79.9;-84,-10.4;-17.8;-20.3,29.8;255;255,1,2,2,QPSK,-,100,0,0,0,0.00,0.00,0.00,0.00,0,2,Rank 1,16,100,2,14,-,14,11,23.2,31,25,256QAM,0,SMDL,0,0,18.4,0.00,0.00,0.08,0.87,Rank 2,4,304,81,-,2 x 2,HandOver,15237,Free,17,FORMAT_0,262,127,Success,15237,2,-,-5,-11,-15,-,81,-,1,2,-,-,-,-,-,-,-,-,-,-,-,-,-,Registered,Normal Service,9,269,18,D4A6D4C1,368,18,30kHz,992,-,4,1,-,-,New trans.,0,0,256QAM,115,1,15237,321,13,0,4,Pass,0,QPSK,0,20,1,0,0,30kHz,Re trans.,-,458,
20260725 15:23:31.417,24.829865,102.842572,7.06,1933,3,1,0.00,0.00,,,,,,,1,SA,460,00,中国移动,4456484,6443507723,1573122,11,Normal,-,1,41,100,100,504990,-,742,513000,513000,30kHz,503172,1099,-,ms20,Connected,SA,-0.5,7,1,-58,69,-49.1,-10.4,29.6,3,Not Barred,6,6312,-11,504990,742,-47.1;-49.4;-83.4;-54.2,-,30.2;30.2;255;255,26.7;30.3;255;255,-11;-17.1,7;3;6;4;2;4,741;742;742;742;742;664,-79.4;-49.1;-61.6;-63.9;-64.3;-81.4,-14.6;-10.4;-10.4;-10.7;-10.4;-16.5,255;255;255;255;255;255,1;0;0,504990;504990;504990,742;664;741,3;4;7,-,4;1;1,-49.1;-75.2;-80.5,-10.4;-13.5;-16,29.6;255;255,1,2,2,QPSK,-,100,0,0,0,0.00,0.00,0.00,0.00,0,2,Rank 1,16,100,1,14,-,14,11,25,25,25,256QAM,0,SMDL,0,0,0,0.00,0.00,0.08,0.51,Rank 2,4,4,53,-,2 x 2,HandOver,15237,Free,17,FORMAT_0,262,127,Success,15237,2,-,-4,-9,-15,-,53,-,1,2,-,-,-,-,-,-,-,-,-,-,-,-,-,Registered,Normal Service,9,269,18,D4A6D4C1,464,18,30kHz,992,-,4,1,-,-,New trans.,0,0,256QAM,115,1,15237,321,13,0,4,Pass,0,QPSK,0,20,1,0,0,30kHz,Re trans.,-,458,
20260725 15:23:32.432,24.829883,102.842593,10.87,1933,3,1,0.00,0.00,,,,,,,1,SA,460,00,中国移动,4456484,6443507723,1573122,11,Normal,-,1,41,100,100,504990,-,742,513000,513000,30kHz,503172,1099,-,ms20,Connected,SA,-0.5,8,1,-58,70,-52.2,-10.4,27.8,3,Not Barred,6,6312,-17,504990,742,-56.3;-54.7;-100;-53.3,-,25;20.3;255;255,29.6;25.9;255;255,-19.8;-17,0;3;6;4;2;4,741;742;742;742;742;664,-79.7;-52.2;-65.5;-66.8;-68.4;-64,-18.1;-10.4;-10.4;-12.5;-10.4;-12.8,255;255;255;255;255;255,1;0;0,504990;504990;504990,742;664;741,3;4;0,-,4;1;1,-52.2;-64;-80.9,-10.4;-11.7;-18.1,27.8;255;255,1.3,2,2,QPSK,-,100,0,0,0,0.00,0.00,0.00,0.00,0,2,Rank 1,17,52,1,106,-,106,11,24.4,25,25,256QAM,0,SMDL,0,0,0,0.00,0.00,0.02,0.01,Rank 2,4,264,53,-,2 x 2,HandOver,15237,Free,17,FORMAT_0,262,127,Success,15237,2,-,-2,-9,-15,-,53,-,1,2,-,-,-,-,-,-,-,-,-,-,-,-,-,Registered,Normal Service,9,269,18,D4A6D4C1,566,9,30kHz,736,-,4,1,-,-,New trans.,0,0,64QAM,115,1,15237,541,3,0,0,Pass,1,QPSK,2,16,2,0,15,30kHz,Re trans.,-,226,
20260725 15:23:33.443,24.829906,102.842611,12.60,1933,3,1,0.00,0.00,,,,,,,1,SA,460,00,中国移动,4456484,6443507723,1573122,11,Normal,-,1,41,100,100,504990,-,742,513000,513000,30kHz,503172,1099,-,ms20,Connected,SA,-0.5,8,1,-58,70,-50,-10.4,28.4,3,Not Barred,6,6312,-14.1,504990,742,-50;-50.9;-71.8;-51.5,-,31.9;20.2;255;255,31;28.3;255;255,-14.1;-14.5,0;3;6;4;2;5,741;742;742;742;742;664,-76.3;-50;-65.7;-65.7;-67.8;-72,-14.8;-10.4;-10.4;-11.3;-10.4;-11.3,255;255;255;255;255;255,1;0;0,504990;504990;504990,742;664;741,3;5;0,-,4;1;1,-50;-72.1;-76.9,-10.4;-12.9;-14.9,28.4;255;255,1.5,2,2,QPSK,-,100,0,0,0,0.00,0.00,0.00,0.00,0,1,Rank 1,17,68,5,14,-,14,11,22.5,31,23,256QAM,0,SMDL,0,0,11.1,0.00,0.00,0.02,0.48,Rank 2,4,144,101,-,2 x 2,HandOver,15237,Free,17,FORMAT_0,262,127,Success,15237,2,-,-2,-12,-15,-,101,-,1,4,-,-,-,-,-,-,-,-,-,-,-,-,-,Registered,Normal Service,9,269,18,D4A6D4C1,566,9,30kHz,736,-,4,1,-,-,New trans.,0,0,64QAM,115,1,15237,641,13,0,4,Pass,0,QPSK,0,20,1,0,0,30kHz,Re trans.,-,332,
20260725 15:23:34.450,24.829934,102.842638,16.52,1933,3,1,0.00,0.00,,,,,,,1,SA,460,00,中国移动,4456484,6443507723,1573122,11,Normal,-,1,41,100,100,504990,-,742,513000,513000,30kHz,503172,1099,-,ms20,Connected,SA,-0.6,8,1,-58,67,-48.4,-10.4,32.5,3,Not Barred,6,6312,-12.4,504990,742,-50.7;-47.3;-59.2;-50.6,-,34.5;20.5;255;255,20.4;19.1;255;255,-14.3;-12.4,0;3;4;6;2;5,741;742;742;742;742;664,-73.8;-48.4;-64.3;-65.2;-66.9;-71.2,-16.5;-10.4;-10.7;-10.4;-10.4;-12.7,255;255;255;255;255;255,1;0;0,504990;504990;504990,742;664;741,3;5;0,-,4;1;1,-48.4;-72.6;-73.8,-10.4;-15.1;-16.5,32.5;255;255,1.5,2,2,QPSK,-,100,0,0,0,0.00,0.00,0.00,0.00,0,1,Rank 1,17,68,5,106,-,106,11,24.9,25,25,256QAM,0,SMDL,0,0,0,0.00,0.00,0.01,0.23,Rank 2,4,224,101,-,2 x 2,HandOver,15237,Free,17,FORMAT_0,262,127,Success,15237,2,-,-11,-17,-15,-,101,-,1,4,-,-,-,-,-,-,-,-,-,-,-,-,-,Registered,Normal Service,9,269,18,D4A6D4C1,752,19,30kHz,944,-,4,1,-,-,New trans.,0,0,256QAM,160,1,15237,727,15,0,0,Pass,1,QPSK,2,16,2,0,15,30kHz,Re trans.,-,332,
20260725 15:23:35.462,24.829969,102.842662,17.14,1933,3,1,0.00,0.00,,,,,,,1,SA,460,00,中国移动,4456484,6443507723,1573122,11,Normal,-,1,41,100,100,504990,-,742,513000,513000,30kHz,503172,1099,-,ms20,Connected,SA,-0.6,8,1,-58,65,-47.7,-10.4,37.8,3,Not Barred,6,6312,-13.5,504990,742,-49.9;-47.9;-85;-53,-,35.7;20.8;255;255,24.3;22.5;255;255,-13.6;-13.5,0;3;4;2;0;5,741;742;742;742;742;664,-77.5;-47.7;-63;-64.5;-68.9;-76.3,-19.8;-10.4;-10.5;-10.4;-11.1;-17.6,255;255;255;255;255;255,1;0;0,504990;504990;504990,742;664;741,3;5;0,-,4;1;1,-47.7;-76.3;-77.5,-10.4;-17.6;-19.8,37.8;255;255,1.5,2,2,QPSK,-,100,0,0,0,0.00,0.00,0.01,0.01,0,1,Rank 1,17,68,7,63,-,63,11,24.3,25,25,256QAM,0,SMDL,0,0,0,0.00,0.00,0.00,0.42,Rank 2,4,200,78,-,2 x 2,HandOver,15237,Free,17,FORMAT_0,262,127,Success,15237,2,-,-9,-18,-15,-,78,-,1,7,-,-,-,-,-,-,-,-,-,-,-,-,-,Registered,Normal Service,9,269,18,D4A6D4C1,834,9,30kHz,992,-,4,1,-,-,New trans.,0,0,256QAM,160,0,15237,807,11,0,0,Pass,0,QPSK,0,16,1,0,15,30kHz,Re trans.,-,332,
20260725 15:23:36.474,24.830014,102.842674,19.58,1933,3,1,0.00,0.00,,,,,,,1,SA,460,00,中国移动,4456484,6443507723,1573122,11,Normal,-,1,41,100,100,504990,-,742,513000,513000,30kHz,503172,1099,-,ms20,Connected,SA,-0.6,8,1,-58,65,-47.8,-10.4,30.1,3,Not Barred,6,6312,-12.4,504990,742,-48.8;-51.3;-65.3;-52.3,-,29.9;22.2;255;255,29.4;23.5;255;255,-12.4;-16.4,0;3;4;2;1;5,741;742;742;742;742;664,-138.4;-47.8;-58.7;-61.7;-65.5;-137.2,-38;-10.4;-10.4;-10.4;-10.4;-37.6,255;255;255;255;255;255,1;0;0,504990;504990;504990,742;664;741,3;5;0,-,4;1;1,-47.8;-137.2;-138.4,-10.4;-37.6;-38,30.1;255;255,2,4,2,QPSK,-,100,0,0,0,0.00,0.00,0.00,0.00,0,2,Rank 1,16,128,1,14,-,14,11,20.8,25,25,256QAM,0,SMDL,0,0,38.2,0.00,0.00,0.00,0.36,Rank 2,4,304,37,-,2 x 2,HandOver,15237,Free,17,FORMAT_0,262,127,Success,15237,2,-,-5,-15,-15,-,37,-,1,1,-,-,-,-,-,-,-,-,-,-,-,-,-,Registered,Normal Service,9,269,18,D4A6D4C1,956,8,30kHz,992,-,4,1,-,-,New trans.,0,0,256QAM,132,1,15237,961,13,0,4,Pass,0,QPSK,0,20,1,0,0,30kHz,Re trans.,-,908,
20260725 15:23:37.488,24.830062,102.842676,19.73,1933,3,1,0.00,0.00,,,,,,,1,SA,460,00,中国移动,4456484,6443507723,1573122,11,Normal,-,1,41,100,100,504990,-,742,513000,513000,30kHz,503172,1099,-,ms20,Connected,SA,-0.6,8,1,-58,66,-48.9,-10.4,29.8,3,Not Barred,6,6312,-13.6,504990,742,-49.4;-54.6;-60.1;-57.4,-,29.5;27.6;255;255,29.9;20.2;255;255,-13.6;-22.8,7;3;4;2;1;5,741;742;742;742;742;664,-156;-48.9;-56.5;-60.9;-65;-153.8,-43;-10.4;-10.4;-10.4;-10.4;-42.4,255;255;255;255;255;255,1;0;0,504990;504990;504990,742;664;741,3;5;7,-,4;1;1,-48.9;-153.8;-156,-10.4;-42.4;-43,29.8;255;255,2,4,2,QPSK,-,100,0,0,0,0.00,0.00,0.00,0.00,0,2,Rank 1,16,128,3,106,-,106,11,24.1,25,25,256QAM,0,SMDL,0,0,0,0.00,0.00,0.00,0.47,Rank 2,4,188,91,-,2 x 2,HandOver,15237,Free,17,FORMAT_0,262,127,Success,15237,2,-,-2,-15,-15,-,91,-,1,2,-,-,-,-,-,-,-,-,-,-,-,-,-,Registered,Normal Service,9,269,18,D4A6D4C1,32,9,30kHz,944,-,4,1,-,-,New trans.,0,0,256QAM,124,1,15237,6,13,0,0,Pass,1,QPSK,2,16,2,0,15,30kHz,Re trans.,-,908,
20260725 15:23:38.496,24.830107,102.842672,18.14,1933,3,1,0.00,0.00,,,,,,,1,SA,460,00,中国移动,4456484,6443507723,1573122,11,Normal,-,1,41,100,100,504990,-,742,513000,513000,30kHz,503172,1099,-,ms20,Connected,SA,-0.6,8,1,-58,71,-54.1,-10.4,34.7,3,Not Barred,6,6312,-16.9,504990,742,-52.4;-56.5;-72.6;-57,-,28;26.2;5.1;34.7,24;19.9;255;255,-16.9;-22.3,0;3;4;2;1;5;6,741;742;742;742;742;664;743,-139.9;-52.8;-55.9;-62.9;-65.9;-155.2;-92.3,-37.8;-10.4;-10.4;-10.4;-10.5;-42.8;-17.8,255;255;255;255;255;255;255,1;0;0;0,504990;504990;504990;504990,742;743;741;664,3;6;0;5,-,4;1;1;1,-54.1;-92.3;-139.9;-155.2,-10.4;-17.8;-37.8;-42.8,34.7;255;255;255,2,4,2,QPSK,-,100,0,0,0,0.00,0.00,0.00,0.00,0,2,Rank 1,16,128,0,106,-,106,11,23.9,24,24,256QAM,0,SMDL,0,0,0,0.00,0.00,0.00,0.34,Rank 2,4,84,45,-,2 x 2,HandOver,15237,Free,17,FORMAT_0,262,127,Success,15237,2,-,1,-11,-15,-,45,-,1,2,-,-,-,-,-,-,-,-,-,-,-,-,-,Registered,Normal Service,9,269,18,D4A6D4C1,166,18,30kHz,800,-,4,1,-,-,New trans.,0,0,256QAM,135,1,15237,6,13,0,0,Pass,1,QPSK,2,16,2,0,15,30kHz,Re trans.,-,908,
20260725 15:23:39.501,24.830155,102.842664,19.62,1933,3,1,0.00,0.00,,,,,,,1,SA,460,00,中国移动,4456484,6443507723,1573122,11,Normal,-,1,41,100,100,504990,-,742,513000,513000,30kHz,503172,1099,-,ms20,Connected,SA,-0.6,8,1,-58,69,-51.4,-10.4,33.9,3,Not Barred,6,6312,-17.1,504990,742,-52.3;-59.2;-69.4;-57,-,33.2;28.2;18.4;33.9,28.3;18.4;255;255,-17.1;-23.9,6;3;4;5;2,743;742;742;742;742,-153.1;-51.5;-51.5;-60.3;-61.2,-42;-10.4;-10.3;-10.4;-10.4,255;255;255;255;255,1;0,504990;504990,742;743,3;6,-,4;1,-51.4;-153.1,-10.4;-42,33.9;255,1.5,2,2,QPSK,-,100,0,0,0,0.00,0.00,0.00,0.00,0,2,Rank 1,17,68,0,66,-,66,10,16.7,31,16,64QAM,0,SMDL,0,0,91.7,0.00,0.00,0.00,0.15,Rank 2,4,288,45,-,2 x 2,HandOver,15237,Free,17,FORMAT_0,262,127,Success,15237,2,-,-2,-15,-15,-,45,-,1,2,-,-,-,-,-,-,-,-,-,-,-,-,-,Registered,Normal Service,9,269,18,D4A6D4C1,218,8,30kHz,608,-,4,1,-,-,New trans.,0,0,64QAM,159,1,15237,193,5,0,0,Pass,0,QPSK,1,16,2,0,15,30kHz,Re trans.,-,332,
20260725 15:23:40.512,24.830195,102.842649,16.20,1933,3,1,0.00,0.00,,,,,,,1,SA,460,00,中国移动,4456484,6443507723,1573122,11,Normal,-,1,41,100,100,504990,-,742,513000,513000,30kHz,503172,1099,-,ms20,Connected,SA,-0.6,8,1,-58,74,-52.4,-10.4,29.3,3,Not Barred,6,6312,-18.8,504990,742,-52.6;-59.6;-80.8;-56.8,-,25.3;22;255;255,29.8;27.6;255;255,-18.8;-21.4,6;3;4;5;2,743;742;742;742;742,-119.8;-54.1;-51;-60.2;-61.8,-29.6;-10.4;-10.4;-10.4;-10.4,255;255;255;255;255,1;0,504990;504990,742;743,3;6,-,4;1,-52.4;-119.8,-10.4;-29.6,29.3;255,2.5,6,1,QPSK,-,75,25,0,0,0.00,0.00,0.00,0.00,0,2,Rank 1,16,64,4,66,-,66,11,21.2,31,20,256QAM,0,SMDL,0,0,17.7,0.00,0.00,0.01,0.33,Rank 2,4,248,72,-,2 x 2,HandOver,15237,Free,17,FORMAT_0,262,127,Success,15237,2,-,0,-13,-15,-,72,-,1,4,-,-,-,-,-,-,-,-,-,-,-,-,-,Registered,Normal Service,9,269,18,D4A6D4C1,318,8,30kHz,944,-,4,1,-,-,New trans.,0,0,256QAM,160,0,15237,293,4,0,0,Pass,0,QPSK,1,16,2,0,15,30kHz,Re trans.,-,539,
20260725 15:23:41.520,24.830220,102.842625,12.60,1933,3,1,0.00,0.00,,,,,,,1,SA,460,00,中国移动,4456484,6443507723,1573122,11,Normal,-,1,41,100,100,504990,-,742,513000,513000,30kHz,503172,1099,-,ms20,Connected,SA,-0.6,8,1,-58,74,-47.5,-10.4,28.3,3,Not Barred,6,6312,-18.8,504990,742,-56;-55;-71.9;-62.3,-,14.7;21.7;255;255,27.9;27.6;255;255,-21.5;-18.8,6;3;4;5;2,743;742;742;742;742,-155.9;-53.5;-47;-58.5;-61.1,-43;-10.4;-10.3;-10.3;-10.4,255;255;255;255;255,1;0,504990;504990,742;743,3;6,-,4;1,-47.5;-155.9,-10.4;-43,28.3;255,2.5,6,1,QPSK,-,75,25,0,0,0.00,0.00,0.00,0.00,0,2,Rank 1,16,64,4,66,-,66,11,21.2,31,20,256QAM,0,SMDL,0,0,17.7,0.00,0.00,0.01,0.38,Rank 2,4,0,72,-,2 x 2,HandOver,15237,Free,17,FORMAT_0,262,127,Success,15237,2,-,0,-14,-15,-,72,-,1,4,-,-,-,-,-,-,-,-,-,-,-,-,-,Registered,Normal Service,9,269,18,D4A6D4C1,318,8,30kHz,944,-,4,1,-,-,New trans.,0,0,256QAM,160,0,15237,293,4,0,0,Pass,0,QPSK,1,16,2,0,15,30kHz,Re trans.,-,539,
20260725 15:23:42.533,24.830230,102.842593,12.67,1933,3,1,0.00,0.00,,,,,,,1,SA,460,00,中国移动,4456484,6443507723,1573122,11,Normal,-,1,41,100,100,504990,-,742,513000,513000,30kHz,503172,1099,-,ms20,Connected,SA,-0.6,8,1,-58,74,-47.5,-10.4,35.3,4,Not Barred,6,6312,-12.1,504990,742,-53.6;-48.1;-66.1;-54.5,-,31.2;29.3;255;255,22.4;21.8;255;255,-17.9;-12.1,0;4;3;5;2,741;742;742;742;742,-103.7;-47.5;-57.6;-61.9;-65,-27.1;-10.4;-10.4;-10.4;-10.4,255;255;255;255;255,1;0,504990;504990,742;741,4;0,-,4;1,-47.5;-87.8,-10.4;-21.4,35.3;255,1.5,2,2,QPSK,-,100,0,0,0,0.00,0.00,0.00,0.00,0,2,Rank 1,16,32,2,14,-,14,10,25,31,25,256QAM,0,SMDL,0,0,0,0.00,0.00,0.02,0.00,Rank 2,4,252,62,-,2 x 2,HandOver,15237,Free,17,FORMAT_0,262,127,Success,15237,2,-,-10,-11,-15,-,62,-,1,2,-,-,-,-,-,-,-,-,-,-,-,-,-,Registered,Normal Service,9,269,18,D4A6D4C1,520,19,30kHz,944,-,4,1,-,-,New trans.,0,0,256QAM,131,1,15237,513,13,0,4,Pass,0,QPSK,0,20,1,0,0,30kHz,Re trans.,-,172,
20260725 15:23:43.545,24.830225,102.842559,14.04,1933,3,1,0.00,0.00,,,,,,,1,SA,460,00,中国移动,4456484,6443507723,1573122,11,Normal,-,1,41,100,100,504990,-,742,513000,513000,30kHz,503172,1099,-,ms20,Connected,SA,-0.6,8,1,-58,74,-47.4,-10.4,34.3,4,Not Barred,6,6312,-13.1,504990,742,-61.3;-48.5;-88.6;-57.3,-,23.2;33.2;255;255,19.8;24.9;255;255,-26.6;-13.1,0;4;3;5;2;1,741;742;742;742;742;8,-95.5;-47.4;-60.1;-62.4;-65.8;-81.3,-22.8;-10.4;-10.5;-10.4;-10.4;-13.5,255;255;255;255;255;255,1;0;0,504990;504990;504990,742;8;741,4;1;0,-,4;1;1,-47.4;-81.3;-88.2,-10.4;-13.5;-19.5,34.3;255;255,1.5,2,2,QPSK,-,100,0,0,0,0.00,0.00,0.00,0.00,0,2,Rank 1,16,32,2,14,-,14,11,25,31,25,256QAM,0,SMDL,0,0,0,0.00,0.00,0.02,0.47,Rank 2,4,0,62,-,2 x 2,HandOver,15237,Free,17,FORMAT_0,262,127,Success,15237,2,-,-10,-10,-15,-,62,-,1,2,-,-,-,-,-,-,-,-,-,-,-,-,-,Registered,Normal Service,9,269,18,D4A6D4C1,520,19,30kHz,944,-,4,1,-,-,New trans.,0,0,256QAM,131,1,15237,577,14,0,4,Pass,0,QPSK,0,20,1,0,0,30kHz,Re trans.,-,172,
20260725 15:23:44.552,24.830208,102.842528,14.44,1933,3,1,0.00,0.00,,,,,,,1,SA,460,00,中国移动,4456484,6443507723,1573122,11,Normal,-,1,41,100,100,504990,-,742,513000,513000,30kHz,503172,1099,-,ms20,Connected,SA,-0.5,8,1,-58,74,-52.4,-10.4,28.1,4,Not Barred,6,6312,-17.8,504990,742,-57.3;-52.6;-91.2;-66.7,-,20.8;26.8;255;255,12.8;20.4;255;255,-22.5;-17.8,0;4;3;1;5;1,741;742;742;742;742;8,-85.5;-52.4;-66.4;-72.1;-71.4;-81.9,-15.9;-10.4;-10.6;-10.8;-10.6;-20.3,255;255;255;255;255;255,1;0;0,504990;504990;504990,742;8;741,4;1;0,-,4;1;1,-52.4;-81.9;-85.5,-10.4;-20.3;-15.9,28.1;255;255,1.5,2,2,QPSK,-,100,0,0,0,0.00,0.00,0.00,0.00,0,2,Rank 1,16,32,2,14,-,14,11,25,31,25,256QAM,0,SMDL,0,0,0,0.00,0.00,0.02,0.00,Rank 2,4,0,62,-,2 x 2,HandOver,15237,Free,17,FORMAT_0,262,127,Success,15237,2,-,-10,-6,-15,-,62,-,1,2,-,-,-,-,-,-,-,-,-,-,-,-,-,Registered,Normal Service,9,269,18,D4A6D4C1,520,19,30kHz,944,-,4,1,-,-,New trans.,0,0,256QAM,131,1,15237,577,14,0,4,Pass,0,QPSK,0,20,1,0,0,30kHz,Re trans.,-,172,
20260725 15:23:45.564,24.830177,102.842510,15.84,1933,3,1,0.00,0.00,,,,,,,1,SA,460,00,中国移动,4456484,6443507723,1573122,11,Normal,-,1,41,100,100,504990,-,742,513000,513000,30kHz,503172,1099,-,ms20,Connected,SA,-0.5,8,1,-58,74,-57,-10.4,19.8,4,Not Barred,6,6312,-22.1,504990,742,-65.4;-57.1;-92.9;-64.9,-,7.6;19.6;255;255,0.5;12.3;255;255,-29.9;-22.1,0;4;5;1;3;1;3;5,741;742;742;742;742;8;743;664,-86.6;-57;-73.3;-71;-70.6;-86.9;-77;-78.9,-17.6;-10.4;-11.2;-10.6;-10.8;-21.6;-16.2;-16.3,255;255;255;255;255;255;255;255,1;0;0;0;0,504990;504990;504990;504990;504990,742;743;664;8;741,4;3;5;1;0,-,4;1;1;1;1,-57;-77;-78.9;-85.4;-85.8,-10.4;-16.2;-16.3;-20.9;-17,19.8;255;255;255;255,0.5,2,0,QPSK,-,100,0,0,0,0.00,0.00,0.00,0.00,0,1,Rank 1,21,84,5,19,-,19,11,25,31,25,256QAM,0,SMDL,0,0,0,0.00,0.00,0.02,0.00,Rank 2,4,0,62,-,2 x 2,HandOver,15237,Free,17,FORMAT_0,262,127,Success,15237,2,-,-10,-2,-15,-,62,-,3,2,-,-,-,-,-,-,-,-,-,-,-,-,-,Registered,Normal Service,9,269,18,D4A6D4C1,520,19,30kHz,944,-,4,1,-,-,New trans.,0,0,256QAM,131,1,15237,833,14,0,4,Pass,0,QPSK,0,28,1,0,0,30kHz,Re trans.,-,153,
20260725 15:23:46.577,24.830134,102.842501,18.83,1932,3,1,0.00,0.00,,,,,,,1,SA,460,00,中国移动,4456484,6443507723,1573122,11,Normal,-,1,41,100,100,504990,-,742,513000,513000,30kHz,503172,1099,-,ms20,Connected,SA,-0.6,8,1,-58,77,-59.5,-10.4,20.1,4,Not Barred,6,6312,-21.8,504990,742,-70.4;-57.2;-97.9;-63.8,-,-0.4;13.6;255;255,-4.2;5.1;255;255,-32.5;-21.8,6;4;3;5;1;1;3;5,741;742;742;742;742;8;743;664,-86.6;-59.1;-68;-73.8;-69.8;-91.6;-152.7;-81.2,-17;-10.4;-10.5;-11.6;-10.6;-17.4;-41.8;-12.4,255;255;255;255;255;255;255;255,1;0;0;0;0,504990;504990;504990;504990;504990,742;664;741;8;743,4;5;6;1;3,-,4;1;1;1;1,-59.5;-81.2;-86.7;-91.5;-152.7,-10.4;-12.4;-16.9;-17.5;-41.8,20.1;255;255;255;255,0.5,2,0,QPSK,-,100,0,0,0,0.00,0.00,0.00,0.00,0,1,Rank 1,21,84,5,106,-,106,11,24.1,25,25,256QAM,0,SMDL,0,0,8.3,0.00,0.00,0.02,0.00,Rank 2,4,144,62,-,2 x 2,HandOver,15237,Free,17,FORMAT_0,262,127,Success,15237,2,-,5,-1,-15,-,62,-,3,2,-,-,-,-,-,-,-,-,-,-,-,-,-,Registered,Normal Service,9,269,18,D4A6D4C1,962,18,30kHz,992,-,4,1,-,-,New trans.,0,0,256QAM,107,1,15237,937,14,0,0,Pass,0,QPSK,2,16,2,0,15,30kHz,Re trans.,-,153,
20260725 15:23:47.591,24.830087,102.842506,20.30,1932,3,1,0.00,0.00,,,,,,,1,SA,460,00,中国移动,4456484,6443507723,1573122,11,Normal,-,1,41,100,100,504990,-,742,513000,513000,30kHz,503172,1099,-,ms20,Connected,SA,-0.5,8,1,-58,80,-64.1,-10.5,24.6,4,Not Barred,6,6312,-20.4,504990,742,-56.9;-67.2;-71.9;-70.9,-,28.9;18.4;255;255,18.7;7.7;255;255,-20.4;-29.6,7;4;3;5;2;1;5,741;742;742;742;742;8;664,-89.5;-63;-66.8;-73.1;-73.9;-95.8;-82.4,-18.2;-10.6;-10.5;-11.1;-10.4;-22.1;-14.3,255;255;255;255;255;255;255,1;0;0;0,504990;504990;504990;504990,742;664;741;8,4;5;7;1,-,4;1;1;1,-64.1;-82.7;-89.7;-95.9,-10.5;-15.6;-18;-22.1,24.6;255;255;255,3,5,2,QPSK,-,85.7,14.3,0,0,0.00,0.00,0.01,0.01,0,2,Rank 1,16,112,7,63,-,63,9,24.3,31,25,256QAM,0,SMDL,0,0,0,0.00,0.00,0.00,0.26,Rank 2,4,548,142,-,2 x 2,HandOver,15237,Free,17,FORMAT_0,262,127,Success,15237,2,-,2,2,-15,-,142,-,3,7,-,-,-,-,-,-,-,-,-,-,-,-,-,Registered,Normal Service,9,269,18,D4A6D4C1,55,8,30kHz,896,-,4,1,-,-,New trans.,0,0,256QAM,116,1,15237,45,3,0,0,Pass,0,QPSK,0,16,1,0,15,30kHz,Re trans.,-,1103,
20260725 15:23:48.603,24.830040,102.842520,20.23,1932,3,1,0.00,0.00,,,,,,,1,SA,460,00,中国移动,4456484,6443507723,1573122,11,Normal,-,1,41,100,100,504990,-,742,513000,513000,30kHz,503172,1099,-,ms20,Connected,SA,-0.5,8,1,-58,76,-60.2,-10.4,17.2,4,Not Barred,6,6312,-25.5,504990,742,-60;-61.2;-71.5;-62.3,-,17.2;14;255;255,15.6;10.1;255;255,-25.5;-27.1,7;4;3;2;1;1;5,741;742;742;742;742;8;664,-139.2;-60.6;-61;-70.2;-71.4;-152.8;-86.9,-36.3;-10.5;-10.4;-10.4;-10.5;-42;-20.9,255;255;255;255;255;255;255,1;0;0;0,504990;504990;504990;504990,742;664;741;8,4;5;7;1,-,4;1;1;1,-60.2;-86.9;-139.2;-152.8,-10.4;-20.9;-36.3;-42,17.2;255;255;255,1,2,2,QPSK,-,100,0,0,0,0.00,0.00,0.00,0.01,0,1,Rank 1,16,100,6,14,-,14,10,24.6,31,25,256QAM,0,SMDL,0,0,0,0.00,0.00,0.01,1.00,Rank 2,4,404,133,-,2 x 2,HandOver,15237,Free,17,FORMAT_0,262,127,Success,15237,2,-,1,-5,-15,-,133,-,1,5,-,-,-,-,-,-,-,-,-,-,-,-,-,Registered,Normal Service,9,269,18,D4A6D4C1,70,18,30kHz,992,-,4,1,-,-,-,0,0,256QAM,183,1,15237,129,14,0,4,Pass,0,QPSK,0,20,1,0,0,30kHz,Re trans.,-,458,
20260725 15:23:49.611,24.829995,102.842537,18.94,1932,3,1,0.00,0.00,,,,,,,1,SA,460,00,中国移动,4456484,6443507723,1573122,11,Normal,-,1,41,100,100,504990,-,742,513000,513000,30kHz,503172,1099,-,ms20,Connected,SA,-0.6,9,1,-58,77,-57.4,-10.4,21.2,4,Not Barred,6,6312,-29.9,504990,742,-59.4;-63.4;-76.5;-66.2,-,31.8;11.1;255;255,19.2;8.3;255;255,-29.9;-32,7;4;3;2;5;1;5,741;742;742;742;742;8;664,-156;-57.8;-56.7;-65.3;-66.1;-156;-81.3,-43;-10.4;-10.3;-10.3;-10.6;-43;-22,255;255;255;255;255;255;255,1;0;0;0,504990;504990;504990;504990,742;664;741;8,4;5;7;1,-,4;1;1;1,-57.4;-81.3;-156;-156,-10.4;-22;-43;-43,21.2;255;255;255,1,2,2,QPSK,-,100,0,0,0,0.00,0.00,0.00,0.00,0,1,Rank 1,16,100,6,63,-,63,11,24.8,31,25,256QAM,0,SMDL,0,0,0,0.00,0.00,0.01,0.74,Rank 2,4,284,133,-,2 x 2,HandOver,15237,Free,17,FORMAT_0,262,127,Success,15237,2,-,0,-6,-15,-,133,-,1,5,-,-,-,-,-,-,-,-,-,-,-,-,-,Registered,Normal Service,9,269,18,D4A6D4C1,212,18,30kHz,992,-,4,1,-,-,New trans.,0,0,256QAM,135,1,15237,264,11,0,0,Pass,0,QPSK,0,16,1,0,15,30kHz,Re trans.,-,458,
20260725 15:23:50.619,24.829955,102.842552,16.42,1932,3,1,0.00,0.00,,,,,,,1,SA,460,00,中国移动,4456484,6443507723,1573122,11,Normal,-,1,41,100,100,504990,-,742,513000,513000,30kHz,503172,1099,-,ms20,Connected,SA,-0.6,9,1,-58,79,-56.7,-10.4,9.7,4,Not Barred,6,6312,-24.1,504990,742,-64;-67.7;-79.7;-76.9,-,6.9;4.4;5.5;0.5,9.5;4.4;255;255,-24.1;-26.4,5;4;3;2;5,664;742;742;742;742,-74;-62.5;-55.6;-68;-71.5,-14;-10.9;-10.3;-10.4;-12.4,255;255;255;255;255,1;0,504990;504990,742;664,4;5,-,4;1,-56.7;-74,-10.4;-14,9.7;255,1.7,3,3,QPSK,-,100,0,0,0,0.00,0.00,0.00,0.00,0,2,Rank 1,16,96,5,157,-,157,11,24.9,31,25,256QAM,0,SMDL,0,0,0,0.00,0.00,0.02,0.52,Rank 2,4,464,102,-,2 x 2,HandOver,15237,Free,17,FORMAT_0,262,127,Success,15237,2,-,1,-7,-15,-,102,-,1,5,-,-,-,-,-,-,-,-,-,-,-,-,-,Registered,Normal Service,9,269,18,D4A6D4C1,332,18,30kHz,896,-,4,1,-,-,New trans.,0,0,256QAM,163,1,15237,294,10,0,0,Pass,0,QPSK,3,16,2,0,15,30kHz,Re trans.,-,615,
20260725 15:23:51.631,24.829916,102.842559,14.65,1932,3,1,0.00,0.00,,,,,,,1,SA,460,00,中国移动,4456484,6443507723,1573122,11,Normal,-,1,41,100,100,504990,-,742,513000,513000,30kHz,503172,1099,-,ms20,Connected,SA,-0.6,8,1,-58,79,-51.2,-10.4,31.4,3,Not Barred,6,6312,-19.6,504990,742,-55.2;-54.3;-76.9;-57.4,-,31.5;31.6;255;255,12.1;5.1;255;255,-19.6;-20.1,5;3;4;2;6;7,664;742;742;742;742;741,-71.9;-51.2;-59.8;-64;-68.5;-81.4,-14.3;-10.4;-10.4;-10.4;-10.4;-19.9,255;255;255;255;255;255,1;0;0,504990;504990;504990,742;664;741,3;5;7,-,4;1;1,-51.2;-71.9;-81.4,-10.4;-14.3;-19.9,31.4;255;255,1.7,3,3,QPSK,-,100,0,0,0,0.00,0.00,0.00,0.00,0,2,Rank 1,16,96,2,14,-,14,10,22.6,31,21,256QAM,0,SMDL,0,0,1.5,0.00,0.00,0.02,0.86,Rank 2,4,260,150,-,2 x 2,HandOver,15237,Free,17,FORMAT_0,262,127,Success,15237,2,-,1,-10,-15,-,150,-,1,1,-,-,-,-,-,-,-,-,-,-,-,-,-,Registered,Normal Service,9,269,18,D4A6D4C1,332,18,30kHz,896,-,4,1,-,-,New trans.,0,0,256QAM,163,1,15237,449,13,0,4,Pass,0,QPSK,0,20,1,0,0,30kHz,Re trans.,-,615,
20260725 15:23:52.644,24.829883,102.842560,12.02,1932,3,1,0.00,0.00,,,,,,,1,SA,460,00,中国移动,4456484,6443507723,1573122,11,Normal,-,1,41,100,100,504990,-,742,513000,513000,30kHz,503172,1099,-,ms20,Connected,SA,-0.6,8,1,-58,70,-50.4,-10.4,34.1,3,Not Barred,6,6312,-15,504990,742,-49.9;-60.9;-73.5;-63,-,34.1;14.7;255;255,11.5;2.8;255;255,-15;-24.4,4;3;4;6;2;7,664;742;742;742;742;741,-73.1;-50.4;-62.4;-62.1;-64.1;-78,-16.8;-10.4;-10.8;-10.4;-10.3;-13.6,255;255;255;255;255;255,1;0;0,504990;504990;504990,742;664;741,3;4;7,-,4;1;1,-50.4;-73.6;-79.2,-10.4;-15;-14.5,34.1;255;255,1.7,3,3,QPSK,-,100,0,0,0,0.00,0.00,0.00,0.00,0,2,Rank 1,16,96,2,66,-,66,11,25.1,31,25,256QAM,0,SMDL,0,0,0,0.00,0.00,0.04,0.41,Rank 2,4,288,150,-,2 x 2,HandOver,15237,Free,17,FORMAT_0,262,127,Success,15237,2,-,-7,-11,-15,-,150,-,1,1,-,-,-,-,-,-,-,-,-,-,-,-,-,Registered,Normal Service,9,269,18,D4A6D4C1,496,8,30kHz,992,-,4,1,-,-,New trans.,0,0,256QAM,160,1,15237,471,3,0,0,Pass,1,QPSK,1,16,2,0,15,30kHz,Re trans.,-,615,
20260725 15:23:53.654,24.829859,102.842552,9.65,1931,3,1,0.00,0.00,,,,,,,1,SA,460,00,中国移动,4456484,6443507723,1573122,11,Normal,-,1,41,100,100,504990,-,742,513000,513000,30kHz,503172,1099,-,ms20,Connected,SA,-0.6,8,1,-58,70,-49.6,-10.4,32.2,3,Not Barred,6,6312,-15,504990,742,-50.4;-62.8;-68.9;-62.9,-,30.6;21.8;255;255,8.4;6.4;255;255,-15;-22.6,4;3;4;6;2;7,664;742;742;742;742;741,-96.4;-49.6;-60.3;-59.1;-64.1;-76.6,-27.8;-10.4;-10.5;-10.4;-10.4;-13,255;255;255;255;255;255,1;0;0,504990;504990;504990,742;741;664,3;7;4,-,4;1;1,-49.6;-77.9;-94.5,-10.4;-12.6;-26.1,32.2;255;255,0.3,1,0,QPSK,-,100,0,0,0,0.00,0.00,0.00,0.00,0,1,Rank 1,18,56,2,14,-,14,11,25.1,31,25,256QAM,0,SMDL,0,0,0,0.00,0.00,0.04,0.54,Rank 2,4,0,72,-,2 x 2,HandOver,15237,Free,17,FORMAT_0,262,127,Success,15237,2,-,-7,-11,-15,-,72,-,1,1,-,-,-,-,-,-,-,-,-,-,-,-,-,Registered,Normal Service,9,269,18,D4A6D4C1,496,8,30kHz,992,-,4,1,-,-,New trans.,0,0,256QAM,160,1,15237,577,13,0,4,Pass,0,QPSK,0,20,1,0,0,30kHz,Re trans.,-,94,
20260725 15:23:54.669,24.829841,102.842537,9.22,1931,3,1,0.00,0.00,,,,,,,1,SA,460,00,中国移动,4456484,6443507723,1573122,11,Normal,-,1,41,100,100,504990,-,742,513000,513000,30kHz,503172,1099,-,ms20,Connected,SA,-0.6,8,1,-58,70,-61.5,-10.4,25.3,3,Not Barred,6,6312,-25.9,504990,742,-62.3;-69;-72.6;-72,-,25.3;21.5;255;255,13.4;3;255;255,-25.9;-30.5,5;3;6;4;2;7,664;742;742;742;742;741,-87.4;-59.8;-64.7;-67.3;-71.5;-80.8,-18;-10.3;-10.4;-10.7;-10.4;-12.3,255;255;255;255;255;255,1;0;0,504990;504990;504990,742;741;664,3;7;5,-,4;1;1,-61.5;-81.5;-87.3,-10.4;-12.9;-18.2,25.3;255;255,0.3,1,0,QPSK,-,100,0,0,0,0.00,0.00,0.00,0.00,0,1,Rank 1,18,56,2,14,-,14,11,25.1,31,25,256QAM,0,SMDL,0,0,0,0.00,0.00,0.04,0.00,Rank 2,4,0,72,-,2 x 2,HandOver,15237,Free,17,FORMAT_0,262,127,Success,15237,2,-,-7,-2,-15,-,72,-,1,1,-,-,-,-,-,-,-,-,-,-,-,-,-,Registered,Normal Service,9,269,18,D4A6D4C1,496,8,30kHz,992,-,4,1,-,-,New trans.,0,0,256QAM,160,1,15237,577,13,0,4,Pass,0,QPSK,0,20,1,0,0,30kHz,Re trans.,-,94,
20260725 15:23:55.683,24.829822,102.842519,10.26,1931,3,1,0.00,0.00,,,,,,,1,SA,460,00,中国移动,4456484,6443507723,1573122,11,Normal,-,1,41,100,100,504990,-,742,513000,513000,30kHz,503172,1099,-,ms20,Connected,SA,-0.6,8,1,-58,70,-68.6,-10.4,21.8,3,Not Barred,6,6312,-34.8,504990,742,-67.4;-74.8;-79.6;-72,-,21.8;19.2;255;255,6.3;10.9;255;255,-36.3;-34.8,4;3;6;4;2;7,664;742;742;742;742;741,-80.7;-70.8;-68.5;-72.5;-78.8;-91.8,-15.9;-10.4;-10.4;-10.8;-10.6;-14,255;255;255;255;255;255,1;0;0,504990;504990;504990,742;664;741,3;4;7,-,4;1;1,-68.6;-81.7;-92.8,-10.4;-14.6;-15.7,21.8;255;255,0.3,1,0,QPSK,-,100,0,0,0,0.00,0.00,0.00,0.00,0,1,Rank 1,18,56,2,14,-,14,11,25.1,31,25,256QAM,0,SMDL,0,0,0,0.00,0.00,0.04,0.00,Rank 2,4,0,72,-,2 x 2,HandOver,15237,Free,17,FORMAT_0,262,127,Success,15237,2,-,-7,8,-15,-,72,-,1,1,-,-,-,-,-,-,-,-,-,-,-,-,-,Registered,Normal Service,9,269,18,D4A6D4C1,496,8,30kHz,992,-,4,1,-,-,New trans.,0,0,256QAM,160,1,15237,833,13,0,4,Pass,0,QPSK,0,20,1,0,0,30kHz,Re trans.,-,94,
20260725 15:23:56.698,24.829810,102.842498,8.57,1930,3,1,0.00,0.00,,,,,,,1,SA,460,00,中国移动,4456484,6443507723,1573122,11,Normal,-,1,41,100,100,504990,-,742,513000,513000,30kHz,503172,1099,-,ms20,Connected,SA,-0.6,8,1,-58,91,-72.3,-10.7,23.1,3,Not Barred,6,6312,-37.8,504990,742,-76.5;-74;-81.8;-65.3,-,21.1;17.3;255;255,12;7.9;255;255,-37.8;-42.1,4;3;4;6;2;0,664;742;742;742;742;741,-78.1;-73.9;-71.9;-73.9;-79.5;-93.9,-15.5;-10.5;-11.3;-10.4;-10.5;-15.5,255;255;255;255;255;255,1;0;0,504990;504990;504990,742;664;741,3;4;0,-,4;1;1,-72.3;-79.5;-94.3,-10.7;-13.6;-15.7,23.1;255;255,0.3,1,0,QPSK,-,100,0,0,0,0.00,0.00,0.00,0.00,0,1,Rank 1,18,56,2,66,-,66,11,25,31,25,256QAM,0,SMDL,0,0,0,0.00,0.00,0.01,0.00,Rank 2,4,208,72,-,2 x 2,HandOver,15237,Free,17,FORMAT_0,262,127,Success,15237,2,-,3,8,-15,-,72,-,1,1,-,-,-,-,-,-,-,-,-,-,-,-,-,Registered,Normal Service,9,269,18,D4A6D4C1,930,8,30kHz,992,-,4,1,-,-,New trans.,0,0,256QAM,95,1,15237,905,4,0,0,Pass,1,QPSK,1,16,2,0,15,30kHz,Re trans.,-,94,
20260725 15:23:57.712,24.829810,102.842498,8.57,1930,3,1,0.00,0.00,,,,,,,1,SA,460,00,中国移动,4456484,6443507723,1573122,11,Normal,-,1,41,100,100,504990,-,742,513000,513000,30kHz,503172,1099,-,ms20,Connected,SA,-0.6,8,1,-58,91,-72.4,-10.5,22.4,3,Not Barred,6,6312,-36.4,504990,742,-75.2;-70;-76.2;-76.1,-,18.6;13.7;12.7;7.6,9.7;10.9;255;255,-39;-36.4,4;3;4;6;1;0;1,664;742;742;742;742;741;8,-87.4;-72.9;-72.9;-75;-81.1;-97.1;-134,-19.5;-10.5;-10.7;-10.4;-10.6;-15.8;-34.6,255;255;255;255;255;255;255,1;0;0;0,504990;504990;504990;504990,742;664;741;8,3;4;0;1,-,4;1;1;1,-72.4;-86.9;-96.9;-134,-10.5;-16.9;-15.6;-34.6,22.4;255;255;255,1,3,0,QPSK,-,100,0,0,0,0.00,0.00,0.00,0.00,0,1,Rank 1,18,148,7,106,-,106,11,24.9,25,25,256QAM,0,SMDL,0,0,0,0.00,0.00,0.01,0.39,Rank 2,4,204,104,-,2 x 2,HandOver,15237,Free,17,FORMAT_0,262,127,Success,15237,2,-,3,7,-15,-,104,-,2,5,-,-,-,-,-,-,-,-,-,-,-,-,-,Registered,Normal Service,9,269,18,D4A6D4C1,44,18,30kHz,992,-,4,1,-,-,New trans.,0,0,256QAM,159,1,15237,44,4,0,0,Pass,0,QPSK,2,16,2,0,15,30kHz,Re trans.,-,545,
20260725 15:23:58.729,24.829815,102.842466,6.26,1930,3,1,0.00,0.00,,,,,,,1,SA,460,00,中国移动,4456484,6443507723,1573122,11,Normal,-,1,41,100,100,504990,-,742,513000,513000,30kHz,503172,1099,-,ms20,Connected,SA,-0.6,9,1,-58,90,-72.7,-10.8,7.5,4,Not Barred,6,6312,-37.4,504990,742,-81.4;-75.1;-73.3;-73.8,-,3.9;3.1;255;255,1.4;7.6;255;255,-37.4;-42,4;4;3;6;2;7,664;742;742;742;742;741,-76.9;-71.8;-74.5;-74.8;-83;-99.3,-15.5;-11.3;-10.4;-10.4;-10.6;-19.3,255;255;255;255;255;255,1;0;0,504990;504990;504990,742;664;741,4;4;7,-,4;1;1,-72.7;-77.9;-99,-10.8;-14.2;-19.3,7.5;255;255,2.1,7,2,QPSK,-,87.5,12.5,0,0,0.00,0.00,0.00,0.00,0,1,Rank 1,16,132,8,63,-,63,11,24.9,25,25,256QAM,0,SMDL,0,0,0,0.00,0.00,0.00,0.38,Rank 2,4,360,113,-,2 x 2,HandOver,15237,Free,17,FORMAT_0,262,127,Success,15237,2,-,9,6,-15,-,113,-,2,6,-,-,-,-,-,-,-,-,-,-,-,-,-,Registered,Normal Service,9,269,18,D4A6D4C1,145,19,30kHz,992,-,4,1,-,-,New trans.,0,0,256QAM,180,0,15237,141,3,0,0,Pass,1,QPSK,0,16,1,0,15,30kHz,Re trans.,-,948,
20260725 15:23:59.745,24.829830,102.842450,9.54,1930,3,1,0.00,0.00,,,,,,,1,SA,460,00,中国移动,4456484,6443507723,1573122,11,Normal,-,1,41,100,100,504990,-,742,513000,513000,30kHz,503172,1099,-,ms20,Connected,SA,-0.6,11,1,-58,96,-73.6,-10.5,18.2,4,Not Barred,6,6312,-34.6,504990,742,-81.4;-74.8;-80.9;-69.2,-,14.4;12.1;255;255,6.1;9.7;255;255,-34.6;-37.9,5;4;6;3;5;7;1,664;742;742;742;742;741;8,-91;-72.9;-77.4;-75.4;-82.5;-96;-95.2,-16.9;-10.6;-10.4;-10.4;-11.1;-15.8;-18.7,255;255;255;255;255;255;255,1;0;0;0,504990;504990;504990;504990,742;664;8;741,4;5;1;7,-,4;1;1;1,-73.6;-90.9;-95.2;-97.1,-10.5;-17.1;-18.7;-17.1,18.2;255;255;255,2.1,7,2,QPSK,-,87.5,12.5,0,0,0.00,0.00,0.01,0.01,0,1,Rank 1,16,132,8,63,-,63,11,24.9,31,25,256QAM,0,SMDL,0,0,0,0.00,0.00,0.00,0.68,Rank 2,4,348,113,-,2 x 2,HandOver,15237,Free,17,FORMAT_0,262,127,Success,15237,2,-,5,13,-15,-,113,-,2,6,-,-,-,-,-,-,-,-,-,-,-,-,-,Registered,Normal Service,9,269,18,D4A6D4C1,222,8,30kHz,992,-,4,1,-,-,New trans.,0,0,256QAM,147,0,15237,197,3,0,0,Pass,1,QPSK,0,16,1,0,15,30kHz,Re trans.,-,948,
20260725 15:24:00.760,24.829852,102.842435,11.59,1930,3,1,0.00,0.00,,,,,,,1,SA,460,00,中国移动,4456484,6443507723,1573122,11,Normal,-,1,41,100,100,504990,-,742,513000,513000,30kHz,503172,1099,-,ms20,Connected,SA,-0.6,8,1,-58,89,-70.6,-10.5,10.8,4,Not Barred,6,6312,-36.5,504990,742,-72.5;-79.1;-69.4;-75.8,-,19.7;8.2;255;255,4.6;1.8;255;255,-36.5;-37.6,5;4;6;3;5;7;1,664;742;742;742;742;741;8,-85.4;-69.1;-74.4;-73.8;-79.9;-95.4;-95.3,-15.8;-10.6;-10.4;-10.4;-11.1;-17;-19,255;255;255;255;255;255;255,1;0;0;0,504990;504990;504990;504990,742;664;8;741,4;5;1;7,-,4;1;1;1,-70.6;-85.4;-95.3;-95.9,-10.5;-15.8;-19;-17.9,10.8;255;255;255,1.3,2,2,QPSK,-,100,0,0,0,0.00,0.00,0.00,0.00,0,2,Rank 1,16,48,3,63,-,63,11,24.8,25,25,256QAM,0,SMDL,0,0,0,0.00,0.00,0.02,0.65,Rank 2,4,392,110,-,2 x 2,HandOver,15237,Free,17,FORMAT_0,262,127,Success,15237,2,-,0,5,-15,-,110,-,2,3,-,-,-,-,-,-,-,-,-,-,-,-,-,Registered,Normal Service,9,269,18,D4A6D4C1,276,18,30kHz,896,-,4,1,-,-,New trans.,0,0,256QAM,155,1,15237,251,14,0,0,Pass,1,QPSK,0,16,1,0,15,30kHz,Re trans.,-,354,
20260725 15:24:01.765,24.829880,102.842424,13.21,1930,3,1,0.00,0.00,,,,,,,1,SA,460,00,中国移动,4456484,6443507723,1573122,11,Normal,-,1,41,100,100,504990,-,742,513000,513000,30kHz,503172,1099,-,ms20,Connected,SA,-0.6,8,1,-58,85,-68.7,-10.4,21.5,4,Not Barred,6,6312,-27.9,504990,742,-66.7;-64.7;-81.2;-63.1,-,19.1;13.3;20.6;25.8,4.9;10.3;255;255,-27.9;-38.3,5;4;6;3;5;7;1,664;742;742;742;742;741;8,-89.4;-67.1;-72.9;-73.5;-79.9;-92.8;-93.5,-18.7;-10.4;-10.3;-10.5;-10.7;-15.7;-20.3,255;255;255;255;255;255;255,1;0;0;0,504990;504990;504990;504990,742;664;741;8,4;5;7;1,-,4;1;1;1,-68.7;-89.1;-92.2;-93.5,-10.4;-18.9;-15.5;-20.3,21.5;255;255;255,0,0,0,QPSK,-,100,0,0,0,0.00,0.00,0.00,0.00,0,1,Rank 1,18,36,3,66,-,66,11,24.8,25,25,256QAM,0,SMDL,0,0,0,0.00,0.00,0.02,0.73,Rank 2,4,0,51,-,2 x 2,HandOver,15237,Free,17,FORMAT_0,262,127,Success,15237,2,-,1,6,-15,-,51,-,1,2,-,-,-,-,-,-,-,-,-,-,-,-,-,Registered,Normal Service,9,269,18,D4A6D4C1,451,19,30kHz,848,-,4,1,-,-,New trans.,0,1,256QAM,99,1,15237,452,5,0,0,Pass,1,QPSK,1,16,2,0,15,30kHz,Re trans.,-,77,
20260725 15:24:02.777,24.829915,102.842415,15.30,1931,3,1,0.00,0.00,,,,,,,1,SA,460,00,中国移动,4456484,6443507723,1573122,11,Normal,-,1,41,100,100,504990,-,742,513000,513000,30kHz,503172,1099,-,ms20,Connected,SA,-0.6,9,1,-58,76,-57.5,-10.4,26.8,4,Not Barred,6,6312,-23.5,504990,742,-60.4;-72.3;-88.5;-54,-,25.7;11.6;255;255,10.6;6;255;255,-23.5;-36.5,5;4;6;3;5;0;1;3,664;742;742;742;742;741;8;743,-153.6;-56.2;-60.8;-72.6;-74.1;-87.6;-92.1;-81.4,-42;-10.4;-10.3;-10.9;-10.6;-12.2;-19.6;-13.5,255;255;255;255;255;255;255;255,1;0;0;0;0,504990;504990;504990;504990;504990,742;743;741;8;664,4;3;0;1;5,-,4;1;1;1;1,-57.5;-81.4;-87.3;-92.1;-153.5,-10.4;-13.5;-12.6;-19.6;-42.1,26.8;255;255;255;255,0,0,0,QPSK,-,100,0,0,0,0.00,0.00,0.00,0.00,0,1,Rank 1,18,36,12,63,-,63,11,23.9,25,25,256QAM,0,SMDL,0,0,5.5,0.00,0.00,0.00,0.00,Rank 2,4,580,261,-,2 x 2,HandOver,15237,Free,17,FORMAT_0,262,127,Success,15237,2,-,-3,-9,-15,-,261,-,1,12,-,-,-,-,-,-,-,-,-,-,-,-,-,Registered,Normal Service,9,269,18,D4A6D4C1,546,8,30kHz,848,-,4,1,-,-,New trans.,0,0,256QAM,160,1,15237,527,11,0,0,Pass,1,QPSK,0,16,1,0,15,30kHz,Re trans.,-,77,
20260725 15:24:03.789,24.829955,102.842405,17.14,1931,3,1,0.00,0.00,,,,,,,1,SA,460,00,中国移动,4456484,6443507723,1573122,11,Normal,-,1,41,100,100,504990,-,742,513000,513000,30kHz,503172,1099,-,ms20,Connected,SA,-0.6,9,1,-58,82,-69.5,-10.4,24,4,Not Barred,6,6312,-33,504990,742,-67.6;-69.3;-73.8;-81.8,-,24;20.9;255;255,5.9;8.2;255;255,-33;-33.6,4;4;6;1;3;0;1;3,664;742;742;742;742;741;8;743,-141;-68.8;-76.5;-81.4;-78.2;-96.1;-92.2;-141.5,-37.7;-10.4;-10.4;-10.8;-10.5;-17.7;-20.9;-38.1,255;255;255;255;255;255;255;255,1;0;0;0;0,504990;504990;504990;504990;504990,742;8;741;664;743,4;1;0;4;3,-,4;1;1;1;1,-69.5;-92.2;-95.9;-133.9;-141.5,-10.4;-20.9;-15.8;-33.9;-38.1,24;255;255;255;255,2.6,7,2,QPSK,-,84.6,15.4,0,0,0.00,0.00,0.01,0.01,0,2,Rank 1,16,208,2,14,-,14,11,24.7,31,25,256QAM,0,SMDL,0,0,0,0.01,0.01,0.06,1.04,Rank 2,4,748,72,-,2 x 2,HandOver,15237,Free,17,FORMAT_0,262,127,Success,15237,2,-,2,3,-15,-,72,-,1,1,-,-,-,-,-,-,-,-,-,-,-,-,-,Registered,Normal Service,9,269,18,D4A6D4C1,656,18,30kHz,848,-,4,1,-,-,New trans.,0,0,256QAM,160,1,15237,657,3,0,0,Pass,1,QPSK,2,16,2,0,15,30kHz,Re trans.,-,1816,
20260725 15:24:04.796,24.829995,102.842396,16.09,1931,3,1,0.00,0.00,,,,,,,1,SA,460,00,中国移动,4456484,6443507723,1573122,11,Normal,-,1,41,100,100,504990,-,742,513000,513000,30kHz,503172,1099,-,ms20,Connected,SA,-0.6,9,1,-58,90,-74.3,-10.5,15,4,Not Barred,6,6312,-39.4,504990,742,-71.6;-73.5;-88.5;-77.9,-,15;12.9;255;255,5.7;6.8;255;255,-39.4;-41.1,5;4;3;1;2;0;1;3,664;742;742;742;742;741;8;743,-103;-73;-80.4;-80.7;-84.6;-96.8;-105.9;-155.4,-20.5;-10.5;-10.5;-10.7;-10.7;-18.5;-25.1;-42.8,255;255;255;255;255;255;255;255,1;0;0;0;0,504990;504990;504990;504990;504990,742;741;664;8;743,4;0;5;1;3,-,4;1;1;1;1,-74.3;-96.7;-103;-105.9;-155.4,-10.5;-17.1;-20.5;-25.1;-42.8,15;255;255;255;255,2.6,7,2,QPSK,-,84.6,15.4,0,0,0.00,0.00,0.00,0.00,0,2,Rank 1,16,208,2,14,-,14,11,23.8,25,25,256QAM,0,SMDL,0,0,0,0.00,0.00,0.00,1.36,Rank 2,4,208,72,-,2 x 2,HandOver,15237,Free,17,FORMAT_0,262,127,Success,15237,2,-,9,8,-15,-,72,-,1,1,-,-,-,-,-,-,-,-,-,-,-,-,-,Registered,Normal Service,9,269,18,D4A6D4C1,713,18,30kHz,992,-,4,1,-,-,New trans.,0,0,256QAM,95,1,15237,705,14,0,4,Pass,0,QPSK,0,20,1,0,0,30kHz,Re trans.,-,1816,
20260725 15:24:05.803,24.830035,102.842382,17.82,1931,3,1,0.00,0.00,,,,,,,1,SA,460,00,中国移动,4456484,6443507723,1573122,11,Normal,-,1,41,100,100,504990,-,742,513000,513000,30kHz,503172,1099,-,ms20,Connected,SA,-0.6,8,1,-58,93,-74.4,-10.5,19.5,4,Not Barred,6,6312,-37.3,504990,742,-71.5;-81.6;-79.2;-77.7,-,14;10;255;255,5;5.2;255;255,-37.3;-49.1,5;4;3;2;6;0;1,664;742;742;742;742;741;8,-94;-74.1;-84.6;-89.3;-88.8;-109.8;-85.4,-14.9;-10.5;-10.7;-11;-10.7;-21.4;-12.9,255;255;255;255;255;255;255,1;0;0;0,504990;504990;504990;504990,742;8;664;741,4;1;5;0,-,4;1;1;1,-74.4;-85.4;-94;-98.5,-10.5;-12.9;-14.9;-16.1,19.5;255;255;255,1,2,2,QPSK,-,100,0,0,0,0.00,0.00,0.00,0.00,0,1,Rank 1,17,104,4,106,-,106,11,24.9,25,25,256QAM,0,SMDL,0,0,0,0.00,0.00,0.00,0.37,Rank 2,4,212,105,-,2 x 2,HandOver,15237,Free,17,FORMAT_0,262,127,Success,15237,2,-,9,14,-15,-,105,-,1,3,-,-,-,-,-,-,-,-,-,-,-,-,-,Registered,Normal Service,9,269,18,D4A6D4C1,854,18,30kHz,896,-,4,1,-,-,New trans.,0,0,256QAM,132,1,15237,854,3,0,0,Pass,1,QPSK,2,16,2,0,15,30kHz,Re trans.,-,409,
20260725 15:24:06.810,24.830073,102.842354,18.00,1931,3,1,0.00,0.00,,,,,,,1,SA,460,00,中国移动,4456484,6443507723,1573122,11,Normal,-,1,41,100,100,504990,-,742,513000,513000,30kHz,503172,1099,-,ms20,Connected,SA,-0.6,7,1,-58,94,-77.9,-10.7,11.2,4,Not Barred,6,6312,-39.9,504990,742,-75.3;-78.2;-80.4;-75.4,-,6.8;4.8;255;255,5.9;4.1;255;255,-39.9;-42.6,5;4;3;2;1;7;1;7,664;742;742;742;742;741;8;475,-91.1;-76.4;-81.3;-85.1;-83.3;-98;-90.3;-102.7,-13.3;-10.7;-10.4;-10.7;-11.4;-15.2;-15.6;-21.1,255;255;255;255;255;255;255;255,1;0;0;0;0,504990;504990;504990;504990;504990,742;8;664;741;475,4;1;5;7;7,-,4;1;1;1;1,-77.9;-90.3;-90.9;-98.3;-102.7,-10.7;-15.6;-13.7;-15.8;-21.1,11.2;255;255;255;255,1,2,2,QPSK,-,100,0,0,0,0.00,0.00,0.00,0.00,0,1,Rank 1,17,104,4,63,-,63,11,23.2,31,23,256QAM,0,SMDL,0,0,0,0.00,0.00,0.00,0.40,Rank 2,4,256,105,-,2 x 2,HandOver,15237,Free,17,FORMAT_0,262,127,Success,15237,2,-,6,10,-15,-,105,-,1,3,-,-,-,-,-,-,-,-,-,-,-,-,-,Registered,Normal Service,9,269,18,D4A6D4C1,953,9,30kHz,768,-,4,1,-,-,New trans.,0,0,256QAM,151,1,15237,931,3,0,0,Pass,1,QPSK,0,16,1,0,15,30kHz,Re trans.,-,409,
20260725 15:24:07.824,24.830116,102.842334,18.65,1932,3,1,0.00,0.00,,,,,,,1,SA,460,00,中国移动,4456484,6443507723,1573122,11,Normal,-,1,41,100,100,504990,-,742,513000,513000,30kHz,503172,1099,-,ms20,Connected,SA,-0.6,2,1,-58,100,-79.1,-10.7,7.5,4,Not Barred,6,6312,-45.9,504990,742,-82.4;-87.7;-84.2;-84.8,-,5;9.9;255;255,4.4;6;255;255,-50.5;-45.9,4;4;1;3;2;7;1;7,664;742;742;742;742;741;8;475,-98.2;-79.2;-82.7;-81.4;-87.2;-97.2;-85;-115.4,-22.2;-10.6;-12.3;-10.5;-10.8;-17.1;-15.3;-25.8,255;255;255;255;255;255;255;255,1;0;0;0;0,504990;504990;504990;504990;504990,742;8;664;741;475,4;1;4;7;7,-,4;1;1;1;1,-79.1;-85;-93.5;-97.2;-115.4,-10.7;-15.3;-19.9;-17.1;-25.8,7.5;255;255;255;255,0.8,2,0,QPSK,-,100,0,0,0,0.00,0.00,0.00,0.00,0,1,Rank 1,19,96,5,63,-,63,10,20.4,31,20,256QAM,0,SMDL,0,0,16.3,0.00,0.00,0.03,0.43,Rank 2,4,196,109,-,2 x 2,HandOver,15237,Free,17,FORMAT_0,262,127,Success,15237,2,-,7,13,-15,-,109,-,1,4,-,-,-,-,-,-,-,-,-,-,-,-,-,Registered,Normal Service,9,269,18,D4A6D4C1,30,8,30kHz,896,-,4,1,-,-,New trans.,0,0,256QAM,151,0,15237,25,14,0,0,Pass,0,QPSK,0,16,1,0,15,30kHz,Re trans.,-,308,
20260725 15:24:08.840,24.830156,102.842315,16.60,1932,3,1,0.00,0.00,,,,,,,1,SA,460,00,中国移动,4456484,6443507723,1573122,11,Normal,-,1,41,100,100,504990,-,742,513000,513000,30kHz,503172,1099,-,ms20,Connected,SA,-0.6,1,1,-58,99,-82.9,-11,13,4,Not Barred,6,6312,-44.1,504990,742,-78.2;-85.2;-87.1;-86.7,-,11.9;11.4;255;255,6.5;7.3;255;255,-44.1;-49.1,4;4;3;1;2;7;1;1,664;742;742;742;742;741;8;475,-113.3;-81.8;-86.2;-85.4;-85.5;-99.9;-87.7;-92.3,-28.2;-10.8;-10.9;-12.6;-10.9;-17.9;-15.1;-19.4,255;255;255;255;255;255;255;255,1;0;0;0;0,504990;504990;504990;504990;504990,742;8;475;664;741,4;1;1;4;7,-,4;1;1;1;1,-82.9;-87.7;-93.8;-94.7;-99.9,-11;-15.1;-16.9;-17.7;-17.9,13;255;255;255;255,4.8,29,0,QPSK,-,75,25,0,0,0.00,0.00,0.00,0.00,14.3,1,Rank 1,18,144,14,106,-,106,10,22.2,31,23,256QAM,0,SMDL,0,0,3.6,0.00,0.00,0.02,0.29,Rank 2,4,560,193,-,2 x 2,HandOver,15237,Free,17,FORMAT_0,262,127,Success,15237,2,-,11,10,-15,-,193,-,1,14,-,-,-,-,-,-,-,-,-,-,-,-,-,Registered,Normal Service,9,269,18,D4A6D4C1,135,9,30kHz,992,-,4,1,-,-,New trans.,0,0,256QAM,132,1,15237,130,4,0,0,Pass,0,QPSK,2,16,2,0,15,30kHz,Re trans.,-,986,
20260725 15:24:09.852,24.830192,102.842297,15.44,1932,3,1,0.00,0.00,,,,,,,1,SA,460,00,中国移动,4456484,6443507723,1573122,11,Normal,-,1,41,100,100,504990,-,742,513000,513000,30kHz,503172,1099,-,ms20,Connected,SA,-0.6,-1,1,-58,98,-81.7,-10.9,14.2,4,Not Barred,6,6312,-43.1,504990,742,-80.9;-76.5;-89.1;-85.8,-,6.1;11.4;255;255,4.1;3.2;255;255,-45.6;-43.1,4;4;6;2;3;7;1;6,664;742;742;742;742;741;8;475,-92.2;-80.9;-88.6;-86.6;-87.1;-98.9;-87.6;-96.6,-18.6;-10.7;-10.8;-11.3;-11.1;-17.7;-13;-19,255;255;255;255;255;255;255;255,1;0;0;0;0,504990;504990;504990;504990;504990,742;8;664;475;741,4;1;4;6;7,-,4;1;1;1;1,-81.7;-88;-93.5;-95.1;-98.9,-10.9;-13.2;-17;-17.7;-17.7,14.2;255;255;255;255,0.5,2,0,QPSK,-,100,0,0,0,0.00,0.00,0.01,0.01,0,1,Rank 1,16,164,14,106,-,106,10,22.1,31,25,256QAM,0,SMDL,0,0,43.5,0.00,0.00,0.09,0.89,Rank 2,4,736,193,-,2 x 2,HandOver,15237,Free,17,FORMAT_0,262,127,Success,15237,2,-,7,10,-15,-,193,-,1,14,-,-,-,-,-,-,-,-,-,-,-,-,-,Registered,Normal Service,9,269,18,D4A6D4C1,231,8,30kHz,800,-,4,1,-,-,-,0,0,256QAM,131,0,15237,231,13,0,0,Pass,1,QPSK,2,16,2,0,15,30kHz,Re trans.,-,633,
20260725 15:24:10.864,24.830229,102.842282,14.98,1932,3,1,0.00,0.00,,,,,,,1,SA,460,00,中国移动,4456484,6443507723,1573122,11,Normal,-,1,41,100,100,504990,-,742,513000,513000,30kHz,503172,1099,-,ms20,Connected,SA,-0.6,-2,1,-58,103,-85.8,-12.1,4.7,4,Not Barred,6,6312,-50.4,504990,742,-85.2;-88.9;-90.2;-81.6,-,7.1;6.9;255;255,3.9;4.2;255;255,-50.4;-51.5,3;4;1;2;3;7;1;1,664;742;742;742;742;741;8;475,-94;-85.1;-87.7;-89.3;-87.6;-98.8;-83.4;-91,-18.1;-11.6;-15.8;-12;-11.6;-18.5;-11.9;-18.4,255;255;255;255;255;255;255;255,1;0;0;0;0,504990;504990;504990;504990;504990,742;8;475;664;741,4;1;1;3;7,-,4;1;1;1;1,-85.8;-83.6;-91.9;-92.3;-98.8,-12.1;-11.9;-16.1;-16.7;-18.5,4.7;255;255;255;255,0.5,2,0,QPSK,-,100,0,0,0,0.00,0.00,0.00,0.00,0,1,Rank 1,16,164,2,63,-,63,10,21,31,20,256QAM,0,SMDL,0,0,27.9,0.00,0.00,0.01,1.18,Rank 2,4,172,46,-,2 x 2,HandOver,15237,Free,17,FORMAT_0,262,127,Success,15237,2,-,6,17,-15,-,46,-,1,1,-,-,-,-,-,-,-,-,-,-,-,-,-,Registered,Normal Service,9,269,18,D4A6D4C1,331,8,30kHz,736,-,4,1,-,-,New trans.,0,0,64QAM,188,1,15237,306,3,0,0,Pass,1,QPSK,0,16,1,0,15,30kHz,Re trans.,-,633,
20260725 15:24:11.876,24.830264,102.842265,14.83,1932,3,1,0.00,0.00,,,,,,,1,SA,460,00,中国移动,4456484,6443507723,1573122,11,Normal,-,1,41,100,100,504990,-,742,513000,513000,30kHz,503172,1099,-,ms20,Connected,SA,-0.6,-1,1,-58,101,-84.7,-11.2,8.6,4,Not Barred,6,6312,-46.8,504990,742,-90.3;-81.9;-88.3;-85.6,-,5.8;9.3;8.2;-2.1,3.5;3.5;255;255,-49.4;-46.8,4;4;3;1;2;7;1;4,664;742;742;742;742;741;8;475,-93.7;-83.4;-86.1;-93;-89.5;-101.2;-82.8;-94.3,-18.6;-10.9;-11;-18.3;-11.8;-18.2;-11.1;-20,255;255;255;255;255;255;255;255,1;0;0;0;0,504990;504990;504990;504990;504990,742;8;664;475;741,4;1;4;4;7,-,4;1;1;1;1,-84.7;-82.9;-93.6;-95.3;-101.2,-11.2;-11.1;-15.9;-17.8;-18.2,8.6;255;255;255;255,0.3,2,0,QPSK,-,100,0,0,0,0.00,0.00,0.00,0.00,0,1,Rank 1,16,96,4,66,-,66,10,22.8,31,25,256QAM,0,SMDL,0,0,9.7,0.00,0.00,0.01,0.25,Rank 2,4,412,117,-,2 x 2,HandOver,15237,Free,17,FORMAT_0,262,127,Success,15237,2,-,4,18,-15,-,117,-,1,4,-,-,-,-,-,-,-,-,-,-,-,-,-,Registered,Normal Service,9,269,18,D4A6D4C1,437,8,30kHz,512,-,4,1,-,-,New trans.,0,0,64QAM,164,1,15237,432,3,0,0,Pass,0,QPSK,1,16,2,0,15,30kHz,Re trans.,-,421,
20260725 15:24:12.882,24.830297,102.842249,14.11,1932,3,1,0.00,0.00,,,,,,,1,SA,460,00,中国移动,4456484,6443507723,1573122,11,Normal,-,1,41,100,100,504990,-,742,513000,513000,30kHz,503172,1099,-,ms20,Connected,SA,-0.6,-1,1,-58,104,-86.4,-12,8.3,4,Not Barred,6,6312,-49.8,504990,742,-87.5;-86.6;-89.7;-92.2,-,7.2;8.4;255;255,1.8;3.7;255;255,-51.6;-49.8,5;4;3;2;1;7;1;4,664;742;742;742;742;741;8;475,-91.2;-87;-85.1;-90.1;-91;-132;-82.4;-95.7,-14.2;-11.7;-10.8;-12.1;-18.9;-32.4;-11;-21.9,255;255;255;255;255;255;255;255,1;0;0;0;0,504990;504990;504990;504990;504990,742;8;664;475;741,4;1;5;4;7,-,4;1;1;1;1,-86.4;-83.1;-89.4;-95.4;-132,-12;-11.1;-13.5;-20;-32.4,8.3;255;255;255;255,1,5,0,QPSK,-,83.3,16.7,0,0,0.00,0.00,0.00,0.00,0,2,Rank 1,18,112,6,157,-,157,10,17.1,31,17,64QAM,0,SMDL,0,0,94.8,0.00,0.00,0.05,0.68,Rank 2,4,384,99,-,2 x 2,HandOver,15237,Free,17,FORMAT_0,262,127,Success,15237,2,-,8,17,-15,-,99,-,2,4,-,-,-,-,-,-,-,-,-,-,-,-,-,Registered,Normal Service,9,269,18,D4A6D4C1,533,18,30kHz,688,-,4,1,-,-,New trans.,0,0,64QAM,164,1,15237,522,0,0,0,Pass,0,QPSK,3,16,2,0,15,30kHz,Re trans.,-,486,
20260725 15:24:13.896,24.830325,102.842229,13.36,1933,3,1,0.00,0.00,,,,,,,1,SA,460,00,中国移动,4456484,6443507723,1573122,11,Normal,-,1,41,100,100,504990,-,742,513000,513000,30kHz,503172,1099,-,ms20,Connected,SA,-0.6,-2,1,-58,99,-87.5,-11.3,0.8,4,Not Barred,6,6312,-54,504990,742,-91.7;-92.8;-89.6;-92.1,-,13.7;16;8;10,1.9;3.4;1;-4.4,-54.1;-58.1;-54;-55.3,4;4;3;2;5;0;1;2;6,664;742;742;742;742;940;8;475;743,-95.6;-91;-86.9;-90.3;-97.8;-127.3;-86.1;-95.6;-101,-17.5;-12.7;-11;-11.8;-16.5;-30.2;-11.6;-15.7;-15.9,255;255;255;255;255;255;255;255;255,1;0;0;0;0;0,504990;504990;504990;504990;504990;504990,742;8;664;475;743;940,4;1;4;2;6;0,-,4;1;1;1;1;1,-87.5;-86.1;-96;-96.2;-101;-127.3,-11.3;-11.6;-16.8;-15.3;-15.9;-30.2,0.8;255;255;255;255;255,1.5,5,1,QPSK,-,90,10,0,0,0.00,0.00,0.00,0.00,0,1,Rank 3,16,160,6,66,-,66,12,20.2,31,17,64QAM,0,SMDL,0,0,57.8,0.00,0.00,0.05,0.45,Rank 2,4,512,140,-,2 x 2,HandOver,15237,Free,17,FORMAT_0,262,127,Success,15237,2,-,5,22,-15,-,140,-,2,6,-,-,-,-,-,-,-,-,-,-,-,-,-,Registered,Normal Service,9,269,18,D4A6D4C1,639,8,30kHz,512,-,4,1,-,-,New trans.,0,0,64QAM,107,1,15237,620,3,0,0,Pass,1,QPSK,1,16,2,0,15,30kHz,Re trans.,-,1028,
20260725 15:24:14.908,24.830346,102.842200,14.15,1933,3,1,0.00,0.00,,,,,,,1,SA,460,00,中国移动,4456484,6443507723,1573122,11,Normal,-,1,41,100,100,504990,-,742,513000,513000,30kHz,503172,1099,-,ms20,Connected,SA,-0.6,3,1,-58,107,-89.3,-12.2,4.1,3,Not Barred,6,6312,-52,504990,742,-93.2;-102.4;-89.5;-96.3,-,-0.7;9.4;4.2;-7.5,-1.8;1.8;255;255,-52;-65.3,4;3;4;5;2;5;1;1,664;742;742;742;742;743;8;475,-109.8;-89.1;-90;-101.4;-92.5;-121.2;-87;-82.9,-25.3;-11;-12.9;-19.5;-14.2;-30.4;-15.8;-11.6,255;255;255;255;255;255;255;255,1;0;0;0;0,504990;504990;504990;504990;504990,742;475;8;664;743,3;1;1;4;5,-,4;1;1;1;1,-89.3;-83.6;-87.3;-95.3;-112.5,-12.2;-11.1;-15.9;-18.5;-25.4,4.1;255;255;255;255,1.5,5,1,QPSK,-,90,10,0,0,0.00,0.00,0.01,0.01,0,1,Rank 1,16,160,12,63,-,63,9,18.9,31,19,64QAM,0,SMDL,0,0,71.3,0.00,0.00,0.08,0.72,Rank 2,4,736,179,-,2 x 2,HandOver,15237,Free,17,FORMAT_0,262,127,Success,15237,2,-,16,22,-15,-,179,-,1,11,-,-,-,-,-,-,-,-,-,-,-,-,-,Registered,Normal Service,9,269,18,D4A6D4C1,711,9,30kHz,800,-,4,1,-,-,New trans.,0,0,256QAM,136,1,15237,685,13,0,0,Pass,0,QPSK,0,16,1,0,15,30kHz,Re trans.,-,1028,
20260725 15:24:15.921,24.830356,102.842165,14.36,1933,3,1,0.00,0.00,,,,,,,1,SA,460,00,中国移动,4456484,6443507723,1573122,11,Normal,-,1,41,100,100,504990,-,475,513000,513000,30kHz,503172,1099,-,ms20,Connected,SA,-0.6,1,4,-60,96,-80.2,-10.7,10,1,Not Barred,6,6312,-43.1,504990,475,-78.5;-81.3;-92.2;-101,-,8.1;7.3;3.2;-7.3,17.3;18.1;20.3;6.2,-43.1;-46;-55.5;-54.6,5;2;5;1;1;2;7;4;6,664;742;743;8;475;475;475;475;476,-89.3;-89.9;-94.4;-105.2;-79.5;-80.5;-80.6;-82.5;-125.3,-17.4;-20.3;-21.3;-25.6;-10.9;-10.7;-10.5;-11.3;-30.4,255;255;255;255;255;255;255;255;255,1;0;0;0;0;0,504990;504990;504990;504990;504990;504990,475;742;664;743;8;476,1;2;5;5;1;6,-,4;1;1;1;1;1,-80.2;-89.6;-89.6;-93.7;-105.2;-125.3,-10.7;-15.2;-17.3;-20.8;-25.6;-30.4,10;255;255;255;255;255,1.5,12,0,QPSK,-,90,0,10,0,0.00,0.00,0.01,0.01,0,1,Rank 2,16,164,6,69,-,69,11,22.1,31,21,256QAM,0,SMDL,0.8,0,9.3,0.03,0.03,0.10,0.97,Rank 2,4,472,118,-,4 x 4,HandOver,25378,Free,17,FORMAT_0,249,57,Success,25378,10,-,6,0,-3,-,118,-,1,5,-,-,-,-,-,-,-,-,-,-,-,-,-,Registered,Normal Service,9,269,18,D4A6D4C1,846,19,30kHz,992,-,4,1,-,-,New trans.,0,1,256QAM,99,1,25378,843,13,0,0,Pass,0,QPSK,0,16,1,0,15,30kHz,Re trans.,-,1055,
20260725 15:24:16.926,24.830357,102.842127,15.55,1933,3,1,0.00,0.00,,,,,,,1,SA,460,00,中国移动,4456484,6453981196,1575679,12,Normal,-,1,41,100,100,504990,-,475,513000,513000,30kHz,503172,1099,-,ms20,Connected,SA,-0.6,1,4,-60,95,-80.4,-10.5,14.1,1,Not Barred,6,6312,-43.3,504990,475,-78.9;-79.1;-90.9;-83,-,8.9;13.9;255;255,13.1;17.7;255;255,-43.3;-43.4,5;4;5;1;1;2;7;4;6,664;742;743;8;475;475;475;475;476,-90.1;-89.3;-95.2;-148.2;-79.5;-80.6;-80.7;-82.5;-103.8,-17.7;-17.6;-21.7;-40.2;-10.6;-10.6;-10.4;-11.2;-21.6,255;255;255;255;255;255;255;255;255,1;0;0;0;0;0,504990;504990;504990;504990;504990;504990,475;742;664;743;476;8,1;4;5;5;6;1,-,4;1;1;1;1;1,-80.4;-89.8;-90.5;-94.6;-103.8;-148.2,-10.5;-15.4;-18.3;-19.7;-21.6;-40.2,14.1;255;255;255;255;255,4.3,28,0,QPSK,-,86.5,10.8,2.7,0,0.00,0.00,0.01,0.02,12.5,2,Rank 1,23,884,34,69,-,69,11,24.5,31,25,256QAM,0,SMDL,0.5,0,0,0.03,0.03,0.07,0.72,Rank 2,4,744,195,-,2 x 2,HandOver,25378,Free,17,FORMAT_0,249,57,Success,25378,10,-,5,-4,-3,-,195,-,1,33,-,-,-,-,-,-,-,-,-,-,-,-,-,Registered,Normal Service,9,269,18,D4A6D4C1,938,18,30kHz,992,-,4,1,-,-,New trans.,0,0,256QAM,99,1,25378,933,13,0,0,Pass,1,QPSK,0,16,1,0,15,30kHz,Re trans.,-,13681,
20260725 15:24:17.937,24.830353,102.842084,16.74,1933,3,1,0.00,0.00,,,,,,,1,SA,460,00,中国移动,4456484,6453981196,1575679,12,Normal,-,1,41,100,100,504990,-,475,513000,513000,30kHz,503172,1099,-,ms20,Connected,SA,-0.6,1,4,-60,94,-79.1,-10.8,9.1,1,Not Barred,6,6312,-44.3,504990,475,-78.5;-80.2;-93;-90.7,-,8.7;12.2;255;255,4.3;9.7;255;255,-44.3;-44.3,3;2;6;3;1;2;7;4;6;0,664;742;743;940;475;475;475;475;476;128,-134.4;-89.5;-95.3;-120.7;-78.5;-79.3;-79.1;-81.1;-139.2;-83.7,-35;-21.3;-15.9;-28.6;-10.9;-11.2;-10.4;-11.3;-36.5;-14.6,255;255;255;255;255;255;255;255;255;255,1;0;0;0;0;0;0,504990;504990;504990;504990;504990;504990;504990,475;128;742;743;940;664;476,1;0;2;6;3;3;6,-,4;1;1;1;1;1;1,-79.1;-84.6;-89.5;-93.6;-120.7;-134.3;-139.2,-10.8;-14.4;-17.1;-18.3;-28.6;-35;-36.5,9.1;255;255;255;255;255;255,0,0,0,QPSK,-,100,0,0,0,0.06,0.06,0.09,0.10,0,1,Rank 1,16,64,3,69,-,69,10,25.2,31,25,256QAM,0,SMDL,0,0,0,0.04,0.04,0.11,1.34,Rank 2,4,144,39,-,2 x 2,HandOver,25378,Free,17,FORMAT_0,249,57,Success,25378,10,-,7,-1,-3,-,39,-,1,3,-,-,-,-,-,-,-,-,-,-,-,-,-,Registered,Normal Service,9,269,18,D4A6D4C1,2,8,30kHz,992,-,4,1,-,-,New trans.,0,0,256QAM,99,1,25378,1021,3,0,0,Pass,1,QPSK,0,16,1,0,15,30kHz,Re trans.,-,276,
20260725 15:24:18.951,24.830348,102.842039,16.92,1933,3,1,0.00,0.00,,,,,,,1,SA,460,00,中国移动,4456484,6453981196,1575679,12,Normal,-,1,41,100,100,504990,-,475,513000,513000,30kHz,503172,1099,-,ms20,Connected,SA,-0.6,1,4,-60,97,-81.3,-10.9,7.7,1,Not Barred,6,6312,-45.8,504990,475,-82.1;-83.9;-95.8;-93.6,-,3.9;8.2;255;255,4.9;7.3;255;255,-45.8;-48.1,0;5;4;3;1;7;2;4;6;3;1,128;742;743;940;475;475;475;475;476;664;8,-99.4;-91;-90.2;-105.8;-80.9;-82;-82;-83.8;-101.5;-99.6;-134.5,-21.8;-16.7;-16.5;-22.9;-10.9;-10.5;-11.1;-12;-19.1;-19.3;-35.8,255;255;255;255;255;255;255;255;255;255;255,1;0;0;0;0;0;0;0,504990;504990;504990;504990;504990;504990;504990;504990,475;742;743;128;664;476;940;8,1;5;4;0;3;6;3;1,-,4;1;1;1;1;1;1;1,-81.3;-91.2;-92;-93.6;-99.6;-101.5;-105.8;-134.5,-10.9;-16.7;-16;-18.2;-19.3;-19.1;-22.9;-35.8,7.7;255;255;255;255;255;255;255,0,0,0,QPSK,-,100,0,0,0,0.00,0.00,0.00,0.00,0,1,Rank 1,16,84,3,69,-,69,11,25.1,31,25,256QAM,0,SMDL,0,0,0,0.00,0.00,0.02,0.27,Rank 2,4,172,40,-,2 x 2,HandOver,25378,Free,17,FORMAT_0,249,57,Success,25378,10,-,9,6,-3,-,40,-,1,3,-,-,-,-,-,-,-,-,-,-,-,-,-,Registered,Normal Service,9,269,18,D4A6D4C1,125,18,30kHz,944,-,4,1,-,-,New trans.,0,0,256QAM,136,1,25378,125,3,0,0,Pass,0,QPSK,0,16,1,0,15,30kHz,Re trans.,-,290,
20260725 15:24:19.957,24.830338,102.841995,17.28,1933,3,1,0.00,0.00,,,,,,,1,SA,460,00,中国移动,4456484,6453981196,1575679,12,Normal,-,1,41,100,100,504990,-,743,513000,513000,30kHz,503172,1099,-,ms20,Connected,SA,-0.6,0,2,-60,107,-81.4,-11.4,1.6,4,Not Barred,6,6312,-54.1,504990,743,-78.6;-81.2;0;0,-,-5.2;1.6;255;255,-0.1;8.4;255;255,-54.4;-54.1,0;5;4;5;6;2;5;1;1;2,128;742;743;743;743;743;664;475;8;940,-104.8;-87.1;-81.3;-91.3;-94.4;-99.9;-95.3;-90.5;-93.2;-98.9,-21.3;-12.5;-11.4;-16;-12.6;-13.1;-20;-12.7;-15.2;-19.6,255;255;255;255;255;255;255;255;255;255,1;0;0;0;0;0;0,504990;504990;504990;504990;504990;504990;504990,743;742;475;8;664;940;128,4;5;1;1;5;2;0,-,4;1;1;1;1;1;1,-81.4;-87.5;-90.6;-93.2;-98.4;-98.9;-100.4,-11.4;-12.3;-12.8;-15.2;-19.7;-19.6;-20.4,1.6;255;255;255;255;255;255,0.4,2,0,QPSK,-,100,0,0,0,0.00,0.00,0.00,0.00,0,2,Rank 1,16,180,10,14,-,14,10,25.3,31,24,256QAM,0,SMDL,0,0,0,0.00,0.00,0.02,0.32,Rank 2,4,236,74,-,4 x 4,HandOver,14833,Free,17,FORMAT_0,230,127,Success,14833,4,-,18,18,-1,-,74,-,2,8,-,-,-,-,-,-,-,-,-,-,-,-,-,Registered,Normal Service,9,269,18,D4A6D4C1,217,9,30kHz,15,-,4,1,-,-,New trans.,0,0,QPSK,12,1,14833,217,14,0,0,Pass,0,QPSK,1,16,1,0,15,30kHz,Re trans.,-,681,
20260725 15:24:20.965,24.830322,102.841951,18.07,1934,3,1,0.00,0.00,,,,,,,1,SA,460,00,中国移动,4456484,6453981196,1575679,12,Normal,-,1,41,100,100,504990,-,743,513000,513000,30kHz,503172,1099,-,ms20,Connected,SA,-0.6,-5,2,-60,98,-78.5,-11.1,11.1,4,Not Barred,6,6312,-40.5,504990,743,-76.6;-82.5;-95;-82.3,-,11.5;8.1;5.9;12,27.2;17.3;16.7;19.1,-40.5;-54.1;-47;-44.4,3;5;4;5;6;2;3;5;1,128;742;743;743;743;743;664;475;8,-130.6;-77.5;-78.2;-89.1;-88.4;-90.2;-123.1;-87.5;-96.9,-32.9;-11;-10.8;-18.5;-11.9;-13.5;-28.5;-18.6;-19.1,255;255;255;255;255;255;255;255;255,1;0;0;0;0;0,504990;504990;504990;504990;504990;504990,743;742;475;8;664;128,4;5;5;1;3;3,-,4;1;1;1;1;1,-78.5;-77.5;-88.2;-96.9;-123.1;-130.6,-11.1;-11;-14.2;-19.1;-28.6;-32.9,11.1;255;255;255;255;255,0.4,2,0,QPSK,-,100,0,0,0,0.00,0.00,0.00,0.00,12.5,2,Rank 1,16,180,26,69,-,69,11,21.3,31,24,256QAM,0,SMDL,1.9,0,32.4,0.00,0.00,0.07,0.43,Rank 2,4,420,99,-,4 x 4,HandOver,14833,Free,17,FORMAT_0,230,127,Success,14833,4,-,10,0,-1,-,99,-,9,17,-,-,-,-,-,-,-,-,-,-,-,-,-,Registered,Normal Service,9,269,18,D4A6D4C1,288,9,30kHz,736,-,4,1,-,-,New trans.,0,0,64QAM,219,1,14833,282,13,0,0,Pass,1,QPSK,0,16,1,0,15,30kHz,Re trans.,-,681,
20260725 15:24:21.975,24.830306,102.841905,18.76,1934,3,1,0.00,0.00,,,,,,,1,SA,460,00,中国移动,4456484,6453981196,1575679,12,Normal,-,1,41,100,100,504990,-,743,513000,513000,30kHz,503172,1099,-,ms20,Connected,SA,-0.6,-5,2,-60,95,-74.9,-10.6,13.3,4,Not Barred,6,6312,-40.3,504990,743,-75.9;-84.5;-93.9;-73.2,-,11.6;11.7;255;255,21.3;19.8;255;255,-40.3;-47.3,1;5;4;6;2;7;3;5,8;742;743;743;743;743;664;475,-96.3;-75.1;-74.3;-81.7;-87.9;-89.7;-111.1;-88.2,-18.6;-11;-10.6;-10.9;-12.4;-13.2;-25.3;-20.8,255;255;255;255;255;255;255;255,1;0;0;0;0,504990;504990;504990;504990;504990,743;742;475;8;664,4;5;5;1;3,-,4;1;1;1;1,-76.9;-75.8;-92;-97;-101.6,-10.8;-10.9;-15.4;-18.8;-20.1,11.7;255;255;255;255,1.5,28,0,QPSK,-,100,0,0,0,0.00,0.00,0.02,0.02,0,1,Rank 1,27,800,6,106,-,106,11,19.7,31,19,64QAM,0,SMDL,0,0,54.3,0.00,0.00,0.03,0.61,Rank 2,4,140,27,-,2 x 2,HandOver,14833,Free,17,FORMAT_0,230,127,Success,14833,4,-,11,0,-1,-,27,-,2,4,-,-,-,-,-,-,-,-,-,-,-,-,-,Registered,Normal Service,9,269,18,D4A6D4C1,420,9,30kHz,848,-,4,1,-,-,New trans.,0,0,256QAM,219,1,14833,415,4,0,0,Pass,1,QPSK,28,32,2,0,15,30kHz,New trans.,-,3089,
20260725 15:24:22.981,24.830290,102.841860,17.78,1934,3,1,0.00,0.00,,,,,,,1,SA,460,00,中国移动,4456484,6443507725,1573122,13,Normal,-,1,41,100,100,504990,-,743,513000,513000,30kHz,503172,1099,-,ms20,Connected,SA,-0.6,-5,2,-60,92,-73.2,-10.5,20.9,4,Not Barred,6,6312,-38.4,504990,743,-70.7;-76.7;-91.8;-75.2,-,20.6;13.5;8.2;19.2,25.6;22;255;255,-38.4;-41.8,1;5;4;5;2;3;3;5;0,8;742;743;743;743;743;664;475;128,-121.7;-78.3;-73.2;-87.1;-87.8;-89.8;-103.4;-91.5;-115.8,-28.6;-11.2;-10.5;-17.4;-12.4;-13.1;-21.3;-22.1;-26.6,255;255;255;255;255;255;255;255;255,1;0;0;0;0;0,504990;504990;504990;504990;504990;504990,743;742;475;664;128;8,4;5;5;3;0;1,-,4;1;1;1;1;1,-73.2;-78.3;-92.2;-103.4;-115.8;-121.7,-10.5;-11.2;-19.2;-21.3;-26.6;-28.6,20.9;255;255;255;255;255,6,28,0,QPSK,-,100,0,0,0,0.00,0.00,0.01,0.01,25,1,Rank 1,19,96,5,69,-,69,11,18.4,22,16,64QAM,0,SMDL,0,0,57.7,0.00,0.00,0.01,0.20,Rank 2,4,104,37,-,2 x 2,HandOver,14833,Free,17,FORMAT_0,230,127,Success,14833,4,-,9,-1,-1,-,37,-,1,4,-,-,-,-,-,-,-,-,-,-,-,-,-,Registered,Normal Service,9,269,18,D4A6D4C1,523,19,30kHz,768,-,4,1,-,-,New trans.,0,0,256QAM,195,1,14833,522,13,0,0,Pass,1,QPSK,0,16,1,0,15,30kHz,Re trans.,-,376,
20260725 15:24:23.992,24.830274,102.841817,17.60,1934,3,1,0.00,0.00,,,,,,,1,SA,460,00,中国移动,4456484,6443507725,1573122,13,Normal,-,1,41,100,100,504990,-,743,513000,513000,30kHz,503172,1099,-,ms20,Connected,SA,-0.6,-4,2,-60,94,-77.3,-10.8,14.6,4,Not Barred,6,6312,-40.6,504990,743,-76.1;-87.6;-81.4;-88,-,11.3;1.9;255;255,17.8;14.5;255;255,-40.6;-50.9,1;5;4;6;2;7;3;7,902;742;743;743;743;743;664;475,-96.6;-76.9;-76.4;-83.7;-91.4;-92.7;-112.5;-98.6,-15.6;-10.9;-10.9;-11;-14;-15.2;-23.9;-17.5,255;255;255;255;255;255;255;255,1;0;0;0;0,504990;504990;504990;504990;504990,743;742;475;902;664,4;5;7;1;3,-,4;1;1;1;1,-77.3;-76.9;-95.6;-97.2;-112.5,-10.8;-10.9;-17.4;-16.5;-23.9,14.6;255;255;255;255,6,28,0,QPSK,-,100,0,0,0,0.00,0.00,0.00,0.00,0,1,Rank 1,19,96,5,69,-,69,10,19.6,21,20,256QAM,0,SMDL,0,0,46.2,0.00,0.00,0.01,0.14,Rank 2,4,104,37,-,2 x 2,HandOver,14833,Free,17,FORMAT_0,230,127,Success,14833,4,-,8,3,-1,-,37,-,1,4,-,-,-,-,-,-,-,-,-,-,-,-,-,Registered,Normal Service,9,269,18,D4A6D4C1,572,18,30kHz,768,-,4,1,-,-,New trans.,0,0,256QAM,195,1,14833,567,11,0,0,Pass,0,QPSK,0,16,1,0,15,30kHz,Re trans.,-,376,
20260725 15:24:24.997,24.830255,102.841773,17.50,1934,3,1,0.00,0.00,,,,,,,1,SA,460,00,中国移动,4456484,6443507725,1573122,13,Normal,-,1,41,100,100,504990,-,743,513000,513000,30kHz,503172,1099,-,ms20,Connected,SA,-0.6,-2,2,-60,98,-81.1,-11.4,9.3,4,Not Barred,6,6312,-45.6,504990,743,-85;-85.5;-87;-85.7,-,8.8;6.8;255;255,13;13.1;255;255,-47.3;-45.6,0;5;4;6;5;7;3;7;1;3,902;742;743;743;743;743;664;475;4;128,-96.6;-83.4;-81.1;-81.8;-83.5;-91.4;-136.9;-96.4;-91.9;-101.1,-16.3;-13.5;-10.9;-10.7;-13.7;-12.5;-35.4;-17.4;-13.4;-19.4,255;255;255;255;255;255;255;255;255;255,1;0;0;0;0;0;0,504990;504990;504990;504990;504990;504990;504990,743;742;4;902;475;128;664,4;5;1;0;7;3;3,-,4;1;1;1;1;1;1,-81.1;-83.4;-94.5;-94.7;-96.3;-101.1;-136.9,-11.4;-13.5;-14.7;-15.4;-17;-19.4;-35.4,9.3;255;255;255;255;255;255,0,0,0,QPSK,-,100,0,0,0,0.00,0.00,0.00,0.00,0,1,Rank 1,16,32,3,69,-,69,10,20.7,22,20,256QAM,0,SMDL,0,0,0,0.00,0.00,0.00,0.15,Rank 2,4,48,26,-,2 x 2,HandOver,14833,Free,17,FORMAT_0,230,127,Success,14833,4,-,10,8,-1,-,26,-,1,3,-,-,-,-,-,-,-,-,-,-,-,-,-,Registered,Normal Service,9,269,18,D4A6D4C1,682,9,30kHz,848,-,4,1,-,-,New trans.,0,0,256QAM,195,1,14833,677,3,0,0,Pass,1,QPSK,0,16,1,0,15,30kHz,Re trans.,-,138,
20260725 15:24:26.003,24.830241,102.841727,17.75,1934,3,1,0.00,0.00,,,,,,,1,SA,460,00,中国移动,4456484,6443507725,1573122,13,Normal,-,1,41,100,100,504990,-,743,513000,513000,30kHz,503172,1099,-,ms20,Connected,SA,-0.6,-1,2,-60,94,-78.6,-11,11.7,6,Not Barred,6,6312,-39.4,504990,743,-74;-82.8;-83.7;-90.3,-,11.7;5;255;255,10.1;8.8;255;255,-39.4;-43.3,1;5;6;5;4;7;3;1;2;0,902;742;743;743;743;743;128;475;4;37,-86.4;-92.6;-78;-81.3;-86.9;-91.8;-100.8;-96.5;-91;-137.4,-12.1;-19.8;-10.8;-11.4;-11.4;-12.9;-22.7;-17.8;-16.8;-35.4,255;255;255;255;255;255;255;255;255;255,1;0;0;0;0;0;0,504990;504990;504990;504990;504990;504990;504990,743;902;4;742;475;128;37,6;1;2;5;1;3;0,-,4;1;1;1;1;1;1,-78.6;-85.9;-89.8;-93.7;-96.3;-100.8;-137.4,-11;-13;-14.5;-19.3;-17.9;-22.7;-35.4,11.7;255;255;255;255;255;255,0,0,0,QPSK,-,100,0,0,0,0.00,0.00,0.00,0.00,0,1,Rank 1,16,32,3,69,-,69,11,21,31,22,256QAM,0,SMDL,0,0,21.2,0.00,0.00,0.00,0.07,Rank 2,4,132,35,-,2 x 2,HandOver,14833,Free,17,FORMAT_0,230,127,Success,14833,4,-,7,8,-1,-,35,-,1,2,-,-,-,-,-,-,-,-,-,-,-,-,-,Registered,Normal Service,9,269,18,D4A6D4C1,825,8,30kHz,768,-,4,1,-,-,New trans.,0,0,256QAM,199,1,14833,820,13,0,0,Pass,1,QPSK,0,16,1,0,15,30kHz,Re trans.,-,138,
20260725 15:24:27.012,24.830226,102.841681,18.47,1934,3,1,0.00,0.00,,,,,,,1,SA,460,00,中国移动,4456484,6443507725,1573122,13,Normal,-,1,41,100,100,504990,-,743,513000,513000,30kHz,503172,1099,-,ms20,Connected,SA,-0.6,-1,2,-60,96,-77.1,-10.9,9.8,6,Not Barred,6,6312,-39.9,504990,743,-75.4;-76.9;-80.4;-91.8,-,8.2;10.2;255;255,8.1;6;255;255,-39.9;-41.4,5;7;6;5;4;7;3,902;475;743;743;743;743;4,-96.4;-96.4;-77.3;-78.2;-83.3;-89.6;-89.5,-21.5;-16.7;-10.8;-11;-11.5;-11.6;-12,255;255;255;255;255;255;255,1;0;0;0,504990;504990;504990;504990,743;902;4;475,6;5;3;7,-,4;1;1;1,-77.1;-85.4;-88;-96.7,-10.9;-14.3;-13;-17.7,9.8;255;255;255,0.2,2,0,QPSK,-,100,0,0,0,0.00,0.00,0.00,0.00,10,2,Rank 1,16,164,11,69,-,69,10,19.1,31,19,64QAM,0,SMDL,0,0,70.1,0.00,0.00,0.01,0.20,Rank 2,4,308,98,-,2 x 2,HandOver,14833,Free,17,FORMAT_0,230,127,Success,14833,4,-,13,10,-1,-,98,-,1,11,-,-,-,-,-,-,-,-,-,-,-,-,-,Registered,Normal Service,9,269,18,D4A6D4C1,898,8,30kHz,992,-,4,1,-,-,New trans.,0,0,256QAM,199,1,14833,891,13,0,0,Pass,1,QPSK,0,16,1,0,15,30kHz,Re trans.,-,672,
20260725 15:24:28.026,24.830210,102.841633,18.94,1933,3,1,0.00,0.00,,,,,,,1,SA,460,00,中国移动,4456484,6443507725,1573122,13,Normal,-,1,41,100,100,504990,-,743,513000,513000,30kHz,503172,1099,-,ms20,Connected,SA,-0.6,0,2,-60,99,-79,-10.7,19.8,6,Not Barred,6,6312,-40,504990,743,-76.6;-83.6;-83.3;-92.4,-,14.6;23.6;255;255,18.9;16.4;255;255,-40;-50.3,1;7;6;5;4;7;3;0;0;5,902;475;743;743;743;743;4;829;37;742,-93.7;-96.3;-78.5;-78.6;-82.6;-88.5;-102.8;-107.3;-122.7;-92.6,-15;-17.2;-10.6;-10.8;-10.7;-11.6;-19.8;-22.4;-29.3;-13.2,255;255;255;255;255;255;255;255;255;255,1;0;0;0;0;0;0,504990;504990;504990;504990;504990;504990;504990,743;742;902;475;4;829;37,6;5;1;7;3;0;0,-,4;1;1;1;1;1;1,-79;-92.6;-93.6;-96.5;-103.3;-107.3;-122.7,-10.7;-13.2;-16.2;-16.9;-20.5;-22.4;-29.3,19.8;255;255;255;255;255;255,3.9,28,0,QPSK,-,100,0,0,0,0.00,0.00,0.01,0.01,0,1,Rank 1,17,192,7,69,-,69,10,23.9,31,25,256QAM,0,SMDL,0,0,8.8,0.00,0.00,0.03,0.42,Rank 2,4,228,36,-,2 x 2,HandOver,14833,Free,17,FORMAT_0,230,127,Success,14833,4,-,16,11,-1,-,36,-,1,7,-,-,-,-,-,-,-,-,-,-,-,-,-,Registered,Normal Service,9,269,18,D4A6D4C1,993,19,30kHz,992,-,4,1,-,-,New trans.,0,0,256QAM,199,1,14833,988,13,0,0,Pass,1,QPSK,0,16,1,0,15,30kHz,Re trans.,-,1171,
20260725 15:24:29.038,24.830194,102.841585,19.55,1933,3,1,0.00,0.00,,,,,,,1,SA,460,00,中国移动,4456484,6443507725,1573122,13,Normal,-,1,41,100,100,504990,-,743,513000,513000,30kHz,503172,1099,-,ms20,Connected,SA,-0.6,-1,2,-60,91,-71,-10.4,26.5,6,Not Barred,6,6312,-32.6,504990,743,-71;-68.5;-71.1;-87.6,-,26.5;25.4;255;255,28.3;28.9;255;255,-32.6;-33,1;1;6;5;4;7;3;0;1;7,902;475;743;743;743;743;4;829;8;742,-97.9;-95.2;-70.6;-74.2;-81.5;-82.9;-153.9;-137;-136.8;-137.3,-19.2;-16.6;-10.4;-10.4;-10.6;-10.8;-42;-35.5;-35.1;-35.2,255;255;255;255;255;255;255;255;255;255,1;0;0;0;0;0;0,504990;504990;504990;504990;504990;504990;504990,743;475;902;742;8;829;4,6;1;1;7;1;0;3,-,4;1;1;1;1;1;1,-71;-96;-97.7;-136.8;-136.8;-137;-153.9,-10.4;-18;-18.9;-34.9;-35.1;-35.5;-42,26.5;255;255;255;255;255;255,0.7,2,0,QPSK,-,100,0,0,0,0.00,0.00,0.01,0.01,0,2,Rank 1,16,48,2,106,-,106,11,25,25,25,256QAM,0,SMDL,0,0,0,0.00,0.00,0.00,0.41,Rank 2,4,76,28,-,2 x 2,HandOver,14833,Free,17,FORMAT_0,230,127,Success,14833,4,-,5,3,-1,-,28,-,1,2,-,-,-,-,-,-,-,-,-,-,-,-,-,Registered,Normal Service,9,269,18,D4A6D4C1,98,8,30kHz,944,-,4,1,-,-,New trans.,0,0,256QAM,199,1,14833,93,3,0,0,Pass,1,QPSK,2,16,2,0,15,30kHz,Re trans.,-,244,
20260725 15:24:30.050,24.830180,102.841537,18.29,1933,3,1,0.00,0.00,,,,,,,1,SA,460,00,中国移动,4456484,6443507725,1573122,13,Normal,-,1,41,100,100,504990,-,743,513000,513000,30kHz,503172,1099,-,ms20,Connected,SA,-0.6,0,2,-60,91,-71.8,-10.4,24.6,6,Not Barred,6,6312,-34,504990,743,-77.1;-72.3;-75.9;-86.6,-,19.7;24.6;255;255,23.9;27.2;255;255,-34;-36.8,1;1;6;5;4;7;3;0;1;7,902;475;743;743;743;743;4;829;8;742,-115.3;-99.9;-72.6;-71.5;-79.3;-82.4;-155.5;-94.8;-153.7;-135.8,-28.1;-21;-10.4;-10.4;-10.4;-10.6;-42.8;-19.4;-42.1;-35.4,255;255;255;255;255;255;255;255;255;255,1;0;0;0;0;0;0,504990;504990;504990;504990;504990;504990;504990,743;829;475;902;742;8;4,6;0;1;1;7;1;3,-,4;1;1;1;1;1;1,-71.8;-94.8;-95.9;-114.8;-135.8;-153.7;-155.5,-10.4;-19.4;-20.6;-27.9;-35.4;-42.1;-42.8,24.6;255;255;255;255;255;255,0.7,2,0,QPSK,-,100,0,0,0,0.00,0.00,0.00,0.00,0,2,Rank 1,16,48,2,106,-,106,11,24.9,31,25,256QAM,0,SMDL,0,0,0,0.00,0.00,0.01,0.17,Rank 2,4,96,16,-,2 x 2,HandOver,14833,Free,17,FORMAT_0,230,127,Success,14833,4,-,5,3,-1,-,16,-,1,2,-,-,-,-,-,-,-,-,-,-,-,-,-,Registered,Normal Service,9,269,18,D4A6D4C1,201,19,30kHz,992,-,4,1,-,-,New trans.,0,0,256QAM,199,1,14833,196,13,0,0,Pass,1,QPSK,2,16,2,0,15,30kHz,Re trans.,-,244,
20260725 15:24:31.064,24.830168,102.841489,18.32,1933,3,1,0.00,0.00,,,,,,,1,SA,460,00,中国移动,4456484,6443507725,1573122,13,Normal,-,1,41,100,100,504990,-,743,513000,513000,30kHz,503172,1099,-,ms20,Connected,SA,-0.6,0,2,-60,83,-65.7,-10.4,28,6,Not Barred,6,6312,-27.8,504990,743,-67;-75.9;-68.1;-83.6,-,27.7;33.4;255;255,30.2;31.7;255;255,-27.8;-30.4,1;7;6;5;4;7;7;0,902;475;743;743;743;743;742;829,-155.7;-154;-66.1;-65.4;-72.2;-76.8;-153.4;-97.2,-42.9;-42.3;-10.4;-10.4;-10.4;-10.6;-42;-23.4,255;255;255;255;255;255;255;255,1;0;0;0;0,504990;504990;504990;504990;504990,743;829;742;475;902,6;0;7;7;1,-,4;1;1;1;1,-65.7;-97.2;-153.4;-153.9;-155.7,-10.4;-23.4;-42.1;-42.2;-42.9,28;255;255;255;255,0.7,2,0,QPSK,-,100,0,0,0,0.00,0.00,0.00,0.00,0,2,Rank 1,16,48,2,106,-,106,11,25.6,31,25,256QAM,0,SMDL,0,0,0,0.00,0.00,0.01,0.19,Rank 2,4,100,16,-,2 x 2,HandOver,14833,Free,17,FORMAT_0,230,127,Success,14833,4,-,0,-2,-1,-,16,-,1,2,-,-,-,-,-,-,-,-,-,-,-,-,-,Registered,Normal Service,9,269,18,D4A6D4C1,287,8,30kHz,896,-,4,1,-,-,New trans.,0,0,256QAM,199,2,14833,196,13,0,0,Pass,1,QPSK,2,16,2,0,15,30kHz,Re trans.,-,244,
20260725 15:24:32.075,24.830157,102.841441,17.89,1933,3,1,0.00,0.00,,,,,,,1,SA,460,00,中国移动,4456484,6443507725,1573122,13,Normal,-,1,41,100,100,504990,-,743,513000,513000,30kHz,503172,1099,-,ms20,Connected,SA,-0.6,1,2,-60,88,-63,-10.4,21.2,6,Not Barred,6,6312,-31.6,504990,743,-75.1;-69.8;-68.7;-87.8,-,27;16.7;255;255,31.6;31;255;255,-31.6;-34.4,1;0;6;5;4;2;7;0,902;475;743;743;743;743;742;829,-156;-117.8;-68.7;-61.6;-65;-76.2;-94.6;-87.9,-43;-29.5;-10.4;-10.3;-10.4;-10.5;-19.3;-21,255;255;255;255;255;255;255;255,1;0;0;0;0,504990;504990;504990;504990;504990,743;829;742;475;902,6;0;7;0;1,-,4;1;1;1;1,-63;-87.9;-90.8;-115.4;-156,-10.4;-21;-17.8;-28.7;-43,21.2;255;255;255;255,2.3,3,2,QPSK,-,100,0,0,0,0.00,0.00,0.00,0.00,0,2,Rank 1,16,48,2,106,-,106,11,25,31,31,256QAM,0,SMDL,0,0,0,0.00,0.00,0.02,0.03,Rank 2,4,16,26,-,2 x 2,HandOver,14833,Free,17,FORMAT_0,230,127,Success,14833,4,-,7,1,-1,-,26,-,1,2,-,-,-,-,-,-,-,-,-,-,-,-,-,Registered,Normal Service,9,269,18,D4A6D4C1,403,19,30kHz,968,-,4,1,-,-,New trans.,0,1,256QAM,219,1,14833,398,14,0,0,Pass,1,QPSK,2,16,2,0,15,30kHz,Re trans.,-,369,
20260725 15:24:33.088,24.830151,102.841396,16.13,1933,3,1,0.00,0.00,,,,,,,1,SA,460,00,中国移动,4456484,6443507725,1573122,13,Normal,-,1,41,100,100,504990,-,743,513000,513000,30kHz,503172,1099,-,ms20,Connected,SA,-0.6,1,2,-60,88,-68.2,-10.4,20.1,6,Not Barred,6,6312,-35.5,504990,743,-81.1;-69.1;-66.1;-78.7,-,20.5;21.8;255;255,30;34.7;255;255,-37.4;-35.5,0;1;6;5;4;0;3,829;475;743;743;743;743;742,-108.5;-153.5;-71.5;-66.2;-69.2;-81.8;-112.7,-26.3;-42.1;-10.5;-10.4;-10.4;-10.8;-23.4,255;255;255;255;255;255;255,1;0;0;0,504990;504990;504990;504990,743;829;742;475,6;0;3;1,-,4;1;1;1,-68.2;-108.5;-112.7;-149,-10.4;-26.3;-23.4;-40.4,20.1;255;255;255,1.5,2,2,QPSK,-,100,0,0,0,0.00,0.00,0.00,0.00,0,1,Rank 1,17,68,4,14,-,14,11,25.4,31,25,256QAM,0,SMDL,0,0,0,0.00,0.00,0.02,0.25,Rank 2,4,136,34,-,2 x 2,HandOver,14833,Free,17,FORMAT_0,230,127,Success,14833,4,-,7,3,-1,-,34,-,1,3,-,-,-,-,-,-,-,-,-,-,-,-,-,Registered,Normal Service,9,269,18,D4A6D4C1,403,19,30kHz,968,-,4,1,-,-,New trans.,0,1,256QAM,219,1,14833,513,16,0,4,Pass,0,QPSK,0,20,1,0,0,30kHz,Re trans.,-,567,
20260725 15:24:34.096,24.830152,102.841353,14.69,1933,3,1,0.00,0.00,,,,,,,1,SA,460,00,中国移动,4456484,6443507725,1573122,13,Normal,-,1,41,100,100,504990,-,743,513000,513000,30kHz,503172,1099,-,ms20,Connected,SA,-0.6,1,2,-60,90,-68.2,-10.4,20.7,6,Not Barred,6,6312,-37.5,504990,743,-74.2;-72.3;-81.7;-86.7,-,19.7;21;255;255,28.6;29.8;255;255,-40.5;-37.5,0;2;6;5;4;7;3,829;475;743;743;743;743;742,-96.1;-105.4;-74.6;-68.7;-72.8;-79.9;-107.4,-19.1;-24.8;-10.5;-10.5;-10.3;-10.6;-23.4,255;255;255;255;255;255;255,1;0;0;0,504990;504990;504990;504990,743;829;475;742,6;0;2;3,-,4;1;1;1,-68.2;-96.1;-105.4;-107.4,-10.4;-19.1;-24.8;-23.4,20.7;255;255;255,1.5,2,2,QPSK,-,100,0,0,0,0.00,0.00,0.00,0.00,0,1,Rank 1,17,68,4,14,-,14,11,25.4,31,25,256QAM,0,SMDL,0,0,0,0.00,0.00,0.02,0.00,Rank 2,4,0,34,-,2 x 2,HandOver,14833,Free,17,FORMAT_0,230,127,Success,14833,4,-,8,6,-1,-,34,-,1,3,-,-,-,-,-,-,-,-,-,-,-,-,-,Registered,Normal Service,9,269,18,D4A6D4C1,588,8,30kHz,992,-,4,1,-,-,New trans.,0,0,256QAM,223,0,14833,577,16,0,4,Pass,0,QPSK,0,20,1,0,0,30kHz,Re trans.,-,567,
20260725 15:24:35.107,24.830155,102.841315,13.36,1933,3,1,0.00,0.00,,,,,,,1,SA,460,00,中国移动,4456484,6443507725,1573122,13,Normal,-,1,41,100,100,504990,-,743,513000,513000,30kHz,503172,1099,-,ms20,Connected,SA,-0.6,0,2,-60,91,-71.9,-10.6,14,5,Not Barred,6,6312,-40.3,504990,743,-75.4;-75.5;-80.7;-75.9,-,20.8;14.4;26.2;2.4,25.4;28.7;255;255,-40.3;-44.8,0;7;5;6;4;7,829;742;743;743;743;743,-92.9;-95.1;-72.8;-72.4;-80.5;-82.8,-14.8;-19.7;-10.6;-10.5;-10.6;-11.4,255;255;255;255;255;255,1;0;0,504990;504990;504990,743;742;829,5;7;0,-,4;1;1,-71.9;-90.4;-93.6,-10.6;-17.5;-15.3,14;255;255,1.5,2,2,QPSK,-,100,0,0,0,0.00,0.00,0.00,0.00,0,1,Rank 1,17,68,2,106,-,106,10,25,25,25,256QAM,0,SMDL,0,0,0,0.00,0.00,0.00,0.02,Rank 2,4,12,3,-,2 x 2,HandOver,14833,Free,17,FORMAT_0,230,127,Success,14833,4,-,8,9,-1,-,3,-,2,3,-,-,-,-,-,-,-,-,-,-,-,-,-,Registered,Normal Service,9,269,18,D4A6D4C1,708,18,30kHz,992,-,4,1,-,-,-,0,0,256QAM,211,1,14833,666,3,0,0,Pass,0,QPSK,2,16,2,0,15,30kHz,Re trans.,-,567,
20260725 15:24:36.114,24.830160,102.841278,12.92,1933,3,1,0.00,0.00,,,,,,,1,SA,460,00,中国移动,4456484,6443507725,1573122,13,Normal,-,1,41,100,100,504990,-,743,513000,513000,30kHz,503172,1099,-,ms20,Connected,SA,-0.6,1,2,-60,89,-72.6,-10.5,24.1,5,Not Barred,6,6312,-34.8,504990,743,-72.5;-72;-80.3;-75.3,-,9.7;24.9;255;255,23.6;28.2;255;255,-36.9;-54;-43.1;-34.8,0;7;5;6;4;7,829;742;743;743;743;743,-91.1;-94;-71.8;-73.5;-79.8;-80.4,-13.3;-17.9;-10.3;-10.8;-10.5;-11.3,255;255;255;255;255;255,1;0;0,504990;504990;504990,743;829;742,5;0;7,-,4;1;1,-72.6;-91.8;-95.2,-10.5;-13.6;-18.1,24.1;255;255,4.9,29,2,QPSK,-,77.8,22.2,0,0,0.00,0.00,0.01,0.01,9.1,1,Rank 1,18,168,11,106,-,106,9,24.6,31,24,256QAM,0,SMDL,0,0,0,0.00,0.00,0.00,0.40,Rank 2,4,224,57,-,4 x 4,HandOver,14833,Free,17,FORMAT_0,230,127,Success,14833,4,-,7,7,-1,-,57,-,1,10,-,-,-,-,-,-,-,-,-,-,-,-,-,Registered,Normal Service,9,269,18,D4A6D4C1,808,18,30kHz,848,-,4,1,-,-,New trans.,0,0,256QAM,223,1,14833,804,0,0,0,Pass,0,QPSK,2,16,2,0,15,30kHz,Re trans.,-,1203,
20260725 15:24:37.123,24.830161,102.841238,15.44,1933,3,1,0.00,0.00,,,,,,,1,SA,460,00,中国移动,4456484,6443507725,1573122,13,Normal,-,1,41,100,100,504990,-,743,513000,513000,30kHz,503172,1099,-,ms20,Connected,SA,-0.6,0,2,-60,93,-75.3,-10.5,18.9,5,Not Barred,6,6312,-36.3,504990,743,-73.7;-75;-76.6;-83.2,-,19.6;26.3;23.2;21.3,23.2;26.3;25.6;24.1,-42.6;-48.8;-37.1;-36.3,0;7;5;6;4;3;2;1;1,829;742;743;743;743;743;863;475;8,-96.6;-103.9;-74.3;-80.2;-82.4;-93.1;-153.8;-98.3;-100.7,-16.7;-22.5;-10.5;-10.4;-10.7;-12;-42;-18.4;-19.8,255;255;255;255;255;255;255;255;255,1;0;0;0;0;0,504990;504990;504990;504990;504990;504990,743;829;742;475;8;863,5;0;7;1;1;2,-,4;1;1;1;1;1,-75.3;-97.4;-98.9;-99.4;-99.9;-153.8,-10.5;-17.4;-19.8;-19.7;-19;-42,18.9;255;255;255;255;255,4.9,29,2,QPSK,-,77.8,22.2,0,0,0.00,0.00,0.00,0.00,0,1,Rank 1,18,168,11,69,-,69,10,21.9,24,22,256QAM,0,SMDL,0,0,0,0.00,0.00,0.03,0.19,Rank 2,4,120,57,-,4 x 4,HandOver,14833,Free,17,FORMAT_0,230,127,Success,14833,4,-,8,7,-1,-,57,-,1,10,-,-,-,-,-,-,-,-,-,-,-,-,-,Registered,Normal Service,9,269,18,D4A6D4C1,886,8,30kHz,944,-,4,1,-,-,New trans.,0,0,256QAM,223,0,14833,818,11,0,0,Pass,0,QPSK,0,16,1,0,15,30kHz,Re trans.,-,1203,
20260725 15:24:38.129,24.830159,102.841187,17.96,1933,3,1,0.00,0.00,,,,,,,1,SA,460,00,中国移动,4456484,6443507725,1573122,13,Normal,-,1,41,100,100,504990,-,743,513000,513000,30kHz,503172,1099,-,ms20,Connected,SA,-0.6,-1,2,-60,93,-74.5,-10.5,17.2,5,Not Barred,6,6312,-39.6,504990,743,-73.9;-74.1;-76.6;-81.4,-,14.9;17.5;255;255,23.2;24.5;255;255,-39.6;-40.3,0;7;5;6;4;7;3;2;2;7;3;1,829;742;743;743;743;743;863;475;8;489;843;126,-97.6;-99.4;-73.9;-81.8;-88.7;-87.5;-106.7;-103.8;-101.4;-134.8;-93.1;-99.6,-16.8;-19.7;-10.5;-10.8;-11.4;-11.6;-23;-21.6;-20.1;-34.2;-14.5;-17,255;255;255;255;255;255;255;255;255;255;255;255,1;0;0;0;0;0;0;0;0,504990;504990;504990;504990;504990;504990;504990;504990;504990,743;843;742;829;126;8;475;863;489,5;3;7;0;1;2;2;3;7,-,4;1;1;1;1;1;1;1;1,-74.5;-93.1;-96.1;-96.3;-99.6;-101.4;-102.8;-106.2;-134.8,-10.5;-14.5;-17.4;-16.4;-17;-20.3;-21.3;-22.6;-34.2,17.2;255;255;255;255;255;255;255;255,0.5,2,0,QPSK,-,100,0,0,0,0.00,0.00,0.00,0.00,0,2,Rank 1,16,164,5,106,-,106,10,24,24,24,256QAM,0,SMDL,0,0,0,0.00,0.00,0.01,0.01,Rank 2,4,4,32,-,2 x 2,HandOver,14833,Free,17,FORMAT_0,230,127,Success,14833,4,-,7,6,-1,-,32,-,1,5,-,-,-,-,-,-,-,-,-,-,-,-,-,Registered,Normal Service,9,269,18,D4A6D4C1,1001,9,30kHz,768,-,4,1,-,-,New trans.,0,0,256QAM,211,1,14833,996,10,0,0,Pass,1,QPSK,2,16,2,0,15,30kHz,Re trans.,-,751,
20260725 15:24:39.136,24.830153,102.841141,18.76,1933,3,1,0.00,0.00,,,,,,,1,SA,460,00,中国移动,4456484,6443507725,1573122,13,Normal,-,1,41,100,100,504990,-,743,513000,513000,30kHz,503172,1099,-,ms20,Connected,SA,-0.6,0,2,-60,90,-71.5,-10.4,24.3,5,Not Barred,6,6312,-30.8,504990,743,-71.3;-80.4;-74.3;-71.8,-,9.3;14.3;22.9;16.9,26.9;27;28.7;26.6,-34.3;-39;-45.5;-30.8,1;7;5;7;6;4;3;2;1;7;2;1,829;742;743;743;743;743;863;475;8;489;843;126,-94.9;-93.6;-71.5;-86.6;-84.6;-86.7;-107;-111.9;-139.2;-114.8;-90.2;-110.7,-16.8;-17.4;-10.4;-12.5;-11.4;-11.1;-23.4;-27.3;-36.4;-27.2;-13.5;-24.2,255;255;255;255;255;255;255;255;255;255;255;255,1;0;0;0;0;0;0;0;0,504990;504990;504990;504990;504990;504990;504990;504990;504990,743;843;742;829;489;475;863;126;8,5;2;7;1;7;2;3;1;1,-,4;1;1;1;1;1;1;1;1,-71.5;-90.5;-95.4;-95.4;-96.4;-100.8;-106.5;-110.7;-141.1,-10.4;-14;-18.9;-17.4;-20;-22.1;-23.5;-24.2;-37,24.3;255;255;255;255;255;255;255;255,3.7,16,2,QPSK,-,85.7,7.1,7.1,0,0.06,0.06,0.09,0.10,0,3,Rank 3,26,369,14,92,-,92,13,22.6,31,22,256QAM,0,SMDL,0,0,8.2,0.04,0.04,0.06,0.48,Rank 2,4,304,73,-,4 x 4,HandOver,14833,Free,17,FORMAT_0,230,127,Success,14833,4,-,7,3,-1,-,73,-,1,14,-,-,-,-,-,-,-,-,-,-,-,-,-,Registered,Normal Service,9,269,18,D4A6D4C1,83,18,30kHz,800,-,4,1,-,-,New trans.,0,0,256QAM,219,1,14833,78,12,0,0,Pass,1,QPSK,1,16,3,0,15,30kHz,Re trans.,-,11873,
20260725 15:24:40.148,24.830145,102.841090,18.79,1933,3,1,0.00,0.00,,,,,,,1,SA,460,00,中国移动,4456484,6443507725,1573122,13,Normal,-,1,41,100,100,504990,-,743,513000,513000,30kHz,503172,1099,-,ms20,Connected,SA,-0.6,0,2,-60,91,-72.6,-10.5,19.9,5,Not Barred,6,6312,-34.8,504990,743,-82.4;-77;-73.8;-79.5,-,19.6;18;13.8;26.5,26.1;27;24;30.2,-34.8;-36.4;-40.8;-40.3,0;7;5;6;4;7;2;2;2;7;7;1;0,829;742;743;743;743;743;863;475;8;489;843;126;708,-97.1;-91.7;-72.5;-81.8;-86.9;-90.2;-100.3;-155.9;-117.4;-115.9;-87.6;-135;-96.3,-19.3;-17.8;-10.5;-11.3;-11.3;-13.2;-22.9;-43;-28.3;-29.3;-13.7;-34.3;-18.4,255;255;255;255;255;255;255;255;255;255;255;255;255,1;0;0;0;0;0;0;0;0;0,504990;504990;504990;504990;504990;504990;504990;504990;504990;504990,743;843;742;708;489;829;8;863;126;475,5;7;7;0;7;0;2;2;1;2,-,4;1;1;1;1;1;1;1;1;1,-72.6;-87.1;-92.7;-96.3;-96.4;-96.8;-99.4;-100.1;-135;-151.2,-10.5;-13.1;-18;-18.4;-21.2;-19.9;-21.5;-23;-34.3;-41.2,19.9;255;255;255;255;255;255;255;255;255,12,28,28,QPSK,-,100,0,0,0,0.00,0.00,0.00,0.00,50,3,Rank 1,22,112,4,92,-,92,10,23.6,31,21,256QAM,0,SMDL,0,0,7.7,0.00,0.00,0.04,0.16,Rank 2,4,104,26,-,4 x 4,HandOver,14833,Free,17,FORMAT_0,230,127,Success,14833,4,-,7,6,-1,-,26,-,1,4,-,-,-,-,-,-,-,-,-,-,-,-,-,Registered,Normal Service,9,269,18,D4A6D4C1,183,19,30kHz,944,-,4,1,-,-,New trans.,0,0,256QAM,191,1,14833,195,15,0,4,Pass,0,QPSK,0,28,1,0,0,30kHz,Re trans.,-,513,
20260725 15:24:41.155,24.830135,102.841040,19.33,1933,3,1,0.00,0.00,,,,,,,1,SA,460,00,中国移动,4456484,6443507725,1573122,13,Normal,-,1,41,100,100,504990,-,743,513000,513000,30kHz,503172,1099,-,ms20,Connected,SA,-0.6,-1,2,-60,89,-70,-10.5,18.4,5,Not Barred,6,6312,-30.1,504990,743,-68.4;-75;-64.4;-71.8,-,22.2;13.5;255;255,26.9;26.3;255;255,-38.1;-30.1,0;7;5;6;4;7;3;7;1;2;2,829;742;743;743;743;743;863;843;126;489;929,-102.2;-91.6;-69.4;-76.5;-81.4;-84.6;-94.8;-90.8;-93;-114.1;-94.6,-23;-16.9;-10.4;-10.9;-11.2;-12.2;-21.9;-16.9;-17.5;-28.1;-14.6,255;255;255;255;255;255;255;255;255;255;255,1;0;0;0;0;0;0;0,504990;504990;504990;504990;504990;504990;504990;504990,743;843;742;126;863;929;829;489,5;7;7;1;3;2;0;2,-,4;1;1;1;1;1;1;1,-70;-86;-93.4;-93.9;-94.1;-94.6;-102.2;-114,-10.5;-14;-18.5;-18.2;-21.6;-14.6;-23;-28.1,18.4;255;255;255;255;255;255;255,12,28,28,QPSK,-,100,0,0,0,0.00,0.00,0.00,0.00,0,3,Rank 1,22,112,4,69,-,69,10,23.1,24,24,256QAM,0,SMDL,0,0,0,0.00,0.00,0.04,0.15,Rank 2,4,88,36,-,4 x 4,HandOver,14833,Free,17,FORMAT_0,230,127,Success,14833,4,-,5,4,-1,-,36,-,1,3,-,-,-,-,-,-,-,-,-,-,-,-,-,Registered,Normal Service,9,269,18,D4A6D4C1,290,18,30kHz,944,-,4,1,-,-,New trans.,0,0,256QAM,227,1,14833,227,13,0,0,Pass,0,QPSK,0,16,1,0,15,30kHz,Re trans.,-,513,
20260725 15:24:42.166,24.830123,102.840994,17.50,1932,3,1,0.00,0.00,,,,,,,1,SA,460,00,中国移动,4456484,6443507725,1573122,13,Normal,-,1,41,100,100,504990,-,743,513000,513000,30kHz,503172,1099,-,ms20,Connected,SA,-0.7,-1,2,-60,83,-64.9,-10.4,25.2,5,Not Barred,6,6312,-28.5,504990,743,-65.6;-64.1;-71.9;-70.8,-,19.8;21.9;255;255,28.2;31.6;255;255,-34.1;-28.5,2;7;5;6;4;7;2;6;0,489;742;743;743;743;743;929;843;126,-114.1;-91.8;-64.9;-73.6;-76.5;-80.1;-98.2;-111.1;-135.5,-28.1;-20.1;-10.4;-10.4;-10.6;-11.2;-23;-29.5;-35.2,255;255;255;255;255;255;255;255;255,1;0;0;0;0;0,504990;504990;504990;504990;504990;504990,743;843;742;929;489;126,5;6;7;2;2;0,-,4;1;1;1;1;1,-64.9;-91.3;-92.3;-98;-114.1;-134.7,-10.4;-19.5;-19.9;-22.9;-28.1;-34.8,25.2;255;255;255;255;255,0,0,0,QPSK,-,100,0,0,0,0.00,0.00,0.00,0.00,0,1,Rank 1,20,60,4,106,-,106,10,24.3,31,23,256QAM,0,SMDL,0,0,0,0.00,0.00,0.01,0.11,Rank 2,4,64,36,-,2 x 2,HandOver,14833,Free,17,FORMAT_0,230,127,Success,14833,4,-,4,-1,-1,-,36,-,1,3,-,-,-,-,-,-,-,-,-,-,-,-,-,Registered,Normal Service,9,269,18,D4A6D4C1,386,18,30kHz,992,-,4,1,-,-,New trans.,0,0,256QAM,207,1,14833,380,0,0,0,Pass,1,QPSK,2,16,2,0,15,30kHz,Re trans.,-,157,
20260725 15:24:43.176,24.830114,102.840947,17.24,1932,3,1,0.00,0.00,,,,,,,1,SA,460,00,中国移动,4456484,6443507725,1573122,13,Normal,-,1,41,100,100,504990,-,743,513000,513000,30kHz,503172,1099,-,ms20,Connected,SA,-0.7,-1,2,-60,85,-73.1,-10.5,18.1,5,Not Barred,6,6312,-38.3,504990,743,-85.5;-74.4;-77.5;-83.3,-,18.2;24;255;255,25.4;23.5;255;255,-42.5;-38.3,1;0;5;6;7;4;1;7,126;742;743;743;743;743;929;843,-117.6;-100.2;-73;-81.6;-87.9;-87.1;-113.9;-97.4,-26.5;-19;-10.4;-10.8;-12;-11.3;-26;-18.7,255;255;255;255;255;255;255;255,1;0;0;0;0,504990;504990;504990;504990;504990,743;843;742;929;126,5;7;0;1;1,-,4;1;1;1;1,-73.1;-98.2;-100.3;-114.5;-116,-10.5;-19.2;-20.3;-26.3;-25.8,18.1;255;255;255;255,0,0,0,QPSK,-,100,0,0,0,0.00,0.00,0.00,0.00,0,1,Rank 1,20,60,3,106,-,106,9,24.4,31,25,256QAM,0,SMDL,0,0,0,0.00,0.00,0.01,0.21,Rank 2,4,116,31,-,2 x 2,HandOver,14833,Free,17,FORMAT_0,230,127,Success,14833,4,-,6,7,-1,-,31,-,1,3,-,-,-,-,-,-,-,-,-,-,-,-,-,Registered,Normal Service,9,269,18,D4A6D4C1,431,8,30kHz,800,-,4,1,-,-,New trans.,0,0,256QAM,195,1,14833,380,0,0,0,Pass,1,QPSK,2,16,2,0,15,30kHz,Re trans.,-,157,
20260725 15:24:44.188,24.830107,102.840897,19.04,1932,3,1,0.00,0.00,,,,,,,1,SA,460,00,中国移动,4456484,6443507725,1573122,13,Normal,-,1,41,100,100,504990,-,743,513000,513000,30kHz,503172,1099,-,ms20,Connected,SA,-0.7,-3,2,-60,95,-75.9,-10.5,18.7,5,Not Barred,6,6312,-37.5,504990,743,-75.2;-85;-78.3;-85.6,-,19.7;13.9;255;255,22.9;17.4;255;255,-37.5;-39.5,0;7;5;6;4;7;2;3;2,126;742;743;743;743;743;929;843;489,-99.8;-97.4;-75.7;-85;-88.6;-91.9;-101;-98.6;-97.4,-18.2;-17.1;-10.5;-11;-11.9;-12.7;-20;-16.6;-16.4,255;255;255;255;255;255;255;255;255,1;0;0;0;0;0,504990;504990;504990;504990;504990;504990,743;489;742;843;126;929,5;2;7;3;0;2,-,4;1;1;1;1;1,-75.9;-97.4;-98.6;-100;-100.4;-101.3,-10.5;-16.4;-17.9;-18;-18.6;-20.3,18.7;255;255;255;255;255,1.3,2,2,QPSK,-,100,0,0,0,0.00,0.00,0.00,0.00,0,1,Rank 1,16,48,3,26,-,26,9,21,21,21,256QAM,0,SMDL,0,0,0,0.00,0.00,0.01,0.01,Rank 2,4,4,31,-,2 x 2,HandOver,14833,Free,17,FORMAT_0,230,127,Success,14833,4,-,8,9,-1,-,31,-,1,3,-,-,-,-,-,-,-,-,-,-,-,-,-,Registered,Normal Service,9,269,18,D4A6D4C1,595,8,30kHz,656,-,4,1,-,-,New trans.,0,0,64QAM,195,0,14833,526,7,0,0,Pass,0,QPSK,0,16,1,0,15,30kHz,Re trans.,-,238,
20260725 15:24:45.201,24.830098,102.840845,18.86,1932,3,1,0.00,0.00,,,,,,,1,SA,460,00,中国移动,4456484,6443507725,1573122,13,Normal,-,1,41,100,100,504990,-,743,513000,513000,30kHz,503172,1099,-,ms20,Connected,SA,-0.7,-4,2,-60,95,-76.5,-10.5,18.7,5,Not Barred,6,6312,-44,504990,743,-73.7;-79;-85.4;-83.3,-,11.9;3.1;255;255,21.7;18.3;255;255,-44;-46,1;4;5;6;4;3;0;2;3;0;4,126;742;743;743;743;743;929;843;489;475;491,-139.8;-96.6;-76.5;-87.2;-91.3;-96.3;-97.3;-100.7;-94.5;-98.2;-155.7,-36.6;-17.3;-10.5;-11.2;-12.5;-15.9;-15.7;-19.4;-13.5;-17;-42.9,255;255;255;255;255;255;255;255;255;255;255,1;0;0;0;0;0;0;0,504990;504990;504990;504990;504990;504990;504990;504990,743;489;742;929;475;843;126;491,5;3;4;0;0;2;1;4,-,4;1;1;1;1;1;1;1,-76.5;-95;-96.5;-97.5;-98.9;-101.8;-137.6;-155.7,-10.5;-14.4;-16.3;-16.3;-17.5;-20.4;-35.8;-42.9,18.7;255;255;255;255;255;255;255,1.3,2,2,QPSK,-,100,0,0,0,0.00,0.00,0.00,0.00,0,1,Rank 1,16,48,3,26,-,26,9,22.6,31,23,256QAM,0,SMDL,0,0,7.1,0.00,0.00,0.01,0.09,Rank 2,4,56,31,-,2 x 2,HandOver,14833,Free,17,FORMAT_0,230,127,Success,14833,4,-,8,11,-1,-,31,-,1,3,-,-,-,-,-,-,-,-,-,-,-,-,-,Registered,Normal Service,9,269,18,D4A6D4C1,595,8,30kHz,656,-,4,1,-,-,New trans.,0,0,64QAM,195,0,14833,526,7,0,0,Pass,0,QPSK,0,16,1,0,15,30kHz,Re trans.,-,238,
20260725 15:24:46.215,24.830085,102.840795,18.94,1932,3,1,0.00,0.00,,,,,,,1,SA,460,00,中国移动,4456484,6443507725,1573122,13,Normal,-,1,41,100,100,504990,-,743,513000,513000,30kHz,503172,1099,-,ms20,Connected,SA,-0.7,-2,2,-60,99,-79.6,-10.7,18.4,5,Not Barred,6,6312,-41.5,504990,743,-74.1;-84.3;-82.4;-97.4,-,19.8;-3.1;13.9;10.1,19;12.7;255;255,-44.5;-41.5,1;7;5;6;4;7;3;6;1;7;3,126;742;743;743;743;743;929;843;489;475;127,-98.7;-98.3;-79.5;-91.2;-96.8;-98.8;-94.6;-107.1;-90.7;-98.2;-97.4,-19;-16.8;-10.7;-12.3;-16;-17.1;-15.6;-22.5;-12.3;-16.6;-18.2,255;255;255;255;255;255;255;255;255;255;255,1;0;0;0;0;0;0;0,504990;504990;504990;504990;504990;504990;504990;504990,743;489;929;127;126;475;742;843,5;1;3;3;1;7;7;6,-,4;1;1;1;1;1;1;1,-79.6;-90.1;-95.6;-98.4;-98.7;-99.2;-99.4;-100.2,-10.7;-12.3;-16.3;-18.5;-19;-17.3;-17.7;-19.8,18.4;255;255;255;255;255;255;255,1.3,2,2,QPSK,-,100,0,0,0,0.00,0.00,0.00,0.00,0,1,Rank 1,16,48,1,106,-,106,9,22.6,31,23,256QAM,0,SMDL,0,0,7.1,0.00,0.00,0.00,0.00,Rank 2,4,0,15,-,2 x 2,HandOver,14833,Free,17,FORMAT_0,230,127,Success,14833,4,-,11,16,-1,-,15,-,1,1,-,-,-,-,-,-,-,-,-,-,-,-,-,Registered,Normal Service,9,269,18,D4A6D4C1,783,18,30kHz,688,-,4,1,-,-,New trans.,0,0,64QAM,203,1,14833,778,11,0,0,Pass,0,QPSK,2,16,2,0,15,30kHz,Re trans.,-,238,
20260725 15:24:47.222,24.830073,102.840744,19.26,1932,3,1,0.00,0.00,,,,,,,1,SA,460,00,中国移动,4456484,6443507725,1573122,13,Normal,-,1,41,100,100,504990,-,743,513000,513000,30kHz,503172,1099,-,ms20,Connected,SA,-0.7,-4,2,-60,99,-80.9,-10.6,14.7,5,Not Barred,6,6312,-45.3,504990,743,-76.2;-78.2;-87;-86.3,-,14.9;11.3;255;255,17.8;13.6;255;255,-45.8;-45.3,1;7;5;6;4;3;7;2;3;7;1;1,889;742;743;743;743;743;929;491;489;475;127;877,-102.4;-102.7;-80.8;-94.3;-96.7;-99.3;-112.4;-125.3;-88.9;-97.9;-95.5;-99.7,-19.3;-17.6;-10.6;-12.8;-16.7;-20.1;-23.3;-31.1;-11.7;-14.9;-14.4;-16.9,255;255;255;255;255;255;255;255;255;255;255;255,1;0;0;0;0;0;0;0;0,504990;504990;504990;504990;504990;504990;504990;504990;504990,743;489;127;475;877;889;742;929;491,5;3;1;7;1;1;7;7;2,-,4;1;1;1;1;1;1;1;1,-80.9;-90.2;-95.3;-98.3;-99.7;-100.7;-103.7;-105.5;-125.3,-10.6;-12;-15.5;-16.3;-16.9;-18.8;-18.5;-21.1;-31.1,14.7;255;255;255;255;255;255;255;255,1.3,2,2,QPSK,-,100,0,0,0,0.00,0.00,0.01,0.01,0,1,Rank 1,16,48,11,69,-,69,8,17.8,30,17,64QAM,0,SMDL,0,0,100,0.00,0.00,0.00,0.39,Rank 2,4,308,98,-,2 x 2,HandOver,14833,Free,17,FORMAT_0,230,127,Success,14833,4,-,10,16,-1,-,98,-,1,10,-,-,-,-,-,-,-,-,-,-,-,-,-,Registered,Normal Service,9,269,18,D4A6D4C1,882,18,30kHz,512,-,4,1,-,-,New trans.,0,0,64QAM,219,2,14833,822,3,0,0,Pass,0,QPSK,0,16,1,0,15,30kHz,Re trans.,-,238,
20260725 15:24:48.231,24.830063,102.840692,19.73,1932,3,1,0.00,0.00,,,,,,,1,SA,460,00,中国移动,4456484,6443507725,1573122,13,Normal,-,1,41,100,100,504990,-,743,513000,513000,30kHz,503172,1099,-,ms20,Connected,SA,-0.7,-2,2,-60,102,-83.8,-11.1,9.7,5,Not Barred,6,6312,-46.6,504990,743,-85.3;-83.3;-88.6;-92.4,-,7.4;8.7;255;255,12.6;10.7;255;255,-48.4;-46.6,0;7;5;6;7;4;7;2;3;6,889;742;743;743;743;743;475;127;489;990,-95.1;-100.6;-83.7;-93.6;-100.4;-96.3;-96.8;-97.7;-88;-122.6,-14.6;-17.9;-11.1;-15.5;-17.4;-18.1;-13.9;-16.8;-11.7;-28.1,255;255;255;255;255;255;255;255;255;255,1;0;0;0;0;0;0,504990;504990;504990;504990;504990;504990;504990,743;489;127;889;475;742;990,5;3;2;0;7;7;6,-,4;1;1;1;1;1;1,-83.8;-89.4;-93.2;-94.2;-97.3;-100.7;-122.6,-11.1;-12.4;-14.6;-14.5;-15.8;-17.9;-28.1,9.7;255;255;255;255;255;255,1.4,7,0,QPSK,-,91.7,8.3,0,0,0.00,0.00,0.00,0.00,0,1,Rank 1,16,200,3,69,-,69,7,17.3,30,14,64QAM,0,SMDL,0,0,100,0.00,0.00,0.02,0.11,Rank 2,4,92,28,-,2 x 2,HandOver,14833,Free,17,FORMAT_0,230,127,Success,14833,4,-,12,21,-1,-,28,-,1,2,-,-,-,-,-,-,-,-,-,-,-,-,-,Registered,Normal Service,9,269,18,D4A6D4C1,998,9,30kHz,608,-,4,1,-,-,New trans.,0,0,64QAM,229,1,14833,992,13,0,0,Pass,1,QPSK,0,16,1,0,15,30kHz,Re trans.,-,1175,
20260725 15:24:49.242,24.830052,102.840637,20.05,1932,3,1,0.00,0.00,,,,,,,1,SA,460,00,中国移动,4456484,6443507725,1573122,13,Normal,-,1,41,100,100,504990,-,743,513000,513000,30kHz,503172,1099,-,ms20,Connected,SA,-0.7,-2,2,-60,97,-78.4,-10.7,13.9,5,Not Barred,6,6312,-42.8,504990,743,-80.2;-78.1;-84.2;-88.6,-,12.8;13.4;5.1;14.7,11.8;10.7;255;255,-44.4;-42.8,0;7;5;6;7;4;0;1;4;6;7,889;742;743;743;743;743;475;127;489;990;843,-101.9;-115.5;-78.4;-92.6;-110;-110.6;-100.4;-88.3;-85.7;-121;-102.9,-18.4;-25.6;-10.6;-12.9;-22.4;-24.8;-20.2;-12.3;-11.2;-28.3;-20.7,255;255;255;255;255;255;255;255;255;255;255,1;0;0;0;0;0;0;0,504990;504990;504990;504990;504990;504990;504990;504990,743;489;127;889;475;843;742;990,5;4;1;0;0;7;7;6,-,4;1;1;1;1;1;1;1,-78.4;-86;-89.1;-95;-98.9;-102.9;-115.5;-116.6,-10.7;-11.3;-13.3;-15.4;-17.7;-20.7;-25.6;-26.8,13.9;255;255;255;255;255;255;255,0.5,3,0,QPSK,-,100,0,0,0,0.00,0.00,0.00,0.00,0,2,Rank 1,16,96,6,69,-,69,7,17.2,30,14,64QAM,0,SMDL,0,0,100,0.00,0.00,0.03,0.17,Rank 2,4,152,50,-,2 x 2,HandOver,14833,Free,17,FORMAT_0,230,127,Success,14833,4,-,12,15,-1,-,50,-,1,6,-,-,-,-,-,-,-,-,-,-,-,-,-,Registered,Normal Service,9,269,18,D4A6D4C1,76,18,30kHz,608,-,4,1,-,-,New trans.,0,0,64QAM,203,1,14833,72,13,0,0,Pass,0,QPSK,0,16,1,0,15,30kHz,Re trans.,-,502,
20260725 15:24:50.257,24.830044,102.840587,18.04,1931,3,1,0.00,0.00,,,,,,,1,SA,460,00,中国移动,4456484,6443507725,1573122,13,Normal,-,1,41,100,100,504990,-,743,513000,513000,30kHz,503172,1099,-,ms20,Connected,SA,-0.7,-4,2,-60,101,-83.8,-11.6,4.4,5,Not Barred,6,6312,-50.1,504990,743,-90.8;-91.3;-89.3;-91,-,6.7;-1.3;255;255,12.5;5.5;255;255,-50.1;-52.5,0;7;5;6;7;7;0;3;7;6;6;1,889;742;743;743;743;475;127;489;490;843;491;37,-118.7;-99.6;-83.8;-96.2;-116;-101.3;-96.2;-84.2;-99.1;-119.7;-135.2;-97.8,-27.5;-17.5;-11.6;-14.6;-25.9;-17.4;-17.8;-10.6;-16.1;-27.8;-34.4;-14.7,255;255;255;255;255;255;255;255;255;255;255;255,1;0;0;0;0;0;0;0;0;0,504990;504990;504990;504990;504990;504990;504990;504990;504990;504990,743;489;127;37;490;742;475;843;889;491,5;3;0;1;7;7;7;6;0;6,-,3;1;1;1;1;1;1;1;1;1,-83.8;-85.2;-95.7;-97.8;-99.1;-99.6;-102.3;-106.5;-111.6;-115.7,-11.6;-10.9;-17.6;-14.7;-16.1;-17.5;-18.2;-21.9;-24.3;-24.9,4.4;255;255;255;255;255;255;255;255;255,3.8,28,2,QPSK,-,100,0,0,0,0.00,0.00,0.01,0.01,12.5,2,Rank 1,17,176,6,69,-,69,8,17,30,16,64QAM,0,SMDL,0,0,100,0.00,0.00,0.01,0.28,Rank 2,4,236,50,-,2 x 2,HandOver,14833,Free,17,FORMAT_0,230,127,Success,14833,4,-,16,18,-1,-,50,-,1,6,-,-,-,-,-,-,-,-,-,-,-,-,-,Registered,Normal Service,9,269,18,D4A6D4C1,162,18,30kHz,688,-,4,1,-,-,New trans.,0,0,64QAM,211,1,14833,157,4,0,0,Pass,0,QPSK,0,16,1,0,15,30kHz,Re trans.,-,1214,
20260725 15:24:51.269,24.830034,102.840539,18.07,1931,3,1,0.00,0.00,,,,,,,1,SA,460,00,中国移动,4456484,6443507725,1573122,13,Normal,-,1,41,100,100,504990,-,489,513000,513000,30kHz,503172,1099,-,ms20,Connected,SA,-0.7,1,5,-60,109,-87.4,-10.9,18.4,3,Not Barred,6,6312,-44.3,504990,489,-83.1;-89.1;-101.1;-81.3,-,12.7;11.9;12.1;19.6,21.7;17;255;255,-52;-51.8;-61.3;-44.3,1;7;5;7;2;3;4;2;1;7,37;742;743;475;491;489;489;489;489;490,-101.8;-114.4;-92;-115.1;-123.9;-85.9;-88.1;-87.7;-93.8;-105,-19.5;-24.1;-12.6;-23.4;-30.1;-10.6;-10.8;-11;-12.6;-17.7,255;255;255;255;255;255;255;255;255;255,1;0;0;0;0;0;0,504990;504990;504990;504990;504990;504990;504990,489;743;37;490;742;475;491,3;5;1;7;7;7;2,-,4;1;1;1;1;1;1,-87.4;-92.5;-101.8;-105;-114.4;-115.1;-123.9,-10.9;-12.8;-19.5;-17.7;-24.1;-23.4;-30,18.4;255;255;255;255;255;255,1.9,28,0,QPSK,-,100,0,0,0,0.00,0.00,0.01,0.01,0,1,Rank 1,20,420,9,69,-,69,10,18.5,30,19,64QAM,0,SMDL,0,0,71,0.00,0.00,0.01,0.33,Rank 2,4,248,75,-,2 x 2,HandOver,23443,Free,17,FORMAT_0,304,57,Success,23443,2,-,8,12,4,-,75,-,1,9,-,-,-,-,-,-,-,-,-,-,-,-,-,Registered,Normal Service,9,269,18,D4A6D4C1,280,19,30kHz,944,-,4,1,-,-,New trans.,0,1,256QAM,40,0,23443,281,3,0,0,Pass,1,QPSK,0,16,1,0,15,30kHz,Re trans.,-,3081,
20260725 15:24:52.283,24.830024,102.840492,17.06,1931,3,1,0.00,0.00,,,,,,,1,SA,460,00,中国移动,4456484,6443507725,1573122,13,Normal,-,1,41,100,100,504990,-,489,513000,513000,30kHz,503172,1099,-,ms20,Connected,SA,-0.7,1,5,-60,106,-84,-10.6,23.8,3,Not Barred,6,6312,-45.1,504990,489,-80;-80.8;-97.9;-74.6,-,12;8.2;-1.3;16.3,21.2;19.7;19.6;19.4,-54.4;-54.5;-66.4;-45.1,1;1;5;7;6;3;2;4;1;7,37;877;743;475;491;489;489;489;489;490,-101.8;-99;-89.6;-108.9;-126.8;-83.2;-83.1;-85.9;-91.5;-108,-18.7;-18.3;-12.2;-21;-30.2;-10.4;-10.6;-10.8;-12.3;-20.3,255;255;255;255;255;255;255;255;255;255,1;0;0;0;0;0;0,504990;504990;504990;504990;504990;504990;504990,489;743;877;475;37;490;491,3;5;1;7;1;7;6,-,4;1;1;1;1;1;1,-84;-90.6;-99;-101.8;-101.8;-108;-123.9,-10.6;-12.7;-18.3;-18.3;-18.7;-20.3;-29.6,23.8;255;255;255;255;255;255,4.1,28,0,QPSK,-,100,0,0,0,0.00,0.00,0.03,0.03,3.6,1,Rank 2,25,388,28,69,-,69,10,24.1,31,25,256QAM,0,SMDL,2.1,0,6.3,0.00,0.00,0.11,0.65,Rank 2,4,394,94,-,4 x 4,HandOver,23443,Free,17,FORMAT_0,304,57,Success,23443,2,-,8,11,4,-,94,-,6,22,-,-,-,-,-,-,-,-,-,-,-,-,-,Registered,Normal Service,9,269,18,D4A6D4C1,375,9,30kHz,768,-,4,1,-,-,New trans.,0,0,256QAM,40,1,23443,367,13,0,0,Pass,1,QPSK,0,16,1,0,15,30kHz,Re trans.,-,1442,
20260725 15:24:53.299,24.830014,102.840447,16.42,1931,3,1,0.00,0.00,,,,,,,1,SA,460,00,中国移动,4456484,6879514665,1679569,41,Normal,-,1,41,100,100,504990,-,489,513000,513000,30kHz,503172,1099,-,ms20,Connected,SA,-0.7,0,5,-60,108,-85.2,-10.7,20.5,3,Not Barred,6,6312,-44.3,504990,489,-83.5;-80.1;-104.2;-80.9,-,6.2;13.5;12.7;17.3,19.1;19.5;18.5;18.1,-59.6;-50.8;-60.4;-44.3,1;1;5;7;2;3;2;4;6;7,37;877;743;490;491;489;489;489;489;475,-105.1;-123.6;-89.8;-103;-111.6;-84.1;-84.5;-87.7;-93.5;-105.1,-20.4;-29.2;-12.4;-16.6;-26.6;-10.5;-10.7;-11.1;-12.2;-18.2,255;255;255;255;255;255;255;255;255;255,1;0;0;0;0;0;0,504990;504990;504990;504990;504990;504990;504990,489;743;491;490;37;475;877,3;5;2;7;1;7;1,-,4;1;1;1;1;1;1,-85.2;-89.9;-99.9;-103;-105.1;-105.1;-123.6,-10.7;-12.4;-19.9;-16.6;-20.4;-18.2;-29.2,20.5;255;255;255;255;255;255,0.2,1,0,QPSK,-,100,0,0,0,0.00,0.00,0.01,0.01,20,4,Rank 1,16,84,11,123,-,123,9,18.6,31,17,64QAM,0,SMDL,0,0,76.5,0.00,0.00,0.00,0.43,Rank 2,4,324,90,-,4 x 4,HandOver,23443,Free,17,FORMAT_0,304,57,Success,23443,2,-,10,12,4,-,90,-,1,10,-,-,-,-,-,-,-,-,-,-,-,-,-,Registered,Normal Service,9,269,18,D4A6D4C1,470,18,30kHz,736,-,4,1,-,-,New trans.,0,0,64QAM,40,1,23443,465,15,0,0,Pass,1,QPSK,1,16,4,0,15,30kHz,Re trans.,-,335,
20260725 15:24:54.310,24.830006,102.840402,16.16,1931,3,1,0.00,0.00,,,,,,,1,SA,460,00,中国移动,4456484,6879514665,1679569,41,Normal,-,1,41,100,100,504990,-,489,513000,513000,30kHz,503172,1099,-,ms20,Connected,SA,-0.7,0,5,-60,103,-79.2,-10.6,17.6,3,Not Barred,6,6312,-40.8,504990,489,-76.6;-94.2;-78.8;-98.6,-,20.1;20.4;255;255,20.7;20.8;255;255,-40.8;-47.8,1;1;5;7;6;3;2;4;1;7,37;877;743;490;491;489;489;489;489;475,-97.1;-95.6;-89.1;-101.9;-143.4;-78.4;-79.8;-81.3;-88.6;-96.5,-20.2;-20.2;-14.2;-18.7;-37.8;-10.5;-10.7;-10.8;-12;-16.5,255;255;255;255;255;255;255;255;255;255,1;0;0;0;0;0;0,504990;504990;504990;504990;504990;504990;504990,489;743;877;475;37;490;491,3;5;1;7;1;7;6,-,4;1;1;1;1;1;1,-79.2;-90.7;-95.6;-96.9;-97.1;-101.9;-142.5,-10.6;-15;-20.2;-16.7;-20.2;-18.7;-37.4,17.6;255;255;255;255;255;255,0.2,1,0,QPSK,-,100,0,0,0,0.00,0.00,0.00,0.00,0,1,Rank 1,16,84,6,14,-,14,8,20.6,23,21,256QAM,0,SMDL,0,0,27.3,0.00,0.00,0.00,0.13,Rank 2,4,88,57,-,2 x 2,HandOver,23443,Free,17,FORMAT_0,304,57,Success,23443,2,-,10,6,4,-,57,-,1,5,-,-,-,-,-,-,-,-,-,-,-,-,-,Registered,Normal Service,9,269,18,D4A6D4C1,550,18,30kHz,992,-,4,1,-,-,New trans.,0,0,256QAM,211,1,23443,577,13,0,4,Pass,0,QPSK,0,20,1,0,0,30kHz,Re trans.,-,344,
20260725 15:24:55.323,24.830001,102.840358,15.37,1931,3,1,0.00,0.00,,,,,,,1,SA,460,00,中国移动,4456484,6879514665,1679569,41,Normal,-,1,41,100,100,504990,-,489,513000,513000,30kHz,503172,1099,-,ms20,Connected,SA,-0.7,0,5,-60,100,-77.9,-10.5,22,3,Not Barred,6,6312,-40.1,504990,489,-75.4;-75.2;-78.5;-91.5,-,12.1;19;3.6;11.1,20.9;20.2;255;255,-40.4;-40.1,1;1;5;7;0;3;2;4;1;6,37;877;743;490;475;489;489;489;489;491,-96.4;-97.9;-88.1;-107.2;-91.1;-77.3;-78.3;-80.9;-84.3;-113.5,-20.7;-22.8;-14.3;-22;-14.8;-10.4;-10.6;-10.8;-11.4;-25.9,255;255;255;255;255;255;255;255;255;255,1;0;0;0;0;0;0,504990;504990;504990;504990;504990;504990;504990,489;743;475;37;877;490;491,3;5;0;1;1;7;6,-,4;1;1;1;1;1;1,-77.9;-88.1;-91.7;-96.4;-97.9;-107.2;-113.5,-10.5;-14.3;-15.6;-20.7;-22.8;-22;-25.9,22;255;255;255;255;255;255,0.2,1,0,QPSK,-,100,0,0,0,0.00,0.00,0.00,0.00,0,1,Rank 1,16,84,6,69,-,69,7,20.7,31,17,256QAM,0,SMDL,0,0,45.7,0.00,0.00,0.02,0.21,Rank 2,4,140,57,-,2 x 2,HandOver,23443,Free,17,FORMAT_0,304,57,Success,23443,2,-,6,7,4,-,57,-,1,5,-,-,-,-,-,-,-,-,-,-,-,-,-,Registered,Normal Service,9,269,18,D4A6D4C1,664,8,30kHz,768,-,4,1,-,-,New trans.,0,0,256QAM,40,1,23443,659,3,0,0,Pass,1,QPSK,0,16,1,0,15,30kHz,Re trans.,-,344,
20260725 15:24:56.334,24.830012,102.840317,15.30,1930,3,1,0.00,0.00,,,,,,,1,SA,460,00,中国移动,4456484,6879514665,1679569,41,Normal,-,1,41,100,100,504990,-,489,513000,513000,30kHz,503172,1099,-,ms20,Connected,SA,-0.7,1,1,-60,96,-75.4,-10.5,20.7,3,Not Barred,6,6312,-39.5,504990,489,-75.2;-83.7;-77;-88.3,-,14.5;22.4;21.1;14,22.4;22.7;23.3;20,-39.5;-53;-49.5;-44.4,7;3;4;2;1;5;7,475;489;489;489;489;743;490,-113;-74;-76.3;-77.2;-85;-93.9;-93.9,-26;-10.4;-10.5;-10.5;-11.2;-16.8;-15.9,255;255;255;255;255;255;255,1;0;0;0,504990;504990;504990;504990,489;743;490;475,3;5;7;7,-,4;1;1;1,-75.4;-91.2;-94.1;-112.7,-10.5;-15.6;-16.9;-25.8,20.7;255;255;255,0,0,0,QPSK,-,100,0,0,0,0.00,0.00,0.00,0.00,0,1,Rank 1,16,84,4,193,-,193,10,21.6,31,22,256QAM,0,SMDL,0,0,31.1,0.00,0.00,0.04,0.22,Rank 2,4,180,35,-,4 x 4,HandOver,23443,Free,17,FORMAT_0,304,57,Success,23443,2,-,5,7,4,-,35,-,1,3,-,-,-,-,-,-,-,-,-,-,-,-,-,Registered,Normal Service,9,269,18,D4A6D4C1,784,19,30kHz,672,-,4,1,-,-,New trans.,0,1,64QAM,208,1,23443,780,0,0,0,Pass,0,QPSK,2,16,4,0,15,30kHz,Re trans.,-,290,
20260725 15:24:57.345,24.830034,102.840280,17.10,1930,3,1,0.00,0.00,,,,,,,1,SA,460,00,中国移动,4456484,6879514665,1679569,41,Normal,-,1,41,100,100,504990,-,489,513000,513000,30kHz,503172,1099,-,ms20,Connected,SA,-0.7,1,1,-60,97,-75.4,-10.5,22.9,3,Not Barred,6,6312,-41.9,504990,489,-70.9;-72.6;-77.8;-82.3,-,17.4;20;255;255,21.9;26.5;255;255,-41.9;-43.9,7;3;4;2;1;5,490;489;489;489;489;743,-96.3;-75.1;-77;-75.7;-81.3;-94.1,-18;-10.4;-10.5;-10.5;-10.6;-18.8,255;255;255;255;255;255,1;0;0,504990;504990;504990,489;490;743,3;7;5,-,4;1;1,-75.4;-93.8;-93.8,-10.5;-16.8;-18.7,22.9;255;255,11.6,28,28,QPSK,-,100,0,0,0,0.00,0.00,0.00,0.00,40,1,Rank 1,19,96,5,69,-,69,10,21.6,31,22,256QAM,0,SMDL,0,0,31.1,0.00,0.00,0.01,0.28,Rank 2,4,180,45,-,4 x 4,HandOver,23443,Free,17,FORMAT_0,304,57,Success,23443,2,-,6,9,4,-,45,-,1,5,-,-,-,-,-,-,-,-,-,-,-,-,-,Registered,Normal Service,9,269,18,D4A6D4C1,872,9,30kHz,800,-,4,1,-,-,New trans.,0,0,256QAM,208,1,23443,867,3,0,0,Pass,1,QPSK,0,16,1,0,15,30kHz,Re trans.,-,490,
20260725 15:24:58.360,24.830068,102.840250,18.36,1931,3,1,0.00,0.00,,,,,,,1,SA,460,00,中国移动,4456484,6879514665,1679569,41,Normal,-,1,41,100,100,504990,-,489,513000,513000,30kHz,503172,1099,-,ms20,Connected,SA,-0.7,1,1,-60,97,-73.9,-10.4,19.7,3,Not Barred,6,6312,-40.4,504990,489,-74;-76.1;-84.9;-85.7,-,16.7;9;255;255,21.1;20.9;255;255,-40.4;-49.6,7;3;4;2;0;5;6,490;489;489;489;489;743;663,-95.8;-72.2;-75;-76;-85.8;-102.1;-96.1,-16.2;-10.4;-10.4;-10.4;-11.2;-18.9;-17.6,255;255;255;255;255;255;255,1;0;0;0,504990;504990;504990;504990,489;663;490;743,3;6;7;5,-,4;1;1;1,-73.9;-96.1;-96.3;-102.1,-10.4;-17.6;-17.1;-18.9,19.7;255;255;255,11.6,28,28,QPSK,-,100,0,0,0,0.00,0.00,0.00,0.00,0,1,Rank 1,19,96,3,69,-,69,10,19.8,20,20,256QAM,0,SMDL,0,0,22.2,0.00,0.00,0.01,0.07,Rank 2,4,36,11,-,2 x 2,HandOver,23443,Free,17,FORMAT_0,304,57,Success,23443,2,-,8,7,4,-,11,-,2,1,-,-,-,-,-,-,-,-,-,-,-,-,-,Registered,Normal Service,9,269,18,D4A6D4C1,990,18,30kHz,800,-,4,1,-,-,New trans.,0,0,256QAM,211,1,23443,985,3,0,0,Pass,0,QPSK,0,16,1,0,15,30kHz,Re trans.,-,490,
20260725 15:24:59.371,24.830106,102.840231,18.25,1930,3,1,0.00,0.00,,,,,,,1,SA,460,00,中国移动,4456484,6879514665,1679569,41,Normal,-,1,41,100,100,504990,-,489,513000,513000,30kHz,503172,1099,-,ms20,Connected,SA,-0.7,1,1,-60,95,-71.8,-10.4,25.5,3,Not Barred,6,6312,-31,504990,489,-69.9;-67.5;-70.9;-84.5,-,23;24.9;22.1;22.8,22.4;23;27.1;26.9,-33.1;-52.6;-34.6;-31,7;3;2;4;6;5;6,490;489;489;489;489;743;663,-93.4;-71.1;-72;-77.5;-82.1;-92.2;-134,-18.4;-10.4;-10.3;-10.5;-10.7;-19.8;-35.3,255;255;255;255;255;255;255,1;0;0;0,504990;504990;504990;504990,489;743;490;663,3;5;7;6,-,4;1;1;1,-71.8;-92.2;-94.2;-134,-10.4;-19.8;-16.3;-35.3,25.5;255;255;255,0,0,0,QPSK,-,100,0,0,0,0.00,0.00,0.00,0.00,0,4,Rank 3,18,72,3,76,-,76,13,19.8,20,20,256QAM,0,SMDL,0,0,22.2,0.00,0.00,0.00,0.05,Rank 2,4,36,11,-,4 x 4,HandOver,23443,Free,17,FORMAT_0,304,57,Success,23443,2,-,5,2,4,-,11,-,2,1,-,-,-,-,-,-,-,-,-,-,-,-,-,Registered,Normal Service,9,269,18,D4A6D4C1,44,8,30kHz,768,-,4,1,-,-,New trans.,0,0,256QAM,208,1,23443,39,3,0,0,Pass,1,QPSK,28,32,4,0,15,30kHz,New trans.,-,173,
20260725 15:25:00.385,24.830149,102.840222,18.18,1931,3,1,0.00,0.00,,,,,,,1,SA,460,00,中国移动,4456484,6879514665,1679569,41,Normal,-,1,41,100,100,504990,-,489,513000,513000,30kHz,503172,1099,-,ms20,Connected,SA,-0.7,2,1,-60,88,-71,-10.5,20.7,3,Not Barred,6,6312,-34,504990,489,-72.6;-74;-77.8;-81,-,20.3;19.6;8;20.2,23.3;25;25.4;25.4,-34;-44.1;-39.6;-47.1,1;3;2;4;5;5;6,490;489;489;489;489;743;663,-106.6;-70.3;-72.3;-75;-80.6;-150.7;-142.5,-22.1;-10.5;-10.5;-10.6;-10.6;-41.1;-37.7,255;255;255;255;255;255;255,1;0;0;0,504990;504990;504990;504990,489;490;663;743,3;1;6;5,-,4;1;1;1,-71;-94;-142.5;-150.7,-10.5;-15.7;-37.7;-41.1,20.7;255;255;255,12.1,28,28,QPSK,-,100,0,0,0,0.00,0.00,0.00,0.00,50,4,Rank 1,23,164,8,123,-,123,10,16.1,17,16,64QAM,0,SMDL,0,0,100,0.00,0.00,0.00,0.18,Rank 2,4,76,35,-,4 x 4,HandOver,23443,Free,17,FORMAT_0,304,57,Success,23443,2,-,0,4,4,-,35,-,1,7,-,-,-,-,-,-,-,-,-,-,-,-,-,Registered,Normal Service,9,269,18,D4A6D4C1,143,19,30kHz,560,-,4,1,-,-,New trans.,0,0,64QAM,211,1,23443,138,12,0,0,Pass,1,QPSK,1,16,4,0,15,30kHz,Re trans.,-,467,
20260725 15:25:01.392,24.830189,102.840213,16.27,1931,3,1,0.00,0.00,,,,,,,1,SA,460,00,中国移动,4456484,6879514665,1679569,41,Normal,-,1,41,100,100,504990,-,489,513000,513000,30kHz,503172,1099,-,ms20,Connected,SA,-0.7,2,1,-60,88,-72.2,-10.4,22.5,3,Not Barred,6,6312,-33.5,504990,489,-73.1;-78.8;-82.1;-84.2,-,19.5;13.9;255;255,22.9;24.3;255;255,-33.5;-39.1,0;3;2;4;6;5;6,490;489;489;489;489;743;663,-90.7;-70.8;-75.9;-76;-80.8;-142.5;-155.8,-15.8;-10.4;-10.4;-10.5;-10.6;-37.7;-42.9,255;255;255;255;255;255;255,1;0;0;0,504990;504990;504990;504990,489;490;743;663,3;0;5;6,-,4;1;1;1,-72.2;-92;-142.5;-155.8,-10.4;-16.5;-37.7;-42.9,22.5;255;255;255,0.5,1,1,QPSK,-,100,0,0,0,0.00,0.00,0.00,0.00,0,1,Rank 1,18,36,3,14,-,14,9,16.1,17,16,64QAM,0,SMDL,0,0,100,0.00,0.00,0.00,0.09,Rank 2,4,0,19,-,2 x 2,HandOver,23443,Free,17,FORMAT_0,304,57,Success,23443,2,-,0,4,4,-,19,-,1,2,-,-,-,-,-,-,-,-,-,-,-,-,-,Registered,Normal Service,9,269,18,D4A6D4C1,143,19,30kHz,560,-,4,1,-,-,New trans.,0,0,64QAM,211,1,23443,257,13,0,4,Pass,0,QPSK,0,20,1,0,0,30kHz,Re trans.,-,137,
20260725 15:25:02.403,24.830224,102.840204,13.21,1931,3,1,0.00,0.00,,,,,,,1,SA,460,00,中国移动,4456484,6879514665,1679569,41,Normal,-,1,41,100,100,504990,-,489,513000,513000,30kHz,503172,1099,-,ms20,Connected,SA,-0.7,2,1,-60,94,-72.1,-10.4,25.7,3,Not Barred,6,6312,-40,504990,489,-66.4;-77.8;-78.6;-80.9,-,25;13.3;255;255,23.1;22.8;255;255,-40;-40.6,6;3;2;4;1,490;489;489;489;489,-106.6;-70.7;-72.4;-72.6;-76.5,-25.8;-10.4;-10.4;-10.4;-10.5,255;255;255;255;255,1;0,504990;504990,489;490,3;6,-,4;1,-72.1;-92.8,-10.4;-20.1,25.7;255,0.5,1,1,QPSK,-,100,0,0,0,0.00,0.00,0.00,0.00,0,1,Rank 1,18,36,3,69,-,69,13,22.4,31,23,256QAM,0,SMDL,0,0,4.5,0.00,0.00,0.00,0.00,Rank 2,4,88,19,-,2 x 2,HandOver,23443,Free,17,FORMAT_0,304,57,Success,23443,2,-,7,1,4,-,19,-,1,2,-,-,-,-,-,-,-,-,-,-,-,-,-,Registered,Normal Service,9,269,18,D4A6D4C1,373,18,30kHz,896,-,4,1,-,-,New trans.,0,0,256QAM,75,1,23443,369,3,0,0,Pass,0,QPSK,0,16,1,0,15,30kHz,Re trans.,-,137,
20260725 15:25:03.408,24.830251,102.840196,10.22,1931,3,1,0.00,0.00,,,,,,,1,SA,460,00,中国移动,4456484,6879514665,1679569,41,Normal,-,1,41,100,100,504990,-,489,513000,513000,30kHz,503172,1099,-,ms20,Connected,SA,-0.7,2,1,-60,94,-72.4,-10.5,28.6,3,Not Barred,6,6312,-29.8,504990,489,-70.7;-67.7;-72.1;-75.8,-,22.7;20.8;20.5;20.2,22.8;22.9;255;255,-29.8;-40.4,0;3;4;2;1,490;489;489;489;489,-90.3;-73;-73.8;-71.7;-75.4,-18;-10.5;-10.4;-10.5;-10.6,255;255;255;255;255,1;0,504990;504990,489;490,3;0,-,4;1,-72.4;-91.4,-10.5;-16.3,28.6;255,1,2,2,QPSK,-,100,0,0,0,0.00,0.00,0.00,0.00,0,1,Rank 1,17,68,4,14,-,14,13,22.4,31,23,256QAM,0,SMDL,0,0,4.5,0.00,0.00,0.00,0.14,Rank 2,4,88,29,-,2 x 2,HandOver,23443,Free,17,FORMAT_0,304,57,Success,23443,2,-,7,2,4,-,29,-,1,3,-,-,-,-,-,-,-,-,-,-,-,-,-,Registered,Normal Service,9,269,18,D4A6D4C1,375,19,30kHz,848,-,4,1,-,-,New trans.,0,0,256QAM,75,1,23443,449,13,0,4,Pass,0,QPSK,0,20,1,0,0,30kHz,Re trans.,-,295,
20260725 15:25:04.422,24.830277,102.840192,9.58,1931,3,1,0.00,0.00,,,,,,,1,SA,460,00,中国移动,4456484,6879514665,1679569,41,Normal,-,1,41,100,100,504990,-,489,513000,513000,30kHz,503172,1099,-,ms20,Connected,SA,-0.7,2,1,-60,94,-72.5,-10.4,20.6,3,Not Barred,6,6312,-35.5,504990,489,-70.8;-75.9;-68.7;-75.7,-,14.2;23;255;255,22.8;20.5;255;255,-41.8;-53.9;-37.8;-35.5,0;3;4;2;0,490;489;489;489;489,-92;-71.8;-74.9;-73;-82.2,-21.7;-10.4;-10.4;-10.4;-10.9,255;255;255;255;255,1;0,504990;504990,489;490,3;0,-,4;1,-72.5;-89.9,-10.4;-17.3,20.6;255,1,2,2,QPSK,-,100,0,0,0,0.00,0.00,0.00,0.00,0,1,Rank 1,17,68,4,14,-,14,13,22.4,23,22,256QAM,0,SMDL,0,0,0,0.00,0.00,0.00,0.05,Rank 2,4,0,29,-,2 x 2,HandOver,23443,Free,17,FORMAT_0,304,57,Success,23443,2,-,7,3,4,-,29,-,1,3,-,-,-,-,-,-,-,-,-,-,-,-,-,Registered,Normal Service,9,269,18,D4A6D4C1,375,19,30kHz,848,-,4,1,-,-,New trans.,0,0,256QAM,75,1,23443,513,13,0,4,Pass,0,QPSK,0,20,1,0,0,30kHz,Re trans.,-,295,
20260725 15:25:05.434,24.830306,102.840185,11.92,1932,3,1,0.00,0.00,,,,,,,1,SA,460,00,中国移动,4456484,6879514665,1679569,41,Normal,-,1,41,100,100,504990,-,489,513000,513000,30kHz,503172,1099,-,ms20,Connected,SA,-0.7,3,1,-60,92,-69.6,-10.4,22,3,Not Barred,6,6312,-30.6,504990,489,-67.1;-70.8;-68.2;-75.2,-,22.4;19.7;255;255,24.8;24.4;255;255,-33.5;-30.6,0;3;2;5;4,490;489;489;489;489,-91.1;-68.7;-69;-75.3;-71.6,-21;-10.4;-10.4;-10.4;-10.4,255;255;255;255;255,1;0,504990;504990,489;490,3;0,-,4;1,-69.6;-90.8,-10.4;-16.5,22;255,4.1,17,2,QPSK,-,81.8,9.1,9.1,0,0.06,0.00,0.00,0.00,0,2,Rank 1,29,324,10,106,-,106,13,24.3,31,25,256QAM,0,SMDL,0,0,0,0.00,0.00,0.00,0.00,Rank 2,4,520,58,-,2 x 2,HandOver,23443,Free,17,FORMAT_0,304,57,Success,23443,2,-,8,0,4,-,58,-,1,9,-,-,-,-,-,-,-,-,-,-,-,-,-,Registered,Normal Service,9,269,18,D4A6D4C1,648,18,30kHz,944,-,4,1,-,-,New trans.,0,0,256QAM,92,1,23443,643,14,0,0,Pass,1,QPSK,2,16,2,0,15,30kHz,Re trans.,-,9489,
20260725 15:25:06.444,24.830341,102.840175,14.36,1932,3,1,0.00,0.00,,,,,,,1,SA,460,00,中国移动,4456484,6879514665,1679569,41,Normal,-,1,41,100,100,504990,-,489,513000,513000,30kHz,503172,1099,-,ms20,Connected,SA,-0.7,3,1,-60,92,-70.4,-10.4,18,3,Not Barred,6,6312,-33.8,504990,489,-74;-72.3;-78.8;-76.6,-,18.1;13.9;25.7;13.1,24.4;19.3;255;255,-36.9;-33.8,0;3;4;2;1,490;489;489;489;489,-82.9;-69.3;-73.8;-72.3;-79,-13.6;-10.4;-10.5;-10.5;-11.2,255;255;255;255;255,1;0,504990;504990,489;490,3;0,-,4;1,-70.4;-84.1,-10.4;-13.4,18;255,5.6,30,2,QPSK,-,71.4,10.7,17.9,0,0.05,0.06,0.09,0.09,0,2,Rank 1,28,804,25,106,-,106,12,24.8,27,25,256QAM,0,SMDL,0,0,0,0.04,0.04,0.05,0.94,Rank 2,4,548,159,-,4 x 4,HandOver,23443,Free,17,FORMAT_0,304,57,Success,23443,2,-,6,0,4,-,159,-,1,24,-,-,-,-,-,-,-,-,-,-,-,-,-,Registered,Normal Service,9,269,18,D4A6D4C1,758,8,30kHz,992,-,4,1,-,-,New trans.,0,0,256QAM,40,1,23443,753,3,0,0,Pass,1,QPSK,2,16,2,0,15,30kHz,Re trans.,-,20366,
20260725 15:25:07.455,24.830396,102.840161,15.62,1932,3,1,0.00,0.00,,,,,,,1,SA,460,00,中国移动,4456484,6879514665,1679569,41,Normal,-,1,41,100,100,504990,-,489,513000,513000,30kHz,503172,1099,-,ms20,Connected,SA,-0.7,2,1,-60,90,-67.3,-10.4,24.5,3,Not Barred,6,6312,-26,504990,489,-82.6;-73.5;-65.6;-73.4,-,32.6;17.3;255;255,17.9;24.3;255;255,-26;-37.4,6;3;2;4;1,490;489;489;489;489,-106.3;-66.4;-67.4;-68;-75.6,-25.7;-10.4;-10.4;-10.4;-10.6,255;255;255;255;255,1;0,504990;504990,489;490,3;6,-,4;1,-67.3;-88.2,-10.4;-17.5,24.5;255,5.6,30,2,QPSK,-,71.4,10.7,17.9,0,0.00,0.05,0.14,0.15,4.2,2,Rank 1,28,804,7,14,-,14,12,23.8,25,24,256QAM,0,SMDL,0,0,0,0.09,0.09,0.07,1.03,Rank 2,4,48,47,-,2 x 2,HandOver,23443,Free,17,FORMAT_0,304,57,Success,23443,2,-,6,0,4,-,47,-,1,6,-,-,-,-,-,-,-,-,-,-,-,-,-,Registered,Normal Service,9,269,18,D4A6D4C1,808,8,30kHz,944,-,4,1,-,-,New trans.,0,0,256QAM,40,1,23443,833,13,0,4,Pass,0,QPSK,0,20,1,0,0,30kHz,Re trans.,-,20366,
20260725 15:25:08.465,24.830453,102.840153,17.06,1932,3,1,0.00,0.00,,,,,,,1,SA,460,00,中国移动,4456484,6879514665,1679569,41,Normal,-,1,41,100,100,504990,-,489,513000,513000,30kHz,503172,1099,-,ms20,Connected,SA,-0.7,3,1,-60,86,-63,-10.4,21,3,Not Barred,6,6312,-29,504990,489,-70.9;-64.1;-78.9;-74.4,-,23.7;10.8;24.3;23.5,22.9;26.2;26.8;25,-35.4;-39.5;-41.4;-29,0;3;4;2;6,490;489;489;489;489,-84.4;-63;-63.2;-63.2;-71.1,-18.2;-10.4;-10.4;-10.4;-10.5,255;255;255;255;255,1;0,504990;504990,489;490,3;0,-,4;1,-63;-84.5,-10.4;-16.3,21;255,0.5,2,0,QPSK,-,100,0,0,0,0.00,0.00,0.00,0.00,0,1,Rank 1,17,68,7,57,-,57,12,24.7,25,25,256QAM,0,SMDL,0,0,0,0.00,0.00,0.00,0.09,Rank 2,4,140,47,-,4 x 4,HandOver,23443,Free,17,FORMAT_0,304,57,Success,23443,2,-,2,-1,4,-,47,-,1,6,-,-,-,-,-,-,-,-,-,-,-,-,-,Registered,Normal Service,9,269,18,D4A6D4C1,929,18,30kHz,992,-,4,1,-,-,New trans.,0,0,256QAM,71,1,23443,924,14,0,0,Pass,1,QPSK,0,16,3,0,15,30kHz,Re trans.,-,258,
20260725 15:25:09.480,24.830482,102.840153,17.71,1932,3,1,0.00,0.00,,,,,,,1,SA,460,00,中国移动,4456484,6879514665,1679569,41,Normal,-,1,41,100,100,504990,-,489,513000,513000,30kHz,503172,1099,-,ms20,Connected,SA,-0.7,3,1,-60,87,-65.7,-10.4,25.8,3,Not Barred,6,6312,-28.9,504990,489,-58.5;-66.5;-73.9;-71.5,-,24.9;20.6;23.3;21,27.3;26.7;27.1;24.6,-28.9;-34;-32.8;-30.6,7;3;4;5;2,490;489;489;489;489,-82.4;-64.8;-67;-71.6;-68.9,-13.6;-10.4;-10.4;-10.5;-10.6,255;255;255;255;255,1;0,504990;504990,489;490,3;7,-,4;1,-65.7;-84.3,-10.4;-14.9,25.8;255,7.6,28,0,QPSK,-,100,0,0,0,0.00,0.00,0.01,0.01,28.6,4,Rank 1,20,160,7,421,-,421,12,24.6,25,25,256QAM,0,SMDL,0,0,0,0.00,0.00,0.00,0.26,Rank 2,4,216,36,-,4 x 4,HandOver,23443,Free,17,FORMAT_0,304,57,Success,23443,2,-,4,-1,4,-,36,-,1,7,-,-,-,-,-,-,-,-,-,-,-,-,-,Registered,Normal Service,9,269,18,D4A6D4C1,49,18,30kHz,992,-,4,1,-,-,New trans.,0,0,256QAM,28,1,23443,44,13,0,0,Pass,0,QPSK,1,16,4,0,15,30kHz,Re trans.,-,1049,
20260725 15:25:10.489,24.830518,102.840153,17.42,1932,3,1,0.00,0.00,,,,,,,1,SA,460,00,中国移动,4456484,6879514665,1679569,41,Normal,-,1,41,100,100,504990,-,489,513000,513000,30kHz,503172,1099,-,ms20,Connected,SA,-0.7,3,1,-60,87,-62.5,-10.4,26,3,Not Barred,6,6312,-27.4,504990,489,-63.5;-61.7;-68.3;-78.2,-,26.9;23.8;20.3;16.5,29.5;22.8;24.7;28.6,-27.4;-36.3;-31.9;-35.8,7;3;4;5;2,490;489;489;489;489,-83.1;-60.9;-62;-69.8;-66.4,-18;-10.4;-10.4;-10.4;-10.6,255;255;255;255;255,1;0,504990;504990,489;490,3;7,-,4;1,-62.5;-83.2,-10.4;-18.6,26;255,10.3,28,28,QPSK,-,100,0,0,0,0.00,0.00,0.01,0.01,0,4,Rank 1,21,128,7,123,-,123,12,24.8,25,25,256QAM,0,SMDL,0,0,0,0.00,0.00,0.00,0.40,Rank 2,4,116,61,-,4 x 4,HandOver,23443,Free,17,FORMAT_0,304,57,Success,23443,2,-,4,-1,4,-,61,-,1,7,-,-,-,-,-,-,-,-,-,-,-,-,-,Registered,Normal Service,9,269,18,D4A6D4C1,123,8,30kHz,992,-,4,1,-,-,New trans.,0,0,256QAM,68,1,23443,118,3,0,0,Pass,0,QPSK,1,16,4,0,15,30kHz,Re trans.,-,1236,
20260725 15:25:11.500,24.830552,102.840154,16.99,1933,3,1,0.00,0.00,,,,,,,1,SA,460,00,中国移动,4456484,6879514665,1679569,41,Normal,-,1,41,100,100,504990,-,489,513000,513000,30kHz,503172,1099,-,ms20,Connected,SA,-0.7,3,1,-60,85,-63.1,-10.4,27.9,3,Not Barred,6,6312,-24,504990,489,-56.7;-60.8;-66.5;-71.9,-,29.2;16.6;22.7;27.7,28.1;23.7;27.6;24.3,-24.5;-34;-24;-27.6,0;3;2;0;5,490;489;489;489;489,-76.9;-62;-66.9;-72.3;-70.6,-12.5;-10.4;-10.5;-11.9;-10.3,255;255;255;255;255,1;0,504990;504990,489;490,3;0,-,4;1,-63.1;-78.2,-10.4;-14.3,27.9;255,10.3,28,28,QPSK,-,100,0,0,0,0.00,0.00,0.00,0.00,0,4,Rank 1,21,128,7,123,-,123,12,24.8,25,25,256QAM,0,SMDL,0,0,0,0.00,0.00,0.00,0.22,Rank 2,4,48,61,-,4 x 4,HandOver,23443,Free,17,FORMAT_0,304,57,Success,23443,2,-,3,-3,4,-,61,-,1,7,-,-,-,-,-,-,-,-,-,-,-,-,-,Registered,Normal Service,9,269,18,D4A6D4C1,207,18,30kHz,992,-,4,1,-,-,New trans.,0,0,256QAM,28,1,23443,202,12,0,0,Pass,1,QPSK,1,16,4,0,15,30kHz,Re trans.,-,1236,
20260725 15:25:12.513,24.830591,102.840155,16.52,1933,3,1,0.00,0.00,,,,,,,1,SA,460,00,中国移动,4456484,6879514665,1679569,41,Normal,-,1,41,100,100,504990,-,489,513000,513000,30kHz,503172,1099,-,ms20,Connected,SA,-0.7,4,1,-60,83,-61.3,-10.4,26.5,3,Not Barred,6,6312,-20.1,504990,489,-58.5;-69.5;-60.9;-72.9,-,22.3;19.2;255;255,25.2;26;255;255,-26.8;-20.1,7;3;4;2;6,490;489;489;489;489,-77.3;-60.4;-62.2;-66.2;-69.1,-13.7;-10.4;-10.4;-10.6;-10.5,255;255;255;255;255,1;0,504990;504990,489;490,3;7,-,4;1,-61.3;-78.1,-10.4;-14.6,26.5;255,1.3,2,1,QPSK,-,100,0,0,0,0.00,0.00,0.00,0.00,0,2,Rank 1,16,48,3,106,-,106,12,24.9,25,25,256QAM,0,SMDL,0,0,0,0.00,0.00,0.00,0.09,Rank 2,4,84,34,-,2 x 2,HandOver,23443,Free,17,FORMAT_0,304,57,Success,23443,2,-,1,-1,4,-,34,-,1,3,-,-,-,-,-,-,-,-,-,-,-,-,-,Registered,Normal Service,9,269,18,D4A6D4C1,328,9,30kHz,992,-,4,1,-,-,New trans.,0,0,256QAM,28,1,23443,319,13,0,0,Pass,1,QPSK,2,16,2,0,15,30kHz,Re trans.,-,352,
20260725 15:25:13.519,24.830633,102.840158,16.60,1933,3,1,0.00,0.00,,,,,,,1,SA,460,00,中国移动,4456484,6879514665,1679569,41,Normal,-,1,41,100,100,504990,-,489,513000,513000,30kHz,503172,1099,-,ms20,Connected,SA,-0.7,4,1,-60,85,-60.5,-10.4,22.8,3,Not Barred,6,6312,-20.5,504990,489,-59.1;-63;-69.3;-74.2,-,22.8;17.6;255;255,25.8;24.5;255;255,-20.5;-25.5,0;3;4;5;2;1;0,490;489;489;489;489;877;829,-77.3;-59.8;-60.3;-65;-64.9;-82.3;-86.1,-14.7;-10.3;-10.4;-10.4;-10.5;-16.3;-22.2,255;255;255;255;255;255;255,1;0;0;0,504990;504990;504990;504990,489;490;877;829,3;0;1;0,-,4;1;1;1,-60.5;-77.9;-82.3;-84.9,-10.4;-14.3;-16.3;-20.9,22.8;255;255;255,1.3,2,1,QPSK,-,100,0,0,0,0.00,0.00,0.00,0.00,0,2,Rank 1,16,48,4,69,-,69,12,24.9,25,25,256QAM,0,SMDL,0,0,0,0.00,0.00,0.00,0.16,Rank 2,4,76,29,-,2 x 2,HandOver,23443,Free,17,FORMAT_0,304,57,Success,23443,2,-,2,-2,4,-,29,-,1,4,-,-,-,-,-,-,-,-,-,-,-,-,-,Registered,Normal Service,9,269,18,D4A6D4C1,420,9,30kHz,992,-,4,1,-,-,New trans.,0,0,256QAM,12,1,23443,415,3,0,0,Pass,1,QPSK,0,16,1,0,15,30kHz,Re trans.,-,352,
20260725 15:25:14.533,24.830673,102.840163,15.62,1933,3,1,0.00,0.00,,,,,,,1,SA,460,00,中国移动,4456484,6879514665,1679569,41,Normal,-,1,41,100,100,504990,-,489,513000,513000,30kHz,503172,1099,-,ms20,Connected,SA,-0.7,4,1,-60,86,-60.2,-10.4,26.6,3,Not Barred,6,6312,-25.1,504990,489,-56.5;-66;-69.3;-62.9,-,12.4;25.1;255;255,21.9;26.4;255;255,-26.5;-25.1,7;3;4;6;0;0,490;489;489;489;489;829,-72.8;-60.8;-58.3;-68.5;-67.6;-92.1,-13.7;-10.4;-10.4;-10.8;-10.9;-25.3,255;255;255;255;255;255,1;0;0,504990;504990;504990,489;490;829,3;7;0,-,4;1;1,-60.2;-73;-81.9,-10.4;-13.9;-21.2,26.6;255;255,0.5,2,0,QPSK,-,100,0,0,0,0.00,0.00,0.00,0.00,0,1,Rank 1,16,64,1,69,-,69,12,24.9,25,25,256QAM,0,SMDL,0,0,0,0.00,0.00,0.00,0.14,Rank 2,4,92,23,-,2 x 2,HandOver,23443,Free,17,FORMAT_0,304,57,Success,23443,2,-,0,-2,4,-,23,-,1,1,-,-,-,-,-,-,-,-,-,-,-,-,-,Registered,Normal Service,9,269,18,D4A6D4C1,528,8,30kHz,992,-,4,1,-,-,New trans.,0,0,256QAM,92,1,23443,523,3,0,0,Pass,1,QPSK,0,16,1,0,15,30kHz,Re trans.,-,313,
20260725 15:25:15.546,24.830715,102.840169,15.59,1933,3,1,0.00,0.00,,,,,,,1,SA,460,00,中国移动,4456484,6879514665,1679569,41,Normal,-,1,41,100,100,504990,-,489,513000,513000,30kHz,503172,1099,-,ms20,Connected,SA,-0.7,4,1,-60,86,-58.5,-10.4,25.2,3,Not Barred,6,6312,-29.8,504990,489,-58.3;-63.5;-62.8;-66.7,-,18;17.3;255;255,28.2;28.6;255;255,-30.4;-29.8,0;3;4;5;0;1,490;489;489;489;489;829,-98;-59.3;-57.3;-63.6;-66.8;-111.6,-26.6;-10.4;-10.4;-10.4;-10.7;-30.1,255;255;255;255;255;255,1;0;0,504990;504990;504990,489;490;829,3;0;1,-,4;1;1,-58.5;-79.2;-111.6,-10.4;-18.5;-30.1,25.2;255;255,0.5,2,0,QPSK,-,100,0,0,0,0.00,0.00,0.00,0.00,0,1,Rank 1,16,64,1,69,-,69,12,24.9,25,25,256QAM,0,SMDL,0,0,0,0.00,0.00,0.00,0.17,Rank 2,4,0,23,-,2 x 2,HandOver,23443,Free,17,FORMAT_0,304,57,Success,23443,2,-,0,-3,4,-,23,-,1,1,-,-,-,-,-,-,-,-,-,-,-,-,-,Registered,Normal Service,9,269,18,D4A6D4C1,528,8,30kHz,992,-,4,1,-,-,New trans.,0,0,256QAM,92,1,23443,523,3,0,0,Pass,1,QPSK,0,16,1,0,15,30kHz,Re trans.,-,313,
20260725 15:25:16.558,24.830716,102.840173,13.18,1933,3,1,0.00,0.00,,,,,,,1,SA,460,00,中国移动,4456484,6879514665,1679569,41,Normal,-,1,41,100,100,504990,-,489,513000,513000,30kHz,503172,1099,-,ms20,Connected,SA,-0.7,5,1,-60,86,-62.4,-10.4,21.3,3,Not Barred,6,6312,-27.4,504990,489,-63.4;-61.5;-66.5;-73.6,-,24.1;14.5;23;25.8,28;27.6;255;255,-27.4;-30.9,7;3;4;5;0;1,490;489;489;489;489;829,-80;-62.2;-61.4;-64.6;-66.5;-80.5,-18.3;-10.4;-10.4;-10.4;-10.6;-19.5,255;255;255;255;255;255,1;0;0,504990;504990;504990,489;490;829,3;7;1,-,4;1;1,-62.4;-80.3;-80.5,-10.4;-19.3;-19.5,21.3;255;255,0,0,0,QPSK,-,100,0,0,0,0.00,0.00,0.00,0.00,0,1,Rank 1,16,32,1,106,-,106,12,24.9,27,25,256QAM,0,SMDL,0,0,0,0.00,0.00,0.00,0.00,Rank 2,4,220,11,-,2 x 2,HandOver,23443,Free,17,FORMAT_0,304,57,Success,23443,2,-,-1,-6,4,-,11,-,1,1,-,-,-,-,-,-,-,-,-,-,-,-,-,Registered,Normal Service,9,269,18,D4A6D4C1,732,9,30kHz,992,-,4,1,-,-,New trans.,0,0,256QAM,64,1,23443,727,3,0,0,Pass,1,QPSK,2,16,2,0,15,30kHz,Re trans.,-,138,
20260725 15:25:17.566,24.830705,102.840173,10.62,1933,3,1,0.00,0.00,,,,,,,1,SA,460,00,中国移动,4456484,6879514665,1679569,41,Normal,-,1,41,100,100,504990,-,489,513000,513000,30kHz,503172,1099,-,ms20,Connected,SA,-0.7,5,1,-60,86,-61.5,-10.4,20.9,3,Not Barred,6,6312,-27,504990,489,-65.6;-71.2;-66.5;-76.8,-,33.4;21.3;255;255,29.3;27;255;255,-32.1;-27,6;3;0;4;5;1,490;489;489;489;489;829,-81.6;-63.6;-61.8;-61.3;-65.6;-78.4,-19.4;-10.5;-10.4;-10.3;-10.4;-17.6,255;255;255;255;255;255,1;0;0,504990;504990;504990,489;829;490,3;1;6,-,4;1;1,-61.5;-78.4;-81.9,-10.4;-17.6;-19.3,20.9;255;255,0,0,0,QPSK,-,100,0,0,0,0.00,0.00,0.01,0.01,0,1,Rank 1,16,32,1,106,-,106,12,24.9,27,25,256QAM,0,SMDL,0,0,0,0.03,0.03,0.00,0.42,Rank 2,4,0,11,-,2 x 2,HandOver,23443,Free,17,FORMAT_0,304,57,Success,23443,2,-,-1,-4,4,-,11,-,1,1,-,-,-,-,-,-,-,-,-,-,-,-,-,Registered,Normal Service,9,269,18,D4A6D4C1,732,9,30kHz,992,-,4,1,-,-,New trans.,0,0,256QAM,64,1,23443,727,3,0,0,Pass,1,QPSK,2,16,2,0,15,30kHz,Re trans.,-,138,
20260725 15:25:18.577,24.830750,102.840182,11.52,1932,3,1,0.00,0.00,,,,,,,1,SA,460,00,中国移动,4456484,6879514665,1679569,41,Normal,-,1,41,100,100,504990,-,489,513000,513000,30kHz,503172,1099,-,ms20,Connected,SA,-0.7,5,1,-60,86,-58.6,-10.4,24.2,3,Not Barred,6,6312,-25,504990,489,-62.6;-62.4;-60.8;-66.7,-,17.4;17.2;255;255,29.2;29;255;255,-25;-28,6;3;0;4;5;1,490;489;489;489;489;829,-76.6;-62.9;-57.2;-59.2;-61.5;-81.5,-15.7;-10.4;-10.4;-10.4;-10.4;-17.4,255;255;255;255;255;255,1;0;0,504990;504990;504990,489;490;829,3;6;1,-,4;1;1,-58.6;-75.7;-81.5,-10.4;-16.2;-17.4,24.2;255;255,0,0,0,QPSK,-,100,0,0,0,0.00,0.00,0.00,0.00,0,1,Rank 1,16,32,1,106,-,106,12,24.9,27,25,256QAM,0,SMDL,0,0,0,0.00,0.00,0.00,0.00,Rank 2,4,0,11,-,2 x 2,HandOver,23443,Free,17,FORMAT_0,304,57,Success,23443,2,-,-1,-5,4,-,11,-,1,1,-,-,-,-,-,-,-,-,-,-,-,-,-,Registered,Normal Service,9,269,18,D4A6D4C1,732,9,30kHz,992,-,4,1,-,-,New trans.,0,0,256QAM,64,1,23443,727,3,0,0,Pass,1,QPSK,2,16,2,0,15,30kHz,Re trans.,-,138,
20260725 15:25:19.585,24.830846,102.840210,13.75,1932,3,1,0.00,0.00,,,,,,,1,SA,460,00,中国移动,4456484,6879514665,1679569,41,Normal,-,1,41,100,100,504990,-,489,513000,513000,30kHz,503172,1099,-,ms20,Connected,SA,-0.7,5,1,-60,84,-55,-10.4,18.8,3,Not Barred,6,6312,-26.8,504990,489,-69.2;-66.4;-60.2;-73.5,-,12.9;18.8;255;255,28.6;28.2;255;255,-27.5;-26.8,7;3;0;4;5;1,490;489;489;489;489;829,-76.7;-61.1;-54.1;-59.5;-61.6;-80.2,-16.5;-10.4;-10.4;-10.3;-10.3;-17.9,255;255;255;255;255;255,1;0;0,504990;504990;504990,489;490;829,3;7;1,-,4;1;1,-55;-77.3;-80.2,-10.4;-17.2;-17.9,18.8;255;255,4,14,2,QPSK,-,83.3,0,16.7,0,0.00,0.00,0.00,0.00,0,2,Rank 1,16,96,6,14,-,14,12,25.1,31,25,256QAM,0,SMDL,0,0,0,0.00,0.00,0.01,0.00,Rank 2,4,84,51,-,2 x 2,HandOver,23443,Free,17,FORMAT_0,304,57,Success,23443,2,-,-6,-6,4,-,51,-,1,6,-,-,-,-,-,-,-,-,-,-,-,-,-,Registered,Normal Service,9,269,18,D4A6D4C1,2,18,30kHz,992,-,4,1,-,-,New trans.,0,0,256QAM,16,1,23443,1,13,0,4,Pass,0,QPSK,0,20,1,0,0,30kHz,Re trans.,-,1170,
20260725 15:25:20.597,24.830902,102.840242,14.18,1932,3,1,0.00,0.00,,,,,,,1,SA,460,00,中国移动,4456484,6879514665,1679569,41,Normal,-,1,41,100,100,504990,-,489,513000,513000,30kHz,503172,1099,-,ms20,Connected,SA,-0.7,6,1,-60,76,-55.5,-10.4,24.7,0,Not Barred,6,6312,-19.5,504990,489,-59.4;-52.1;-59.8;-63.5,-,21.7;24.7;255;255,27.7;26.4;255;255,-20;-19.5,7;0;4;5;3;1,490;489;489;489;489;829,-73.2;-53.9;-57.3;-59;-62.4;-81.9,-15.4;-10.4;-10.3;-10.3;-10.3;-18.8,255;255;255;255;255;255,1;0;0,504990;504990;504990,489;490;829,0;7;1,-,4;1;1,-55.5;-73.3;-81.9,-10.4;-15.4;-18.8,24.7;255;255,1.4,2,2,QPSK,-,100,0,0,0,0.00,0.00,0.00,0.00,0,2,Rank 1,16,116,6,106,-,106,12,24.4,25,25,256QAM,0,SMDL,0,0,0,0.00,0.00,0.00,0.16,Rank 2,4,204,34,-,2 x 2,HandOver,23443,Free,17,FORMAT_0,304,57,Success,23443,2,-,-6,-6,4,-,34,-,1,5,-,-,-,-,-,-,-,-,-,-,-,-,-,Registered,Normal Service,9,269,18,D4A6D4C1,125,19,30kHz,992,-,4,1,-,-,New trans.,0,0,256QAM,32,1,23443,120,14,0,0,Pass,1,QPSK,2,16,2,0,15,30kHz,Re trans.,-,613,
20260725 15:25:21.610,24.830938,102.840279,14.76,1932,3,1,0.00,0.00,,,,,,,1,SA,460,00,中国移动,4456484,6879514665,1679569,41,Normal,-,1,41,100,100,504990,-,489,513000,513000,30kHz,503172,1099,-,ms20,Connected,SA,-0.7,6,1,-60,77,-51.4,-10.4,29.4,0,Not Barred,6,6312,-14,504990,489,-54.1;-52.6;-63.6;-55.1,-,26.8;32.3;255;255,22.4;22.3;255;255,-18.1;-14,7;0;4;5;3;1,490;489;489;489;489;829,-75.4;-50.1;-54.6;-55.9;-60.6;-84.5,-16.2;-10.4;-10.3;-10.3;-10.4;-20.3,255;255;255;255;255;255,1;0;0,504990;504990;504990,489;490;829,0;7;1,-,4;1;1,-51.4;-73.2;-84.5,-10.4;-15.5;-20.3,29.4;255;255,1.4,2,2,QPSK,-,100,0,0,0,0.00,0.00,0.01,0.01,0,2,Rank 1,16,116,6,14,-,14,12,25,25,25,256QAM,0,SMDL,0,0,0,0.00,0.00,0.00,0.37,Rank 2,4,4,34,-,2 x 2,HandOver,23443,Free,17,FORMAT_0,304,57,Success,23443,2,-,-5,-10,4,-,34,-,1,5,-,-,-,-,-,-,-,-,-,-,-,-,-,Registered,Normal Service,9,269,18,D4A6D4C1,166,18,30kHz,992,-,4,1,-,-,New trans.,0,0,256QAM,76,1,23443,193,10,0,4,Pass,0,QPSK,0,20,1,0,0,30kHz,Re trans.,-,613,
20260725 15:25:22.625,24.830960,102.840315,14.94,1932,3,1,0.00,0.00,,,,,,,1,SA,460,00,中国移动,4456484,6879514665,1679569,41,Normal,-,1,41,100,100,504990,-,489,513000,513000,30kHz,503172,1099,-,ms20,Connected,SA,-0.7,5,1,-60,76,-54.8,-10.4,24.6,0,Not Barred,6,6312,-17.8,504990,489,-52.6;-54.3;-52.1;-53.9,-,22.1;24.6;255;255,26.2;27.8;255;255,-17.8;-18.9,7;0;4;5;3;1,490;489;489;489;489;829,-73.1;-54.4;-62.9;-63.4;-66.8;-89.6,-12.5;-10.4;-10.4;-10.4;-10.4;-19.7,255;255;255;255;255;255,1;0;0,504990;504990;504990,489;490;829,0;7;1,-,4;1;1,-54.8;-73.3;-89.6,-10.4;-12.7;-19.7,24.6;255;255,1.5,2,2,QPSK,-,100,0,0,0,0.00,0.00,0.00,0.00,0,2,Rank 1,17,68,5,106,-,106,12,24.9,25,25,256QAM,0,SMDL,0,0,0,0.00,0.00,0.00,0.01,Rank 2,4,92,39,-,2 x 2,HandOver,23443,Free,17,FORMAT_0,304,57,Success,23443,2,-,-7,-4,4,-,39,-,1,4,-,-,-,-,-,-,-,-,-,-,-,-,-,Registered,Normal Service,9,269,18,D4A6D4C1,305,18,30kHz,992,-,4,1,-,-,New trans.,0,0,256QAM,75,1,23443,300,13,0,0,Pass,1,QPSK,2,16,2,0,15,30kHz,Re trans.,-,332,
20260725 15:25:23.631,24.830960,102.840315,14.94,1932,3,1,0.00,0.00,,,,,,,1,SA,460,00,中国移动,4456484,6879514665,1679569,41,Normal,-,1,41,100,100,504990,-,489,513000,513000,30kHz,503172,1099,-,ms20,Connected,SA,-0.7,5,1,-60,74,-53.8,-10.4,24.5,0,Not Barred,6,6312,-18.8,504990,489,-54;-56.9;-53.6;-50.3,-,18.5;25.7;255;255,27.8;31.8;255;255,-18.8;-21.3,7;0;5;4;6;1,490;489;489;489;489;829,-72;-53.3;-59.5;-62;-63.2;-85.1,-11.6;-10.4;-10.3;-10.4;-10.5;-19.4,255;255;255;255;255;255,1;0;0,504990;504990;504990,489;490;829,0;7;1,-,4;1;1,-53.8;-72;-85.1,-10.4;-11.6;-19.4,24.5;255;255,1.5,2,2,QPSK,-,100,0,0,0,0.00,0.00,0.00,0.00,0,2,Rank 1,17,68,5,69,-,69,12,24.8,25,25,256QAM,0,SMDL,0,0,0,0.00,0.00,0.00,0.17,Rank 2,4,84,39,-,2 x 2,HandOver,23443,Free,17,FORMAT_0,304,57,Success,23443,2,-,-11,-7,4,-,39,-,1,4,-,-,-,-,-,-,-,-,-,-,-,-,-,Registered,Normal Service,9,269,18,D4A6D4C1,392,18,30kHz,944,-,4,1,-,-,New trans.,0,0,256QAM,68,1,23443,387,12,0,0,Pass,1,QPSK,0,16,1,0,15,30kHz,Re trans.,-,332,
20260725 15:25:24.637,24.830992,102.840425,16.78,1932,3,1,0.00,0.00,,,,,,,1,SA,460,00,中国移动,4456484,6879514665,1679569,41,Normal,-,1,41,100,100,504990,-,489,513000,513000,30kHz,503172,1099,-,ms20,Connected,SA,-0.7,5,1,-60,83,-61.8,-10.4,31.7,5,Not Barred,6,6312,-25.1,504990,489,-61.7;-58.6;-76.4;-58.5,-,26;29.2;255;255,34.1;27.1;255;255,-25.1;-27.4,7;5;6;4;2;1,490;489;489;489;489;829,-78.7;-61.6;-62.1;-62.8;-67.8;-83.9,-14.9;-10.4;-10.3;-10.4;-10.3;-16.1,255;255;255;255;255;255,1;0;0,504990;504990;504990,489;490;829,5;7;1,-,4;1;1,-61.8;-79.1;-83.9,-10.4;-15.3;-16.1,31.7;255;255,1.5,2,2,QPSK,-,100,0,0,0,0.00,0.00,0.00,0.00,0,2,Rank 1,17,64,4,640,-,640,12,24.8,25,25,256QAM,0,SMDL,0,0,0,0.00,0.00,0.00,0.16,Rank 2,4,0,44,-,2 x 2,HandOver,23443,Free,17,FORMAT_0,304,57,Success,23443,2,-,1,5,4,-,44,-,1,4,-,-,-,-,-,-,-,-,-,-,-,-,-,Registered,Normal Service,9,269,18,D4A6D4C1,547,8,30kHz,944,-,4,1,-,-,-,0,0,256QAM,32,1,23443,547,10,0,0,Pass,0,64QAM,14,16,2,0,15,30kHz,Re trans.,-,884,
20260725 15:25:25.643,24.830987,102.840454,15.70,1932,3,1,0.00,0.00,,,,,,,1,SA,460,00,中国移动,4456484,6879514665,1679569,41,Normal,-,1,41,100,100,504990,-,489,513000,513000,30kHz,503172,1099,-,ms20,Connected,SA,-0.7,5,1,-60,84,-61.9,-10.4,32,5,Not Barred,6,6312,-24.4,504990,489,-66.2;-61.3;-69;-61.5,-,21.3;22.3;255;255,28.3;25.4;255;255,-24.9;-24.4,7;5;4;6;3;1,490;489;489;489;489;829,-80.8;-60.7;-63.2;-64.9;-67.8;-84.6,-16;-10.4;-10.4;-10.5;-10.4;-17.2,255;255;255;255;255;255,1;0;0,504990;504990;504990,489;490;829,5;7;1,-,4;1;1,-61.9;-81.9;-84.6,-10.4;-17.3;-17.2,32;255;255,4,14,0,QPSK,-,75,0,25,0,0.01,0.01,0.00,0.00,0,2,Rank 1,16,64,4,106,-,106,12,24.9,31,25,256QAM,0,SMDL,0,0,0,0.00,0.00,0.00,0.00,Rank 2,4,272,44,-,2 x 2,HandOver,23443,Free,17,FORMAT_0,304,57,Success,23443,2,-,-3,0,4,-,44,-,1,4,-,-,-,-,-,-,-,-,-,-,-,-,-,Registered,Normal Service,9,269,18,D4A6D4C1,636,18,30kHz,848,-,4,1,-,-,New trans.,0,0,256QAM,91,1,23443,576,13,0,0,Pass,1,QPSK,2,16,2,0,15,30kHz,Re trans.,-,884,
20260725 15:25:26.649,24.830982,102.840454,13.36,1932,3,1,0.00,0.00,,,,,,,1,SA,460,00,中国移动,4456484,6879514665,1679569,41,Normal,-,1,41,100,100,504990,-,489,513000,513000,30kHz,503172,1099,-,ms20,Connected,SA,-0.7,5,1,-60,85,-62.8,-10.4,23.1,5,Not Barred,6,6312,-27.6,504990,489,-65.5;-69;-71.4;-63.1,-,29;25.1;255;255,28;29.3;255;255,-27.6;-30.5,7;5;4;6;3;1,490;489;489;489;489;829,-81.3;-62.1;-62.8;-65;-69.2;-83.6,-19.2;-10.4;-10.3;-10.5;-10.4;-16.5,255;255;255;255;255;255,1;0;0,504990;504990;504990,489;490;829,5;7;1,-,4;1;1,-62.8;-81.9;-83.6,-10.4;-19.5;-16.5,23.1;255;255,2.9,6,2,QPSK,-,75,25,0,0,0.00,0.01,0.02,0.03,0,2,Rank 1,24,192,8,106,-,106,12,22.8,24,24,256QAM,0,SMDL,0,0,0,0.01,0.01,0.00,0.51,Rank 2,4,52,69,-,2 x 2,HandOver,23443,Free,17,FORMAT_0,304,57,Success,23443,2,-,0,0,4,-,69,-,1,8,-,-,-,-,-,-,-,-,-,-,-,-,-,Registered,Normal Service,9,269,18,D4A6D4C1,708,8,30kHz,944,-,4,1,-,-,New trans.,0,0,256QAM,75,1,23443,703,3,0,0,Pass,0,QPSK,2,16,2,0,15,30kHz,Re trans.,-,2619,
20260725 15:25:27.664,24.830977,102.840437,10.33,1933,3,1,0.00,0.00,,,,,,,1,SA,460,00,中国移动,4456484,6879514665,1679569,41,Normal,-,1,41,100,100,504990,-,489,513000,513000,30kHz,503172,1099,-,ms20,Connected,SA,-0.7,4,1,-60,88,-63.9,-10.4,25.5,5,Not Barred,6,6312,-30,504990,489,-62.2;-70.2;-78.6;-67.2,-,22.5;14.7;255;255,29.3;25.4;255;255,-30;-30.8,7;5;6;4;0;1,490;489;489;489;489;829,-79.3;-62.9;-64.4;-66.3;-70.4;-80.6,-13.8;-10.4;-10.4;-10.4;-10.7;-15.2,255;255;255;255;255;255,1;0;0,504990;504990;504990,489;490;829,5;7;1,-,4;1;1,-63.9;-79.5;-80.6,-10.4;-14;-15.2,25.5;255;255,2.9,6,2,QPSK,-,75,25,0,0,0.00,0.00,0.00,0.00,0,2,Rank 1,24,192,1,69,-,69,12,24.9,25,25,256QAM,0,SMDL,0,0,0,0.00,0.00,0.00,0.09,Rank 2,4,32,12,-,2 x 2,HandOver,23443,Free,17,FORMAT_0,304,57,Success,23443,2,-,4,1,4,-,12,-,1,1,-,-,-,-,-,-,-,-,-,-,-,-,-,Registered,Normal Service,9,269,18,D4A6D4C1,832,19,30kHz,992,-,4,1,-,-,New trans.,0,0,256QAM,40,1,23443,827,3,0,0,Pass,1,QPSK,0,16,1,0,15,30kHz,Re trans.,-,2619,
20260725 15:25:28.674,24.830974,102.840420,9.68,1933,3,1,0.00,0.00,,,,,,,1,SA,460,00,中国移动,4456484,6879514665,1679569,41,Normal,-,1,41,100,100,504990,-,489,513000,513000,30kHz,503172,1099,-,ms20,Connected,SA,-0.7,4,1,-60,88,-61.9,-10.5,24.4,5,Not Barred,6,6312,-23.1,504990,489,-64.4;-65.7;-73.5;-61.2,-,25.4;24.3;255;255,26.7;31;255;255,-23.1;-31.5,7;5;4;6;0;0,490;489;489;489;489;829,-76.7;-60.7;-63;-64.6;-69.5;-80.8,-18.5;-10.4;-10.4;-10.6;-10.8;-19,255;255;255;255;255;255,1;0;0,504990;504990;504990,489;490;829,5;7;0,-,4;1;1,-61.9;-76.3;-81.3,-10.5;-19;-19,24.4;255;255,2.9,6,2,QPSK,-,75,25,0,0,0.00,0.00,0.00,0.00,0,2,Rank 1,24,192,1,69,-,69,12,25,25,25,256QAM,0,SMDL,0,0,0,0.00,0.00,0.00,0.06,Rank 2,4,8,12,-,2 x 2,HandOver,23443,Free,17,FORMAT_0,304,57,Success,23443,2,-,4,-1,4,-,12,-,1,1,-,-,-,-,-,-,-,-,-,-,-,-,-,Registered,Normal Service,9,269,18,D4A6D4C1,832,19,30kHz,992,-,4,1,-,-,New trans.,0,0,256QAM,40,1,23443,827,3,0,0,Pass,1,QPSK,0,16,1,0,15,30kHz,Re trans.,-,2619,
20260725 15:25:29.684,24.830988,102.840500,12.38,1933,3,1,0.00,0.00,,,,,,,1,SA,460,00,中国移动,4456484,6879514665,1679569,41,Normal,-,1,41,100,100,504990,-,489,513000,513000,30kHz,503172,1099,-,ms20,Connected,SA,-0.7,4,1,-60,87,-65.5,-10.5,23.5,5,Not Barred,6,6312,-31.4,504990,489,-65.9;-63.3;-76.6;-65.8,-,21;23.5;255;255,27.3;31.4;255;255,-31.4;-34.4,6;5;6;3;4;1;0,490;489;489;489;489;829;127,-97.7;-66.4;-64.9;-71.8;-70.7;-84.3;-90,-25.8;-10.4;-10.5;-10.4;-10.5;-19.6;-21,255;255;255;255;255;255;255,1;0;0;0,504990;504990;504990;504990,489;490;829;127,5;6;1;0,-,4;1;1;1,-65.5;-81.7;-82.7;-90,-10.5;-20.8;-18.2;-21,23.5;255;255;255,1,2,2,QPSK,-,100,0,0,0,0.00,0.00,0.00,0.00,0,2,Rank 1,16,32,1,357,-,357,12,24.4,25,24,256QAM,0,SMDL,0,0,0,0.00,0.00,0.00,0.02,Rank 2,4,36,10,-,2 x 2,HandOver,23443,Free,17,FORMAT_0,304,57,Success,23443,2,-,2,2,4,-,10,-,1,1,-,-,-,-,-,-,-,-,-,-,-,-,-,Registered,Normal Service,9,269,18,D4A6D4C1,12,18,30kHz,944,-,4,1,-,-,New trans.,0,0,256QAM,76,1,23443,999,3,0,0,Pass,0,QPSK,2,16,2,0,15,30kHz,Re trans.,-,426,
20260725 15:25:30.699,24.830999,102.840568,13.14,1933,3,1,0.00,0.00,,,,,,,1,SA,460,00,中国移动,4456484,6879514665,1679569,41,Normal,-,1,41,100,100,504990,-,489,513000,513000,30kHz,503172,1099,-,ms20,Connected,SA,-0.7,4,1,-60,86,-63.8,-10.5,23.3,5,Not Barred,6,6312,-33.5,504990,489,-61.6;-68.2;-71.3;-64.3,-,28;7.8;255;255,30.3;26.3;255;255,-33.5;-34.4,7;5;6;0;4;0;1,490;489;489;489;489;829;127,-75.5;-62.8;-64.2;-67.1;-67.6;-81.2;-130,-14.7;-10.4;-10.5;-10.6;-10.5;-21.1;-34.4,255;255;255;255;255;255;255,1;0;0;0,504990;504990;504990;504990,489;490;829;127,5;7;0;1,-,4;1;1;1,-63.8;-75.5;-79.4;-124.3,-10.5;-15.5;-20.3;-32.3,23.3;255;255;255,1,2,2,QPSK,-,100,0,0,0,0.00,0.00,0.00,0.00,0,2,Rank 1,16,32,1,357,-,357,12,24.8,25,25,256QAM,0,SMDL,0,0,0,0.00,0.00,0.00,0.07,Rank 2,4,52,11,-,2 x 2,HandOver,23443,Free,17,FORMAT_0,304,57,Success,23443,2,-,1,-1,4,-,11,-,1,1,-,-,-,-,-,-,-,-,-,-,-,-,-,Registered,Normal Service,9,269,18,D4A6D4C1,80,8,30kHz,992,-,4,1,-,-,New trans.,0,0,256QAM,32,1,23443,75,3,0,0,Pass,1,QPSK,2,16,2,0,15,30kHz,Re trans.,-,426,
20260725 15:25:31.713,24.831012,102.840650,14.72,1933,3,1,0.00,0.00,,,,,,,1,SA,460,00,中国移动,4456484,6879514665,1679569,41,Normal,-,1,41,100,100,504990,-,489,513000,513000,30kHz,503172,1099,-,ms20,Connected,SA,-0.7,4,1,-60,86,-63.6,-10.5,20.2,5,Not Barred,6,6312,-25.1,504990,489,-64.2;-72.4;-81.4;-65.6,-,23.7;25.5;255;255,28.6;28.2;255;255,-25.1;-34.4,7;5;6;4;7;0,490;489;489;489;489;829,-74.6;-63.3;-63.3;-65.9;-67;-81.2,-18.1;-10.4;-10.6;-10.4;-10.7;-20.4,255;255;255;255;255;255,1;0;0,504990;504990;504990,489;490;829,5;7;0,-,4;1;1,-63.6;-74;-81.4,-10.5;-17.6;-20.4,20.2;255;255,1,2,2,QPSK,-,100,0,0,0,0.00,0.00,0.00,0.00,0,2,Rank 1,16,32,1,357,-,357,12,24.8,25,25,256QAM,0,SMDL,0,0,0,0.00,0.00,0.00,0.10,Rank 2,4,0,11,-,2 x 2,HandOver,23443,Free,17,FORMAT_0,304,57,Success,23443,2,-,1,0,4,-,11,-,1,1,-,-,-,-,-,-,-,-,-,-,-,-,-,Registered,Normal Service,9,269,18,D4A6D4C1,80,8,30kHz,992,-,4,1,-,-,New trans.,0,0,256QAM,32,1,23443,75,3,0,0,Pass,1,QPSK,2,16,2,0,15,30kHz,Re trans.,-,426,
20260725 15:25:32.726,24.831017,102.840717,15.52,1934,3,1,0.00,0.00,,,,,,,1,SA,460,00,中国移动,4456484,6879514665,1679569,41,Normal,-,1,41,100,100,504990,-,489,513000,513000,30kHz,503172,1099,-,ms20,Connected,SA,-0.7,4,1,-60,90,-65.9,-10.6,14.8,5,Not Barred,6,6312,-32.1,504990,489,-68;-75;-80.4;-73.7,-,13.9;19;255;255,24.9;31.1;255;255,-32.1;-41.5,7;5;6;7;0;0;2,490;489;489;489;489;829;945,-73.7;-66;-65.2;-69.3;-72.7;-82.2;-86.3,-14;-10.5;-10.5;-11.2;-11.2;-18;-21.5,255;255;255;255;255;255;255,1;0;0;0,504990;504990;504990;504990,489;490;829;945,5;7;0;2,-,4;1;1;1,-65.9;-73.9;-83.4;-85.7,-10.6;-14.3;-17.5;-20.9,14.8;255;255;255,2,2,2,QPSK,-,100,0,0,0,0.00,0.00,0.00,0.00,0,2,Rank 1,16,32,1,69,-,69,12,25,31,25,256QAM,0,SMDL,0,0,0,0.00,0.00,0.00,0.00,Rank 2,4,52,11,-,2 x 2,HandOver,23443,Free,17,FORMAT_0,304,57,Success,23443,2,-,4,2,4,-,11,-,1,1,-,-,-,-,-,-,-,-,-,-,-,-,-,Registered,Normal Service,9,269,18,D4A6D4C1,320,8,30kHz,992,-,4,1,-,-,New trans.,0,0,256QAM,80,1,23443,315,3,0,0,Pass,1,QPSK,0,16,1,0,15,30kHz,Re trans.,-,463,
20260725 15:25:33.737,24.831015,102.840760,16.13,1934,3,1,0.00,0.00,,,,,,,1,SA,460,00,中国移动,4456484,6879514665,1679569,41,Normal,-,1,41,100,100,504990,-,489,513000,513000,30kHz,503172,1099,-,ms20,Connected,SA,-0.7,5,1,-60,90,-66.1,-10.7,14.5,5,Not Barred,6,6312,-27.1,504990,489,-73.6;-73.6;-73.9;-80.9,-,8.3;14;255;255,21.7;27.1;255;255,-27.1;-36.4,7;5;6;0;7;1;4,490;489;489;489;489;829;945,-75.6;-66.5;-65.7;-74.8;-69.7;-85.2;-81.4,-15.6;-10.6;-10.5;-11.5;-11.2;-18.3;-17.7,255;255;255;255;255;255;255,1;0;0;0,504990;504990;504990;504990,489;490;945;829,5;7;4;1,-,4;1;1;1,-66.1;-75.6;-81.6;-84.4,-10.7;-15.6;-18.6;-17.7,14.5;255;255;255,2,2,2,QPSK,-,100,0,0,0,0.00,0.00,0.00,0.00,0,2,Rank 1,16,32,1,69,-,69,12,24.9,25,25,256QAM,0,SMDL,0,0,0,0.00,0.00,0.00,0.10,Rank 2,4,128,11,-,2 x 2,HandOver,23443,Free,17,FORMAT_0,304,57,Success,23443,2,-,2,1,4,-,11,-,1,1,-,-,-,-,-,-,-,-,-,-,-,-,-,Registered,Normal Service,9,269,18,D4A6D4C1,373,8,30kHz,992,-,4,1,-,-,New trans.,0,0,256QAM,83,0,23443,368,3,0,0,Pass,0,QPSK,0,16,1,0,15,30kHz,Re trans.,-,463,
20260725 15:25:34.754,24.831011,102.840809,17.10,1934,3,1,0.00,0.00,,,,,,,1,SA,460,00,中国移动,4456484,6879514665,1679569,41,Normal,-,1,41,100,100,504990,-,489,513000,513000,30kHz,503172,1099,-,ms20,Connected,SA,-0.7,4,1,-60,91,-65.8,-10.8,8.2,5,Not Barred,6,6312,-35.6,504990,489,-72.3;-81.6;-82.4;-72.1,-,13.5;13.3;255;255,16.4;22.7;255;255,-35.6;-37.4,7;5;6;7;1;0;4;2,490;489;489;489;489;829;945;843,-74.6;-66.8;-64.7;-68.2;-74.4;-77.8;-82.8;-84.5,-14.7;-10.7;-10.5;-11.6;-11.9;-16.2;-21.5;-17.9,255;255;255;255;255;255;255;255,1;0;0;0;0,504990;504990;504990;504990;504990,489;490;829;945;843,5;7;0;4;2,-,4;1;1;1;1,-65.8;-75.7;-77.8;-82;-84.3,-10.8;-15.6;-14.9;-21.3;-18.5,8.2;255;255;255;255,0,0,0,QPSK,-,100,0,0,0,0.00,0.00,0.00,0.00,0,1,Rank 1,16,80,5,209,-,209,12,24.5,31,25,256QAM,0,SMDL,0,0,0,0.00,0.00,0.01,0.24,Rank 2,4,104,45,-,2 x 2,HandOver,23443,Free,17,FORMAT_0,304,57,Success,23443,2,-,4,0,4,-,45,-,1,5,-,-,-,-,-,-,-,-,-,-,-,-,-,Registered,Normal Service,9,269,18,D4A6D4C1,528,19,30kHz,992,-,4,1,-,-,New trans.,0,0,256QAM,80,0,23443,527,10,0,0,Pass,1,QPSK,4,16,2,0,15,30kHz,Re trans.,-,345,
20260725 15:25:35.769,24.831009,102.840868,17.53,1934,3,1,0.00,0.00,,,,,,,1,SA,460,00,中国移动,4456484,6879514665,1679569,41,Normal,-,1,41,100,100,504990,-,489,513000,513000,30kHz,503172,1099,-,ms20,Connected,SA,-0.7,4,1,-60,91,-63,-10.7,14.4,5,Not Barred,6,6312,-35.6,504990,489,-67.1;-80.8;-76.3;-66.9,-,11.4;13.6;22.9;12.7,22.6;27;255;255,-35.6;-39.1,7;5;6;4;7;1;4;2,490;489;489;489;489;829;945;843,-71.6;-64.4;-63.5;-76.3;-67;-73.1;-85.7;-89.4,-14;-10.6;-10.5;-11.5;-11.3;-12.7;-21.2;-22.2,255;255;255;255;255;255;255;255,1;0;0;0;0,504990;504990;504990;504990;504990,489;490;829;945;843,5;7;1;4;2,-,4;1;1;1;1,-63;-71.6;-73.8;-85.6;-89.3,-10.7;-14;-12.9;-21.4;-22.2,14.4;255;255;255;255,0,0,0,QPSK,-,100,0,0,0,0.06,0.06,0.00,0.00,4.5,1,Rank 1,16,80,23,106,-,106,11,24.7,27,25,256QAM,0,SMDL,0,0,0,0.00,0.00,0.05,0.19,Rank 2,4,368,90,-,2 x 2,HandOver,23443,Free,17,FORMAT_0,304,57,Success,23443,2,-,3,0,4,-,90,-,1,23,-,-,-,-,-,-,-,-,-,-,-,-,-,Registered,Normal Service,9,269,18,D4A6D4C1,562,8,30kHz,992,-,4,1,-,-,New trans.,0,0,256QAM,32,1,23443,556,16,0,0,Pass,1,QPSK,2,16,2,0,15,30kHz,Re trans.,-,345,
20260725 15:25:36.776,24.831008,102.840917,17.14,1934,3,1,0.00,0.00,,,,,,,1,SA,460,00,中国移动,4456484,6879514665,1679569,41,Normal,-,1,41,100,100,504990,-,489,513000,513000,30kHz,503172,1099,-,ms20,Connected,SA,-0.8,4,1,-60,86,-65.5,-10.8,24.7,6,Not Barred,6,6312,-26.1,504990,489,-60.4;-61.9;-111.6;-66.6,-,27.7;24.1;255;255,19.7;15.8;255;255,-26.1;-26.4,7;6;7;5;1;1;4,490;489;489;489;489;829;945,-70.8;-64.3;-66.1;-66;-74.3;-77.7;-84.4,-14.7;-10.4;-11.3;-10.6;-12.1;-15.1;-21.3,255;255;255;255;255;255;255,1;0;0;0,504990;504990;504990;504990,489;490;829;945,6;7;1;4,-,4;1;1;1,-65.5;-70.8;-77;-85.4,-10.8;-14.7;-14.2;-21.1,24.7;255;255;255,4.6,30,2,QPSK,-,79.2,12.5,8.3,0,0.00,0.00,0.16,0.17,0,2,Rank 1,28,688,1,106,-,106,11,24.8,25,25,256QAM,0,SMDL,0,0,0,0.04,0.04,0.00,0.68,Rank 2,4,48,25,-,2 x 2,HandOver,23443,Free,17,FORMAT_0,304,57,Success,23443,2,-,1,0,4,-,25,-,1,1,-,-,-,-,-,-,-,-,-,-,-,-,-,Registered,Normal Service,9,269,18,D4A6D4C1,732,18,30kHz,800,-,4,1,-,-,New trans.,0,0,256QAM,56,1,23443,677,3,0,0,Pass,0,QPSK,2,16,2,0,15,30kHz,Re trans.,-,20785,
20260725 15:25:37.788,24.831010,102.840957,17.21,1934,3,1,0.00,0.00,,,,,,,1,SA,460,00,中国移动,4456484,6879514665,1679569,41,Normal,-,1,41,100,100,504990,-,489,513000,513000,30kHz,503172,1099,-,ms20,Connected,SA,-0.8,4,1,-60,88,-66.2,-10.7,22.8,6,Not Barred,6,6312,-30.3,504990,489,-64.4;-66;-100.9;-69.4,-,18.2;19.8;255;255,22.4;12.5;255;255,-30.3;-32.6,7;6;7;5;1;0;4,490;489;489;489;489;829;945,-77.1;-64.5;-66.9;-69.3;-76;-77.4;-90.1,-17.8;-10.4;-11.2;-10.5;-11.7;-13.8;-21.2,255;255;255;255;255;255;255,1;0;0;0,504990;504990;504990;504990,489;490;829;945,6;7;0;4,-,4;1;1;1,-66.2;-77.1;-77.9;-89.4,-10.7;-18;-14.4;-21,22.8;255;255;255,4.6,30,2,QPSK,-,79.2,12.5,8.3,0,0.00,0.00,0.00,0.00,0,2,Rank 1,28,688,1,69,-,69,11,20.5,22,21,256QAM,0,SMDL,0,0,16.7,0.00,0.00,0.00,0.09,Rank 2,4,24,14,-,2 x 2,HandOver,23443,Free,17,FORMAT_0,304,57,Success,23443,2,-,6,3,4,-,14,-,1,1,-,-,-,-,-,-,-,-,-,-,-,-,-,Registered,Normal Service,9,269,18,D4A6D4C1,816,9,30kHz,800,-,4,1,-,-,New trans.,0,0,256QAM,55,1,23443,811,3,0,0,Pass,1,QPSK,0,16,1,0,15,30kHz,Re trans.,-,20785,
20260725 15:25:38.800,24.831013,102.840995,17.14,1934,3,1,0.00,0.00,,,,,,,1,SA,460,00,中国移动,4456484,6879514665,1679569,41,Normal,-,1,41,100,100,504990,-,489,513000,513000,30kHz,503172,1099,-,ms20,Connected,SA,-0.8,4,1,-60,92,-67.5,-10.9,25.1,6,Not Barred,6,6312,-29.3,504990,489,-63.9;-70.9;-98;-64.1,-,25.5;12.5;255;255,26.7;16.5;255;255,-29.3;-33.9,7;6;7;5;1;0;3;4,490;489;489;489;489;829;945;743,-77.6;-66.9;-67.8;-73.4;-78.8;-76.8;-92.2;-87.5,-17.2;-10.4;-11.5;-10.9;-12.7;-13.1;-20.3;-16.6,255;255;255;255;255;255;255;255,1;0;0;0;0,504990;504990;504990;504990;504990,489;490;829;743;945,6;7;0;4;3,-,4;1;1;1;1,-67.5;-77.9;-77.9;-86.7;-92.3,-10.9;-17;-12.9;-16.3;-20.3,25.1;255;255;255;255,0.8,3,0,QPSK,-,100,0,0,0,0.00,0.00,0.00,0.00,0,1,Rank 1,16,64,3,69,-,69,11,23.1,25,25,256QAM,0,SMDL,0,0,0,0.00,0.00,0.00,0.04,Rank 2,4,96,28,-,2 x 2,HandOver,23443,Free,17,FORMAT_0,304,57,Success,23443,2,-,10,5,4,-,28,-,1,3,-,-,-,-,-,-,-,-,-,-,-,-,-,Registered,Normal Service,9,269,18,D4A6D4C1,920,8,30kHz,992,-,4,1,-,-,New trans.,0,0,256QAM,84,1,23443,915,3,0,0,Pass,0,QPSK,0,16,1,0,15,30kHz,Re trans.,-,364,
20260725 15:25:39.811,24.831015,102.841043,17.14,1934,3,1,0.00,0.00,,,,,,,1,SA,460,00,中国移动,4456484,6879514665,1679569,41,Normal,-,1,41,100,100,504990,-,489,513000,513000,30kHz,503172,1099,-,ms20,Connected,SA,-0.8,4,1,-60,89,-68.7,-11,19.5,6,Not Barred,6,6312,-34.9,504990,489,-68.1;-76.7;-104.2;-79.2,-,19.5;8.6;255;255,24;15;255;255,-34.9;-43.1,7;6;7;5;0;1;3;4,490;489;489;489;489;829;945;743,-76.1;-68.2;-68.8;-75.1;-79.9;-77.4;-98;-98.9,-15.3;-10.5;-11.4;-11.2;-15.6;-11.7;-22.3;-21.8,255;255;255;255;255;255;255;255,1;0;0;0;0,504990;504990;504990;504990;504990,489;490;829;945;743,6;7;1;3;4,-,4;1;1;1;1,-68.7;-77;-77.1;-98;-98.9,-11;-15.8;-12.3;-22.3;-21.8,19.5;255;255;255;255,0.8,3,0,QPSK,-,100,0,0,0,0.00,0.00,0.00,0.00,0,1,Rank 1,16,64,3,69,-,69,11,24.5,25,25,256QAM,0,SMDL,0,0,0,0.00,0.00,0.00,0.16,Rank 2,4,100,28,-,2 x 2,HandOver,23443,Free,17,FORMAT_0,304,57,Success,23443,2,-,8,3,4,-,28,-,1,3,-,-,-,-,-,-,-,-,-,-,-,-,-,Registered,Normal Service,9,269,18,D4A6D4C1,1018,9,30kHz,848,-,4,1,-,-,New trans.,0,0,256QAM,92,1,23443,1013,3,0,0,Pass,0,QPSK,0,16,1,0,15,30kHz,Re trans.,-,364,
20260725 15:25:40.825,24.831015,102.841104,17.28,1934,3,1,0.00,0.00,,,,,,,1,SA,460,00,中国移动,4456484,6879514665,1679569,41,Normal,-,1,41,100,100,504990,-,489,513000,513000,30kHz,503172,1099,-,ms20,Connected,SA,-0.8,4,1,-60,97,-74.3,-11.4,19.7,6,Not Barred,6,6312,-33.6,504990,489,-76.4;-69.9;-104.5;-71.3,-,19.8;12.1;255;255,17.4;14.4;255;255,-33.6;-36.9,7;6;7;5;4;0;3;5,490;489;489;489;489;829;945;743,-76.6;-73.2;-73;-77.3;-82.4;-83.3;-92.9;-81.8,-13.3;-10.6;-11.6;-11.7;-11.6;-14;-20.2;-16.1,255;255;255;255;255;255;255;255,1;0;0;0;0,504990;504990;504990;504990;504990,489;490;743;829;945,6;7;5;0;3,-,4;1;1;1;1,-74.3;-76.9;-83.2;-83.5;-92.9,-11.4;-13.6;-16.5;-14.5;-20.2,19.7;255;255;255;255,1.3,2,2,QPSK,-,100,0,0,0,0.00,0.00,0.00,0.00,0,2,Rank 1,16,48,1,69,-,69,11,23.5,25,25,256QAM,0,SMDL,0,0,0,0.00,0.00,0.00,0.18,Rank 2,4,80,17,-,2 x 2,HandOver,23443,Free,17,FORMAT_0,304,57,Success,23443,2,-,8,6,4,-,17,-,1,1,-,-,-,-,-,-,-,-,-,-,-,-,-,Registered,Normal Service,9,269,18,D4A6D4C1,104,8,30kHz,944,-,4,1,-,-,New trans.,0,0,256QAM,88,1,23443,99,3,0,0,Pass,0,QPSK,0,16,1,0,15,30kHz,Re trans.,-,532,
20260725 15:25:41.839,24.831005,102.841106,18.07,1934,3,1,0.00,0.00,,,,,,,1,SA,460,00,中国移动,4456484,6879514665,1679569,41,Normal,-,1,41,100,100,504990,-,489,513000,513000,30kHz,503172,1099,-,ms20,Connected,SA,-0.8,3,1,-60,97,-73.1,-11,22.3,6,Not Barred,6,6312,-34.5,504990,489,-70.1;-67.3;-102.3;-76.4,-,13.9;11.3;12.9;5.6,16.1;13;255;255,-37.1;-34.5,7;6;7;5;2;0;3;5;4,490;489;489;489;489;829;945;743;863,-77;-72.4;-72.4;-78.4;-85.1;-78.4;-97.3;-81.7;-92.4,-16.3;-10.5;-11.4;-11.5;-12.7;-11.7;-21.6;-15.6;-17.9,255;255;255;255;255;255;255;255;255,1;0;0;0;0;0,504990;504990;504990;504990;504990;504990,489;490;829;743;863;945,6;7;0;5;4;3,-,4;1;1;1;1;1,-73.1;-77.2;-78.8;-82.2;-90.8;-97.3,-11;-16.3;-12;-14.7;-17;-21.6,22.3;255;255;255;255;255,1.1,2,2,QPSK,-,100,0,0,0,0.00,0.00,0.00,0.00,0,2,Rank 1,16,116,6,106,-,106,11,22.3,24,21,256QAM,0,SMDL,0,0,0,0.00,0.00,0.00,0.14,Rank 2,4,96,37,-,2 x 2,HandOver,23443,Free,17,FORMAT_0,304,57,Success,23443,2,-,8,3,4,-,37,-,1,5,-,-,-,-,-,-,-,-,-,-,-,-,-,Registered,Normal Service,9,269,18,D4A6D4C1,215,8,30kHz,800,-,4,1,-,-,New trans.,0,0,256QAM,79,0,23443,214,16,0,0,Pass,0,QPSK,2,16,2,0,15,30kHz,Re trans.,-,576,
20260725 15:25:42.851,24.831015,102.841155,18.43,1935,3,1,0.00,0.00,,,,,,,1,SA,460,00,中国移动,4456484,6879514665,1679569,41,Normal,-,1,41,100,100,504990,-,489,513000,513000,30kHz,503172,1099,-,ms20,Connected,SA,-0.8,3,1,-60,94,-71.1,-10.7,20.6,6,Not Barred,6,6312,-36.8,504990,489,-73.9;-70.1;-102;-77.9,-,18;13.6;255;255,23.3;15.9;255;255,-36.8;-48.5,7;6;7;5;1;1;3;4;2;3,490;489;489;489;489;829;945;743;863;664,-98.9;-71.2;-71;-77.8;-81.4;-73.3;-98.2;-92.9;-98.5;-89.6,-24.4;-10.4;-10.9;-11.2;-15.9;-10.9;-22.6;-18.8;-22.3;-15.1,255;255;255;255;255;255;255;255;255;255,1;0;0;0;0;0;0,504990;504990;504990;504990;504990;504990;504990,489;829;490;664;743;863;945,6;1;7;3;4;2;3,-,4;1;1;1;1;1,-71.1;-74.1;-85.2;-89.6;-92.1;-96.3;-98.2,-10.8;-10.8;-16.5;-16.3;-14.9;-19,18;255;255;255;255;255,1.1,2,2,QPSK,-,100,0,0,0,0.03,0.03,0.00,0.00,0,2,Rank 1,16,116,13,69,-,69,11,20,23,21,256QAM,0,SMDL,0,0,29.8,0.00,0.00,0.00,0.16,Rank 2,4,376,84,-,2 x 2,HandOver,23443,Free,17,FORMAT_0,304,57,Success,23443,2,-,4,5,4,-,84,-,1,13,-,-,-,-,-,-,-,-,-,-,-,-,-,Registered,Normal Service,9,269,18,D4A6D4C1,304,8,30kHz,688,-,4,1,-,-,New trans.,0,0,64QAM,80,1,23443,299,3,0,0,Pass,0,QPSK,0,16,1,0,15,30kHz,Re trans.,-,576,
20260725 15:25:43.865,24.831023,102.841206,19.37,1935,3,1,0.00,0.00,,,,,,,1,SA,460,00,中国移动,4456484,6879514665,1679569,41,Normal,-,1,41,100,100,504990,-,489,513000,513000,30kHz,503172,1099,-,ms20,Connected,SA,-0.8,3,1,-60,94,-70.4,-10.7,22,6,Not Barred,6,6312,-34.1,504990,489,-74.6;-69.7;-101.6;-71.9,-,20.8;14.1;255;255,18;14.4;255;255,-34.1;-39.5,7;6;7;5;4;1;5;5,490;489;489;489;489;829;664;743,-77.3;-70.6;-70.4;-79.6;-81.2;-79.8;-87.9;-86.6,-16.8;-10.4;-10.9;-11.5;-11.2;-12.1;-18.8;-17.8,255;255;255;255;255;255;255;255,1;0;0;0;0,504990;504990;504990;504990;504990,489;490;829;743;664,6;7;1;5;5,-,4;1;1;1;1,-70.4;-77.3;-80.4;-85.9;-88.4,-10.7;-16.8;-12.4;-16.3;-17.8,22;255;255;255;255,4.8,13,2,QPSK,-,69.2,0,30.8,0,0.00,0.00,0.06,0.06,0,1,Rank 1,24,320,13,69,-,69,11,19.1,25,19,64QAM,0,SMDL,0,0,65.8,0.01,0.01,0.01,0.55,Rank 2,4,152,84,-,2 x 2,HandOver,23443,Free,17,FORMAT_0,304,57,Success,23443,2,-,10,7,4,-,84,-,1,13,-,-,-,-,-,-,-,-,-,-,-,-,-,Registered,Normal Service,9,269,18,D4A6D4C1,372,19,30kHz,992,-,4,1,-,-,New trans.,0,0,256QAM,92,1,23443,367,14,0,0,Pass,1,QPSK,0,16,1,0,15,30kHz,Re trans.,-,7303,
20260725 15:25:44.878,24.831029,102.841259,20.02,1935,3,1,0.00,0.00,,,,,,,1,SA,460,00,中国移动,4456484,6879514665,1679569,41,Normal,-,1,41,100,100,504990,-,489,513000,513000,30kHz,503172,1099,-,ms20,Connected,SA,-0.8,3,1,-60,91,-70.2,-10.7,18.2,6,Not Barred,6,6312,-39.5,504990,489,-82.4;-73.8;-104.8;-79.9,-,12.5;18.7;3.1;0.2,15.7;14;255;255,-39.5;-42.9,7;6;7;2;4;1;5;5,490;489;489;489;489;829;664;743,-90.2;-70;-70.5;-81.7;-81.8;-79.9;-87.9;-108.8,-21.3;-10.5;-11.2;-11.2;-11.3;-11.8;-20.1;-25.6,255;255;255;255;255;255;255;255,1;0;0;0;0,504990;504990;504990;504990;504990,489;829;490;664;743,6;1;7;5;5,-,4;1;1;1;1,-70.2;-80.3;-81.4;-88.2;-98.2,-10.7;-12.2;-17.8;-18.9;-21.5,18.2;255;255;255;255,0,0,0,QPSK,-,100,0,0,0,0.00,0.00,0.00,0.00,0,1,Rank 1,16,64,4,69,-,69,11,23.9,25,24,256QAM,0,SMDL,0,0,0,0.00,0.00,0.00,0.21,Rank 2,4,88,34,-,2 x 2,HandOver,23443,Free,17,FORMAT_0,304,57,Success,23443,2,-,6,10,4,-,34,-,1,4,-,-,-,-,-,-,-,-,-,-,-,-,-,Registered,Normal Service,9,269,18,D4A6D4C1,492,9,30kHz,944,-,4,1,-,-,New trans.,0,0,256QAM,72,1,23443,487,3,0,0,Pass,1,QPSK,0,16,1,0,15,30kHz,Re trans.,-,276,
20260725 15:25:45.891,24.831038,102.841312,19.80,1935,3,1,0.00,0.00,,,,,,,1,SA,460,00,中国移动,4456484,6879514665,1679569,41,Normal,-,1,41,100,100,504990,-,489,513000,513000,30kHz,503172,1099,-,ms20,Connected,SA,-0.8,4,1,-60,92,-69.1,-10.7,18.9,6,Not Barred,6,6312,-37.5,504990,489,-75.8;-71.8;-106.5;-71.1,-,12.8;17.5;255;255,22.5;18.4;255;255,-37.5;-39.3,7;6;7;5;4;1;5,490;489;489;489;489;829;664,-76.3;-69.4;-69.3;-77.8;-83.3;-80.8;-87.9,-18.3;-10.4;-11.1;-11.1;-11.7;-12.5;-20.6,255;255;255;255;255;255;255,1;0;0;0,504990;504990;504990;504990,489;490;829;664,6;7;1;5,-,4;1;1;1,-69.1;-76.4;-81.4;-87.4,-10.7;-18.1;-12.4;-19.2,18.9;255;255;255,0,0,0,QPSK,-,100,0,0,0,0.00,0.00,0.00,0.00,0,1,Rank 1,16,64,3,69,-,69,11,23,24,24,256QAM,0,SMDL,0,0,0,0.00,0.00,0.00,0.16,Rank 2,4,52,35,-,2 x 2,HandOver,23443,Free,17,FORMAT_0,304,57,Success,23443,2,-,6,6,4,-,35,-,1,2,-,-,-,-,-,-,-,-,-,-,-,-,-,Registered,Normal Service,9,269,18,D4A6D4C1,606,18,30kHz,800,-,4,1,-,-,New trans.,0,0,256QAM,76,2,23443,595,3,0,0,Pass,1,QPSK,0,16,1,0,15,30kHz,Re trans.,-,276,
20260725 15:25:46.905,24.831045,102.841366,20.45,1935,3,1,0.00,0.00,,,,,,,1,SA,460,00,中国移动,4456484,6879514665,1679569,41,Normal,-,1,41,100,100,504990,-,489,513000,513000,30kHz,503172,1099,-,ms20,Connected,SA,-0.8,4,1,-60,98,-74.7,-11,22.4,6,Not Barred,6,6312,-39.5,504990,489,-77.2;-72.1;-108.6;-74.9,-,5.1;19.1;255;255,13.8;16.9;255;255,-53.3;-39.5,7;6;7;5;2;1;1;2,490;489;489;489;489;829;664;4,-82.2;-74.5;-75.2;-84.5;-85.3;-86.1;-103.7;-88.3,-17.4;-10.5;-11.5;-12;-11.8;-13.9;-24.3;-15,255;255;255;255;255;255;255;255,1;0;0;0;0,504990;504990;504990;504990;504990,489;490;829;4;664,6;7;1;2;1,-,4;1;1;1;1,-74.7;-82.7;-86.7;-88.3;-92.4,-11;-17.1;-14;-15;-18.5,22.4;255;255;255;255,0.5,2,0,QPSK,-,100,0,0,0,0.00,0.00,0.00,0.00,33.3,2,Rank 1,19,76,3,106,-,106,11,21.3,24,24,256QAM,0,SMDL,0,0,28,0.00,0.00,0.00,0.09,Rank 2,4,100,35,-,2 x 2,HandOver,23443,Free,17,FORMAT_0,304,57,Success,23443,2,-,11,10,4,-,35,-,1,2,-,-,-,-,-,-,-,-,-,-,-,-,-,Registered,Normal Service,9,269,18,D4A6D4C1,682,18,30kHz,944,-,4,1,-,-,New trans.,0,0,256QAM,72,1,23443,677,14,0,0,Pass,0,QPSK,28,32,2,0,15,30kHz,New trans.,-,263,
20260725 15:25:47.917,24.831054,102.841423,20.81,1936,3,1,0.00,0.00,,,,,,,1,SA,460,00,中国移动,4456484,6879514665,1679569,41,Normal,-,1,41,100,100,504990,-,489,513000,513000,30kHz,503172,1099,-,ms20,Connected,SA,-0.8,3,1,-60,102,-77.9,-11.2,14.5,6,Not Barred,6,6312,-37.9,504990,489,-81.2;-77.2;-115.4;-78.7,-,6.9;19.3;10.8;6.5,12.6;10.3;255;255,-51.9;-37.9,7;6;7;2;5;1;2;3;4;7;5,490;489;489;489;489;829;664;4;743;663;742,-87.1;-78.2;-76.9;-84.5;-87.6;-82.3;-90.1;-123.4;-97.6;-99.2;-112.2,-17.3;-10.7;-11.6;-11.7;-12.7;-11.8;-17.6;-29.5;-18.2;-22.2;-25.8,255;255;255;255;255;255;255;255;255;255;255,1;0;0;0;0;0;0;0,504990;504990;504990;504990;504990;504990;504990;504990,489;829;490;664;743;663;742;4,6;1;7;2;4;7;5;3,-,4;1;1;1;1;1;1;1,-77.9;-83;-87.5;-90.9;-95.4;-99.2;-112.2;-121.8,-11.2;-12.1;-16.4;-16.9;-17.4;-22.2;-25.8;-29,14.5;255;255;255;255;255;255;255,7,28,0,QPSK,-,100,0,0,0,0.00,0.00,0.00,0.00,0,1,Rank 1,20,80,3,69,-,69,11,24,25,25,256QAM,0,SMDL,0,0,0,0.00,0.00,0.00,0.16,Rank 2,4,184,26,-,2 x 2,HandOver,23443,Free,17,FORMAT_0,304,57,Success,23443,2,-,14,10,4,-,26,-,1,3,-,-,-,-,-,-,-,-,-,-,-,-,-,Registered,Normal Service,9,269,18,D4A6D4C1,800,9,30kHz,992,-,4,1,-,-,New trans.,0,0,256QAM,64,1,23443,795,3,0,0,Pass,0,QPSK,0,16,1,0,15,30kHz,Re trans.,-,313,
20260725 15:25:48.924,24.831062,102.841480,21.35,1936,3,1,0.00,0.00,,,,,,,1,SA,460,00,中国移动,4456484,6879514665,1679569,41,Normal,-,1,41,100,100,504990,-,489,513000,513000,30kHz,503172,1099,-,ms20,Connected,SA,-0.8,3,1,-60,105,-80,-11.4,10,6,Not Barred,6,6312,-42.6,504990,489,-88.9;-77.6;-108.3;-85.2,-,4.6;-2.6;255;255,6.7;8.4;255;255,-50.8;-42.6,7;6;7;3;1;0;2;7;4;5,490;489;489;489;489;829;664;663;743;742,-91.1;-80.9;-79.9;-88.3;-89.9;-84.8;-89.7;-119.6;-91;-89.6,-17.9;-11;-11.6;-12.4;-15.7;-11.8;-14.1;-28.2;-16.4;-15.1,255;255;255;255;255;255;255;255;255;255,1;0;0;0;0;0;0,504990;504990;504990;504990;504990;504990;504990,489;829;490;742;664;743;663,6;0;7;5;2;4;7,-,4;1;1;1;1;1;1,-80;-85.4;-89.4;-89.6;-90.3;-91;-94.9,-11.4;-12.2;-17.4;-15.1;-15.1;-16.4;-18.3,10;255;255;255;255;255;255,0.1,1,0,QPSK,-,100,0,0,0,0.00,0.00,0.00,0.00,0,2,Rank 1,16,144,10,106,-,106,10,20.9,31,16,256QAM,0,SMDL,0,0,34.7,0.00,0.00,0.00,0.33,Rank 2,4,288,96,-,2 x 2,HandOver,23443,Free,17,FORMAT_0,304,57,Success,23443,2,-,11,14,4,-,96,-,1,10,-,-,-,-,-,-,-,-,-,-,-,-,-,Registered,Normal Service,9,269,18,D4A6D4C1,924,9,30kHz,688,-,4,1,-,-,New trans.,0,1,64QAM,80,1,23443,920,14,0,0,Pass,0,QPSK,2,16,2,0,15,30kHz,Re trans.,-,618,
20260725 15:25:49.936,24.831072,102.841538,21.71,1936,3,1,0.00,0.00,,,,,,,1,SA,460,00,中国移动,4456484,6879514665,1679569,41,Normal,-,1,41,100,100,504990,-,489,513000,513000,30kHz,503172,1099,-,ms20,Connected,SA,-0.8,2,1,-60,107,-83.1,-12.2,3.2,6,Not Barred,6,6312,-45.3,504990,489,-88.3;-95.5;-115.9;-86.6,-,1.4;11.4;255;255,4.7;4.9;255;255,-55;-45.3,7;6;7;0;5;0;0;7;4;5;3,490;489;489;489;489;829;664;663;743;742;4,-83.7;-83.5;-81.8;-90.5;-89.1;-85.9;-96.3;-85.9;-84.1;-84.4;-91.9,-14;-11.3;-13;-16.3;-15.8;-13.3;-20.7;-16.4;-12.6;-13.7;-15.1,255;255;255;255;255;255;255;255;255;255;255,1;0;0;0;0;0;0;0,504990;504990;504990;504990;504990;504990;504990;504990,489;743;742;490;829;663;664;4,6;4;5;7;0;7;0;3,-,4;1;1;1;1;1;1;1,-83.1;-84.1;-84.4;-84.7;-86;-86.4;-91.4;-91.7,-12.2;-12.6;-13.7;-14.7;-13.3;-17.4;-16.1;-15.8,3.2;255;255;255;255;255;255;255,5.1,30,1,QPSK,-,75,15,10,0,0.04,0.04,0.00,0.00,10.5,1,Rank 1,33,660,18,69,-,69,10,17.7,30,19,64QAM,0,SMDL,0,0,96.1,0.00,0.00,0.01,0.44,Rank 2,4,508,127,-,2 x 2,HandOver,23443,Free,17,FORMAT_0,304,57,Success,23443,2,-,11,18,4,-,127,-,1,18,-,-,-,-,-,-,-,-,-,-,-,-,-,Registered,Normal Service,9,269,18,D4A6D4C1,1022,18,30kHz,768,-,4,1,-,-,New trans.,0,0,256QAM,79,1,23443,1017,14,0,0,Pass,0,QPSK,0,16,1,0,15,30kHz,Re trans.,-,16793,
20260725 15:25:50.947,24.831077,102.841596,21.24,1936,3,1,0.00,0.00,,,,,,,1,SA,460,00,中国移动,4456484,6879514665,1679569,41,Normal,-,1,41,100,100,504990,-,742,513000,513000,30kHz,503172,1099,-,ms20,Connected,SA,-0.8,2,6,-58,95,-77,-11.8,6.8,5,Not Barred,6,6312,-39.5,504990,742,-83.2;-76.8;-113.4;-83.3,-,2.8;5.9;4.2;3.6,-16.7;-5.4;-30.1;-16.3,-47.5;-47.4;-69.6;-39.5,7;6;1;2;7;4;5;6;3;2;2,490;489;829;664;663;743;742;742;742;742;4,-88.3;-82.5;-87.2;-90.3;-88.3;-74.5;-77;-107.2;-96.8;-110.5;-88,-17.7;-11.9;-13.8;-14.8;-16.2;-10.6;-11.8;-26;-20.7;-26.1;-15.6,255;255;255;255;255;255;255;255;255;255;255,1;0;0;0;0;0;0;0,504990;504990;504990;504990;504990;504990;504990;504990,742;743;489;829;4;490;663;664,5;4;6;1;2;7;7;2,-,4;1;1;1;1;1;1;1,-77;-74.5;-82.4;-87;-88.3;-88.4;-88.5;-90.9,-11.8;-10.6;-12.4;-13.2;-15.6;-17.9;-16.8;-15.4,6.8;255;255;255;255;255;255;255,0.6,4,0,QPSK,-,100,0,0,0,0.00,0.04,0.13,0.13,0,1,Rank 2,18,500,9,57,-,57,11,22.1,31,31,256QAM,0,SMDL,1.4,0,33.8,0.01,0.01,0.02,0.65,Rank 2,4,584,70,-,4 x 4,HandOver,14384,Free,17,FORMAT_0,262,57,Success,14384,4,-,7,-1,-4,-,70,-,1,8,-,-,-,-,-,-,-,-,-,-,-,-,-,Registered,Normal Service,9,269,18,D4A6D4C1,101,19,30kHz,608,-,4,1,-,-,New trans.,0,0,64QAM,104,1,14384,98,3,0,0,Pass,1,QPSK,0,16,3,0,15,30kHz,Re trans.,-,3059,
20260725 15:25:51.959,24.831087,102.841649,19.33,1937,3,1,0.00,0.00,,,,,,,1,SA,460,00,中国移动,4456484,6879514665,1679569,41,Normal,-,1,41,100,100,504990,-,743,513000,513000,30kHz,503172,1099,-,ms20,Connected,SA,-0.8,3,5,-60,103,-82,-11.4,5.7,4,Not Barred,6,6312,-51.5,504990,743,-95;-85.5;-127.3;-95.8,-,-6.7;0.8;-6.6;-4.1,-3.5;3.2;-13.6;-1.4,-51.8;-52.9;-60.1;-51.5,7;6;0;2;7;4;5;2;5;1,490;489;829;664;663;743;743;743;742;4,-90.6;-86;-88.6;-89.7;-90;-82;-101.5;-110.1;-89.5;-91.9,-16.9;-11.5;-12.9;-14.1;-16.5;-11.4;-21.8;-25.5;-14.3;-17.6,255;255;255;255;255;255;255;255;255;255,1;0;0;0;0;0;0;0,504990;504990;504990;504990;504990;504990;504990;504990,743;489;829;742;664;663;490;4,4;6;0;5;2;7;7;1,-,3;1;1;1;1;1;1;1,-82;-86.4;-88.4;-89.5;-89.7;-89.8;-90.7;-92.4,-11.4;-12.6;-13.3;-14.3;-13.3;-16.5;-16.9;-17.3,5.7;255;255;255;255;255;255;255,0.6,4,0,QPSK,-,100,0,0,0,0.00,0.00,0.02,0.02,7.1,1,Rank 2,18,500,35,69,-,69,11,18.4,31,16,64QAM,0,SMDL,0.5,4.2,74.3,0.01,0.01,0.15,0.85,Rank 2,4,1080,263,-,4 x 4,HandOver,15306,Free,17,FORMAT_0,230,127,Success,15306,5,-,13,3,2,-,263,-,3,32,-,-,-,-,-,-,-,-,-,-,-,-,-,Registered,Normal Service,9,269,18,D4A6D4C1,177,19,30kHz,437,-,4,1,-,-,New trans.,0,0,64QAM,103,1,15306,172,13,0,0,Pass,0,QPSK,0,16,1,0,15,30kHz,Re trans.,-,3059,
20260725 15:25:52.973,24.831096,102.841701,18.61,1937,3,1,0.00,0.00,,,,,,,1,SA,460,00,中国移动,4456484,6879514665,1679569,41,Normal,-,1,41,100,100,504990,-,489,513000,513000,30kHz,503172,1099,-,ms20,Connected,SA,-0.8,-1,1,-60,105,-84.7,-11.8,11.1,6,Not Barred,6,6312,-47.4,504990,489,-82.6;-81.5;-116.9;-90.3,-,12.2;9.3;1.6;8.8,6.9;4.1;255;255,-47.4;-48.1;-81.8;-50.6,7;6;7;5;0;1;2;4;4;5;2;3,490;489;489;489;489;829;664;663;743;742;4;940,-87.1;-84;-83.9;-87.3;-89.7;-89;-88.2;-102.7;-90.3;-118.7;-99.1;-109.2,-15.4;-10.9;-12.3;-12.2;-14.6;-13.6;-12.2;-21.7;-13.4;-27.4;-20.8;-24.3,255;255;255;255;255;255;255;255;255;255;255;255,1;0;0;0;0;0;0;0;0,504990;504990;504990;504990;504990;504990;504990;504990;504990,489;490;664;829;743;663;4;940;742,6;7;2;1;4;4;2;3;5,-,4;1;1;1;1;1;1;1;1,-84.7;-87.2;-87.4;-88.2;-90.3;-93.7;-96.4;-98.1;-118.7,-11.8;-15.4;-12.3;-13.1;-13.4;-18.2;-20.5;-21;-27.4,11.1;255;255;255;255;255;255;255;255,3.1,28,0,QPSK,-,100,0,0,0,0.00,0.00,0.03,0.03,0,1,Rank 1,21,516,13,69,-,69,10,15.8,31,8,16QAM,0,SMDL,1.1,43.6,36.2,0.00,0.01,0.21,1.14,Rank 2,4,392,97,-,2 x 2,HandOver,23415,Free,17,FORMAT_0,304,127,Success,23415,4,-,10,4,2,-,97,-,1,12,-,-,-,-,-,-,-,-,-,-,-,-,-,Registered,Normal Service,9,269,18,D4A6D4C1,308,19,30kHz,736,-,4,1,-,-,New trans.,0,0,64QAM,59,1,23415,308,14,0,0,Pass,0,QPSK,0,16,1,0,15,30kHz,Re trans.,-,3357,
20260725 15:25:53.987,24.831102,102.841751,17.82,1937,3,1,0.00,0.00,,,,,,,1,SA,460,00,中国移动,4456484,6879514665,1679569,41,Normal,-,1,41,100,100,504990,-,489,513000,513000,30kHz,503172,1099,-,ms20,Connected,SA,-0.8,-1,1,-60,108,-86.7,-12.2,5.7,6,Not Barred,6,6312,-43.8,504990,489,-89.7;-87.3;-121.7;-84.2,-,5.4;8;255;255,1.2;-1.6;255;255,-43.8;-46.8,7;6;7;2;0;1;4;7;4;5;3;2,490;489;489;489;489;829;664;663;743;742;4;940,-91.8;-86.2;-86.3;-94.9;-92.1;-88.2;-90.3;-86.8;-95.6;-119.8;-97.9;-89.9,-19;-11.3;-12.7;-16.9;-16.2;-14;-12.8;-14.1;-17.6;-28.1;-21.1;-13.4,255;255;255;255;255;255;255;255;255;255;255;255,1;0;0;0;0;0;0;0;0,504990;504990;504990;504990;504990;504990;504990;504990;504990,489;663;829;664;940;490;743;4;742,6;7;1;4;2;7;4;3;5,-,4;1;1;1;1;1;1;1;1,-86.7;-86.8;-88.6;-90.6;-91.7;-92.7;-95.6;-98.7;-119.8,-12.2;-14.1;-13.6;-13.6;-15.2;-19.4;-17.6;-21.7;-28.1,5.7;255;255;255;255;255;255;255;255,0.7,4,0,QPSK,-,100,0,0,0,0.00,0.00,0.01,0.01,0,1,Rank 1,18,468,23,69,-,69,7,22.1,31,25,256QAM,0,SMDL,1.1,0,45.6,0.00,0.01,0.07,0.34,Rank 2,8,360,120,-,2 x 2,HandOver,23415,Free,17,FORMAT_0,304,127,Success,23415,4,-,10,11,2,-,120,-,2,21,-,-,-,-,-,-,-,-,-,-,-,-,-,Registered,Normal Service,9,269,18,D4A6D4C1,386,8,30kHz,1473,-,8,1,-,-,-,0,1,64QAM,32,1,23415,380,3,0,0,Pass,1,QPSK,0,16,1,0,15,30kHz,Re trans.,-,3159,
20260725 15:25:55.002,24.831108,102.841803,18.22,1937,3,1,0.00,0.00,,,,,,,1,SA,460,00,中国移动,4456484,6879514665,1679569,41,Normal,-,1,41,100,100,504990,-,489,513000,513000,30kHz,503172,1099,-,ms20,Connected,SA,-0.8,-4,1,-60,109,-86.6,-12.3,10,6,Not Barred,6,6312,-48,504990,489,-87.8;-84.6;-119;-93.6,-,9.5;6.6;255;255,-7.6;-4.3;255;255,-50.6;-48,7;6;7;2;4;0;5;7;0;3;3,490;489;489;489;489;829;664;663;8;940;4,-90.7;-86.6;-85.7;-90.9;-91.9;-87.5;-89.4;-88.8;-108.7;-92.6;-119,-17;-11.1;-12.4;-15.9;-15.2;-13.1;-12.9;-14.6;-25.4;-15.6;-28.8,255;255;255;255;255;255;255;255;255;255;255,1;0;0;0;0;0;0;0,504990;504990;504990;504990;504990;504990;504990;504990,489;664;829;663;940;490;8;4,6;5;0;7;3;7;0;3,-,4;1;1;1;1;1;1;1,-86.6;-88;-88;-89;-90.6;-91;-108.5;-113.2,-12.3;-12.7;-13.5;-14.9;-14.3;-17.3;-25.3;-26.7,10;255;255;255;255;255;255;255,3.9,29,0,QPSK,-,77.8,22.2,0,0,0.00,0.00,0.01,0.01,12.5,1,Rank 1,17,160,8,69,-,69,9,17.2,31,12,64QAM,0,SMDL,0,22.2,47.6,0.00,0.01,0.10,0.54,Rank 2,4,276,77,-,2 x 2,HandOver,23415,Free,17,FORMAT_0,304,127,Success,23415,4,-,14,13,2,-,77,-,2,8,-,-,-,-,-,-,-,-,-,-,-,-,-,Registered,Normal Service,9,269,18,D4A6D4C1,496,8,30kHz,560,-,4,1,-,-,New trans.,0,0,64QAM,99,1,23415,491,3,0,0,Pass,0,QPSK,0,16,1,0,15,30kHz,Re trans.,-,1119,
20260725 15:25:56.015,24.831111,102.841854,18.32,1937,3,1,0.00,0.00,,,,,,,1,SA,460,00,中国移动,4456484,6879514665,1679569,41,Normal,-,1,41,100,100,504990,-,489,513000,513000,30kHz,503172,1099,-,ms20,Connected,SA,-0.8,-4,1,-60,111,-88.2,-14.2,7.6,6,Not Barred,6,6312,-50.8,504990,489,-90.6;-86.5;-150;-96.5,-,4.4;5.6;255;255,0.6;-5.7;255;255,-57.1;-50.8,7;6;3;4;7;0;3;7;0;0;0;5,490;489;489;489;489;829;664;663;8;940;4;742,-92.9;-88.9;-89.7;-91.6;-87.9;-88.7;-82.9;-92;-120.3;-107.9;-107.8;-101.2,-17.2;-11.7;-17.8;-17.1;-12.9;-13.1;-11.3;-16;-28.6;-23.6;-24.8;-21,255;255;255;255;255;255;255;255;255;255;255;255,1;0;0;0;0;0;0;0;0,504990;504990;504990;504990;504990;504990;504990;504990;504990,489;664;829;663;490;940;4;742;8,6;3;0;7;7;0;0;5;0,-,4;1;1;1;1;1;1;1;1,-88.2;-83.4;-89.1;-92;-93.3;-94;-98.9;-101.2;-120.3,-14.2;-11.2;-13.5;-16;-17.2;-17;-21.5;-21;-28.6,7.6;255;255;255;255;255;255;255;255,12.2,30,28,QPSK,-,80.5,2.4,17.1,0,0.00,0.00,0.01,0.01,25,2,Rank 1,30,1264,22,42,-,42,6,13.6,16,14,64QAM,0,SMDL,0,11.1,88.9,0.00,0.00,0.08,0.31,Rank 2,4,396,111,-,2 x 2,HandOver,23415,Free,17,FORMAT_0,304,127,Success,23415,4,-,11,12,2,-,111,-,2,22,-,-,-,-,-,-,-,-,-,-,-,-,-,Registered,Normal Service,9,269,18,D4A6D4C1,607,8,30kHz,480,-,4,1,-,-,New trans.,0,0,64QAM,152,1,23415,602,4,0,0,Pass,0,QPSK,28,32,2,0,14,30kHz,New trans.,-,25400,
20260725 15:25:57.026,24.831115,102.841903,17.86,1937,3,1,0.00,0.00,,,,,,,1,SA,460,00,中国移动,4456484,6879514665,1679569,41,Normal,-,1,41,100,100,504990,-,489,513000,513000,30kHz,503172,1099,-,ms20,Connected,SA,-0.8,-2,1,-60,112,-87.3,-12.6,7,6,Not Barred,6,6312,-47.6,504990,489,-91.1;-85;-118.9;-96.3,-,-2.5;1.6;255;255,1.8;-0.8;255;255,-54;-47.6,6;6;7;3;4;0;2;7;0;1;5,490;489;489;489;489;829;664;663;8;940;742,-103.5;-87.2;-86;-90.9;-92.6;-91.6;-84.4;-92.1;-121;-99.9;-147.6,-22.9;-11.3;-12;-17.6;-15.6;-12.9;-10.9;-15.4;-27.4;-20.4;-39.3,255;255;255;255;255;255;255;255;255;255;255,1;0;0;0;0;0;0;0,504990;504990;504990;504990;504990;504990;504990;504990,489;664;829;663;490;940;8;742,6;2;0;7;6;1;0;5,-,4;1;1;1;1;1;1;1,-87.3;-84.3;-91.9;-92.2;-97.6;-100;-121;-147.6,-12.6;-11;-13.3;-15.5;-20.8;-20.8;-27.4;-39.3,7;255;255;255;255;255;255;255,11.5,29,0,QPSK,-,70,30,0,0,0.06,0.06,0.01,0.01,44.1,1,Rank 1,36,368,30,26,-,26,6,11.5,15,12,64QAM,0,SMDL,0,22.5,77.5,0.01,0.01,0.02,0.38,Rank 2,4,512,107,-,2 x 2,HandOver,23415,Free,17,FORMAT_0,304,127,Success,23415,4,-,13,16,2,-,107,-,2,30,-,-,-,-,-,-,-,-,-,-,-,-,-,Registered,Normal Service,9,269,18,D4A6D4C1,704,9,30kHz,372,-,4,1,-,-,New trans.,0,0,16QAM,75,1,23415,699,7,0,0,Pass,1,QPSK,0,16,1,0,15,30kHz,Re trans.,-,4394,
20260725 15:25:58.031,24.831122,102.841952,18.25,1937,3,1,0.00,0.00,,,,,,,1,SA,460,00,中国移动,4456484,6879514665,1679569,41,Normal,-,1,41,100,100,504990,-,664,513000,513000,30kHz,503172,1099,-,ms20,Connected,SA,-0.8,-2,3,-58,99,-83,-10.9,12.7,3,Not Barred,6,6312,-43.5,504990,664,-84.9;-79.2;-110.3;-85.2,-,8.9;6.5;9;15,1;5.5;-0;0.5,-48;-53.1;-73.1;-43.5,7;7;0;3;2;5;4;7;0;0;2,490;489;829;664;664;664;664;663;8;940;4,-94.5;-89.1;-91.5;-81.6;-86.5;-90.5;-86.5;-91.6;-96.8;-141.6;-101.1,-19.3;-12.7;-13.5;-10.8;-11.2;-11.5;-11.4;-15.6;-17.7;-36.8;-22.6,255;255;255;255;255;255;255;255;255;255;255,1;0;0;0;0;0;0;0,504990;504990;504990;504990;504990;504990;504990;504990,664;489;829;663;490;8;4;940,3;7;0;7;7;0;2;0,-,4;1;1;1;1;1;1;1,-83;-88.9;-91.4;-92;-94.6;-97.2;-101.1;-138.2,-10.9;-14.1;-13.3;-16;-19.3;-18.7;-22.6;-35.5,12.7;255;255;255;255;255;255;255,11.5,29,0,QPSK,-,70,30,0,0,0.00,0.00,0.22,0.23,0,1,Rank 2,36,368,19,92,-,92,12,17.8,31,24,256QAM,0,SMDL,1.8,34.5,10.9,0.04,0.04,0.04,0.42,Rank 2,4,220,116,-,4 x 4,HandOver,46279,Free,17,FORMAT_0,418,57,Success,46279,4,-,5,-4,5,-,116,-,2,17,-,-,-,-,-,-,-,-,-,-,-,-,-,Registered,Normal Service,9,269,18,D4A6D4C1,809,9,30kHz,768,-,4,1,-,-,New trans.,0,1,64QAM,155,1,46279,791,15,0,0,Pass,1,QPSK,1,16,3,0,14,30kHz,Re trans.,-,4394,
20260725 15:25:59.038,24.831133,102.842000,16.99,1936,3,1,0.00,0.00,,,,,,,1,SA,460,00,中国移动,4456484,6879514665,1679569,41,Normal,-,1,41,100,100,504990,-,664,513000,513000,30kHz,503172,1099,-,ms20,Connected,SA,-0.8,-2,3,-58,100,-82.5,-11,16.4,3,Not Barred,6,6312,-46.9,504990,664,-82.8;-77.6;-121.9;-83.9,-,6.2;4.7;255;255,2.1;5.4;255;255,-46.9;-49.4,7;6;0;3;5;4;2;7;1,490;489;829;664;664;664;664;663;8,-138.1;-84.8;-93.1;-81.6;-88.3;-88.7;-88.4;-94.3;-96,-35.8;-10.7;-14.4;-11;-12.1;-11.5;-11.2;-18.3;-17.4,255;255;255;255;255;255;255;255;255,1;0;0;0;0;0,504990;504990;504990;504990;504990;504990,664;489;663;829;8;490,3;6;7;0;1;7,-,4;1;1;1;1;1,-82.5;-85.9;-94.3;-94.3;-96.7;-135.9,-11;-12.3;-18.3;-15.6;-17.9;-34.9,16.4;255;255;255;255;255,1.9,28,0,QPSK,-,96.2,3.8,0,0,0.00,0.00,0.02,0.02,5,2,Rank 1,18,488,11,69,-,69,7,21.8,31,21,256QAM,0,SMDL,0,0,20.8,0.00,0.04,0.06,0.25,Rank 2,4,884,217,-,2 x 2,HandOver,46279,Free,17,FORMAT_0,418,57,Success,46279,4,-,8,0,5,-,217,-,1,10,-,-,-,-,-,-,-,-,-,-,-,-,-,Registered,Normal Service,9,269,18,D4A6D4C1,908,9,30kHz,736,-,4,1,-,-,New trans.,0,0,64QAM,172,1,46279,883,14,0,0,Pass,0,QPSK,0,16,1,0,15,30kHz,Re trans.,-,3180,
20260725 15:26:00.050,24.831138,102.842045,15.70,1936,3,1,0.00,0.00,,,,,,,1,SA,460,00,中国移动,4456484,6443503628,1573121,12,Normal,-,1,41,100,100,504990,-,664,513000,513000,30kHz,503172,1099,-,ms20,Connected,SA,-0.8,-1,3,-58,100,-83.1,-10.8,13.1,3,Not Barred,6,6312,-46.4,504990,664,-84.6;-80;-119.9;-82.6,-,9.5;13.9;255;255,2.7;5.1;255;255,-54.5;-46.4,7;6;1;3;4;2;5;7;0;6,490;489;829;664;664;664;664;663;8;301,-93.8;-90.6;-88.8;-81.7;-85.1;-88.3;-90.1;-92.3;-100.2;-97.5,-17.5;-12.3;-12.9;-10.6;-10.8;-11.5;-11.4;-14.7;-18.6;-17.9,255;255;255;255;255;255;255;255;255;255,1;0;0;0;0;0;0,504990;504990;504990;504990;504990;504990;504990,664;829;489;663;490;301;8,3;1;6;7;7;6;0,-,4;1;1;1;1;1;1,-83.1;-88.6;-89;-93.4;-93.8;-97.4;-100.1,-10.8;-12.7;-14.9;-16.3;-17.5;-17.8;-18.5,13.1;255;255;255;255;255;255,0.3,2,0,QPSK,-,100,0,0,0,0.00,0.00,0.02,0.02,0,2,Rank 1,16,160,10,72,-,72,8,21.1,31,22,256QAM,0,SMDL,0,0,22,0.00,0.01,0.15,1.34,Rank 2,4,636,161,-,2 x 2,HandOver,46279,Free,17,FORMAT_0,418,57,Success,46279,4,-,11,6,5,-,161,-,1,10,-,-,-,-,-,-,-,-,-,-,-,-,-,Registered,Normal Service,9,269,18,D4A6D4C1,1010,9,30kHz,848,-,4,1,-,-,New trans.,0,0,256QAM,172,1,46279,1005,5,0,0,Pass,1,QPSK,0,16,2,0,15,30kHz,Re trans.,-,616,
20260725 15:26:01.062,24.831136,102.842087,14.58,1935,3,1,0.00,0.00,,,,,,,1,SA,460,00,中国移动,4456484,6443503628,1573121,12,Normal,-,1,41,100,100,504990,-,664,513000,513000,30kHz,503172,1099,-,ms20,Connected,SA,-0.8,-4,3,-58,101,-84,-10.9,11.4,3,Not Barred,6,6312,-44,504990,664,-82.7;-82.8;-111.5;-81,-,12.4;8.2;255;255,2.5;2.4;255;255,-44;-49,7;3;1;3;4;5;2;7;1;6,490;489;829;664;664;664;664;663;8;301,-98.5;-91.1;-88.5;-82.9;-86.1;-90.8;-91.4;-90.5;-91.3;-99.1,-20.4;-18.7;-13.7;-10.7;-10.9;-11.5;-11.7;-12.2;-14.9;-20.5,255;255;255;255;255;255;255;255;255;255,1;0;0;0;0;0;0,504990;504990;504990;504990;504990;504990;504990,664;829;489;663;8;490;301,3;1;3;7;1;7;6,-,4;1;1;1;1;1;1,-84;-87.9;-89.6;-90.5;-92.1;-98.5;-99.1,-10.9;-13.3;-15.9;-12.2;-15.7;-20.4;-20.5,11.4;255;255;255;255;255;255,0.6,2,0,QPSK,-,100,0,0,0,0.00,0.00,0.00,0.00,0,1,Rank 1,16,148,5,69,-,69,6,21,31,21,256QAM,0,SMDL,0,0,21.3,0.00,0.00,0.03,0.97,Rank 2,4,752,182,-,2 x 2,HandOver,46279,Free,17,FORMAT_0,418,57,Success,46279,4,-,6,9,5,-,182,-,1,4,-,-,-,-,-,-,-,-,-,-,-,-,-,Registered,Normal Service,9,269,18,D4A6D4C1,78,19,30kHz,736,-,4,1,-,-,New trans.,0,0,64QAM,123,1,46279,54,3,0,0,Pass,0,QPSK,0,16,1,0,15,30kHz,Re trans.,-,597,
20260725 15:26:02.074,24.831121,102.842122,14.26,1935,3,1,0.00,0.00,,,,,,,1,SA,460,00,中国移动,4456484,6443503628,1573121,12,Normal,-,1,41,100,100,504990,-,664,513000,513000,30kHz,503172,1099,-,ms20,Connected,SA,-0.8,-3,3,-58,97,-82.1,-10.7,13.1,3,Not Barred,6,6312,-46,504990,664,-79.6;-79.5;-112.4;-96.6,-,7.1;10.8;1;8.4,4.2;-0.3;255;255,-46.8;-46,7;6;1;3;2;4;5;7;0;6,490;489;829;664;664;664;664;663;8;301,-96.2;-85.1;-91.4;-80.9;-86.3;-86.8;-89.8;-91;-96.5;-104,-20.3;-11;-15;-10.7;-11;-10.9;-11.4;-14.7;-18.1;-24.3,255;255;255;255;255;255;255;255;255;255,1;0;0;0;0;0;0,504990;504990;504990;504990;504990;504990;504990,664;489;829;663;8;490;301,3;6;1;7;0;7;6,-,4;1;1;1;1;1;1,-82.1;-84.7;-91.5;-91.5;-97;-97.2;-104,-10.7;-12.2;-15;-14.8;-18.3;-20.7;-24.3,13.1;255;255;255;255;255;255,0.4,3,0,QPSK,-,100,0,0,0,0.00,0.00,0.00,0.00,0,1,Rank 1,16,248,12,14,-,14,8,21.3,31,22,256QAM,0,SMDL,0,0,31.1,0.00,0.00,0.06,1.13,Rank 2,4,720,192,-,2 x 2,HandOver,46279,Free,17,FORMAT_0,418,57,Success,46279,4,-,6,18,5,-,192,-,1,11,-,-,-,-,-,-,-,-,-,-,-,-,-,Registered,Normal Service,9,269,18,D4A6D4C1,197,8,30kHz,896,-,4,1,-,-,New trans.,0,0,256QAM,123,1,46279,193,13,0,4,Pass,0,QPSK,0,20,1,0,0,30kHz,Re trans.,-,984,
20260725 15:26:03.086,24.831095,102.842152,15.26,1935,3,1,0.00,0.00,,,,,,,1,SA,460,00,中国移动,4456484,6443503628,1573121,12,Normal,-,1,41,100,100,504990,-,664,513000,513000,30kHz,503172,1099,-,ms20,Connected,SA,-0.8,-3,3,-58,99,-83.2,-10.8,11.6,3,Not Barred,6,6312,-46.5,504990,664,-83.9;-82.6;-109.2;-91.2,-,22.4;10.6;255;255,6.7;5.1;255;255,-50.5;-46.5,6;7;1;3;5;2;1;7;0;3,490;489;829;664;664;664;664;663;8;4,-109.3;-92;-91.8;-81.8;-89.2;-88.4;-92.8;-93.1;-93.5;-129.4,-24;-13.9;-14.1;-10.7;-11;-11.4;-15.8;-14.5;-15.4;-33.7,255;255;255;255;255;255;255;255;255;255,1;0;0;0;0;0;0,504990;504990;504990;504990;504990;504990;504990,664;489;8;829;663;4;490,3;7;0;1;7;3;6,-,4;1;1;1;1;1;1,-83.2;-90.2;-91.1;-92.8;-93.1;-100.5;-109.1,-10.8;-14.1;-13.1;-14.7;-14.5;-21.5;-24.1,11.6;255;255;255;255;255;255,0.4,3,0,QPSK,-,100,0,0,0,0.00,0.00,0.00,0.00,0,1,Rank 1,16,248,13,42,-,42,7,21.4,31,20,256QAM,0,SMDL,0,0,17.8,0.00,0.00,0.10,1.09,Rank 2,4,832,209,-,2 x 2,HandOver,46279,Free,17,FORMAT_0,418,57,Success,46279,4,-,7,12,5,-,209,-,2,11,-,-,-,-,-,-,-,-,-,-,-,-,-,Registered,Normal Service,9,269,18,D4A6D4C1,290,19,30kHz,800,-,4,1,-,-,New trans.,0,0,256QAM,156,1,46279,274,4,0,0,Pass,1,QPSK,0,16,2,0,15,30kHz,Re trans.,-,984,
20260725 15:26:04.094,24.831066,102.842177,15.05,1935,3,1,0.00,0.00,,,,,,,1,SA,460,00,中国移动,4456484,6443503628,1573121,12,Normal,-,1,41,100,100,504990,-,664,513000,513000,30kHz,503172,1099,-,ms20,Connected,SA,-0.8,-3,3,-58,96,-79.4,-10.5,12.8,3,Not Barred,6,6312,-44.3,504990,664,-98.3;-80.3;-107.9;-76.9,-,13.2;11.8;255;255,8.2;1.4;255;255,-55.8;-44.3,7;3;0;3;2;4;1;7;1;0;4,490;489;829;664;664;664;664;663;8;4;742,-98.5;-87.5;-91;-78.8;-86.8;-87.2;-91.8;-91.9;-91.4;-95.8;-98.9,-18.7;-19.3;-14.2;-10.5;-11.3;-11.1;-16.1;-12.5;-13.7;-19.3;-16.9,255;255;255;255;255;255;255;255;255;255;255,1;0;0;0;0;0;0;0,504990;504990;504990;504990;504990;504990;504990;504990,664;489;829;663;8;4;490;742,3;3;0;7;1;0;7;4,-,4;1;1;1;1;1;1;1,-79.4;-88;-90.5;-92.1;-92.3;-94.2;-98;-98.9,-10.5;-18;-14.6;-12.6;-13.7;-18.1;-18.5;-16.9,12.8;255;255;255;255;255;255;255,4.5,28,1,QPSK,-,81.8,18.2,0,0,0.00,0.00,0.01,0.01,10,1,Rank 1,18,200,13,69,-,69,8,22.1,31,22,256QAM,0,SMDL,0,0,11.2,0.00,0.00,0.10,1.26,Rank 2,4,428,209,-,2 x 2,HandOver,46279,Free,17,FORMAT_0,418,57,Success,46279,4,-,5,11,5,-,209,-,2,11,-,-,-,-,-,-,-,-,-,-,-,-,-,Registered,Normal Service,9,269,18,D4A6D4C1,378,9,30kHz,688,-,4,1,-,-,New trans.,0,0,64QAM,123,1,46279,353,13,0,0,Pass,1,QPSK,0,16,1,0,15,30kHz,Re trans.,-,1329,
20260725 15:26:05.107,24.831021,102.842184,18.18,1935,3,1,0.00,0.00,,,,,,,1,SA,460,00,中国移动,4456484,6443503628,1573121,12,Normal,-,1,41,100,100,504990,-,664,513000,513000,30kHz,503172,1099,-,ms20,Connected,SA,-0.8,-3,3,-58,97,-79.5,-10.5,21.8,3,Not Barred,6,6312,-44.3,504990,664,-89.1;-75.3;-110.6;-81,-,13;17.6;255;255,3.6;1.2;255;255,-44.3;-44.5,7;3;0;3;2;1;5;7;0;4,490;489;829;664;664;664;664;663;8;742,-100.4;-86.6;-87.2;-79.3;-87.5;-92.4;-92.2;-93.7;-95.9;-103.1,-20;-19;-11.9;-10.5;-10.8;-15.4;-11.3;-13.4;-16.2;-20.1,255;255;255;255;255;255;255;255;255;255,1;0;0;0;0;0;0,504990;504990;504990;504990;504990;504990;504990,664;829;489;663;8;490;742,3;0;3;7;0;7;4,-,4;1;1;1;1;1;1,-79.5;-85.9;-87;-94.1;-95.8;-100.6;-103.1,-10.5;-12.2;-18.4;-13.7;-15.8;-20;-20.1,21.8;255;255;255;255;255;255,0.3,1,0,QPSK,-,100,0,0,0,0.00,0.00,0.01,0.01,0,1,Rank 1,16,64,4,66,-,66,8,21.7,31,21,256QAM,0,SMDL,0,0,26.9,0.00,0.00,0.06,0.67,Rank 2,4,268,108,-,2 x 2,HandOver,46279,Free,17,FORMAT_0,418,57,Success,46279,4,-,9,12,5,-,108,-,1,3,-,-,-,-,-,-,-,-,-,-,-,-,-,Registered,Normal Service,9,269,18,D4A6D4C1,494,9,30kHz,992,-,4,1,-,-,New trans.,0,1,256QAM,135,1,46279,477,4,0,0,Pass,0,QPSK,1,16,2,0,15,30kHz,Re trans.,-,273,
20260725 15:26:06.122,24.830974,102.842197,19.80,1935,3,1,0.00,0.00,,,,,,,1,SA,460,00,中国移动,4456484,6443503628,1573121,12,Normal,-,1,41,100,100,504990,-,664,513000,513000,30kHz,503172,1099,-,ms20,Connected,SA,-0.8,-4,3,-58,98,-80.5,-10.5,18.4,3,Not Barred,6,6312,-44.1,504990,664,-80.6;-88.9;-109.8;-84.6,-,13.6;19.3;255;255,2.1;-0.8;255;255,-44.1;-48.1,7;3;1;3;2;1;4;7;1;4,490;489;829;664;664;664;664;663;8;742,-107.1;-88.6;-87.2;-80;-87.2;-94.2;-92.7;-95.6;-94.2;-117,-21.6;-19.3;-12.5;-10.5;-10.8;-16.6;-11.4;-13.4;-17.2;-25,255;255;255;255;255;255;255;255;255;255,1;0;0;0;0;0;0,504990;504990;504990;504990;504990;504990;504990,664;829;489;8;663;490;742,3;1;3;1;7;7;4,-,4;1;1;1;1;1;1,-80.5;-87.7;-88.6;-93.5;-96.3;-107.1;-115.9,-10.5;-12.7;-19.3;-16;-13.6;-21.6;-24.5,18.4;255;255;255;255;255;255,0.3,1,0,QPSK,-,100,0,0,0,0.00,0.00,0.00,0.00,0,1,Rank 1,16,64,6,261,-,261,8,23.9,31,23,256QAM,0,SMDL,0,0,9.8,0.00,0.00,0.05,0.39,Rank 2,4,328,118,-,2 x 2,HandOver,46279,Free,17,FORMAT_0,418,57,Success,46279,4,-,7,13,5,-,118,-,1,6,-,-,-,-,-,-,-,-,-,-,-,-,-,Registered,Normal Service,9,269,18,D4A6D4C1,582,19,30kHz,768,-,4,1,-,-,New trans.,0,0,256QAM,136,1,46279,558,2,0,0,Pass,0,16QAM,5,16,2,0,15,30kHz,Re trans.,-,273,
20260725 15:26:07.131,24.830928,102.842208,19.04,1935,3,1,0.00,0.00,,,,,,,1,SA,460,00,中国移动,4456484,6443503628,1573121,12,Normal,-,1,41,100,100,504990,-,664,513000,513000,30kHz,503172,1099,-,ms20,Connected,SA,-0.8,-3,3,-58,100,-80.6,-10.5,13.4,3,Not Barred,6,6312,-39.1,504990,664,-86.6;-83.8;-118.3;-82.1,-,8.4;19.5;255;255,-1.7;1.8;255;255,-46.1;-39.1,7;3;0;3;2;4;7;7;1;4;7,490;489;829;664;664;664;664;663;8;742;741,-106.1;-90;-91.6;-80.4;-88.7;-90.5;-95.9;-93.7;-97.1;-111.1;-102.3,-21;-19.5;-12;-10.5;-11;-11.3;-15.2;-13.4;-16.3;-22.6;-20.1,255;255;255;255;255;255;255;255;255;255;255,1;0;0;0;0;0;0;0,504990;504990;504990;504990;504990;504990;504990;504990,664;489;829;663;8;741;742;490,3;3;0;7;1;7;4;7,-,4;1;1;1;1;1;1;1,-80.6;-90.1;-90.5;-93.9;-96.5;-102.3;-102.3;-106.1,-10.5;-19.5;-12.2;-13.6;-16.1;-20.1;-17.1;-21,13.4;255;255;255;255;255;255;255,2.2,5,1,QPSK,-,83.3,16.7,0,0,0.00,0.00,0.00,0.00,0,2,Rank 1,16,96,6,19,-,19,8,22.3,31,21,256QAM,0,SMDL,0,0,19.7,0.00,0.00,0.16,0.55,Rank 2,4,508,118,-,2 x 2,HandOver,46279,Free,17,FORMAT_0,418,57,Success,46279,4,-,12,14,5,-,118,-,1,6,-,-,-,-,-,-,-,-,-,-,-,-,-,Registered,Normal Service,9,269,18,D4A6D4C1,650,19,30kHz,992,-,4,1,-,-,New trans.,0,0,256QAM,136,1,46279,641,13,0,4,Pass,0,QPSK,0,28,1,0,0,30kHz,Re trans.,-,734,
20260725 15:26:08.145,24.830881,102.842218,19.04,1935,3,1,0.00,0.00,,,,,,,1,SA,460,00,中国移动,4456484,6443503628,1573121,12,Normal,-,1,41,100,100,504990,-,664,513000,513000,30kHz,503172,1099,-,ms20,Connected,SA,-0.8,-3,3,-58,99,-81.3,-10.5,10.6,3,Not Barred,6,6312,-45,504990,664,-85.2;-94.1;-110.9;-89.9,-,13.4;14.2;255;255,5.5;7;255;255,-49.4;-45,7;3;1;3;4;2;0;7;0;4,741;489;829;664;664;664;664;663;8;742,-126.7;-91.7;-97.7;-81.1;-91.9;-91.5;-97.6;-96.6;-96.3;-99.9,-30.8;-19.4;-17;-10.5;-11.3;-11.4;-16.1;-12.7;-13.8;-18.8,255;255;255;255;255;255;255;255;255;255,1;0;0;0;0;0;0,504990;504990;504990;504990;504990;504990;504990,664;489;8;663;829;742;741,3;3;0;7;1;4;7,-,4;1;1;1;1;1;1,-81.3;-91.9;-95.2;-97;-98.3;-101.5;-126.7,-10.5;-19.5;-13.5;-13;-17;-18.3;-30.8,10.6;255;255;255;255;255;255,0,0,0,QPSK,-,100,0,0,0,0.00,0.00,0.00,0.00,0,1,Rank 1,22,44,2,106,-,106,8,25,25,25,256QAM,0,SMDL,0,0,0,0.00,0.00,0.16,0.79,Rank 2,4,4,93,-,2 x 2,HandOver,46279,Free,17,FORMAT_0,418,57,Success,46279,4,-,10,15,5,-,93,-,1,1,-,-,-,-,-,-,-,-,-,-,-,-,-,Registered,Normal Service,9,269,18,D4A6D4C1,796,19,30kHz,768,-,4,1,-,-,New trans.,0,0,256QAM,183,1,46279,780,5,0,0,Pass,1,QPSK,2,16,2,0,14,30kHz,Re trans.,-,88,
20260725 15:26:09.157,24.830835,102.842226,18.47,1935,3,1,0.00,0.00,,,,,,,1,SA,460,00,中国移动,4456484,6443503628,1573121,12,Normal,-,1,41,100,100,504990,-,664,513000,513000,30kHz,503172,1099,-,ms20,Connected,SA,-0.8,0,3,-58,103,-85.2,-10.8,7.7,3,Not Barred,6,6312,-51.6,504990,664,-89.8;-84.9;-114.6;-93.6,-,4.8;2.5;255;255,4.5;9;255;255,-51.6;-51.6,3;3;1;3;2;4;5;7;1,742;489;829;664;664;664;664;663;8,-92.7;-94.2;-97.2;-84.7;-92.3;-91.7;-97.1;-94.9;-90.4,-16.4;-19.7;-18.6;-10.8;-11.9;-11.8;-12.1;-12.9;-11.7,255;255;255;255;255;255;255;255;255,1;0;0;0;0;0,504990;504990;504990;504990;504990;504990,664;8;742;489;663;829,3;1;3;3;7;1,-,4;1;1;1;1;1,-85.2;-92;-93.8;-94.9;-95.7;-97.8,-10.8;-12;-15.9;-19.7;-13.3;-18.4,7.7;255;255;255;255;255,6,29,5,QPSK,-,57.1,42.9,0,0,0.00,0.00,0.00,0.00,0,2,Rank 1,18,128,9,42,-,42,8,21.1,31,22,256QAM,0,SMDL,0,0,42.1,0.00,0.00,0.03,0.01,Rank 2,4,228,118,-,2 x 2,HandOver,46279,Free,17,FORMAT_0,418,57,Success,46279,4,-,8,15,5,-,118,-,1,9,-,-,-,-,-,-,-,-,-,-,-,-,-,Registered,Normal Service,9,269,18,D4A6D4C1,898,9,30kHz,608,-,4,1,-,-,New trans.,0,0,64QAM,180,1,46279,887,6,0,0,Pass,0,QPSK,0,16,2,0,15,30kHz,Re trans.,-,1093,
20260725 15:26:10.167,24.830792,102.842236,17.14,1935,3,1,0.00,0.00,,,,,,,1,SA,460,00,中国移动,4456484,6443503628,1573121,12,Normal,-,1,41,100,100,504990,-,664,513000,513000,30kHz,503172,1099,-,ms20,Connected,SA,-0.8,0,3,-58,104,-86.9,-11.1,9.1,3,Not Barred,6,6312,-45.6,504990,664,-84.4;-85.6;-120.6;-83.8,-,8.1;11.2;255;255,7.1;11.1;255;255,-47;-45.6,4;3;0;3;2;4;5;7;1;0,742;489;829;664;664;664;664;663;8;511,-96.5;-94.5;-104.1;-85.8;-92.5;-92.8;-98.1;-95.4;-94.5;-106.8,-14.6;-19.7;-19.5;-10.9;-11.9;-12.4;-12.3;-12.5;-13.9;-21.4,255;255;255;255;255;255;255;255;255;255,1;0;0;0;0;0;0,504990;504990;504990;504990;504990;504990;504990,664;489;663;8;742;829;511,3;3;7;1;4;0;0,-,4;1;1;1;1;1;1,-86.9;-94.7;-95.7;-95.7;-96.3;-103.6;-103.9,-11.1;-19.6;-12.5;-13.7;-15.2;-19.5;-19.5,9.1;255;255;255;255;255;255,6,29,5,QPSK,-,57.1,42.9,0,0,0.01,0.01,0.00,0.00,12.5,2,Rank 1,18,128,12,69,-,69,8,21.3,31,18,256QAM,0,SMDL,0,0,46.6,0.00,0.00,0.11,0.33,Rank 2,4,832,202,-,2 x 2,HandOver,46279,Free,17,FORMAT_0,418,57,Success,46279,4,-,7,17,5,-,202,-,1,11,-,-,-,-,-,-,-,-,-,-,-,-,-,Registered,Normal Service,9,269,18,D4A6D4C1,986,19,30kHz,736,-,4,1,-,-,-,0,1,64QAM,123,1,46279,961,13,0,0,Pass,0,QPSK,0,16,1,0,15,30kHz,Re trans.,-,1093,
20260725 15:26:11.178,24.830750,102.842242,16.42,1935,3,1,0.00,0.00,,,,,,,1,SA,460,00,中国移动,4456484,6443503628,1573121,12,Normal,-,1,41,100,100,504990,-,664,513000,513000,30kHz,503172,1099,-,ms20,Connected,SA,-0.8,0,3,-58,104,-86.7,-11.5,6.7,3,Not Barred,6,6312,-52.5,504990,664,-90.8;-91.4;-116;-85.8,-,4.2;6.7;255;255,8.4;12.7;255;255,-53.9;-52.5,4;3;0;3;4;2;5;7;1;6;2,742;489;829;664;664;664;664;663;8;511;665,-97.2;-98.6;-147.3;-85.6;-90.7;-94.3;-98;-97.5;-86.9;-108.5;-109.6,-14.9;-21.4;-39.2;-11.5;-11.9;-12.4;-13.1;-13.2;-10.9;-20;-22.2,255;255;255;255;255;255;255;255;255;255;255,1;0;0;0;0;0;0;0,504990;504990;504990;504990;504990;504990;504990;504990,664;8;742;663;489;511;665;829,3;1;4;7;3;6;2;0,-,4;1;1;1;1;1;1;1,-86.7;-88.7;-93.8;-97.9;-99.3;-108.5;-108.6;-147,-11.5;-11.1;-14.2;-13.4;-20.2;-20;-21.3;-39.1,6.7;255;255;255;255;255;255;255,3.5,29,0,QPSK,-,71.4,28.6,0,0,0.00,0.00,0.02,0.02,0,1,Rank 1,19,268,3,66,-,66,8,19.8,31,19,64QAM,0,SMDL,0,0,72.9,0.00,0.01,0.16,1.23,Rank 2,4,532,127,-,2 x 2,HandOver,46279,Free,17,FORMAT_0,418,57,Success,46279,4,-,10,19,5,-,127,-,1,3,-,-,-,-,-,-,-,-,-,-,-,-,-,Registered,Normal Service,9,269,18,D4A6D4C1,76,9,30kHz,800,-,4,1,-,-,New trans.,0,0,256QAM,123,1,46279,75,14,0,0,Pass,1,QPSK,1,16,2,0,15,30kHz,Re trans.,-,1909,
20260725 15:26:12.186,24.830711,102.842248,14.80,1936,3,1,0.00,0.00,,,,,,,1,SA,460,00,中国移动,4456484,6443503628,1573121,12,Normal,-,1,41,100,100,504990,-,664,513000,513000,30kHz,503172,1099,-,ms20,Connected,SA,-0.8,-1,3,-58,106,-88.9,-12,2.5,3,Not Barred,6,6312,-48.8,504990,664,-90.8;-92.3;-121.4;-80.9,-,4.6;6.5;255;255,5.2;11.5;255;255,-49.5;-48.8,4;3;3;3;4;5;2;6;1;7;2;0,742;489;254;664;664;664;664;663;8;252;665;511,-93;-96.6;-94;-87.8;-92.2;-96;-96.7;-104.5;-87.7;-100.7;-103.6;-99.6,-12.9;-20.4;-17.6;-12.3;-12.3;-12.4;-13.9;-17.6;-11.2;-16.8;-18.2;-17.6,255;255;255;255;255;255;255;255;255;255;255;255,1;0;0;0;0;0;0;0;0,504990;504990;504990;504990;504990;504990;504990;504990;504990,664;8;742;254;489;511;252;663;665,3;1;4;3;3;0;7;6;2,-,4;1;1;1;1;1;1;1;1,-88.9;-89.2;-93.6;-94;-97.4;-99.6;-100.7;-103.4;-103.6,-12;-11.3;-14.4;-17.6;-20.5;-17.6;-16.8;-17.4;-18.2,2.5;255;255;255;255;255;255;255;255,1,3,1,QPSK,-,100,0,0,0,0.00,0.00,0.00,0.00,0,1,Rank 1,16,80,4,69,-,69,8,21.5,31,22,256QAM,0,SMDL,0,0,36.8,0.00,0.00,0.08,0.72,Rank 2,4,468,111,-,2 x 2,HandOver,46279,Free,17,FORMAT_0,418,57,Success,46279,4,-,7,24,5,-,111,-,1,4,-,-,-,-,-,-,-,-,-,-,-,-,-,Registered,Normal Service,9,269,18,D4A6D4C1,177,9,30kHz,736,-,4,1,-,-,New trans.,0,0,64QAM,124,1,46279,171,14,0,0,Pass,0,QPSK,0,16,1,0,14,30kHz,Re trans.,-,471,
20260725 15:26:13.200,24.830678,102.842252,12.02,1936,3,1,0.00,0.00,,,,,,,1,SA,460,00,中国移动,4456484,6443503628,1573121,12,Normal,-,1,41,100,100,504990,-,664,513000,513000,30kHz,503172,1099,-,ms20,Connected,SA,-0.8,-1,3,-58,107,-89.8,-12.8,1.6,3,Not Barred,6,6312,-52.4,504990,664,-88.6;-91.1;-119.3;-96.1,-,-0.1;1.6;-2.9;-0.1,3.9;8.2;0;6.9,-52.4;-55.5;-81.3;-52.4,4;5;3;3;5;2;4;7;1;7;2;1,742;489;254;664;664;664;664;663;8;252;665;511,-90.2;-104;-99.9;-89;-93.7;-95;-92.9;-101.8;-89.1;-107.4;-113.9;-102.2,-12.1;-21.1;-20;-13.1;-11.9;-13.1;-14.2;-16.4;-11.9;-19.8;-24.5;-19.7,255;255;255;255;255;255;255;255;255;255;255;255,1;0;0;0;0;0;0;0;0,504990;504990;504990;504990;504990;504990;504990;504990;504990,664;8;742;254;489;511;663;252;665,3;1;4;3;5;1;7;7;2,-,4;1;1;1;1;1;1;1;1,-89.8;-90;-90.6;-95.9;-99.9;-102.2;-103;-107.4;-113.9,-12.8;-11.6;-12.7;-18;-21.1;-19.7;-16.9;-19.8;-24.5,1.6;255;255;255;255;255;255;255;255,2.4,9,0,QPSK,-,73.3,26.7,0,0,0.01,0.01,0.02,0.02,0,1,Rank 2,18,272,13,106,-,106,12,20.7,31,18,64QAM,0,SMDL,0,0,55.1,0.00,0.00,0.06,0.70,Rank 2,4,820,192,-,4 x 4,HandOver,46279,Free,17,FORMAT_0,418,57,Success,46279,4,-,6,22,5,-,192,-,1,13,-,-,-,-,-,-,-,-,-,-,-,-,-,Registered,Normal Service,9,269,18,D4A6D4C1,282,9,30kHz,688,-,4,1,-,-,New trans.,0,0,64QAM,128,1,46279,280,16,0,0,Pass,0,QPSK,2,16,2,0,15,30kHz,Re trans.,-,2543,
20260725 15:26:14.210,24.830651,102.842262,10.22,1935,3,1,0.00,0.00,,,,,,,1,SA,460,00,中国移动,4456484,6443503628,1573121,12,Normal,-,1,41,100,100,504990,-,664,513000,513000,30kHz,503172,1099,-,ms20,Connected,SA,-0.8,-7,3,-58,104,-89.6,-12.3,8.8,5,Not Barred,6,6312,-53,504990,664,-88.2;-90.8;-96.4;-92.9,-,8.1;0.4;11.4;5.4,1.7;1.9;5.4;5.6,-53;-56.5;-60.5;-56,4;5;3;5;4;3;2;7;1;7;1;7,742;489;254;664;664;664;664;663;8;252;511;741,-89.3;-96.4;-98;-88;-94;-92.1;-101.6;-104;-89.8;-119.6;-117.7;-104.8,-11.6;-19.2;-19.9;-10.9;-14.9;-14.2;-18.7;-17.6;-11.4;-25.7;-27.8;-18,255;255;255;255;255;255;255;255;255;255;255;255,1;0;0;0;0;0;0;0;0,504990;504990;504990;504990;504990;504990;504990;504990;504990,664;742;8;489;254;741;663;511;252,5;4;1;5;3;7;7;1;7,-,4;1;1;1;1;1;1;1;1,-89.6;-90.1;-91.6;-96.4;-98;-104.8;-105;-117.7;-119.6,-12.3;-12;-11.9;-19.2;-19.9;-18;-18.4;-27.8;-25.7,8.8;255;255;255;255;255;255;255;255,2.4,9,0,QPSK,-,73.3,26.7,0,0,0.00,0.00,0.01,0.01,0,1,Rank 3,18,272,9,69,-,69,10,20.4,31,18,64QAM,0,SMDL,0,0,52,0.00,0.01,0.12,1.17,Rank 2,4,708,188,-,4 x 4,HandOver,46279,Free,17,FORMAT_0,418,57,Success,46279,4,-,11,24,5,-,188,-,1,9,-,-,-,-,-,-,-,-,-,-,-,-,-,Registered,Normal Service,9,269,18,D4A6D4C1,372,19,30kHz,736,-,4,1,-,-,New trans.,0,1,64QAM,95,1,46279,348,3,0,0,Pass,0,QPSK,0,16,1,0,15,30kHz,Re trans.,-,2543,
20260725 15:26:15.225,24.830635,102.842285,11.34,1935,3,1,0.00,0.00,,,,,,,1,SA,460,00,中国移动,4456484,6443503628,1573121,12,Normal,-,1,41,100,100,504990,-,742,513000,513000,30kHz,503172,1099,-,ms20,Connected,SA,-0.8,-4,0,-58,102,-85.9,-12.1,9.1,4,Not Barred,6,6312,-46.1,504990,742,-82.4;-84.7;-121.9;-87.5,-,2.8;9.5;255;255,-1.7;0.6;255;255,-48.3;-46.1,4;3;1;0;5;3;5;7;1;7;7;7,742;742;742;742;489;254;664;663;8;252;475;741,-85.1;-88;-94.2;-100.4;-95.6;-99.5;-84.8;-111;-87.9;-104;-105.6;-99.5,-11.7;-13.2;-16.9;-18.3;-20.8;-19.6;-10.8;-23.5;-11.8;-19.1;-22.3;-17.4,255;255;255;255;255;255;255;255;255;255;255;255,1;0;0;0;0;0;0;0;0,504990;504990;504990;504990;504990;504990;504990;504990;504990,742;664;8;489;254;741;252;475;663,4;5;1;5;3;7;7;7;7,-,4;1;1;1;1;1;1;1;1,-85.9;-85.8;-89.2;-95.6;-99.5;-99.5;-104;-105.6;-111,-12.1;-12.2;-11.7;-20.8;-19.6;-17.4;-19.1;-22.3;-23.5,9.1;255;255;255;255;255;255;255;255,1.7,8,0,QPSK,-,88.9,11.1,0,0,0.00,0.00,0.00,0.00,0,1,Rank 1,16,144,18,63,-,63,6,20.8,31,19,64QAM,0,SMSL,0.7,0,53.4,0.00,0.01,0.15,1.02,Rank 1,4,584,189,-,2 x 2,HandOver,13654,Free,17,FORMAT_0,262,127,Success,13654,4,-,9,6,8,-,189,-,2,16,-,-,-,-,-,-,-,-,-,-,-,-,-,Registered,Normal Service,9,269,18,D4A6D4C1,480,9,30kHz,608,-,4,1,-,-,-,0,0,64QAM,155,1,13654,479,13,0,0,Pass,1,QPSK,0,16,1,0,15,30kHz,Re trans.,-,1550,
20260725 15:26:16.240,24.830635,102.842305,10.55,1935,3,1,0.00,0.00,,,,,,,1,SA,460,00,中国移动,4456484,6443507723,1573122,11,Normal,-,1,41,100,100,504990,-,742,513000,513000,30kHz,503172,1099,-,ms20,Connected,SA,-0.8,-3,0,-58,105,-87.1,-12,6.5,4,Not Barred,6,6312,-47.1,504990,742,-87.1;-88.6;-127.4;-89.6,-,-2.4;7.7;-2.8;3.5,-2.3;2.2;-3.2;-4.8,-54;-47.1,4;3;2;1;5;3;5;7;1;7;6;2,742;742;742;742;489;254;664;663;8;252;253;665,-86.9;-87;-91.3;-93.7;-93.5;-117.5;-84.1;-109.5;-92;-104.6;-107.6;-103.3,-12.3;-11.6;-11.5;-15.4;-20;-27.7;-10.5;-22.1;-12.7;-19.4;-21;-19.7,255;255;255;255;255;255;255;255;255;255;255;255,1;0;0;0;0;0;0;0;0,504990;504990;504990;504990;504990;504990;504990;504990;504990,742;664;8;489;665;252;253;663;254,4;5;1;5;2;7;6;7;3,-,4;1;1;1;1;1;1;1;1,-87.1;-85.7;-92.6;-93.5;-103.3;-104.6;-107.6;-109.5;-117.5,-12;-11.7;-12.9;-20;-19.7;-19.4;-21;-22.1;-27.7,6.5;255;255;255;255;255;255;255;255,0.8,4,0,QPSK,-,100,0,0,0,0.00,0.00,0.02,0.02,0,1,Rank 1,19,436,5,63,-,63,6,21.5,31,19,64QAM,0,SMDL,0,0.5,68.1,0.00,0.00,0.21,0.82,Rank 2,4,797,127,-,2 x 2,HandOver,13654,Free,17,FORMAT_0,262,127,Success,13654,4,-,9,12,8,-,127,-,2,5,-,-,-,-,-,-,-,-,-,-,-,-,-,Registered,Normal Service,9,269,18,D4A6D4C1,582,8,30kHz,768,-,4,1,-,-,-,0,0,256QAM,155,0,13654,579,13,0,0,Pass,0,QPSK,0,16,1,0,15,30kHz,Re trans.,-,2919,
20260725 15:26:17.252,24.830635,102.842335,12.24,1935,3,1,0.00,0.00,,,,,,,1,SA,460,00,中国移动,4456484,6443507723,1573122,11,Normal,-,1,41,100,100,504990,-,742,513000,513000,30kHz,503172,1099,-,ms20,Connected,SA,-0.8,-2,0,-58,104,-86,-12,6.7,4,Not Barred,6,6312,-48.3,504990,742,-88.3;-86;-114.3;-94.2,-,3.1;5.3;-4.7;-5.6,-2.4;1.4;-6.3;-2,-48.3;-56.4;-77.9;-50.6,4;3;2;7;5;6;5;7;0;7;6,742;742;742;742;489;254;664;741;8;252;253,-85.8;-85.7;-89.7;-93.8;-89.3;-119.7;-80.2;-102.6;-89.9;-117.7;-104.4,-12.8;-11.5;-11.6;-13.4;-19.2;-27.8;-10.5;-20.5;-11.6;-26.3;-20.2,255;255;255;255;255;255;255;255;255;255;255,1;0;0;0;0;0;0;0,504990;504990;504990;504990;504990;504990;504990;504990,742;664;489;8;254;741;253;252,4;5;5;0;6;7;6;7,-,4;1;1;1;1;1;1;1,-86;-81.1;-89.3;-89.9;-101;-102.6;-104.4;-117.7,-12;-11.1;-19.2;-11.6;-20.2;-20.5;-20.2;-26.3,6.7;255;255;255;255;255;255;255,0.8,4,0,QPSK,-,100,0,0,0,0.00,0.00,0.00,0.00,0,1,Rank 2,19,436,6,63,-,63,12,19.2,31,17,64QAM,0,SMDL,0,0,82.6,0.00,0.00,0.05,1.08,Rank 2,4,344,112,-,4 x 4,HandOver,13654,Free,17,FORMAT_0,262,127,Success,13654,4,-,7,16,8,-,112,-,2,6,-,-,-,-,-,-,-,-,-,-,-,-,-,Registered,Normal Service,9,269,18,D4A6D4C1,682,18,30kHz,656,-,4,1,-,-,New trans.,0,1,64QAM,156,1,13654,675,13,0,0,Pass,1,QPSK,0,16,1,0,15,30kHz,Re trans.,-,2919,
20260725 15:26:18.264,24.830639,102.842360,13.75,1935,3,1,0.00,0.00,,,,,,,1,SA,460,00,中国移动,4456484,6443507723,1573122,11,Normal,-,1,41,100,100,504990,-,742,513000,513000,30kHz,503172,1099,-,ms20,Connected,SA,-0.8,-4,0,-58,104,-85.1,-11.6,8.7,4,Not Barred,6,6312,-47.1,504990,742,-93.7;-82.1;-96.8;-82.4,-,4.9;7.8;-5.1;4.5,-1.2;1.9;-3.9;-0.5,-48.5;-54.8;-61.4;-47.1,4;3;6;0;5;3;5;7;0;7;6,742;742;742;742;489;254;664;741;8;252;253,-84.3;-85.2;-96.9;-96.1;-88.7;-127.9;-79.9;-100.9;-89.9;-126.8;-126.6,-12;-11.2;-13.6;-16.3;-19.2;-31.9;-10.5;-18;-12.4;-29.9;-29.5,255;255;255;255;255;255;255;255;255;255;255,1;0;0;0;0;0;0;0,504990;504990;504990;504990;504990;504990;504990;504990,742;664;489;8;741;253;252;254,4;5;5;0;7;6;7;3,-,4;1;1;1;1;1;1;1,-85.1;-80.3;-88.7;-89.9;-100.9;-126.6;-126.8;-127.9,-11.6;-10.8;-19.2;-12.5;-18;-29.5;-29.9;-31.9,8.7;255;255;255;255;255;255;255,0.3,2,0,QPSK,-,100,0,0,0,0.00,0.00,0.00,0.00,0,1,Rank 2,16,112,6,193,-,193,13,19.2,31,17,64QAM,0,SMDL,0,0,72.1,0.00,0.00,0.09,0.46,Rank 2,4,488,112,-,4 x 4,HandOver,13654,Free,17,FORMAT_0,262,127,Success,13654,4,-,11,14,8,-,112,-,2,6,-,-,-,-,-,-,-,-,-,-,-,-,-,Registered,Normal Service,9,269,18,D4A6D4C1,759,18,30kHz,768,-,4,1,-,-,New trans.,0,0,256QAM,156,1,13654,734,4,0,0,Pass,1,QPSK,2,16,4,0,15,30kHz,Re trans.,-,562,
20260725 15:26:19.276,24.830643,102.842392,13.79,1934,3,1,0.00,0.00,,,,,,,1,SA,460,00,中国移动,4456484,6443507723,1573122,11,Normal,-,1,41,100,100,504990,-,742,513000,513000,30kHz,503172,1099,-,ms20,Connected,SA,-0.8,-3,0,-58,100,-82.9,-11.6,6.2,4,Not Barred,6,6312,-46.1,504990,742,-91.9;-84.5;-116.9;-86,-,-0.4;6.9;0.9;-3.2,-1.9;0.8;255;255,-47.3;-46.1,4;2;3;1;5;1;5;7,742;742;742;742;489;8;664;741,-81.9;-90.6;-87.9;-95.9;-84.5;-88.8;-75.3;-101.7,-11.4;-12.9;-12.3;-18.7;-19.5;-12.1;-10.4;-18.6,255;255;255;255;255;255;255;255,1;0;0;0;0,504990;504990;504990;504990;504990,742;664;489;8;741,4;5;5;1;7,-,4;1;1;1;1,-82.9;-75.3;-84.5;-88.6;-102.3,-11.6;-10.4;-19.5;-11.6;-19.7,6.2;255;255;255;255,6,29,2,QPSK,-,71.4,28.6,0,0,0.00,0.00,0.01,0.02,14.3,1,Rank 1,18,128,7,63,-,63,7,17.9,20,17,64QAM,0,SMDL,0,0,96.5,0.00,0.00,0.09,0.64,Rank 2,4,228,124,-,2 x 2,HandOver,13654,Free,17,FORMAT_0,262,127,Success,13654,4,-,10,13,8,-,124,-,2,7,-,-,-,-,-,-,-,-,-,-,-,-,-,Registered,Normal Service,9,269,18,D4A6D4C1,889,8,30kHz,656,-,4,1,-,-,New trans.,0,0,64QAM,135,1,13654,883,3,0,0,Pass,1,QPSK,0,16,1,0,15,30kHz,Re trans.,-,1912,
20260725 15:26:20.286,24.830649,102.842428,15.05,1934,3,1,0.00,0.00,,,,,,,1,SA,460,00,中国移动,4456484,6443507723,1573122,11,Normal,-,1,41,100,100,504990,-,664,513000,513000,30kHz,503172,1099,-,ms20,Connected,SA,-0.8,-4,3,-58,97,-79.9,-11.6,10.4,5,Not Barred,6,6312,-43.1,504990,664,-91.1;-83.8;-105.7;-81.7,-,12.1;6.9;255;255,-0.8;-5;255;255,-43.8;-43.1,4;5;0;5;4;3;2;7,742;489;8;664;664;664;664;741,-84;-86.8;-91;-78.6;-83.6;-91.4;-95;-100.3,-13.5;-19.2;-12.5;-10.5;-13.9;-14.8;-15.1;-16.3,255;255;255;255;255;255;255;255,1;0;0;0;0,504990;504990;504990;504990;504990,664;742;489;8;741,5;4;5;0;7,-,4;1;1;1;1,-79.9;-85.5;-86.8;-91.3;-101.1,-11.6;-12.5;-19.2;-13.1;-17.8,10.4;255;255;255;255,6,29,2,QPSK,-,71.4,28.6,0,0,0.00,0.00,0.04,0.04,17.4,1,Rank 1,18,128,24,69,-,69,8,20.1,31,20,64QAM,0,SMDL,0.7,0,50,0.03,0.03,0.04,0.30,Rank 2,4,568,171,-,2 x 2,HandOver,44406,Free,17,FORMAT_0,418,57,Success,44406,4,-,7,-1,-7,-,171,-,3,21,-,-,-,-,-,-,-,-,-,-,-,-,-,Registered,Normal Service,9,269,18,D4A6D4C1,988,19,30kHz,768,-,4,1,-,-,New trans.,0,1,256QAM,148,1,44406,973,14,0,0,Pass,1,QPSK,0,16,1,0,15,30kHz,Re trans.,-,1912,
20260725 15:26:21.299,24.830656,102.842469,16.99,1933,3,1,0.00,0.00,,,,,,,1,SA,460,00,中国移动,4456484,6443507723,1573122,11,Normal,-,1,41,100,100,504990,-,664,513000,513000,30kHz,503172,1099,-,ms20,Connected,SA,-0.8,-4,3,-58,97,-78.1,-10.8,22,5,Not Barred,6,6312,-41.5,504990,664,-76.7;-76.1;-110.4;-78.8,-,22;13.5;255;255,0.3;-6.4;255;255,-43.3;-41.5,4;5;0;5;3;6;2;7;0,742;489;8;664;664;664;664;741;873,-76.4;-87.8;-87.4;-77.9;-90.5;-95.7;-95.5;-110.4;-121.4,-11.2;-19.2;-11.6;-10.6;-14.8;-13.3;-16.9;-22.3;-28.8,255;255;255;255;255;255;255;255;255,1;0;0;0;0;0,504990;504990;504990;504990;504990;504990,664;742;489;8;741;873,5;4;5;0;7;0,-,4;1;1;1;1;1,-78.1;-76.9;-87.8;-88.3;-110.4;-121.4,-10.8;-11;-19.2;-12;-22.3;-28.8,22;255;255;255;255;255,4.6,28,0,QPSK,-,100,0,0,0,0.00,0.00,0.00,0.00,0,1,Rank 1,28,808,24,69,-,69,8,21.5,31,22,256QAM,0,SMDL,0,0,29.7,0.00,0.00,0.12,0.76,Rank 2,4,836,171,-,2 x 2,HandOver,44406,Free,17,FORMAT_0,418,57,Success,44406,4,-,8,0,-7,-,171,-,3,21,-,-,-,-,-,-,-,-,-,-,-,-,-,Registered,Normal Service,9,269,18,D4A6D4C1,2,19,30kHz,768,-,4,1,-,-,New trans.,0,1,256QAM,155,1,44406,1001,14,0,0,Pass,0,QPSK,0,16,1,0,15,30kHz,Re trans.,-,5578,
20260725 15:26:22.305,24.830665,102.842513,16.96,1933,3,1,0.00,0.00,,,,,,,1,SA,460,00,中国移动,4456484,6443503628,1573121,12,Normal,-,1,41,100,100,504990,-,664,513000,513000,30kHz,503172,1099,-,ms20,Connected,SA,-0.8,-4,3,-58,97,-76.1,-11.1,20.5,5,Not Barred,6,6312,-37.5,504990,664,-73.1;-80;-102.8;-74,-,22.5;8.9;255;255,-2.3;-7.1;255;255,-39.1;-37.5,4;5;0;5;4;3;6;7;0;7,742;489;8;664;664;664;664;741;873;252,-79;-82.6;-89.4;-75.2;-81.7;-88.6;-91.1;-100.5;-124.2;-143.2,-12.8;-19.4;-12.4;-10.5;-14.2;-15.3;-12.4;-17.3;-30.9;-37.3,255;255;255;255;255;255;255;255;255;255,1;0;0;0;0;0;0,504990;504990;504990;504990;504990;504990;504990,664;742;489;8;741;873;252,5;4;5;0;7;0;7,-,4;1;1;1;1;1;1,-76.1;-79.7;-82.6;-90.1;-101.2;-124.2;-143.2,-11.1;-12.1;-19.4;-12.7;-18.4;-30.9;-37.3,20.5;255;255;255;255;255;255,4.6,28,0,QPSK,-,100,0,0,0,0.00,0.00,0.00,0.00,0,1,Rank 1,28,808,24,69,-,69,8,21.5,31,22,256QAM,0,SMDL,0,0,29.7,0.00,0.00,0.12,1.27,Rank 2,4,0,171,-,2 x 2,HandOver,44406,Free,17,FORMAT_0,418,57,Success,44406,4,-,8,-3,-7,-,171,-,3,21,-,-,-,-,-,-,-,-,-,-,-,-,-,Registered,Normal Service,9,269,18,D4A6D4C1,2,19,30kHz,768,-,4,1,-,-,New trans.,0,1,256QAM,155,1,44406,1001,14,0,0,Pass,0,QPSK,0,16,1,0,15,30kHz,Re trans.,-,5578,
20260725 15:26:23.319,24.830677,102.842580,17.06,1933,3,1,0.00,0.00,,,,,,,1,SA,460,00,中国移动,4456484,6443503628,1573121,12,Normal,-,1,41,100,100,504990,-,664,513000,513000,30kHz,503172,1099,-,ms20,Connected,SA,-0.8,-4,3,-58,94,-76.5,-11.6,21.1,5,Not Barred,6,6312,-40,504990,664,-73.2;-73.9;-112.6;-79.9,-,24.1;17.4;255;255,-3.6;-8.3;255;255,-50.8;-40,4;5;0;5;4;3;6;1;2;7,742;489;8;664;664;664;664;741;665;743,-75.7;-84.5;-94.8;-75.4;-81;-90.4;-95.6;-96.8;-96.7;-102.9,-11.4;-19.3;-14.7;-10.6;-15.3;-15.1;-16.4;-17;-17.4;-17,255;255;255;255;255;255;255;255;255;255,1;0;0;0;0;0;0,504990;504990;504990;504990;504990;504990;504990,664;742;489;8;741;665;743,5;4;5;0;1;2;7,-,4;1;1;1;1;1;1,-76.5;-75.8;-84.5;-95.7;-96.1;-98.6;-102.9,-11.6;-11.4;-19.3;-15.4;-16.4;-18.3;-17,21.1;255;255;255;255;255;255,0.3,1,0,QPSK,-,100,0,0,0,0.00,0.00,0.00,0.00,0,1,Rank 1,16,48,7,14,-,14,8,22.5,31,23,256QAM,0,SMDL,0,0,18.5,0.00,0.00,0.03,0.00,Rank 2,4,260,181,-,2 x 2,HandOver,44406,Free,17,FORMAT_0,418,57,Success,44406,4,-,7,0,-7,-,181,-,3,7,-,-,-,-,-,-,-,-,-,-,-,-,-,Registered,Normal Service,9,269,18,D4A6D4C1,260,18,30kHz,848,-,4,1,-,-,New trans.,0,0,256QAM,155,1,44406,257,15,0,4,Pass,0,QPSK,0,20,1,0,0,30kHz,Re trans.,-,204,
20260725 15:26:24.332,24.830690,102.842638,16.38,1933,3,1,0.00,0.00,,,,,,,1,SA,460,00,中国移动,4456484,6443503628,1573121,12,Normal,-,1,41,100,100,504990,-,742,513000,513000,30kHz,503172,1099,-,ms20,Connected,SA,-0.8,2,0,-58,77,-57.9,-10.6,6.1,4,Not Barred,6,6312,-22.5,504990,742,-70.6;-58.4;-94.3;-77.9,-,-6.6;8.1;255;255,-8.7;6.4;255;255,-27.9;-22.5,4;6;0;3;5;0;5;7;2;2,742;742;742;742;489;8;664;741;665;743,-57.9;-74.9;-84.2;-81.4;-73.7;-132.7;-64.5;-84.2;-83.1;-91.1,-10.6;-11.1;-13.3;-14.8;-19.5;-34.5;-10.5;-14.2;-14.2;-21.4,255;255;255;255;255;255;255;255;255;255,1;0;0;0;0;0;0,504990;504990;504990;504990;504990;504990;504990,742;664;489;741;665;743;8,4;5;5;7;2;2;0,-,4;1;1;1;1;1;1,-57.9;-65.3;-73.7;-84.7;-84.8;-91.1;-132.5,-10.6;-11.1;-19.5;-14;-14.7;-21.4;-34.4,6.1;255;255;255;255;255;255,0.4,1,0,QPSK,-,100,0,0,0,0.00,0.00,0.00,0.00,0,1,Rank 1,16,84,5,63,-,63,8,23.5,31,24,256QAM,0,SMDL,1.5,0,4.5,0.00,0.00,0.03,0.42,Rank 2,4,268,122,-,2 x 2,HandOver,14946,Free,17,FORMAT_0,262,127,Success,14946,4,-,0,-19,-10,-,122,-,1,4,-,-,-,-,-,-,-,-,-,-,-,-,-,Registered,Normal Service,9,269,18,D4A6D4C1,368,19,30kHz,944,-,4,1,-,-,New trans.,0,0,256QAM,184,1,14946,355,13,0,0,Pass,0,QPSK,0,16,1,0,15,30kHz,Re trans.,-,284,
20260725 15:26:25.340,24.830699,102.842673,13.64,1933,3,1,0.00,0.00,,,,,,,1,SA,460,00,中国移动,4456484,6443503628,1573121,12,Normal,-,1,41,100,100,504990,-,742,513000,513000,30kHz,503172,1099,-,ms20,Connected,SA,-0.8,2,0,-58,80,-63.4,-12.2,1.1,4,Not Barred,6,6312,-24.4,504990,742,-67.2;-63.7;-97.9;-142.2,-,4.2;4.1;255;255,2.6;6.2;255;255,-26.6;-24.4,4;6;3;0;5;0;5;1;2,742;742;742;742;489;663;664;741;665,-63.4;-77.9;-81.5;-88;-66;-120.2;-56.9;-90.1;-79,-12.2;-15.7;-16.2;-15.9;-19.3;-30.9;-10.4;-18.3;-15.1,255;255;255;255;255;255;255;255;255,1;0;0;0;0;0,504990;504990;504990;504990;504990;504990,742;664;489;665;741;663,4;5;5;2;1;0,-,4;1;1;1;1;1,-63.4;-57.8;-66;-80.9;-89.7;-120.2,-12.2;-10.5;-19.3;-13.8;-19.3;-30.9,1.1;255;255;255;255;255,0.7,4,0,QPSK,-,100,0,0,0,0.00,0.00,0.02,0.02,0,1,Rank 1,19,376,19,14,-,14,8,25.4,31,25,256QAM,0,SMDL,0,0,0.5,0.00,0.00,0.07,0.45,Rank 2,4,752,192,-,2 x 2,HandOver,14946,Free,17,FORMAT_0,262,127,Success,14946,4,-,1,-11,-10,-,192,-,3,16,-,-,-,-,-,-,-,-,-,-,-,-,-,Registered,Normal Service,9,269,18,D4A6D4C1,451,8,30kHz,992,-,4,1,-,-,New trans.,0,0,256QAM,135,1,14946,449,14,0,4,Pass,0,QPSK,0,20,1,0,0,30kHz,Re trans.,-,2095,
20260725 15:26:26.354,24.830710,102.842701,11.63,1932,3,1,0.00,0.00,,,,,,,1,SA,460,00,中国移动,4456484,6443507723,1573122,11,Normal,-,1,41,100,100,504990,-,664,513000,513000,30kHz,503172,1099,-,ms20,Connected,SA,-0.8,1,3,-58,72,-54.1,-10.6,27,5,Not Barred,6,6312,-19.4,504990,664,-57.1;-55.5;-92.6;-62.3,-,26.3;27.7;24.7;20.6,7.6;3.8;5.5;-2.4,-20.1;-25.6;-59.1;-19.4,4;5;2;5;4;3;6;7,742;489;665;664;664;664;664;741,-64.6;-62.1;-75.3;-53.3;-60.3;-66.7;-70.4;-116.9,-14.1;-19.6;-13.8;-10.4;-11.9;-10.7;-11.2;-31.4,255;255;255;255;255;255;255;255,1;0;0;0;0,504990;504990;504990;504990;504990,664;489;742;665;741,5;5;4;2;7,-,4;1;1;1;1,-54.1;-62.1;-64.6;-77.7;-89.6,-10.6;-19.6;-14.1;-13.3;-21.8,27;255;255;255;255,1.2,4,0,QPSK,-,100,0,0,0,0.00,0.00,0.00,0.00,0,1,Rank 1,22,136,4,69,-,69,8,25.2,31,25,256QAM,0,SMDL,0,0,0,0.00,0.00,0.30,1.34,Rank 2,4,292,79,-,4 x 4,HandOver,45411,Free,17,FORMAT_0,418,57,Success,45411,2,-,2,-28,-24,-,79,-,1,3,-,-,-,-,-,-,-,-,-,-,-,-,-,Registered,Normal Service,9,269,18,D4A6D4C1,570,9,30kHz,992,-,4,1,-,-,New trans.,0,0,256QAM,192,1,45411,570,4,0,0,Pass,1,QPSK,0,16,1,0,14,30kHz,Re trans.,-,1159,
20260725 15:26:27.368,24.830731,102.842720,11.63,1932,3,1,0.00,0.00,,,,,,,1,SA,460,00,中国移动,4456484,6443507723,1573122,11,Normal,-,1,41,100,100,504990,-,664,513000,513000,30kHz,503172,1099,-,ms20,Connected,SA,-0.8,0,3,-58,73,-55.5,-10.6,24.8,5,Not Barred,6,6312,-18.8,504990,664,-61.5;-59.4;-93.9;-59.4,-,26;33.9;255;255,11.6;10.6;255;255,-23.3;-18.8,2;5;2;5;4;3;7,742;489;665;664;664;664;664,-87.2;-63;-78.3;-54.6;-57.1;-71.4;-73.5,-20;-19.7;-13.4;-10.4;-10.9;-10.8;-10.8,255;255;255;255;255;255;255,1;0;0;0,504990;504990;504990;504990,664;489;742;665,5;5;2;2,-,4;1;1;1,-55.5;-63;-75.6;-79.8,-10.6;-19.7;-19.9;-15.3,24.8;255;255;255,0.7,3,0,QPSK,-,100,0,0,0,0.00,0.00,0.02,0.02,0,1,Rank 1,17,320,20,69,-,69,8,25.1,31,27,256QAM,0,SMDL,0.5,0,24.2,0.00,0.00,0.03,0.54,Rank 2,4,828,233,-,2 x 2,HandOver,45411,Free,17,FORMAT_0,418,57,Success,45411,2,-,3,-25,-24,-,233,-,2,18,-,-,-,-,-,-,-,-,-,-,-,-,-,Registered,Normal Service,9,269,18,D4A6D4C1,671,9,30kHz,1024,-,4,1,-,-,New trans.,0,0,256QAM,195,2,45411,654,3,0,0,Pass,1,QPSK,0,16,1,0,15,30kHz,Re trans.,-,1663,
20260725 15:26:28.382,24.830790,102.842764,14.15,1932,3,1,0.00,0.00,,,,,,,1,SA,460,00,中国移动,4456484,6443503628,1573121,12,Normal,-,1,41,100,100,504990,-,664,513000,513000,30kHz,503172,1099,-,ms20,Connected,SA,-0.8,0,3,-58,75,-57.5,-10.4,26.6,5,Not Barred,6,6312,-24.1,504990,664,-57.8;-58.1;-97;-67.2,-,25;28.1;255;255,13.4;11.1;255;255,-29;-24.1,4;5;2;5;3;4;2,742;489;665;664;664;664;664,-117.9;-66.5;-80.1;-57;-64.6;-63.7;-70,-31.9;-19.3;-19.6;-10.4;-10.4;-10.6;-10.7,255;255;255;255;255;255;255,1;0;0;0,504990;504990;504990;504990,664;489;665;742,5;5;2;4,-,4;1;1;1,-57.5;-66.5;-81.6;-117.3,-10.4;-19.3;-16.1;-31.7,26.6;255;255;255,0.7,3,0,QPSK,-,100,0,0,0,0.00,0.00,0.00,0.00,0,1,Rank 1,17,320,3,69,-,69,8,26.6,31,27,256QAM,0,SMDL,0,0,0,0.00,0.00,0.34,1.41,Rank 2,4,536,141,-,2 x 2,HandOver,45411,Free,17,FORMAT_0,418,57,Success,45411,2,-,2,-20,-24,-,141,-,2,3,-,-,-,-,-,-,-,-,-,-,-,-,-,Registered,Normal Service,9,269,18,D4A6D4C1,767,18,30kHz,992,-,4,1,-,-,New trans.,0,0,256QAM,111,1,45411,702,3,0,0,Pass,1,QPSK,0,16,1,0,15,30kHz,Re trans.,-,1663,
20260725 15:26:29.394,24.830881,102.842805,16.20,1932,3,1,0.00,0.00,,,,,,,1,SA,460,00,中国移动,4456484,6443503628,1573121,12,Normal,-,1,41,100,100,504990,-,664,513000,513000,30kHz,503172,1099,-,ms20,Connected,SA,-0.8,-1,0,-58,78,-58.4,-10.4,24.3,5,Not Barred,6,6312,-24.1,504990,664,-66.1;-61.3;-99;-74.8,-,23.3;26.4;255;255,17.1;17.4;255;255,-24.1;-24.6,5;4;3;2;5;6,664;664;664;664;489;665,-60.5;-56.6;-66.2;-70.7;-67.6;-83.7,-10.4;-10.3;-10.4;-10.6;-19.4;-16.3,255;255;255;255;255;255,1;0;0,504990;504990;504990,664;489;665,5;5;6,-,4;1;1,-58.4;-67.6;-82.8,-10.4;-19.4;-16.2,24.3;255;255,0.7,2,0,QPSK,-,100,0,0,0,0.00,0.00,0.00,0.00,0,2,Rank 1,16,48,1,66,-,66,8,26.4,31,27,256QAM,0,SMDL,0,0,0,0.00,0.00,0.05,1.05,Rank 2,4,152,55,-,2 x 2,HandOver,45411,Free,17,FORMAT_0,418,57,Success,45411,2,-,4,-15,-24,-,55,-,2,1,-,-,-,-,-,-,-,-,-,-,-,-,-,Registered,Normal Service,9,269,18,D4A6D4C1,882,8,30kHz,1057,-,4,1,-,-,New trans.,0,0,256QAM,107,1,45411,876,3,0,0,Pass,1,QPSK,1,16,2,0,15,30kHz,Re trans.,-,279,
20260725 15:26:30.400,24.830961,102.842793,17.42,1932,3,1,0.00,0.00,,,,,,,1,SA,460,00,中国移动,4456484,6443503628,1573121,12,Normal,-,1,41,100,100,504990,-,664,513000,513000,30kHz,503172,1099,-,ms20,Connected,SA,-0.8,0,0,-58,74,-57.4,-10.4,22.5,4,Not Barred,6,6312,-22.1,504990,664,-59;-58.5;-83.2;-58.6,-,24.1;24.9;255;255,18.6;17.5;255;255,-23.1;-22.1,4;5;3;2;5;6,664;664;664;664;489;665,-57.2;-64.2;-67.8;-71;-74.8;-82,-10.4;-10.4;-10.5;-10.6;-19.4;-13.9,255;255;255;255;255;255,1;0;0,504990;504990;504990,664;489;665,4;5;6,-,4;1;1,-57.4;-74.8;-81.8,-10.4;-19.4;-16.4,22.5;255;255,0.7,1,1,QPSK,-,100,0,0,0,0.00,0.00,0.00,0.00,0,2,Rank 1,16,48,2,66,-,66,8,26.8,27,27,256QAM,0,SMDL,0,0,0,0.00,0.00,0.00,0.30,Rank 2,4,408,102,-,4 x 4,HandOver,45411,Free,17,FORMAT_0,418,57,Success,45411,2,-,5,-11,-24,-,102,-,2,2,-,-,-,-,-,-,-,-,-,-,-,-,-,Registered,Normal Service,9,269,18,D4A6D4C1,980,8,30kHz,1057,-,4,1,-,-,New trans.,0,0,256QAM,107,1,45411,978,3,0,0,Pass,1,QPSK,1,16,2,0,15,30kHz,Re trans.,-,201,
20260725 15:26:31.407,24.831004,102.842758,16.96,1932,3,1,0.00,0.00,,,,,,,1,SA,460,00,中国移动,4456484,6443503628,1573121,12,Normal,-,1,41,100,100,504990,-,664,513000,513000,30kHz,503172,1099,-,ms20,Connected,SA,-0.8,0,0,-58,75,-59.2,-10.4,30.3,4,Not Barred,6,6312,-23.1,504990,664,-60.5;-56.8;-94.1;-65.7,-,14.1;27.7;255;255,20.9;16.9;255;255,-25.8;-23.1,4;5;3;2;5;1,664;664;664;664;489;665,-58.2;-62.8;-72.6;-74.4;-70.5;-84.2,-10.4;-10.4;-10.7;-11.1;-19;-18.9,255;255;255;255;255;255,1;0;0,504990;504990;504990,664;489;665,4;5;1,-,4;1;1,-59.2;-70.5;-83.7,-10.4;-19;-18.1,30.3;255;255,0.7,1,1,QPSK,-,100,0,0,0,0.00,0.00,0.00,0.00,0,2,Rank 1,16,48,2,14,-,14,8,26.8,27,27,256QAM,0,SMDL,0,0,0,0.00,0.00,0.00,0.81,Rank 2,4,408,102,-,2 x 2,HandOver,45411,Free,17,FORMAT_0,418,57,Success,45411,2,-,6,-12,-24,-,102,-,2,2,-,-,-,-,-,-,-,-,-,-,-,-,-,Registered,Normal Service,9,269,18,D4A6D4C1,1002,18,30kHz,1057,-,4,1,-,-,New trans.,0,0,256QAM,188,1,45411,1,14,0,4,Pass,0,QPSK,0,20,1,0,0,30kHz,Re trans.,-,201,
20260725 15:26:32.419,24.831028,102.842727,16.24,1932,3,1,0.00,0.00,,,,,,,1,SA,460,00,中国移动,4456484,6443503628,1573121,12,Normal,-,1,41,100,100,504990,-,664,513000,513000,30kHz,503172,1099,-,ms20,Connected,SA,-0.8,2,0,-58,78,-60.6,-10.4,23.7,4,Not Barred,6,6312,-22,504990,664,-66.8;-62.6;-99;-76.5,-,16.5;23.7;255;255,19.9;22;255;255,-27.8;-22,4;5;3;2;5;3,664;664;664;664;489;665,-60.1;-61.8;-73.2;-75.7;-70.6;-87,-10.4;-10.3;-10.7;-11;-19;-20.9,255;255;255;255;255;255,1;0;0,504990;504990;504990,664;489;665,4;5;3,-,4;1;1,-60.6;-70.6;-84.8,-10.4;-19;-17.7,23.7;255;255,1.5,3,3,QPSK,-,100,0,0,0,0.00,0.00,0.00,0.00,0,2,Rank 1,18,36,3,42,-,42,8,26.8,27,27,256QAM,0,SMDL,0,0,0,0.00,0.00,0.00,0.81,Rank 2,4,0,50,-,2 x 2,HandOver,45411,Free,17,FORMAT_0,418,57,Success,45411,2,-,5,-6,-24,-,50,-,1,2,-,-,-,-,-,-,-,-,-,-,-,-,-,Registered,Normal Service,9,269,18,D4A6D4C1,157,9,30kHz,992,-,4,1,-,-,New trans.,0,0,256QAM,188,1,45411,157,5,0,0,Pass,1,QPSK,0,16,2,0,15,30kHz,Re trans.,-,171,
20260725 15:26:33.432,24.831060,102.842701,16.27,1932,3,1,0.00,0.00,,,,,,,1,SA,460,00,中国移动,4456484,6443503628,1573121,12,Normal,-,1,41,100,100,504990,-,664,513000,513000,30kHz,503172,1099,-,ms20,Connected,SA,-0.8,2,0,-58,74,-51.9,-10.4,27.9,4,Not Barred,6,6312,-15.6,504990,664,-54.3;-49.7;-89.4;-63.5,-,26.5;27.9;255;255,24.7;23.6;255;255,-18;-15.6,4;5;3;7;5;2,664;664;664;664;489;665,-52.7;-50.9;-64.3;-68;-60.1;-75.2,-10.4;-10.4;-10.6;-10.6;-19.2;-11.4,255;255;255;255;255;255,1;0;0,504990;504990;504990,664;489;665,4;5;2,-,4;1;1,-51.9;-60.1;-77.5,-10.4;-19.2;-14.3,27.9;255;255,1.5,3,3,QPSK,-,100,0,0,0,0.00,0.00,0.00,0.00,0,2,Rank 1,18,36,3,26,-,26,8,26.5,31,27,256QAM,0,SMDL,0,0,0,0.00,0.00,0.01,0.00,Rank 2,4,288,50,-,2 x 2,HandOver,45411,Free,17,FORMAT_0,418,57,Success,45411,2,-,-2,-11,-24,-,50,-,1,2,-,-,-,-,-,-,-,-,-,-,-,-,-,Registered,Normal Service,9,269,18,D4A6D4C1,225,18,30kHz,848,-,4,1,-,-,New trans.,0,0,256QAM,116,2,45411,200,17,0,0,Pass,1,QPSK,0,16,1,0,15,30kHz,Re trans.,-,171,
20260725 15:26:34.443,24.831087,102.842678,16.42,1932,3,1,0.00,0.00,,,,,,,1,SA,460,00,中国移动,4456484,6443503628,1573121,12,Normal,-,1,41,100,100,504990,-,664,513000,513000,30kHz,503172,1099,-,ms20,Connected,SA,-0.8,3,0,-58,71,-54.6,-10.4,29.6,4,Not Barred,6,6312,-19.1,504990,664,-57.1;-53.5;-91.2;-59.9,-,19.3;25.5;255;255,13.4;20.2;255;255,-33.8;-19.1,4;5;0;7;5;0;7,664;664;664;664;489;665;663,-54.8;-54.8;-71.2;-71.4;-64.1;-80.5;-81.1,-10.4;-10.4;-11.2;-11;-19.3;-18.4;-13.5,255;255;255;255;255;255;255,1;0;0;0,504990;504990;504990;504990,664;489;665;663,4;5;0;7,-,4;1;1;1,-54.6;-64.1;-80.2;-81.3,-10.4;-19.3;-15.6;-14.6,29.6;255;255;255,1.5,3,3,QPSK,-,100,0,0,0,0.00,0.00,0.00,0.00,0,2,Rank 1,18,36,5,26,-,26,8,23.4,26,22,256QAM,0,SMDL,0,0,0,0.00,0.00,0.01,0.56,Rank 2,4,212,125,-,2 x 2,HandOver,45411,Free,17,FORMAT_0,418,57,Success,45411,2,-,-2,-9,-24,-,125,-,1,5,-,-,-,-,-,-,-,-,-,-,-,-,-,Registered,Normal Service,9,269,18,D4A6D4C1,311,18,30kHz,992,-,4,1,-,-,New trans.,0,0,256QAM,116,1,45411,200,17,0,0,Pass,1,QPSK,0,16,1,0,15,30kHz,Re trans.,-,171,
20260725 15:26:35.453,24.831118,102.842648,16.85,1932,3,1,0.00,0.00,,,,,,,1,SA,460,00,中国移动,4456484,6443503628,1573121,12,Normal,-,1,41,100,100,504990,-,664,513000,513000,30kHz,503172,1099,-,ms20,Connected,SA,-0.8,2,0,-58,74,-59.4,-10.4,30.8,4,Not Barred,6,6312,-16.5,504990,664,-66.7;-54.9;-91.9;-61.9,-,25.1;30.2;255;255,21.3;29.8;255;255,-28;-16.5,4;5;0;1;5;2;7,664;664;664;664;489;665;663,-58.6;-64.7;-75.9;-77.2;-73.8;-83.2;-85.6,-10.4;-10.4;-11.2;-11.5;-19.3;-15.2;-14.5,255;255;255;255;255;255;255,1;0;0;0,504990;504990;504990;504990,664;489;665;663,4;5;2;7,-,4;1;1;1,-59.4;-73.8;-84.6;-85.5,-10.4;-19.3;-14.5;-14.5,30.8;255;255;255,1.2,5,0,QPSK,-,83.3,16.7,0,0,0.00,0.00,0.00,0.00,0,2,Rank 1,16,96,1,69,-,69,8,24.5,25,25,256QAM,0,SMDL,0,0,0,0.00,0.00,0.00,0.37,Rank 2,4,8,2,-,2 x 2,HandOver,45411,Free,17,FORMAT_0,418,57,Success,45411,2,-,-1,-3,-24,-,2,-,1,1,-,-,-,-,-,-,-,-,-,-,-,-,-,Registered,Normal Service,9,269,18,D4A6D4C1,461,19,30kHz,984,-,4,1,-,-,New trans.,0,1,256QAM,116,1,45411,461,15,0,0,Pass,0,QPSK,0,16,1,0,15,30kHz,Re trans.,-,530,
20260725 15:26:36.460,24.831139,102.842614,16.81,1932,3,1,0.00,0.00,,,,,,,1,SA,460,00,中国移动,4456484,6443503628,1573121,12,Normal,-,1,41,100,100,504990,-,664,513000,513000,30kHz,503172,1099,-,ms20,Connected,SA,-0.8,3,0,-58,66,-46.5,-10.4,34.6,4,Not Barred,6,6312,-12,504990,664,-57.1;-46.1;-80.9;-56.4,-,27.3;31.2;255;255,19.2;23.4;255;255,-23.9;-12,4;5;3;2;5;6;7,664;664;664;664;489;665;663,-46.5;-56.1;-62;-62.7;-65.3;-82.7;-84.8,-10.4;-10.3;-10.4;-10.5;-19.6;-19.6;-17.8,255;255;255;255;255;255;255,1;0;0;0,504990;504990;504990;504990,664;489;665;663,4;5;6;7,-,4;1;1;1,-46.5;-65.3;-83;-84.8,-10.4;-19.6;-19.4;-17.8,34.6;255;255;255,0.3,1,0,QPSK,-,100,0,0,0,0.00,0.00,0.01,0.01,0,1,Rank 1,16,128,7,69,-,69,7,26.2,27,27,256QAM,0,SMDL,0,0,0,0.00,0.00,0.00,0.01,Rank 2,4,428,109,-,4 x 4,HandOver,45411,Free,17,FORMAT_0,418,57,Success,45411,2,-,-8,-17,-24,-,109,-,1,7,-,-,-,-,-,-,-,-,-,-,-,-,-,Registered,Normal Service,9,269,18,D4A6D4C1,550,18,30kHz,768,-,4,1,-,-,New trans.,0,0,256QAM,148,1,45411,546,3,0,0,Pass,1,QPSK,0,16,1,0,15,30kHz,Re trans.,-,546,
20260725 15:26:37.467,24.831162,102.842561,17.32,1932,3,1,0.00,0.00,,,,,,,1,SA,460,00,中国移动,4456484,6443503628,1573121,12,Normal,-,1,41,100,100,504990,-,664,513000,513000,30kHz,503172,1099,-,ms20,Connected,SA,-0.8,0,0,-58,88,-70.9,-10.5,22.6,4,Not Barred,6,6312,-32.1,504990,664,-75.4;-69.5;-100.5;-75.6,-,11.4;18.6;26.9;21.7,11.5;14;9.6;10.4,-34.6;-34.9;-76.8;-32.1,4;5;3;2;5;2;7,664;664;664;664;489;665;663,-69.7;-68.5;-70;-72.5;-73.3;-87.4;-87.6,-10.4;-10.4;-10.6;-10.9;-18.8;-21.1;-13,255;255;255;255;255;255;255,1;0;0;0,504990;504990;504990;504990,664;489;665;663,4;5;2;7,-,4;1;1;1,-70.9;-73.3;-79.7;-87.6,-10.5;-18.8;-17.9;-13,22.6;255;255;255,0.3,1,0,QPSK,-,100,0,0,0,0.00,0.00,0.00,0.00,0,1,Rank 3,16,128,5,69,-,69,11,20.6,24,20,256QAM,0,SMDL,0,0,8.7,0.00,0.00,0.00,0.79,Rank 2,4,92,31,-,4 x 4,HandOver,45411,Free,17,FORMAT_0,418,57,Success,45411,2,-,10,7,-24,-,31,-,1,5,-,-,-,-,-,-,-,-,-,-,-,-,-,Registered,Normal Service,9,269,18,D4A6D4C1,648,8,30kHz,944,-,4,1,-,-,New trans.,0,0,256QAM,144,1,45411,643,13,0,0,Pass,0,QPSK,0,16,1,0,15,30kHz,Re trans.,-,546,
20260725 15:26:38.477,24.831164,102.842519,16.99,1933,3,1,0.00,0.00,,,,,,,1,SA,460,00,中国移动,4456484,6443503628,1573121,12,Normal,-,1,41,100,100,504990,-,664,513000,513000,30kHz,503172,1099,-,ms20,Connected,SA,-0.8,4,0,-58,87,-71.4,-10.4,25.6,4,Not Barred,6,6312,-38.4,504990,664,-76.3;-68.3;-106.3;-78.9,-,9.4;25.6;13.4;20.3,11.4;14.2;11.4;10.2,-39.8;-41.3;-73.9;-38.4,4;3;5;2;5;2;7;1;1,664;664;664;664;489;665;663;829;511,-69.9;-74.8;-75.6;-81.2;-83.8;-91.4;-90.5;-97.8;-141.8,-10.4;-10.5;-10.4;-10.8;-18.2;-17.1;-14.7;-20.1;-37.5,255;255;255;255;255;255;255;255;255,1;0;0;0;0;0,504990;504990;504990;504990;504990;504990,664;489;663;665;829;511,4;5;7;2;1;1,-,4;1;1;1;1;1,-71.4;-85.3;-90.5;-91.8;-97.2;-141.8,-10.4;-14.9;-14.7;-17.8;-19.4;-37.5,25.6;255;255;255;255;255,0.2,1,0,QPSK,-,100,0,0,0,0.00,0.00,0.00,0.00,0,1,Rank 1,16,80,5,69,-,69,8,24,25,25,256QAM,0,SMDL,0,0,0,0.00,0.00,0.00,0.12,Rank 2,4,120,31,-,4 x 4,HandOver,45411,Free,17,FORMAT_0,418,57,Success,45411,2,-,7,9,-24,-,31,-,1,5,-,-,-,-,-,-,-,-,-,-,-,-,-,Registered,Normal Service,9,269,18,D4A6D4C1,695,18,30kHz,992,-,4,1,-,-,New trans.,0,0,256QAM,144,1,45411,690,13,0,0,Pass,1,QPSK,0,16,1,0,15,30kHz,Re trans.,-,333,
20260725 15:26:39.487,24.831162,102.842466,17.35,1933,3,1,0.00,0.00,,,,,,,1,SA,460,00,中国移动,4456484,6443503628,1573121,12,Normal,-,1,41,100,100,504990,-,664,513000,513000,30kHz,503172,1099,-,ms20,Connected,SA,-0.8,1,0,-58,92,-73.9,-10.5,23.6,4,Not Barred,6,6312,-42.3,504990,664,-77.7;-72.3;-112.4;-79.6,-,13.6;9.1;16.9;13.8,4.4;7.8;8.3;7.1,-42.3;-43.5;-42.3;-43.5,4;3;5;0;7;6;7;1,664;664;664;664;489;665;663;829,-72.9;-77.9;-78.8;-89.4;-90.8;-94.8;-96.2;-94.1,-10.5;-10.6;-10.5;-12.1;-14.6;-15.4;-16.2;-15.1,255;255;255;255;255;255;255;255,1;0;0;0;0,504990;504990;504990;504990;504990,664;489;665;829;663,4;7;6;1;7,-,4;1;1;1;1,-73.9;-89.5;-95.4;-95.6;-96.2,-10.5;-16.3;-16.1;-15.4;-16.2,23.6;255;255;255;255,0,0,0,QPSK,-,100,0,0,0,0.00,0.00,0.00,0.00,0,3,Rank 2,16,64,4,57,-,57,12,25.7,31,23,256QAM,0,SMDL,0,0,0,0.00,0.00,0.00,0.19,Rank 2,4,12,21,-,4 x 4,HandOver,45411,Free,17,FORMAT_0,418,57,Success,45411,2,-,11,10,-24,-,21,-,1,4,-,-,-,-,-,-,-,-,-,-,-,-,-,Registered,Normal Service,9,269,18,D4A6D4C1,861,18,30kHz,944,-,4,1,-,-,New trans.,0,0,256QAM,147,1,45411,855,4,0,0,Pass,0,QPSK,28,32,3,0,15,30kHz,New trans.,-,264,
20260725 15:26:40.496,24.831155,102.842412,17.57,1933,3,1,0.00,0.00,,,,,,,1,SA,460,00,中国移动,4456484,6443503628,1573121,12,Normal,-,1,41,100,100,504990,-,664,513000,513000,30kHz,503172,1099,-,ms20,Connected,SA,-0.8,-3,0,-58,91,-74.8,-10.4,19.8,5,Not Barred,6,6312,-38.3,504990,664,-74.2;-73.3;-113.9;-82.5,-,18.6;18.3;-0.2;22.6,11.8;6.5;-0.2;8.6,-38.5;-43.1;-79;-38.3,5;3;4;6;5;2;7;0;7,664;664;664;664;489;665;663;829;490,-74.4;-75.6;-76.7;-89.4;-82.6;-97;-89.5;-96.3;-95.6,-10.4;-10.5;-10.4;-11.6;-18.9;-15.6;-13.8;-16.6;-19.1,255;255;255;255;255;255;255;255;255,1;0;0;0;0;0,504990;504990;504990;504990;504990;504990,664;489;663;490;829;665,5;5;7;7;0;2,-,4;1;1;1;1;1,-74.8;-82.6;-89.5;-95.6;-96.8;-97,-10.4;-18.9;-13.8;-19.1;-16.5;-16.5,19.8;255;255;255;255;255,7.3,28,0,QPSK,-,100,0,0,0,0.00,0.00,0.00,0.00,66.7,4,Rank 1,20,160,7,76,-,76,8,23.7,25,24,256QAM,0,SMDL,0,0,0,0.00,0.00,0.00,0.02,Rank 2,4,144,39,-,4 x 4,HandOver,45411,Free,17,FORMAT_0,418,57,Success,45411,2,-,8,13,-24,-,39,-,1,7,-,-,-,-,-,-,-,-,-,-,-,-,-,Registered,Normal Service,9,269,18,D4A6D4C1,963,8,30kHz,944,-,4,1,-,-,New trans.,0,0,256QAM,171,1,45411,958,11,0,0,Pass,0,QPSK,0,16,4,0,15,30kHz,Re trans.,-,622,
20260725 15:26:41.509,24.831143,102.842361,17.57,1933,3,1,0.00,0.00,,,,,,,1,SA,460,00,中国移动,4456484,6443503628,1573121,12,Normal,-,1,41,100,100,504990,-,664,513000,513000,30kHz,503172,1099,-,ms20,Connected,SA,-0.8,-2,0,-58,94,-74.8,-10.5,17.3,5,Not Barred,6,6312,-46.9,504990,664,-78;-83.4;-121.1;-78.5,-,13.5;10.3;5.5;9.6,7.5;8.9;0.3;3.7,-48.5;-46.9;-81.6;-49.3,5;3;4;2;5;2;7;1;7;1;2,664;664;664;664;489;665;663;829;490;8;4,-78.6;-73.9;-78.2;-88.3;-86.5;-96.7;-94.2;-96.4;-97.8;-108.3;-122.8,-10.5;-10.5;-10.6;-11.3;-19.3;-15.9;-17.1;-16.8;-18.2;-24.1;-30,255;255;255;255;255;255;255;255;255;255;255,1;0;0;0;0;0;0;0,504990;504990;504990;504990;504990;504990;504990;504990,664;489;663;829;665;490;8;4,5;5;7;1;2;7;1;2,-,4;1;1;1;1;1;1;1,-74.8;-88.5;-94.2;-95;-96.3;-97.8;-108.3;-122.8,-10.5;-15.8;-17.1;-16.4;-16.9;-18.2;-24.1;-30,17.3;255;255;255;255;255;255;255,7.3,28,0,QPSK,-,100,0,0,0,0.00,0.00,0.00,0.00,0,4,Rank 1,20,160,7,69,-,69,15,22.7,24,23,256QAM,0,SMDL,0,0,0,0.00,0.00,0.00,0.26,Rank 2,4,128,39,-,4 x 4,HandOver,45411,Free,17,FORMAT_0,418,57,Success,45411,2,-,8,14,-24,-,39,-,1,7,-,-,-,-,-,-,-,-,-,-,-,-,-,Registered,Normal Service,9,269,18,D4A6D4C1,1001,8,30kHz,848,-,4,1,-,-,New trans.,0,0,256QAM,171,1,45411,996,3,0,0,Pass,0,QPSK,0,16,1,0,15,30kHz,Re trans.,-,622,
20260725 15:26:42.522,24.831129,102.842321,15.70,1933,3,1,0.00,0.00,,,,,,,1,SA,460,00,中国移动,4456484,6443503628,1573121,12,Normal,-,1,41,100,100,504990,-,664,513000,513000,30kHz,503172,1099,-,ms20,Connected,SA,-0.8,0,0,-58,92,-75.4,-10.5,22.8,3,Not Barred,6,6312,-34.8,504990,664,-79.4;-69.9;-105.4;-79.9,-,10.7;11.4;255;255,7.1;9.9;255;255,-45;-34.8,3;4;5;2;5;2;7;1;7;2;0,664;664;664;664;489;665;663;829;490;4;8,-74.5;-77.4;-78.7;-88.6;-87.1;-94.6;-92.9;-92.1;-100.2;-117.3;-94.1,-10.5;-10.6;-10.6;-11.3;-18.9;-14.2;-15.6;-14;-20.8;-27;-15.1,255;255;255;255;255;255;255;255;255;255;255,1;0;0;0;0;0;0;0,504990;504990;504990;504990;504990;504990;504990;504990,664;489;829;663;8;665;490;4,3;5;1;7;0;2;7;2,-,4;1;1;1;1;1;1;1,-75.4;-87.3;-92.6;-92.9;-94.1;-96.4;-100.2;-117.3,-10.5;-18.4;-14.9;-15.6;-15.1;-16.5;-20.8;-27,22.8;255;255;255;255;255;255;255,0.8,2,0,QPSK,-,100,0,0,0,0.00,0.00,0.00,0.00,0,2,Rank 1,17,68,5,66,-,66,15,22.7,24,23,256QAM,0,SMDL,0,0,0,0.00,0.00,0.00,0.21,Rank 2,4,0,31,-,2 x 2,HandOver,45411,Free,17,FORMAT_0,418,57,Success,45411,2,-,9,11,-24,-,31,-,1,4,-,-,-,-,-,-,-,-,-,-,-,-,-,Registered,Normal Service,9,269,18,D4A6D4C1,141,8,30kHz,848,-,4,1,-,-,New trans.,0,0,256QAM,160,1,45411,136,10,0,0,Pass,0,QPSK,2,16,2,0,15,30kHz,Re trans.,-,245,
20260725 15:26:43.530,24.831112,102.842271,14.90,1933,3,1,0.00,0.00,,,,,,,1,SA,460,00,中国移动,4456484,6443503628,1573121,12,Normal,-,1,41,100,100,504990,-,664,513000,513000,30kHz,503172,1099,-,ms20,Connected,SA,-0.8,-1,0,-58,95,-79.5,-10.5,25.9,3,Not Barred,6,6312,-41.4,504990,664,-72.8;-75.5;-118.5;-76.7,-,7.2;8.4;255;255,6.5;6;255;255,-41.4;-45.8,3;5;4;2;5;2;7;0;7;1,664;664;664;664;489;665;663;829;490;8,-77.6;-81.2;-81.3;-87;-89.1;-107.7;-91.8;-90.2;-97.7;-95.5,-10.5;-10.5;-10.5;-11;-18.8;-22.8;-13.9;-13.8;-17.8;-18,255;255;255;255;255;255;255;255;255;255,1;0;0;0;0;0;0,504990;504990;504990;504990;504990;504990;504990,664;489;829;663;8;490;665,3;5;0;7;1;7;2,-,4;1;1;1;1;1;1,-79.5;-89.5;-90.5;-91.9;-97.8;-98.9;-102.6,-10.5;-18.2;-14;-14;-19;-18.3;-20.1,25.9;255;255;255;255;255;255,0.8,2,0,QPSK,-,100,0,0,0,0.00,0.00,0.00,0.00,0,2,Rank 1,17,68,7,69,-,69,8,22,31,22,256QAM,0,SMDL,0,0,14.3,0.00,0.00,0.00,0.00,Rank 2,4,168,47,-,4 x 4,HandOver,45411,Free,17,FORMAT_0,418,57,Success,45411,2,-,9,13,-24,-,47,-,3,4,-,-,-,-,-,-,-,-,-,-,-,-,-,Registered,Normal Service,9,269,18,D4A6D4C1,235,8,30kHz,848,-,4,1,-,-,New trans.,0,0,256QAM,260,1,45411,230,11,0,0,Pass,0,QPSK,0,16,1,0,15,30kHz,Re trans.,-,245,
20260725 15:26:44.542,24.831094,102.842227,13.39,1933,3,1,0.00,0.00,,,,,,,1,SA,460,00,中国移动,4456484,6443503628,1573121,12,Normal,-,1,41,100,100,504990,-,664,513000,513000,30kHz,503172,1099,-,ms20,Connected,SA,-0.8,-1,0,-58,95,-79.5,-10.7,13.3,3,Not Barred,6,6312,-48.3,504990,664,-82.7;-78.2;-122.2;-81.2,-,11.7;13.3;255;255,5.3;9.6;255;255,-48.9;-48.3,3;4;5;2;7;4;7;1;7;1;0,664;664;664;664;489;665;663;829;490;8;511,-78.5;-80;-86.2;-89;-94;-110;-91.3;-97.4;-98.2;-95.3;-98.1,-10.6;-10.8;-11.1;-11.2;-15.8;-27.3;-13.5;-18.1;-18.3;-15.7;-16.8,255;255;255;255;255;255;255;255;255;255;255,1;0;0;0;0;0;0;0,504990;504990;504990;504990;504990;504990;504990;504990,664;663;665;489;829;8;511;490,3;7;4;7;1;1;0;7,-,4;1;1;1;1;1;1;1,-79.5;-91.8;-93.3;-94.1;-96;-96.5;-98.1;-98.2,-10.7;-13.9;-18.6;-15.6;-17.1;-16.5;-16.8;-18.3,13.3;255;255;255;255;255;255;255,0.8,2,0,QPSK,-,100,0,0,0,0.00,0.00,0.00,0.00,0,2,Rank 1,17,68,7,69,-,69,7,20,22,20,256QAM,0,SMDL,0,0,27.3,0.00,0.00,0.00,0.26,Rank 2,4,44,47,-,4 x 4,HandOver,45411,Free,17,FORMAT_0,418,57,Success,45411,2,-,9,13,-24,-,47,-,3,4,-,-,-,-,-,-,-,-,-,-,-,-,-,Registered,Normal Service,9,269,18,D4A6D4C1,235,8,30kHz,848,-,4,1,-,-,New trans.,0,0,256QAM,260,1,45411,230,11,0,0,Pass,0,QPSK,0,16,1,0,15,30kHz,Re trans.,-,245,
20260725 15:26:45.555,24.831077,102.842198,8.28,1933,3,1,0.00,0.00,,,,,,,1,SA,460,00,中国移动,4456484,6443503628,1573121,12,Normal,-,1,41,100,100,504990,-,664,513000,513000,30kHz,503172,1099,-,ms20,Connected,SA,-0.8,3,0,-58,96,-80.3,-10.6,16.8,3,Not Barred,6,6312,-43.5,504990,664,-81.3;-78;-118.9;-83.5,-,14.4;16.8;255;255,9.1;10.1;255;255,-49.9;-43.5,3;4;2;5;5;6;7;1;7;1;0;0,664;664;664;664;489;665;663;829;490;8;511;884,-79.6;-81.9;-88.4;-84.9;-94.1;-101.6;-95.1;-97.8;-102.1;-95.6;-124.8;-128,-10.6;-10.5;-10.9;-10.9;-19;-17.3;-14;-18.7;-19.1;-15.1;-30.3;-31.2,255;255;255;255;255;255;255;255;255;255;255;255,1;0;0;0;0;0;0;0;0,504990;504990;504990;504990;504990;504990;504990;504990;504990,664;8;663;489;829;665;490;511;884,3;1;7;5;1;6;7;0;0,-,4;1;1;1;1;1;1;1;1,-80.3;-95.1;-95.2;-96;-98.1;-98.6;-102.1;-124.8;-128,-10.6;-14.7;-14.1;-15.8;-17.6;-18;-19.1;-30.3;-31.2,16.8;255;255;255;255;255;255;255;255,3,9,0,QPSK,-,100,0,0,0,0.00,0.00,0.00,0.00,0,1,Rank 1,13,92,0,69,-,69,7,20.2,22,20,256QAM,0,SMDL,0,0,20,0.00,0.00,0.00,0.06,Rank 2,4,40,7,-,2 x 2,HandOver,45411,Free,17,FORMAT_0,418,57,Success,45411,2,-,10,11,-24,-,7,-,3,4,-,-,-,-,-,-,-,-,-,-,-,-,-,Registered,Normal Service,9,269,18,D4A6D4C1,414,18,30kHz,800,-,4,1,-,-,New trans.,0,0,256QAM,200,1,45411,409,14,0,0,Pass,1,QPSK,0,16,1,0,15,30kHz,Re trans.,-,438,
20260725 15:26:46.566,24.831065,102.842171,9.11,1933,3,1,0.00,0.00,,,,,,,1,SA,460,00,中国移动,4456484,6443503628,1573121,12,Normal,-,1,41,100,100,504990,-,664,513000,513000,30kHz,503172,1099,-,ms20,Connected,SA,-0.8,2,0,-58,98,-80.3,-10.6,10.9,3,Not Barred,6,6312,-41,504990,664,-80.3;-87.7;-121;-82.4,-,9.5;8.2;255;255,5.6;6.5;255;255,-46.8;-41,3;4;5;2;5;3;7;0;7;1;0,664;664;664;664;489;665;663;829;490;8;884,-81.1;-81.2;-84.4;-88.7;-93.1;-109.8;-91.9;-96.1;-96.7;-91.6;-110.1,-10.7;-10.7;-10.7;-11;-18.2;-24.6;-13.8;-15.7;-18.9;-13.4;-24.4,255;255;255;255;255;255;255;255;255;255;255,1;0;0;0;0;0;0;0,504990;504990;504990;504990;504990;504990;504990;504990,664;663;8;489;829;490;665;884,3;7;1;5;0;7;3;0,-,4;1;1;1;1;1;1;1,-80.3;-92.1;-92.6;-93.1;-95.5;-96.7;-97.6;-110.1,-10.6;-14;-14.1;-14.8;-16.2;-18.9;-18.4;-24.4,10.9;255;255;255;255;255;255;255,0.5,3,0,QPSK,-,100,0,0,0,0.00,0.00,0.00,0.00,0,1,Rank 1,16,96,5,42,-,42,7,20.4,25,21,256QAM,0,SMDL,0,0,46.2,0.00,0.00,0.01,0.06,Rank 2,4,104,26,-,4 x 4,HandOver,45411,Free,17,FORMAT_0,418,57,Success,45411,2,-,12,16,-24,-,26,-,3,5,-,-,-,-,-,-,-,-,-,-,-,-,-,Registered,Normal Service,9,269,18,D4A6D4C1,549,18,30kHz,800,-,4,1,-,-,New trans.,0,0,256QAM,187,1,45411,548,3,0,0,Pass,0,QPSK,0,16,2,0,15,30kHz,Re trans.,-,446,
20260725 15:26:47.576,24.831081,102.842155,10.69,1933,3,1,0.00,0.00,,,,,,,1,SA,460,00,中国移动,4456484,6443503628,1573121,12,Normal,-,1,41,100,100,504990,-,664,513000,513000,30kHz,503172,1099,-,ms20,Connected,SA,-0.8,2,0,-58,98,-80.2,-10.6,14.4,3,Not Barred,6,6312,-40.8,504990,664,-80.3;-77;-107.3;-80.9,-,13.4;10.2;255;255,6.1;6.7;255;255,-43;-40.8,3;4;5;2;5;2;7;0;7;1,664;664;664;664;489;665;663;829;490;8,-79;-81.6;-83.3;-89.2;-92.8;-100.3;-94.1;-95.2;-98.6;-95.9,-10.6;-10.7;-10.7;-11;-18.3;-19.8;-14.7;-15.5;-18.5;-15.4,255;255;255;255;255;255;255;255;255;255,1;0;0;0;0;0;0,504990;504990;504990;504990;504990;504990;504990,664;489;663;829;8;490;665,3;5;7;0;1;7;2,-,4;1;1;1;1;1;1,-80.2;-93.4;-95;-95.6;-96.5;-99.7;-101.1,-10.6;-16.5;-15.6;-15.9;-15.8;-19.3;-19.8,14.4;255;255;255;255;255;255,0.5,3,0,QPSK,-,100,0,0,0,0.00,0.00,0.00,0.00,0,1,Rank 1,16,96,5,42,-,42,14,21.6,23,22,256QAM,0,SMDL,0,0,0,0.00,0.00,0.00,0.15,Rank 2,4,84,26,-,4 x 4,HandOver,45411,Free,17,FORMAT_0,418,57,Success,45411,2,-,12,12,-24,-,26,-,3,5,-,-,-,-,-,-,-,-,-,-,-,-,-,Registered,Normal Service,9,269,18,D4A6D4C1,555,18,30kHz,848,-,4,1,-,-,New trans.,0,0,256QAM,115,1,45411,548,3,0,0,Pass,0,QPSK,0,16,2,0,15,30kHz,Re trans.,-,446,
20260725 15:26:48.587,24.831177,102.842209,10.94,1933,3,1,0.00,0.00,,,,,,,1,SA,460,00,中国移动,4456484,6443503628,1573121,12,Normal,-,1,41,100,100,504990,-,664,513000,513000,30kHz,503172,1099,-,ms20,Connected,SA,-0.8,1,0,-58,98,-80.4,-10.6,18.2,3,Not Barred,6,6312,-36.9,504990,664,-81.3;-72;-111.8;-85.2,-,22.3;19.7;255;255,8.6;6.8;255;255,-45.9;-36.9,3;4;5;2;5;1;7;1;7;1,664;664;664;664;489;665;663;829;490;8,-78.8;-81.2;-81.6;-87.5;-90.1;-108.9;-95;-92.9;-99.5;-96.7,-10.6;-10.6;-10.5;-10.9;-18.4;-22.7;-15.8;-15.6;-19.5;-17.9,255;255;255;255;255;255;255;255;255;255,1;0;0;0;0;0;0,504990;504990;504990;504990;504990;504990;504990,664;489;829;663;8;490;665,3;5;1;7;1;7;1,-,4;1;1;1;1;1;1,-80.4;-91.6;-93.8;-95.8;-96.7;-99.5;-100.4,-10.6;-15.9;-15.7;-16;-18;-19.5;-19.4,18.2;255;255;255;255;255;255,1,2,2,QPSK,-,100,0,0,0,0.00,0.00,0.00,0.00,0,2,Rank 1,16,32,4,69,-,69,14,22,24,23,256QAM,0,SMDL,0,0,16.7,0.00,0.00,0.00,0.13,Rank 2,4,48,31,-,2 x 2,HandOver,45411,Free,17,FORMAT_0,418,57,Success,45411,2,-,9,8,-24,-,31,-,3,4,-,-,-,-,-,-,-,-,-,-,-,-,-,Registered,Normal Service,9,269,18,D4A6D4C1,723,8,30kHz,848,-,4,1,-,-,New trans.,0,0,256QAM,188,1,45411,718,11,0,0,Pass,1,QPSK,0,16,1,0,15,30kHz,Re trans.,-,148,
20260725 15:26:49.594,24.831202,102.842196,13.36,1933,3,1,0.00,0.00,,,,,,,1,SA,460,00,中国移动,4456484,6443503628,1573121,12,Normal,-,1,41,100,100,504990,-,664,513000,513000,30kHz,503172,1099,-,ms20,Connected,SA,-0.8,0,0,-58,98,-81.2,-10.6,11,3,Not Barred,6,6312,-42.8,504990,664,-82.1;-83.9;-95;-86.2,-,12.6;11;10.8;14,4.8;8.1;-0.9;7,-42.8;-46.4;-58.8;-44.5,3;5;4;2;7;2;7;1;7;0,664;664;664;664;489;665;663;829;490;8,-80.7;-82.3;-82;-89.8;-88.2;-99;-100.1;-97.1;-94.4;-99.8,-10.6;-10.5;-10.7;-11.5;-12.8;-18.5;-18.8;-18.2;-19;-19.2,255;255;255;255;255;255;255;255;255;255,1;0;0;0;0;0;0,504990;504990;504990;504990;504990;504990;504990,664;489;490;663;829;8;665,3;7;7;7;1;0;2,-,4;1;1;1;1;1;1,-81.2;-89.3;-94.7;-96.4;-97.3;-99.3;-99.4,-10.6;-13.2;-19;-17.9;-18.1;-18.8;-18,11;255;255;255;255;255;255,1,2,2,QPSK,-,100,0,0,0,0.00,0.00,0.00,0.00,0,3,Rank 2,17,68,3,69,-,69,12,21.2,22,22,256QAM,0,SMDL,0,0,18.2,0.00,0.00,0.00,0.08,Rank 2,4,44,23,-,4 x 4,HandOver,45411,Free,17,FORMAT_0,418,57,Success,45411,2,-,10,13,-24,-,23,-,1,2,-,-,-,-,-,-,-,-,-,-,-,-,-,Registered,Normal Service,9,269,18,D4A6D4C1,850,9,30kHz,800,-,4,1,-,-,New trans.,0,0,256QAM,135,1,45411,850,3,0,0,Pass,1,QPSK,0,16,1,0,15,30kHz,Re trans.,-,334,
20260725 15:26:50.606,24.831213,102.842200,13.93,1933,3,1,0.00,0.00,,,,,,,1,SA,460,00,中国移动,4456484,6443503628,1573121,12,Normal,-,1,41,100,100,504990,-,664,513000,513000,30kHz,503172,1099,-,ms20,Connected,SA,-0.8,1,0,-58,98,-79.6,-10.7,13.2,3,Not Barred,6,6312,-42.4,504990,664,-87.2;-78;-117.3;-89.5,-,14;11.6;255;255,10.9;8.5;255;255,-42.4;-46.8,3;4;5;7;7;6;7;1;7;1,664;664;664;664;489;665;663;829;490;4,-80;-78.8;-83.2;-91.4;-84.1;-96.4;-92.3;-98.4;-92.9;-101.7,-10.8;-10.6;-11;-17.5;-11.7;-20.8;-18.9;-18.2;-20.2;-20.9,255;255;255;255;255;255;255;255;255;255,1;0;0;0;0;0;0,504990;504990;504990;504990;504990;504990;504990,664;489;663;490;665;829;4,3;7;7;7;6;1;1,-,4;1;1;1;1;1;1,-79.6;-84;-92.3;-93;-95.5;-99.4;-102.3,-10.7;-11.8;-18.9;-20.2;-19;-18.8;-21.4,13.2;255;255;255;255;255;255,14,28,28,QPSK,-,100,0,0,0,0.00,0.00,0.00,0.00,50,1,Rank 1,24,96,4,69,-,69,14,20.8,22,21,256QAM,0,SMDL,0,0,12.5,0.00,0.00,0.00,0.07,Rank 2,4,96,24,-,4 x 4,HandOver,45411,Free,17,FORMAT_0,418,57,Success,45411,2,-,10,9,-24,-,24,-,1,4,-,-,-,-,-,-,-,-,-,-,-,-,-,Registered,Normal Service,9,269,18,D4A6D4C1,942,18,30kHz,800,-,4,1,-,-,New trans.,0,0,256QAM,124,1,45411,937,13,0,0,Pass,1,QPSK,0,16,1,0,15,30kHz,Re trans.,-,428,
20260725 15:26:51.619,24.831209,102.842210,15.19,1932,3,1,0.00,0.00,,,,,,,1,SA,460,00,中国移动,4456484,6443503628,1573121,12,Normal,-,1,41,100,100,504990,-,664,513000,513000,30kHz,503172,1099,-,ms20,Connected,SA,-0.8,2,0,-58,96,-76,-10.6,12.2,3,Not Barred,6,6312,-41.9,504990,664,-76.5;-81.5;-106.5;-80,-,9.8;12.1;255;255,10.6;9.8;255;255,-41.9;-44.4,3;4;5;2;5;2;7;1;7,664;664;664;664;489;665;663;829;490,-77.9;-75.6;-80.9;-88.7;-88.9;-93.9;-97.2;-96.7;-96.1,-10.8;-10.5;-10.6;-11.8;-17.8;-15.6;-19.7;-17.1;-17.9,255;255;255;255;255;255;255;255;255,1;0;0;0;0;0,504990;504990;504990;504990;504990;504990,664;489;665;490;663;829,3;5;2;7;7;1,-,4;1;1;1;1;1,-76;-88.4;-95.6;-96.8;-97.2;-97.6,-10.6;-14.8;-16.9;-18.2;-19.7;-18.1,12.2;255;255;255;255;255,0.3,1,0,QPSK,-,100,0,0,0,0.00,0.00,0.00,0.00,0,1,Rank 1,16,48,3,69,-,69,13,19.8,21,20,256QAM,0,SMDL,0,0,35.7,0.00,0.00,0.00,0.15,Rank 2,4,56,14,-,2 x 2,HandOver,45411,Free,17,FORMAT_0,418,57,Success,45411,2,-,6,7,-24,-,14,-,1,3,-,-,-,-,-,-,-,-,-,-,-,-,-,Registered,Normal Service,9,269,18,D4A6D4C1,22,18,30kHz,944,-,4,1,-,-,New trans.,0,0,256QAM,180,1,45411,18,3,0,0,Pass,0,QPSK,0,16,1,0,15,30kHz,Re trans.,-,261,
20260725 15:26:52.632,24.831214,102.842232,14.33,1933,3,1,0.00,0.00,,,,,,,1,SA,460,00,中国移动,4456484,6443503628,1573121,12,Normal,-,1,41,100,100,504990,-,664,513000,513000,30kHz,503172,1099,-,ms20,Connected,SA,-0.8,2,0,-58,92,-73.7,-10.5,13.5,3,Not Barred,6,6312,-39,504990,664,-76.7;-85.4;-108.7;-74.4,-,23.3;11.4;255;255,11.3;10.2;255;255,-40.4;-39,3;4;5;2;5;0;7;1;7,664;664;664;664;489;665;663;829;490,-73.8;-73.6;-79.5;-89;-87.9;-95.6;-93.9;-98.1;-95.6,-10.5;-10.4;-10.6;-11.5;-18.3;-16.2;-16.7;-18;-18.5,255;255;255;255;255;255;255;255;255,1;0;0;0;0;0,504990;504990;504990;504990;504990;504990,664;489;663;490;665;829,3;5;7;7;0;1,-,4;1;1;1;1;1,-73.7;-89.2;-93.9;-95.6;-95.7;-98.6,-10.5;-15.1;-16.7;-18.5;-15.6;-18.6,13.5;255;255;255;255;255,0.3,1,0,QPSK,-,100,0,0,0,0.00,0.00,0.00,0.00,0,1,Rank 1,16,48,3,14,-,14,14,22.3,25,25,256QAM,0,SMDL,0,0,5,0.00,0.00,0.00,0.08,Rank 2,4,80,29,-,2 x 2,HandOver,45411,Free,17,FORMAT_0,418,57,Success,45411,2,-,5,4,-24,-,29,-,1,3,-,-,-,-,-,-,-,-,-,-,-,-,-,Registered,Normal Service,9,269,18,D4A6D4C1,118,18,30kHz,688,-,4,1,-,-,New trans.,0,0,64QAM,179,1,45411,129,13,0,4,Pass,0,QPSK,0,20,1,0,0,30kHz,Re trans.,-,261,
20260725 15:26:53.640,24.831235,102.842285,14.18,1933,3,1,0.00,0.00,,,,,,,1,SA,460,00,中国移动,4456484,6443503628,1573121,12,Normal,-,1,41,100,100,504990,-,664,513000,513000,30kHz,503172,1099,-,ms20,Connected,SA,-0.8,1,0,-58,92,-77.5,-10.6,19.3,4,Not Barred,6,6312,-37,504990,664,-75.2;-75.5;-105.4;-80.8,-,13.1;18.1;255;255,11.2;9;255;255,-37.8;-44.3;-71.1;-37,4;5;3;2;5;3;7;1;7,664;664;664;664;489;665;663;829;490,-76.1;-80;-81;-90.2;-88.8;-92.8;-94.8;-122.4;-116.9,-10.6;-10.5;-11;-11.6;-19.1;-20.3;-14.7;-29.3;-27.2,255;255;255;255;255;255;255;255;255,1;0;0;0;0;0,504990;504990;504990;504990;504990;504990,664;489;665;663;829;490,4;5;3;7;1;7,-,4;1;1;1;1;1,-77.5;-88.9;-91.5;-95;-102.3;-116.9,-10.6;-19;-16.3;-14.9;-21.4;-27.2,19.3;255;255;255;255;255,0.3,1,0,QPSK,-,100,0,0,0,0.00,0.00,0.00,0.00,0,1,Rank 1,16,48,3,14,-,14,14,18.2,19,18,64QAM,0,SMDL,0,0,100,0.00,0.00,0.00,0.13,Rank 2,4,40,29,-,2 x 2,HandOver,45411,Free,17,FORMAT_0,418,57,Success,45411,2,-,5,8,-24,-,29,-,1,3,-,-,-,-,-,-,-,-,-,-,-,-,-,Registered,Normal Service,9,269,18,D4A6D4C1,118,18,30kHz,688,-,4,1,-,-,New trans.,0,0,64QAM,179,1,45411,129,13,0,4,Pass,0,QPSK,0,20,1,0,0,30kHz,Re trans.,-,261,
20260725 15:26:54.651,24.831244,102.842330,17.60,1933,3,1,0.00,0.00,,,,,,,1,SA,460,00,中国移动,4456484,6443503628,1573121,12,Normal,-,1,41,100,100,504990,-,664,513000,513000,30kHz,503172,1099,-,ms20,Connected,SA,-0.8,3,0,-58,92,-72.4,-10.5,22.8,4,Not Barred,6,6312,-33.3,504990,664,-78.5;-67.8;-109.9;-75.4,-,12.5;19.1;12.2;0.3,12.2;11.9;255;255,-44.6;-33.3,4;5;3;2;5;3;0;0,664;664;664;664;489;665;663;829,-71.4;-76.6;-81.2;-86.4;-85.8;-91.8;-95.8;-108.5,-10.5;-10.4;-11.2;-11.3;-19.1;-16.6;-16.1;-24,255;255;255;255;255;255;255;255,1;0;0;0;0,504990;504990;504990;504990;504990,664;489;665;663;829,4;5;3;0;0,-,4;1;1;1;1,-72.4;-85.8;-89.7;-92;-108.2,-10.5;-19.1;-15.1;-14;-23.5,22.8;255;255;255;255,0.5,2,0,QPSK,-,100,0,0,0,0.00,0.00,0.00,0.00,0,1,Rank 1,18,72,2,14,-,14,14,18.2,19,18,64QAM,0,SMDL,0,0,100,0.00,0.00,0.00,0.05,Rank 2,4,0,0,-,2 x 2,HandOver,45411,Free,17,FORMAT_0,418,57,Success,45411,2,-,5,4,-24,-,29,-,2,3,-,-,-,-,-,-,-,-,-,-,-,-,-,Registered,Normal Service,9,269,18,D4A6D4C1,118,18,30kHz,688,-,4,1,-,-,New trans.,0,0,64QAM,179,1,45411,321,14,0,4,Pass,0,QPSK,0,20,1,0,0,30kHz,Re trans.,-,203,
20260725 15:26:55.665,24.831220,102.842399,18.90,1933,3,1,0.00,0.00,,,,,,,1,SA,460,00,中国移动,4456484,6443503628,1573121,12,Normal,-,1,41,100,100,504990,-,664,513000,513000,30kHz,503172,1099,-,ms20,Connected,SA,-0.8,3,0,-58,86,-67.6,-10.4,26,4,Not Barred,6,6312,-28.4,504990,664,-68.7;-62.9;-104;-71.1,-,14.2;22.8;255;255,4.3;17;255;255,-32;-28.4,4;5;1;3;5;2;7,664;664;664;664;489;665;663,-66.7;-72.7;-83.2;-79.8;-80.8;-85.8;-91.7,-10.4;-10.6;-11.6;-11.2;-19.2;-15.3;-17.9,255;255;255;255;255;255;255,1;0;0;0,504990;504990;504990;504990,664;489;665;663,4;5;2;7,-,4;1;1;1,-67.6;-81.1;-86.8;-92.7,-10.4;-19.2;-15.1;-18.4,26;255;255;255,0.5,2,0,QPSK,-,100,0,0,0,0.00,0.00,0.00,0.00,0,1,Rank 1,18,72,2,69,-,69,13,23,25,23,256QAM,0,SMDL,0,0,0,0.00,0.00,0.00,0.00,Rank 2,4,36,0,-,2 x 2,HandOver,45411,Free,17,FORMAT_0,418,57,Success,45411,2,-,1,1,-24,-,29,-,2,3,-,-,-,-,-,-,-,-,-,-,-,-,-,Registered,Normal Service,9,269,18,D4A6D4C1,414,18,30kHz,992,-,4,1,-,-,New trans.,0,0,256QAM,127,1,45411,409,13,0,0,Pass,1,QPSK,0,16,1,0,15,30kHz,Re trans.,-,203,
20260725 15:26:56.680,24.831232,102.842449,19.08,1933,3,1,0.00,0.00,,,,,,,1,SA,460,00,中国移动,4456484,6443503628,1573121,12,Normal,-,1,41,100,100,504990,-,664,513000,513000,30kHz,503172,1099,-,ms20,Connected,SA,-0.8,3,0,-58,82,-65,-10.5,20.4,4,Not Barred,6,6312,-27.4,504990,664,-65.9;-63.3;-106.9;-65.8,-,13.4;22.1;255;255,19.4;17.1;255;255,-29.9;-27.4,4;5;3;2;5;3;0,664;664;664;664;489;665;663,-64.1;-71.1;-78.5;-80.1;-79.5;-83.8;-88.1,-10.4;-10.7;-11.8;-11.2;-19.2;-17.3;-21.2,255;255;255;255;255;255;255,1;0;0;0,504990;504990;504990;504990,664;489;665;663,4;5;3;0,-,4;1;1;1,-65;-79.5;-85.5;-88.8,-10.5;-19.1;-18.5;-20.6,20.4;255;255;255,0.4,2,0,QPSK,-,100,0,0,0,0.00,0.00,0.00,0.00,50,2,Rank 1,16,84,4,106,-,106,14,24.8,25,25,256QAM,0,SMDL,0,0,0,0.00,0.00,0.00,0.06,Rank 2,4,60,25,-,2 x 2,HandOver,45411,Free,17,FORMAT_0,418,57,Success,45411,2,-,-2,-2,-24,-,25,-,1,3,-,-,-,-,-,-,-,-,-,-,-,-,-,Registered,Normal Service,9,269,18,D4A6D4C1,527,18,30kHz,800,-,4,1,-,-,New trans.,0,0,256QAM,132,2,45411,522,14,0,0,Pass,0,QPSK,28,32,2,0,15,30kHz,New trans.,-,327,
20260725 15:26:57.689,24.831246,102.842500,19.40,1933,3,1,0.00,0.00,,,,,,,1,SA,460,00,中国移动,4456484,6443503628,1573121,12,Normal,-,1,41,100,100,504990,-,664,513000,513000,30kHz,503172,1099,-,ms20,Connected,SA,-0.8,2,0,-58,84,-66.7,-10.4,27.6,4,Not Barred,6,6312,-25,504990,664,-64.9;-59;-107.9;-67.7,-,18.9;23.7;8.7;20.1,16.4;17;255;255,-31.5;-25,4;5;1;3;5;3;7,664;664;664;664;489;665;663,-66.1;-67.3;-81.6;-79.3;-75.4;-87;-91,-10.5;-10.3;-11.4;-11.2;-19.1;-16.2;-18.7,255;255;255;255;255;255;255,1;0;0;0,504990;504990;504990;504990,664;489;665;663,4;5;3;7,-,4;1;1;1,-66.7;-75.4;-87.7;-90.7,-10.4;-19.1;-15.5;-19.3,27.6;255;255;255,0.4,2,0,QPSK,-,100,0,0,0,0.00,0.00,0.00,0.00,0,2,Rank 1,16,84,4,106,-,106,14,23.2,25,22,256QAM,0,SMDL,0,0,0,0.00,0.00,0.00,0.11,Rank 2,4,128,25,-,4 x 4,HandOver,45411,Free,17,FORMAT_0,418,57,Success,45411,2,-,3,-1,-24,-,25,-,1,3,-,-,-,-,-,-,-,-,-,-,-,-,-,Registered,Normal Service,9,269,18,D4A6D4C1,560,18,30kHz,992,-,4,1,-,-,New trans.,0,0,256QAM,123,1,45411,556,1,0,0,Pass,1,QPSK,2,16,2,0,15,30kHz,Re trans.,-,327,
20260725 15:26:58.696,24.831262,102.842550,19.12,1933,3,1,0.00,0.00,,,,,,,1,SA,460,00,中国移动,4456484,6443503628,1573121,12,Normal,-,1,41,100,100,504990,-,664,513000,513000,30kHz,503172,1099,-,ms20,Connected,SA,-0.8,2,0,-58,84,-61.4,-10.4,21.4,4,Not Barred,6,6312,-27.5,504990,664,-79.7;-60.8;-98.9;-64.2,-,16.1;21.9;255;255,17.6;16;255;255,-33.8;-27.5,4;5;1;0;5;3;7,664;664;664;664;489;665;663,-60.6;-66.6;-77.1;-78.6;-75.9;-83.9;-97.2,-10.4;-10.4;-10.9;-11.4;-19.1;-14.5;-21.8,255;255;255;255;255;255;255,1;0;0;0,504990;504990;504990;504990,664;489;665;663,4;5;3;7,-,4;1;1;1,-61.4;-75.9;-84.8;-97.2,-10.4;-19.1;-14.7;-21.8,21.4;255;255;255,7.2,28,2,QPSK,-,100,0,0,0,0.00,0.00,0.00,0.00,0,1,Rank 1,20,100,6,14,-,14,14,23.2,25,22,256QAM,0,SMDL,0,0,0,0.00,0.00,0.00,0.22,Rank 2,4,0,31,-,2 x 2,HandOver,45411,Free,17,FORMAT_0,418,57,Success,45411,2,-,3,-5,-24,-,31,-,1,5,-,-,-,-,-,-,-,-,-,-,-,-,-,Registered,Normal Service,9,269,18,D4A6D4C1,560,18,30kHz,992,-,4,1,-,-,New trans.,0,0,256QAM,123,1,45411,641,14,0,4,Pass,0,QPSK,0,20,1,0,0,30kHz,Re trans.,-,541,
20260725 15:26:59.702,24.831277,102.842599,18.68,1933,3,1,0.00,0.00,,,,,,,1,SA,460,00,中国移动,4456484,6443503628,1573121,12,Normal,-,1,41,100,100,504990,-,664,513000,513000,30kHz,503172,1099,-,ms20,Connected,SA,-0.8,2,0,-58,81,-64.4,-10.4,14.4,4,Not Barred,6,6312,-31.4,504990,664,-74.9;-73;-106.4;-68.3,-,12.5;24.4;255;255,16.8;14.8;255;255,-39.4;-31.4,4;5;3;6;5;2;7,664;664;664;664;489;665;663,-63.6;-67.5;-78.4;-83.1;-77.4;-84.6;-91.4,-10.4;-10.5;-11.1;-12.4;-18.7;-14.7;-18,255;255;255;255;255;255;255,1;0;0;0,504990;504990;504990;504990,664;489;665;663,4;5;2;7,-,4;1;1;1,-64.4;-77.4;-84.7;-91.4,-10.4;-18.7;-14.4;-18,14.4;255;255;255,7.2,28,2,QPSK,-,100,0,0,0,0.00,0.00,0.00,0.00,0,1,Rank 1,20,100,6,106,-,106,14,23.2,25,22,256QAM,0,SMDL,0,0,0,0.00,0.00,0.00,0.00,Rank 2,4,0,31,-,2 x 2,HandOver,45411,Free,17,FORMAT_0,418,57,Success,45411,2,-,1,0,-24,-,31,-,1,5,-,-,-,-,-,-,-,-,-,-,-,-,-,Registered,Normal Service,9,269,18,D4A6D4C1,817,9,30kHz,992,-,4,1,-,-,New trans.,0,0,256QAM,156,1,45411,812,13,0,0,Pass,0,QPSK,2,16,2,0,15,30kHz,Re trans.,-,541,
20260725 15:27:00.714,24.831290,102.842645,16.88,1933,3,1,0.00,0.00,,,,,,,1,SA,460,00,中国移动,4456484,6443503628,1573121,12,Normal,-,1,41,100,100,504990,-,664,513000,513000,30kHz,503172,1099,-,ms20,Connected,SA,-0.8,3,0,-58,83,-64.4,-10.4,28.5,4,Not Barred,6,6312,-26.8,504990,664,-68.8;-59;-107.5;-74.7,-,15;27.3;10.7;27.5,14;14.7;255;255,-34.8;-26.8,4;5;1;0;5;0;7,664;664;664;664;489;665;663,-63.8;-68.2;-80.3;-81.9;-77.6;-84.3;-92.5,-10.5;-10.4;-12;-13.2;-19.3;-14.2;-17.6,255;255;255;255;255;255;255,1;0;0;0,504990;504990;504990;504990,664;489;665;663,4;5;0;7,-,4;1;1;1,-64.4;-77.6;-84.1;-92.5,-10.4;-19.3;-14;-17.6,28.5;255;255;255,2,2,2,QPSK,-,100,0,0,0,0.00,0.00,0.00,0.00,0,2,Rank 1,16,32,1,106,-,106,14,25.4,31,25,256QAM,0,SMDL,0,0,0,0.00,0.00,0.00,0.00,Rank 2,4,48,13,-,2 x 2,HandOver,45411,Free,17,FORMAT_0,418,57,Success,45411,2,-,3,-2,-24,-,13,-,1,1,-,-,-,-,-,-,-,-,-,-,-,-,-,Registered,Normal Service,9,269,18,D4A6D4C1,918,18,30kHz,944,-,4,1,-,-,New trans.,0,0,256QAM,95,1,45411,914,3,0,0,Pass,1,QPSK,2,16,2,0,15,30kHz,Re trans.,-,212,
20260725 15:27:01.726,24.831295,102.842686,14.15,1933,3,1,0.00,0.00,,,,,,,1,SA,460,00,中国移动,4456484,6443503628,1573121,12,Normal,-,1,41,100,100,504990,-,664,513000,513000,30kHz,503172,1099,-,ms20,Connected,SA,-0.8,3,0,-58,83,-59.9,-10.4,21.4,4,Not Barred,6,6312,-24,504990,664,-76.1;-60.3;-115.8;-66.6,-,6.6;18.9;255;255,19.6;14.9;255;255,-29.8;-27.6,4;5;0;3;5;2;7,664;664;664;664;489;665;663,-59;-61.6;-76.8;-80.4;-70.5;-82.4;-91.6,-10.4;-10.4;-11.3;-11.4;-19.5;-13.4;-20,255;255;255;255;255;255;255,1;0;0;0,504990;504990;504990;504990,664;489;665;663,4;5;2;7,-,4;1;1;1,-59.9;-70.5;-82.7;-91.6,-10.4;-19.5;-12.9;-20,21.4;255;255;255,2,2,2,QPSK,-,100,0,0,0,0.00,0.00,0.00,0.00,0,2,Rank 1,16,32,1,106,-,106,14,24.1,25,25,256QAM,0,SMDL,0,0,0,0.00,0.00,0.00,0.09,Rank 2,4,40,13,-,2 x 2,HandOver,45411,Free,17,FORMAT_0,418,57,Success,45411,2,-,3,-6,-24,-,13,-,1,1,-,-,-,-,-,-,-,-,-,-,-,-,-,Registered,Normal Service,9,269,18,D4A6D4C1,918,18,30kHz,944,-,4,1,-,-,New trans.,0,0,256QAM,95,1,45411,914,3,0,0,Pass,1,QPSK,2,16,2,0,15,30kHz,Re trans.,-,212,
20260725 15:27:02.732,24.831297,102.842725,13.54,1932,3,1,0.00,0.00,,,,,,,1,SA,460,00,中国移动,4456484,6443503628,1573121,12,Normal,-,1,41,100,100,504990,-,664,513000,513000,30kHz,503172,1099,-,ms20,Connected,SA,-0.8,5,0,-58,86,-68.4,-10.5,12.7,4,Not Barred,6,6312,-36.8,504990,664,-74.6;-77.7;-78;-75.9,-,11;8.5;255;255,11.6;18.7;255;255,-36.8;-41,4;5;1;3;5;0;7,664;664;664;664;489;665;663,-71.7;-68.5;-83.9;-83.5;-78.6;-83.3;-92.4,-10.9;-10.4;-14.1;-13;-20;-12.7;-18.1,255;255;255;255;255;255;255,1;0;0;0,504990;504990;504990;504990,664;489;665;663,4;5;0;7,-,4;1;1;1,-68.4;-78.6;-82.2;-92.4,-10.5;-20;-11.9;-18.1,12.7;255;255;255,2,2,2,QPSK,-,100,0,0,0,0.00,0.00,0.00,0.00,0,2,Rank 1,16,32,1,106,-,106,14,24.1,25,25,256QAM,0,SMDL,0,0,0,0.00,0.00,0.00,0.07,Rank 2,4,0,10,-,2 x 2,HandOver,45411,Free,17,FORMAT_0,418,57,Success,45411,2,-,5,13,-24,-,10,-,1,1,-,-,-,-,-,-,-,-,-,-,-,-,-,Registered,Normal Service,9,269,18,D4A6D4C1,95,8,30kHz,992,-,4,1,-,-,New trans.,0,0,256QAM,163,1,45411,90,13,0,0,Pass,0,QPSK,2,16,2,0,15,30kHz,Re trans.,-,212,
20260725 15:27:03.741,24.831296,102.842759,11.56,1932,3,1,0.00,0.00,,,,,,,1,SA,460,00,中国移动,4456484,6443503628,1573121,12,Normal,-,1,41,100,100,504990,-,664,513000,513000,30kHz,503172,1099,-,ms20,Connected,SA,-0.8,5,0,-58,95,-63.7,-10.4,17.2,4,Not Barred,6,6312,-33.8,504990,664,-63.6;-68.5;-84.6;-69.6,-,12.8;11.6;255;255,15;18.6;255;255,-33.8;-36.6,4;5;3;7;5;1;7,664;664;664;664;489;665;663,-63.5;-63.8;-80.1;-81.8;-72.1;-81.3;-89.1,-10.4;-10.3;-11.8;-12.6;-18.8;-13.5;-19.5,255;255;255;255;255;255;255,1;0;0;0,504990;504990;504990;504990,664;489;665;663,4;5;1;7,-,4;1;1;1,-63.7;-72.1;-81.6;-89.1,-10.4;-18.8;-13.4;-19.5,17.2;255;255;255,2,2,2,QPSK,-,100,0,0,0,0.00,0.00,0.00,0.00,0,2,Rank 1,16,32,1,106,-,106,14,25,31,25,256QAM,0,SMDL,0,0,0,0.00,0.00,0.00,0.00,Rank 2,4,116,10,-,2 x 2,HandOver,45411,Free,17,FORMAT_0,418,57,Success,45411,2,-,7,-1,-24,-,10,-,1,1,-,-,-,-,-,-,-,-,-,-,-,-,-,Registered,Normal Service,9,269,18,D4A6D4C1,132,18,30kHz,992,-,4,1,-,-,New trans.,0,0,256QAM,123,1,45411,128,0,0,0,Pass,1,QPSK,2,16,2,0,15,30kHz,Re trans.,-,212,
20260725 15:27:04.754,24.831294,102.842788,9.94,1932,3,1,0.00,0.00,,,,,,,1,SA,460,00,中国移动,4456484,6443503628,1573121,12,Normal,-,1,41,100,100,504990,-,664,513000,513000,30kHz,503172,1099,-,ms20,Connected,SA,-0.8,5,0,-58,95,-64.1,-10.5,10.7,4,Not Barred,6,6312,-32.4,504990,664,-70.9;-80.4;-88.5;-77.9,-,6.2;2.3;255;255,18;23;255;255,-35.9;-41.8;-32.4;-35,4;5;0;1;5;0;7,664;664;664;664;489;665;663,-67.4;-64;-81.2;-81;-73;-79.7;-89.7,-10.9;-10.4;-13.6;-13.4;-19.3;-12.6;-17.1,255;255;255;255;255;255;255,1;0;0;0,504990;504990;504990;504990,664;489;665;663,4;5;0;7,-,4;1;1;1,-64.1;-73;-79.6;-89.7,-10.5;-19.3;-13.4;-17.1,10.7;255;255;255,2,2,2,QPSK,-,100,0,0,0,0.00,0.00,0.00,0.00,0,2,Rank 1,16,32,1,106,-,106,14,25,31,25,256QAM,0,SMDL,0,0,0,0.00,0.00,0.00,0.22,Rank 2,4,0,10,-,2 x 2,HandOver,45411,Free,17,FORMAT_0,418,57,Success,45411,2,-,7,1,-24,-,10,-,1,1,-,-,-,-,-,-,-,-,-,-,-,-,-,Registered,Normal Service,9,269,18,D4A6D4C1,132,18,30kHz,992,-,4,1,-,-,New trans.,0,0,256QAM,123,1,45411,128,0,0,0,Pass,1,QPSK,2,16,2,0,15,30kHz,Re trans.,-,212,
20260725 15:27:05.768,24.831292,102.842795,4.50,1932,3,1,0.00,0.00,,,,,,,1,SA,460,00,中国移动,4456484,6443503628,1573121,12,Normal,-,1,41,100,100,504990,-,664,513000,513000,30kHz,503172,1099,-,ms20,Connected,SA,-0.8,6,0,-58,86,-65.7,-10.6,11,4,Not Barred,6,6312,-35.5,504990,664,-65.2;-76.4;-87.6;-80.8,-,5.7;2.9;255;255,14.1;21.9;255;255,-35.5;-41,4;5;3;2;5;2,664;664;664;664;489;665,-66.3;-64.3;-80.3;-82;-72.5;-74.9,-10.8;-10.4;-13.3;-13.7;-19.2;-11.1,255;255;255;255;255;255,1;0;0,504990;504990;504990,664;489;665,4;5;2,-,4;1;1,-65.7;-72.5;-75.2,-10.6;-19.2;-12,11;255;255,1.2,2,2,QPSK,-,100,0,0,0,0.00,0.00,0.00,0.00,0,1,Rank 1,16,80,4,209,-,209,14,25,31,25,256QAM,0,SMDL,0,0,0,0.00,0.00,0.00,0.00,Rank 2,4,0,29,-,2 x 2,HandOver,45411,Free,17,FORMAT_0,418,57,Success,45411,2,-,-6,-1,-24,-,29,-,1,4,-,-,-,-,-,-,-,-,-,-,-,-,-,Registered,Normal Service,9,269,18,D4A6D4C1,415,18,30kHz,992,-,4,1,-,-,New trans.,0,0,256QAM,180,1,45411,414,11,0,0,Pass,0,QPSK,4,16,2,0,15,30kHz,Re trans.,-,456,
20260725 15:27:06.779,24.831286,102.842810,4.64,1932,3,1,0.00,0.00,,,,,,,1,SA,460,00,中国移动,4456484,6443503628,1573121,12,Normal,-,1,41,100,100,504990,-,664,513000,513000,30kHz,503172,1099,-,ms20,Connected,SA,-0.8,5,0,-58,88,-70.4,-11.3,14.2,5,Not Barred,6,6312,-30.3,504990,664,-68.4;-73.2;-86.1;-65.3,-,9.2;10.5;6.5;12,8.4;14.5;11;13.2,-35.9;-48.8;-35.4;-30.3,5;4;3;1;5;2;7,664;664;664;664;489;665;663,-69.5;-73.5;-81.3;-83.9;-80.1;-71.6;-100.8,-10.7;-12.6;-15.3;-18.5;-20;-10.7;-23.4,255;255;255;255;255;255;255,1;0;0;0,504990;504990;504990;504990,664;665;489;663,5;2;5;7,-,4;1;1;1,-70.4;-72.7;-80.1;-100.8,-11.3;-10.9;-20;-23.4,14.2;255;255;255,1.2,2,2,QPSK,-,100,0,0,0,0.00,0.00,0.00,0.00,0,1,Rank 1,16,80,31,106,-,106,12,24.9,31,25,256QAM,0,SMDL,0,0,0,0.00,0.00,0.00,0.00,Rank 2,4,520,131,-,4 x 4,HandOver,45411,Free,17,FORMAT_0,418,57,Success,45411,2,-,-4,0,-24,-,131,-,1,30,-,-,-,-,-,-,-,-,-,-,-,-,-,Registered,Normal Service,9,269,18,D4A6D4C1,520,9,30kHz,1057,-,4,1,-,-,New trans.,0,0,256QAM,144,1,45411,496,4,0,0,Pass,1,QPSK,2,16,2,0,15,30kHz,Re trans.,-,456,
20260725 15:27:07.793,24.831238,102.842903,8.60,1932,3,1,0.00,0.00,,,,,,,1,SA,460,00,中国移动,4456484,6443503628,1573121,12,Normal,-,1,41,100,100,504990,-,664,513000,513000,30kHz,503172,1099,-,ms20,Connected,SA,-0.8,5,0,-58,86,-69.8,-10.9,14.7,5,Not Barred,6,6312,-32.8,504990,664,-70.2;-67;-105.3;-76.9,-,9.3;9.1;7;9.7,12.4;11.8;255;255,-33;-39.6;-72.8;-32.8,5;3;1;4;5;1,664;664;664;664;489;665,-69.4;-81.7;-78.4;-76.3;-77.8;-75.2,-10.7;-14.1;-14.7;-13.6;-20;-11.3,255;255;255;255;255;255,1;0;0,504990;504990;504990,664;665;489,5;1;5,-,4;1;1,-69.8;-75.1;-77.8,-10.9;-11.1;-20,14.7;255;255,4.3,17,2,QPSK,-,77.1,8.6,14.3,0,0.10,0.11,0.16,0.17,0,1,Rank 1,25,888,5,106,-,106,14,26.7,31,27,256QAM,0,SMDL,0,0,0,0.10,0.09,0.12,0.97,Rank 2,4,300,64,-,4 x 4,HandOver,45411,Free,17,FORMAT_0,418,57,Success,45411,2,-,-5,1,-24,-,64,-,1,4,-,-,-,-,-,-,-,-,-,-,-,-,-,Registered,Normal Service,9,269,18,D4A6D4C1,618,8,30kHz,1057,-,4,1,-,-,New trans.,0,0,256QAM,176,1,45411,616,3,0,0,Pass,0,QPSK,2,16,2,0,15,30kHz,Re trans.,-,21779,
20260725 15:27:08.801,24.831187,102.842988,11.38,1932,3,1,0.00,0.00,,,,,,,1,SA,460,00,中国移动,4456484,6443503628,1573121,12,Normal,-,1,41,100,100,504990,-,664,513000,513000,30kHz,503172,1099,-,ms20,Connected,SA,-0.8,6,0,-58,88,-72.5,-13,6.2,5,Not Barred,6,6312,-32.5,504990,664,-77.7;-74.2;-110.7;-87.7,-,2.5;13.3;255;255,17;20.7;255;255,-32.5;-35.6,5;4;6;1;5;2;7,664;664;664;664;489;665;663,-71.2;-74.7;-78.3;-81.2;-79.9;-67.8;-88.5,-11.1;-16.1;-18.6;-20.5;-19.8;-10.5;-22.1,255;255;255;255;255;255;255,1;0;0;0,504990;504990;504990;504990,664;665;489;663,5;2;5;7,-,4;1;1;1,-72.5;-68.6;-79.9;-88.5,-13;-10.6;-19.8;-22.1,6.2;255;255;255,4.3,17,2,QPSK,-,77.1,8.6,14.3,0,0.01,0.00,0.00,0.00,0,1,Rank 1,25,888,5,157,-,157,14,26.9,31,27,256QAM,0,SMDL,0,0,0,0.00,0.00,0.00,0.59,Rank 2,4,292,64,-,2 x 2,HandOver,45411,Free,17,FORMAT_0,418,57,Success,45411,2,-,-3,0,-24,-,64,-,1,4,-,-,-,-,-,-,-,-,-,-,-,-,-,Registered,Normal Service,9,269,18,D4A6D4C1,715,18,30kHz,992,-,4,1,-,-,New trans.,0,0,256QAM,159,1,45411,625,6,0,0,Pass,0,QPSK,3,16,2,0,15,30kHz,Re trans.,-,21779,
20260725 15:27:09.807,24.831170,102.843010,11.20,1933,3,1,0.00,0.00,,,,,,,1,SA,460,00,中国移动,4456484,6443503627,1573121,11,Normal,-,1,41,100,100,504990,-,665,513000,513000,30kHz,503172,1099,-,ms20,Connected,SA,-0.8,-2,2,-60,86,-69.5,-10.6,17.2,2,Not Barred,6,6312,-26.6,504990,665,-69.4;-71.2;-116.8;-74.1,-,13.8;13.8;255;255,22.1;19.1;255;255,-26.6;-31.6;-62.8;-28.9,5;5;2;1;6;0;3,664;489;665;665;665;665;742,-69.5;-79.8;-68.8;-70.5;-70;-70;-89.9,-11;-19.9;-10.4;-10.9;-10.5;-10.9;-21.5,255;255;255;255;255;255;255,1;0;0;0,504990;504990;504990;504990,665;664;489;742,2;5;5;3,-,4;1;1;1,-69.5;-69.5;-79.8;-89.9,-10.6;-11.7;-19.9;-21.5,17.2;255;255;255,2,3,3,QPSK,-,100,0,0,0,0.00,0.00,0.00,0.00,0,1,Rank 1,16,80,4,69,-,69,14,25.7,27,25,256QAM,0,SMDL,0,0,0,0.00,0.00,0.00,0.58,Rank 2,4,12,74,-,2 x 2,HandOver,43855,Free,17,FORMAT_0,416,127,Success,43855,1,-,-5,-15,-16,-,74,-,1,4,-,-,-,-,-,-,-,-,-,-,-,-,-,Registered,Normal Service,9,269,18,D4A6D4C1,818,19,30kHz,1057,-,4,1,-,-,New trans.,0,0,256QAM,203,1,43855,814,14,0,0,Pass,0,QPSK,0,16,1,0,15,30kHz,Re trans.,-,595,
20260725 15:27:10.821,24.831163,102.843000,10.98,1933,3,1,0.00,0.00,,,,,,,1,SA,460,00,中国移动,4456484,6443503628,1573121,12,Normal,-,1,41,100,100,504990,-,664,513000,513000,30kHz,503172,1099,-,ms20,Connected,SA,-0.8,0,0,-58,78,-60.4,-10.4,12,5,Not Barred,6,6312,-22.9,504990,664,-71.4;-59.1;0;0,-,13.7;18.1;19;11.3,13.5;20.7;24;16.4,-31;-35.1;-35.1;-22.9,5;4;3;1;5;0;3;7,664;664;664;664;489;665;742;663,-60.4;-71.6;-86.2;-74.7;-69.5;-67.9;-133.8;-83.3,-10.4;-12.9;-18.4;-15.2;-19.4;-10.9;-35;-18.2,255;255;255;255;255;255;255;255,1;0;0;0;0,504990;504990;504990;504990;504990,664;665;489;663;742,5;0;5;7;3,-,4;1;1;1;1,-60.4;-67.9;-69.5;-83.3;-133.8,-10.4;-10.9;-19.4;-18.2;-35,12;255;255;255;255,0.7,4,0,QPSK,-,100,0,0,0,0.00,0.00,0.01,0.01,18.2,3,Rank 2,22,448,20,269,-,269,12,26.6,31,27,256QAM,0,SMDL,1.1,0,0,0.00,0.00,0.01,0.02,Rank 2,4,732,185,-,4 x 4,HandOver,45225,Free,17,FORMAT_0,418,127,Success,45225,1,-,-7,-21,-12,-,185,-,5,15,-,-,-,-,-,-,-,-,-,-,-,-,-,Registered,Normal Service,9,269,18,D4A6D4C1,925,8,30kHz,896,-,4,1,-,-,New trans.,0,0,256QAM,188,2,45225,922,15,0,2,Pass,0,QPSK,2,48,1,0,0,30kHz,Re trans.,-,2314,
20260725 15:27:11.833,24.831084,102.843008,13.28,1933,3,1,0.00,0.00,,,,,,,1,SA,460,00,中国移动,4456484,6443503627,1573121,11,Normal,-,1,41,100,100,504990,-,664,513000,513000,30kHz,503172,1099,-,ms20,Connected,SA,-0.8,2,0,-58,87,-70.2,-11.2,11.7,5,Not Barred,6,6312,-34.9,504990,664,-72.6;-75.3;-102.1;-73.7,-,7.5;12.3;255;255,7;9.9;255;255,-34.9;-40.8,5;4;3;2;5;6;7,664;664;664;664;489;665;663,-69.6;-75.3;-84.8;-101.3;-79.9;-76.6;-82.1,-10.8;-12.9;-18;-24.6;-19.3;-10.8;-15.3,255;255;255;255;255;255;255,1;0;0;0,504990;504990;504990;504990,664;665;489;663,5;6;5;7,-,4;1;1;1,-70.2;-75.8;-79.9;-82.1,-11.2;-11.3;-19.3;-15.3,11.7;255;255;255,3.3,28,0,QPSK,-,100,0,0,0,0.00,0.00,0.01,0.01,0,1,Rank 1,20,392,19,69,-,69,14,25.5,31,27,256QAM,0,SMDL,0.5,0,2.2,0.00,0.00,0.05,1.41,Rank 2,4,728,204,-,2 x 2,HandOver,45225,Free,17,FORMAT_0,418,127,Success,45225,1,-,3,-12,-12,-,204,-,3,16,-,-,-,-,-,-,-,-,-,-,-,-,-,Registered,Normal Service,9,269,18,D4A6D4C1,0,8,30kHz,1024,-,4,1,-,-,New trans.,0,0,256QAM,175,1,45225,999,13,0,0,Pass,0,QPSK,0,16,1,0,15,30kHz,Re trans.,-,2148,
20260725 15:27:12.838,24.831033,102.843007,14.11,1933,3,1,0.00,0.00,,,,,,,1,SA,460,00,中国移动,4456484,6443503627,1573121,11,Normal,-,1,41,100,100,504990,-,664,513000,513000,30kHz,503172,1099,-,ms20,Connected,SA,-0.8,3,0,-58,85,-67.7,-10.7,10.9,5,Not Barred,6,6312,-29.4,504990,664,-72.4;-69.3;-99.3;-76.3,-,11.7;19.7;255;255,1.1;9.1;255;255,-37.4;-29.4,5;4;3;2;5;2;7;3;1,664;664;664;664;489;665;663;742;8,-66.7;-73.3;-80.9;-85.1;-73.6;-76.4;-91.8;-86.6;-89.6,-10.5;-11.6;-14.7;-18.1;-19;-11;-20.5;-19.3;-17.5,255;255;255;255;255;255;255;255;255,1;0;0;0;0;0,504990;504990;504990;504990;504990;504990,664;489;665;742;8;663,5;5;2;3;1;7,-,4;1;1;1;1;1,-67.7;-73.6;-77.2;-86.6;-89.6;-91.8,-10.7;-19;-11.4;-19.3;-17.5;-20.5,10.9;255;255;255;255;255,3.3,28,0,QPSK,-,100,0,0,0,0.00,0.00,0.01,0.02,0,1,Rank 1,20,392,1,116,-,116,14,26.6,27,27,256QAM,0,SMDL,0,0,0,0.00,0.00,0.05,1.35,Rank 2,4,384,75,-,2 x 2,HandOver,45225,Free,17,FORMAT_0,418,127,Success,45225,1,-,7,-11,-12,-,75,-,3,1,-,-,-,-,-,-,-,-,-,-,-,-,-,Registered,Normal Service,9,269,18,D4A6D4C1,103,9,30kHz,1057,-,4,1,-,-,New trans.,0,0,256QAM,131,1,45225,94,10,0,0,Pass,0,QPSK,0,32,1,0,15,30kHz,Re trans.,-,2148,
20260725 15:27:13.850,24.830974,102.842995,15.73,1933,3,1,0.00,0.00,,,,,,,1,SA,460,00,中国移动,4456484,6443503628,1573121,12,Normal,-,1,41,100,100,504990,-,664,513000,513000,30kHz,503172,1099,-,ms20,Connected,SA,-0.8,2,0,-58,85,-66.6,-10.7,16.6,5,Not Barred,6,6312,-29.6,504990,664,-72.6;-66.9;-106.3;-76.4,-,10.6;12.9;255;255,0.9;5.8;255;255,-38.1;-29.6,5;4;0;3;5;4;7;2;1,664;664;664;664;489;665;663;742;8,-66.1;-71.6;-83.5;-82.8;-75.6;-80.5;-93.2;-88.4;-87.3,-10.6;-11.4;-14.1;-14.8;-18.8;-14.2;-20;-14.3;-15,255;255;255;255;255;255;255;255;255,1;0;0;0;0;0,504990;504990;504990;504990;504990;504990,664;489;665;8;742;663,5;5;4;1;2;7,-,4;1;1;1;1;1,-66.6;-75.6;-79.5;-87.3;-88.1;-93.2,-10.7;-18.8;-11.8;-15;-16.4;-20,16.6;255;255;255;255;255,3.3,28,0,QPSK,-,100,0,0,0,0.00,0.00,0.00,0.00,0,1,Rank 1,20,392,1,116,-,116,14,26,31,27,256QAM,0,SMDL,0,0,0,0.00,0.00,0.00,0.75,Rank 2,4,436,75,-,2 x 2,HandOver,45225,Free,17,FORMAT_0,418,127,Success,45225,1,-,5,-11,-12,-,75,-,3,1,-,-,-,-,-,-,-,-,-,-,-,-,-,Registered,Normal Service,9,269,18,D4A6D4C1,119,9,30kHz,1057,-,4,1,-,-,New trans.,0,0,256QAM,132,1,45225,94,10,0,0,Pass,0,QPSK,0,32,1,0,15,30kHz,Re trans.,-,2148,
20260725 15:27:14.864,24.830934,102.842973,16.27,1934,3,1,0.00,0.00,,,,,,,1,SA,460,00,中国移动,4456484,6443503628,1573121,12,Normal,-,1,41,100,100,504990,-,664,513000,513000,30kHz,503172,1099,-,ms20,Connected,SA,-0.8,1,0,-58,84,-66.2,-10.5,21.3,5,Not Barred,6,6312,-36.3,504990,664,-72.6;-66.3;-108.3;-69.3,-,10.9;21.3;255;255,-0.6;3.2;255;255,-39.6;-36.3,5;4;3;7;5;3;7;3;1,664;664;664;664;489;665;663;742;8,-66;-70.1;-79.1;-84.5;-73.2;-85.2;-98.3;-88.7;-90.3,-10.4;-10.7;-11.9;-13.9;-19.3;-15.7;-22.5;-16.8;-16.6,255;255;255;255;255;255;255;255;255,1;0;0;0;0;0,504990;504990;504990;504990;504990;504990,664;489;665;742;8;663,5;5;3;3;1;7,-,4;1;1;1;1;1,-66.2;-73.2;-84.7;-86.8;-90.3;-98.3,-10.5;-19.3;-13.7;-16;-16.6;-22.5,21.3;255;255;255;255;255,0.5,2,0,QPSK,-,100,0,0,0,0.00,0.00,0.00,0.00,0,1,Rank 1,20,80,4,69,-,69,14,26,31,27,256QAM,0,SMDL,0,0,0,0.00,0.00,0.00,0.84,Rank 2,4,0,107,-,2 x 2,HandOver,45225,Free,17,FORMAT_0,418,127,Success,45225,1,-,4,-8,-12,-,107,-,3,4,-,-,-,-,-,-,-,-,-,-,-,-,-,Registered,Normal Service,9,269,18,D4A6D4C1,304,18,30kHz,992,-,4,1,-,-,New trans.,0,0,256QAM,180,1,45225,295,13,0,0,Pass,0,QPSK,0,16,1,0,15,30kHz,Re trans.,-,360,
20260725 15:27:15.871,24.831010,102.842890,18.50,1934,3,1,0.00,0.00,,,,,,,1,SA,460,00,中国移动,4456484,6443503628,1573121,12,Normal,-,1,41,100,100,504990,-,664,513000,513000,30kHz,503172,1099,-,ms20,Connected,SA,-0.8,-2,0,-58,85,-67.7,-10.5,16.6,5,Not Barred,6,6312,-27.8,504990,664,-74.1;-72.7;-97.1;-69.7,-,19.6;22.1;255;255,-3.4;0.3;255;255,-34.1;-27.8,5;4;3;2;5;2;7;3;1,664;664;664;664;489;665;663;742;8,-67.3;-72.3;-81.7;-83.9;-72.8;-84.8;-91.7;-83.7;-89.4,-10.4;-10.9;-13.5;-13.8;-19.6;-14.3;-17.5;-13.2;-16.6,255;255;255;255;255;255;255;255;255,1;0;0;0;0;0,504990;504990;504990;504990;504990;504990,664;489;665;742;8;663,5;5;2;3;1;7,-,4;1;1;1;1;1,-67.7;-72.8;-84.7;-84.9;-89.4;-91.7,-10.5;-19.6;-13.9;-14.5;-16.6;-17.5,16.6;255;255;255;255;255,0.5,2,0,QPSK,-,100,0,0,0,0.00,0.00,0.00,0.00,0,1,Rank 1,20,80,4,14,-,14,14,26.7,31,27,256QAM,0,SMDL,0,0,0,0.00,0.00,0.01,0.00,Rank 2,4,212,107,-,2 x 2,HandOver,45225,Free,17,FORMAT_0,418,127,Success,45225,1,-,7,-9,-12,-,107,-,3,4,-,-,-,-,-,-,-,-,-,-,-,-,-,Registered,Normal Service,9,269,18,D4A6D4C1,390,18,30kHz,992,-,4,1,-,-,New trans.,0,0,256QAM,159,1,45225,321,15,0,4,Pass,0,QPSK,0,20,1,0,0,30kHz,Re trans.,-,360,
20260725 15:27:16.882,24.830965,102.842884,19.15,1934,3,1,0.00,0.00,,,,,,,1,SA,460,00,中国移动,4456484,6443503628,1573121,12,Normal,-,1,41,100,100,504990,-,664,513000,513000,30kHz,503172,1099,-,ms20,Connected,SA,-0.8,-4,0,-58,85,-67,-10.4,24.2,5,Not Barred,6,6312,-28.6,504990,664,-74.1;-63.5;-110.5;-73.9,-,14.3;22.9;255;255,-0.4;4.4;255;255,-39.6;-28.6,5;4;3;0;5;2;7;3;1,664;664;664;664;489;665;663;742;8,-66.9;-72.8;-83.4;-85.9;-78;-84.8;-103.1;-82.8;-87.5,-10.4;-11;-14.8;-13.2;-19.4;-13.9;-22.4;-13.6;-14.4,255;255;255;255;255;255;255;255;255,1;0;0;0;0;0,504990;504990;504990;504990;504990;504990,664;489;742;665;8;663,5;5;3;2;1;7,-,4;1;1;1;1;1,-67;-78;-84.3;-86;-87.5;-103.1,-10.4;-19.4;-14.2;-14.6;-14.4;-22.4,24.2;255;255;255;255;255,0,0,0,QPSK,-,100,0,0,0,0.00,0.00,0.00,0.00,0,1,Rank 1,18,56,3,69,-,69,14,25,25,25,256QAM,0,SMDL,0,0,0,0.00,0.00,0.01,0.42,Rank 2,4,4,54,-,2 x 2,HandOver,45225,Free,17,FORMAT_0,418,127,Success,45225,1,-,7,-8,-12,-,54,-,2,1,-,-,-,-,-,-,-,-,-,-,-,-,-,Registered,Normal Service,9,269,18,D4A6D4C1,507,9,30kHz,1024,-,4,1,-,-,New trans.,0,0,256QAM,152,1,45225,493,14,0,0,Pass,1,QPSK,0,16,1,0,15,30kHz,Re trans.,-,97,
20260725 15:27:17.897,24.830915,102.842881,20.41,1934,3,1,0.00,0.00,,,,,,,1,SA,460,00,中国移动,4456484,6443503628,1573121,12,Normal,-,1,41,100,100,504990,-,664,513000,513000,30kHz,503172,1099,-,ms20,Connected,SA,-0.8,-4,0,-58,84,-66,-10.6,28.1,5,Not Barred,6,6312,-34.9,504990,664,-69.4;-59.2;-106.6;-69.2,-,14.3;28.1;255;255,-9;-4.8;255;255,-37.5;-34.9,5;4;3;6;5;2;7;4;1,664;664;664;664;489;665;663;742;8,-65.1;-69.4;-82.2;-85.7;-76.6;-87.4;-96.1;-79.6;-90.2,-10.4;-11.2;-13;-12.5;-19.3;-15.9;-21.3;-14.5;-17.4,255;255;255;255;255;255;255;255;255,1;0;0;0;0;0,504990;504990;504990;504990;504990;504990,664;742;489;665;8;663,5;4;5;2;1;7,-,4;1;1;1;1;1,-66;-75.7;-76.6;-88.8;-90.2;-95.7,-10.6;-12.2;-19.3;-16.5;-17.4;-20.8,28.1;255;255;255;255;255,0.4,2,0,QPSK,-,100,0,0,0,0.00,0.00,0.00,0.00,0,1,Rank 1,16,80,4,69,-,69,14,26,31,26,256QAM,0,SMDL,0,0,0,0.00,0.00,0.01,0.01,Rank 2,4,580,154,-,2 x 2,HandOver,45225,Free,17,FORMAT_0,418,127,Success,45225,1,-,7,-7,-12,-,154,-,2,4,-,-,-,-,-,-,-,-,-,-,-,-,-,Registered,Normal Service,9,269,18,D4A6D4C1,607,19,30kHz,992,-,4,1,-,-,New trans.,0,0,256QAM,95,1,45225,591,3,0,0,Pass,1,QPSK,0,16,1,0,15,30kHz,Re trans.,-,339,
20260725 15:27:18.913,24.830863,102.842880,20.99,1934,3,1,0.00,0.00,,,,,,,1,SA,460,00,中国移动,4456484,6443503628,1573121,12,Normal,-,1,41,100,100,504990,-,664,513000,513000,30kHz,503172,1099,-,ms20,Connected,SA,-0.8,-4,0,-58,83,-64.9,-10.9,18.3,5,Not Barred,6,6312,-23.8,504990,664,-66.4;-68.4;-107.6;-71.2,-,18.3;13;255;255,-5.8;-1;255;255,-36.1;-23.8,5;4;3;7;5;2;7;4;1;7,664;664;664;664;489;665;663;742;8;741,-63.9;-67.8;-80;-83.2;-74.1;-85.6;-96.4;-76;-84.7;-101,-10.5;-11.5;-14.2;-12.5;-19.4;-14.9;-20.5;-13;-13.7;-19.8,255;255;255;255;255;255;255;255;255;255,1;0;0;0;0;0;0,504990;504990;504990;504990;504990;504990;504990,664;489;742;8;665;663;741,5;5;4;1;2;7;7,-,4;1;1;1;1;1;1,-64.9;-74.1;-76.6;-84.7;-87.2;-96;-101.2,-10.9;-19.4;-12.6;-13.7;-16.5;-20.6;-20,18.3;255;255;255;255;255;255,0.4,2,0,QPSK,-,100,0,0,0,0.00,0.00,0.00,0.00,0,1,Rank 1,16,80,4,106,-,106,14,26.2,31,26,256QAM,0,SMDL,0,0,0,0.00,0.00,0.05,0.91,Rank 2,4,468,154,-,2 x 2,HandOver,45225,Free,17,FORMAT_0,418,127,Success,45225,1,-,5,-8,-12,-,154,-,2,4,-,-,-,-,-,-,-,-,-,-,-,-,-,Registered,Normal Service,9,269,18,D4A6D4C1,662,18,30kHz,944,-,4,1,-,-,New trans.,0,0,256QAM,95,1,45225,628,14,0,0,Pass,1,QPSK,2,16,2,0,15,30kHz,Re trans.,-,339,
20260725 15:27:19.929,24.830809,102.842881,21.92,1934,3,1,0.00,0.00,,,,,,,1,SA,460,00,中国移动,4456484,6443503628,1573121,12,Normal,-,1,41,100,100,504990,-,664,513000,513000,30kHz,503172,1099,-,ms20,Connected,SA,-0.8,-4,0,-58,85,-67,-11.3,20.6,5,Not Barred,6,6312,-32.8,504990,664,-73.3;-63.2;-102.7;-82,-,7.9;18.9;255;255,-3.7;-4.4;255;255,-34;-32.8,5;4;3;1;5;2;7;4;1,664;664;664;664;489;665;741;742;8,-66.8;-69.3;-82.7;-88.8;-76.3;-94;-90.4;-69.5;-108.6,-10.7;-13;-16;-17.8;-19.5;-21.1;-19.2;-11.6;-24.4,255;255;255;255;255;255;255;255;255,1;0;0;0;0;0,504990;504990;504990;504990;504990;504990,664;742;489;665;741;8,5;4;5;2;7;1,-,4;1;1;1;1;1,-67;-70.3;-76.3;-88.4;-91.3;-108.6,-11.3;-11.2;-19.5;-17.6;-19.2;-24.4,20.6;255;255;255;255;255,2,2,2,QPSK,-,100,0,0,0,0.00,0.00,0.00,0.00,16.7,2,Rank 1,16,48,3,106,-,106,14,24,24,24,256QAM,0,SMDL,0,0,0,0.00,0.00,0.03,0.01,Rank 2,4,4,110,-,2 x 2,HandOver,45225,Free,17,FORMAT_0,418,127,Success,45225,1,-,7,-3,-12,-,110,-,2,3,-,-,-,-,-,-,-,-,-,-,-,-,-,Registered,Normal Service,9,269,18,D4A6D4C1,807,9,30kHz,1008,-,4,1,-,-,New trans.,0,1,256QAM,95,1,45225,789,4,0,0,Pass,1,QPSK,2,16,2,0,15,30kHz,Re trans.,-,318,
20260725 15:27:20.939,24.830701,102.842873,21.56,1934,3,1,0.00,0.00,,,,,,,1,SA,460,00,中国移动,4456484,6443503628,1573121,12,Normal,-,1,41,100,100,504990,-,664,513000,513000,30kHz,503172,1099,-,ms20,Connected,SA,-0.8,-4,0,-58,86,-66.9,-10.6,16.4,5,Not Barred,6,6312,-33.1,504990,664,-72.4;-66.8;-109.3;-72.3,-,10.8;17.4;255;255,-6.6;-2;255;255,-33.1;-34.4,5;4;3;2;5;2;7;3;1,664;664;664;664;489;665;741;742;8,-66.5;-74.8;-79.6;-82.5;-73.4;-109.9;-94.4;-77.9;-89.9,-10.5;-13.4;-14.6;-13.5;-19.2;-27.3;-18.3;-12.6;-17.6,255;255;255;255;255;255;255;255;255,1;0;0;0;0;0,504990;504990;504990;504990;504990;504990,664;489;742;8;665;741,5;5;3;1;2;7,-,4;1;1;1;1;1,-66.9;-73.4;-78.2;-89.9;-90.9;-94.4,-10.6;-19.2;-12.9;-17.6;-18.2;-18.3,16.4;255;255;255;255;255,5.8,28,2,QPSK,-,88.9,0,11.1,0,0.00,0.00,0.01,0.01,0,2,Rank 1,18,164,9,106,-,106,14,25.6,31,26,256QAM,0,SMDL,0,0,0,0.03,0.03,0.08,0.84,Rank 2,4,444,106,-,2 x 2,HandOver,45225,Free,17,FORMAT_0,418,127,Success,45225,1,-,5,-1,-12,-,106,-,1,8,-,-,-,-,-,-,-,-,-,-,-,-,-,Registered,Normal Service,9,269,18,D4A6D4C1,897,19,30kHz,1024,-,4,1,-,-,New trans.,0,0,256QAM,99,1,45225,873,4,0,0,Pass,1,QPSK,2,16,2,0,15,30kHz,Re trans.,-,1359,
20260725 15:27:21.950,24.830646,102.842869,22.03,1934,3,1,0.00,0.00,,,,,,,1,SA,460,00,中国移动,4456484,6443503628,1573121,12,Normal,-,1,41,100,100,504990,-,664,513000,513000,30kHz,503172,1099,-,ms20,Connected,SA,-0.8,-4,0,-58,82,-62.3,-10.7,11.6,5,Not Barred,6,6312,-31.8,504990,664,-69.6;-67.1;-106.9;-76.1,-,9.8;18.1;11.8;8.8,-3.2;-2.4;255;255,-32.9;-31.8,5;4;3;2;5;2;7;3,664;664;664;664;489;665;741;742,-61.9;-69.2;-78.3;-80.5;-71.2;-89.2;-92;-76,-10.5;-11.8;-14.1;-12.7;-19.4;-18.7;-17.8;-12,255;255;255;255;255;255;255;255,1;0;0;0;0,504990;504990;504990;504990;504990,664;489;742;665;741,5;5;3;2;7,-,4;1;1;1;1,-62.3;-71.2;-74.8;-89.8;-92,-10.7;-19.4;-12.5;-18.7;-17.8,11.6;255;255;255;255,5.8,28,2,QPSK,-,88.9,0,11.1,0,0.00,0.00,0.00,0.00,0,2,Rank 1,18,164,4,106,-,106,14,24.8,31,25,256QAM,0,SMDL,0,0,0,0.00,0.00,0.08,0.68,Rank 2,4,372,116,-,2 x 2,HandOver,45225,Free,17,FORMAT_0,418,127,Success,45225,1,-,6,-4,-12,-,116,-,1,4,-,-,-,-,-,-,-,-,-,-,-,-,-,Registered,Normal Service,9,269,18,D4A6D4C1,969,9,30kHz,1024,-,4,1,-,-,New trans.,0,0,256QAM,99,1,45225,944,14,0,0,Pass,1,QPSK,2,16,2,0,15,30kHz,Re trans.,-,1359,
20260725 15:27:22.964,24.830594,102.842867,20.16,1934,3,1,0.00,0.00,,,,,,,1,SA,460,00,中国移动,4456484,6443503628,1573121,12,Normal,-,1,41,100,100,504990,-,664,513000,513000,30kHz,503172,1099,-,ms20,Connected,SA,-0.8,-4,0,-58,86,-69.1,-11.4,14.1,5,Not Barred,6,6312,-34.1,504990,664,-70.2;-64.3;-106.5;-86.9,-,8.6;14.3;11.1;11.4,-7.9;-8.1;255;255,-39.9;-34.1,5;4;6;2;5;2;1;3,664;664;664;664;489;665;741;742,-68.8;-94.5;-87.5;-94.1;-77.8;-95.6;-85.4;-68.3,-11;-22.5;-15.7;-20.3;-20;-21.6;-14.2;-10.6,255;255;255;255;255;255;255;255,1;0;0;0;0,504990;504990;504990;504990;504990,664;742;489;665;741,5;3;5;2;1,-,4;1;1;1;1,-69.1;-68.4;-77.8;-96.9;-97.6,-11.4;-10.7;-20;-22;-20.7,14.1;255;255;255;255,2,2,2,QPSK,-,100,0,0,0,0.00,0.00,0.00,0.00,0,2,Rank 1,16,64,4,69,-,69,14,25.2,31,25,256QAM,0,SMDL,0,0,0,0.00,0.00,0.02,0.18,Rank 2,4,96,116,-,2 x 2,HandOver,45225,Free,17,FORMAT_0,418,127,Success,45225,1,-,5,5,-12,-,116,-,1,4,-,-,-,-,-,-,-,-,-,-,-,-,-,Registered,Normal Service,9,269,18,D4A6D4C1,85,18,30kHz,992,-,4,1,-,-,New trans.,0,0,256QAM,156,1,45225,79,3,0,0,Pass,0,QPSK,0,16,1,0,15,30kHz,Re trans.,-,459,
20260725 15:27:23.974,24.830548,102.842859,17.64,1933,3,1,0.00,0.00,,,,,,,1,SA,460,00,中国移动,4456484,6443503628,1573121,12,Normal,-,1,41,100,100,504990,-,742,513000,513000,30kHz,503172,1099,-,ms20,Connected,SA,-0.8,0,4,-58,83,-64.6,-11,3.3,3,Not Barred,6,6312,-27.3,504990,742,-67.4;-61.9;0;0,-,11.5;13.6;10.8;3.9,5.5;6.9;5;3.5,-35.1;-44.1;-67.1;-27.3,4;5;7;7;3;4;2;5,664;489;665;741;742;742;742;742,-72.3;-78.6;-134.1;-86.7;-63.6;-65.9;-72.9;-75.9,-16.6;-19.7;-36;-19.4;-10.5;-11.5;-10.8;-14.6,255;255;255;255;255;255;255;255,1;0;0;0;0,504990;504990;504990;504990;504990,742;664;489;741;665,3;4;5;7;7,-,4;1;1;1;1,-64.6;-70.7;-78.6;-87;-134.1,-11;-13;-19.7;-19.6;-35.9,3.3;255;255;255;255,0.7,2,0,QPSK,-,100,0,0,0,0.00,0.00,0.00,0.00,0,1,Rank 3,16,48,4,640,-,640,9,25,31,24,256QAM,0,SMDL,0,0,0,0.00,0.00,0.02,0.85,Rank 2,4,460,115,-,4 x 4,HandOver,14954,Free,17,FORMAT_0,262,57,Success,14954,2,-,4,-14,-16,-,115,-,1,4,-,-,-,-,-,-,-,-,-,-,-,-,-,Registered,Normal Service,9,269,18,D4A6D4C1,194,9,30kHz,992,-,4,1,-,-,New trans.,0,1,256QAM,143,1,14954,194,13,0,0,Pass,0,QPSK,0,16,1,0,15,30kHz,Re trans.,-,244,
20260725 15:27:24.982,24.830509,102.842844,15.95,1933,3,1,0.00,0.00,,,,,,,1,SA,460,00,中国移动,4456484,6443503628,1573121,12,Normal,-,1,41,100,100,504990,-,742,513000,513000,30kHz,503172,1099,-,ms20,Connected,SA,-0.8,0,2,-58,78,-60.1,-10.5,17.5,3,Not Barred,6,6312,-24,504990,742,-60.4;-59.5;-102.6;-75.3,-,25.6;18.2;8.1;8.9,11.5;9.2;255;255,-24;-24.6,5;6;3;4;2;5,664;741;742;742;742;742,-70.6;-98.4;-60;-59.9;-68.4;-69.3,-14.8;-24.7;-10.4;-10.5;-10.6;-13,255;255;255;255;255;255,1;0;0,504990;504990;504990,742;664;741,3;5;6,-,4;1;1,-60.1;-70.3;-104.4,-10.5;-15.1;-26.6,17.5;255;255,0.9,4,0,QPSK,-,100,0,0,0,0.00,0.00,0.02,0.02,0,1,Rank 1,21,436,19,63,-,63,13,24.2,31,25,256QAM,0,SMDL,2.4,0,1.6,0.00,0.00,0.13,0.87,Rank 2,4,496,211,-,2 x 2,HandOver,14954,Free,17,FORMAT_0,262,57,Success,14954,2,-,3,-15,-16,-,211,-,3,16,-,-,-,-,-,-,-,-,-,-,-,-,-,Registered,Normal Service,9,269,18,D4A6D4C1,294,8,30kHz,896,-,4,1,-,-,New trans.,0,0,256QAM,140,1,14954,284,3,0,0,Pass,0,QPSK,0,16,1,0,15,30kHz,Re trans.,-,3030,
20260725 15:27:25.994,24.830475,102.842821,15.48,1933,3,1,0.00,0.00,,,,,,,1,SA,460,00,中国移动,4456484,6443503628,1573121,12,Normal,-,1,41,100,100,504990,-,742,513000,513000,30kHz,503172,1099,-,ms20,Connected,SA,-0.8,0,2,-58,84,-63.9,-10.7,17.2,3,Not Barred,6,6312,-29.8,504990,742,-64.5;-64.7;-102.9;-79.3,-,11.7;8.4;255;255,6.6;4.9;255;255,-32.8;-29.8,5;7;3;4;2;5;0,664;741;742;742;742;742;665,-68.7;-106.3;-64.1;-64.1;-73.1;-76.2;-118.3,-12;-25.9;-10.6;-10.8;-10.9;-16.9;-30.5,255;255;255;255;255;255;255,1;0;0;0,504990;504990;504990;504990,742;664;741;665,3;5;7;0,-,4;1;1;1,-63.9;-68.9;-104.7;-108.3,-10.7;-12.6;-25.5;-27.6,17.2;255;255;255,0.9,4,0,QPSK,-,100,0,0,0,0.00,0.00,0.00,0.00,0,1,Rank 1,21,436,19,14,-,14,14,24.4,31,25,256QAM,0,SMDL,0,0,2.6,0.00,0.00,0.13,1.32,Rank 2,4,756,211,-,2 x 2,HandOver,14954,Free,17,FORMAT_0,262,57,Success,14954,2,-,4,-12,-16,-,211,-,3,16,-,-,-,-,-,-,-,-,-,-,-,-,-,Registered,Normal Service,9,269,18,D4A6D4C1,352,18,30kHz,992,-,4,1,-,-,New trans.,0,0,256QAM,136,1,14954,321,13,0,4,Pass,0,QPSK,0,20,1,0,0,30kHz,Re trans.,-,3030,
20260725 15:27:27.007,24.830451,102.842789,15.52,1933,3,1,0.00,0.00,,,,,,,1,SA,460,00,中国移动,4456484,6443507723,1573122,11,Normal,-,1,41,100,100,504990,-,742,513000,513000,30kHz,503172,1099,-,ms20,Connected,SA,-0.8,0,2,-58,91,-69.4,-10.6,7.8,3,Not Barred,6,6312,-34.4,504990,742,-76.8;-75.6;-107.6;-74.3,-,20.8;9.4;255;255,8.4;1.2;255;255,-34.4;-35,5;7;3;4;6;2;2;1,664;741;742;742;742;742;665;8,-66.9;-91.8;-72.7;-68.3;-81.5;-80.7;-113.1;-108.3,-10.7;-19.2;-10.9;-10.5;-11.3;-11.4;-28;-25.2,255;255;255;255;255;255;255;255,1;0;0;0;0,504990;504990;504990;504990;504990,742;664;741;8;665,3;5;7;1;2,-,4;1;1;1;1,-69.4;-67.1;-92.3;-108.3;-113.8,-10.6;-11;-19.7;-25.2;-27.9,7.8;255;255;255;255,0.7,2,0,QPSK,-,100,0,0,0,0.00,0.00,0.00,0.00,0,2,Rank 1,17,52,3,106,-,106,14,24.9,25,25,256QAM,0,SMDL,0,0,0,0.00,0.00,0.02,0.14,Rank 2,4,76,125,-,2 x 2,HandOver,14954,Free,17,FORMAT_0,262,57,Success,14954,2,-,7,-2,-16,-,125,-,1,2,-,-,-,-,-,-,-,-,-,-,-,-,-,Registered,Normal Service,9,269,18,D4A6D4C1,493,9,30kHz,944,-,4,1,-,-,New trans.,0,1,256QAM,132,2,14954,470,13,0,0,Pass,1,QPSK,2,16,2,0,15,30kHz,Re trans.,-,183,
20260725 15:27:28.019,24.830434,102.842747,17.60,1933,3,1,0.00,0.00,,,,,,,1,SA,460,00,中国移动,4456484,6443507723,1573122,11,Normal,-,1,41,100,100,504990,-,742,513000,513000,30kHz,503172,1099,-,ms20,Connected,SA,-0.8,0,2,-58,85,-63.5,-10.6,13,3,Not Barred,6,6312,-30.1,504990,742,-70.3;-77.1;-112.5;-77.7,-,21.8;4.8;255;255,17.5;0;255;255,-30.1;-38.9,5;0;3;4;5;6;1,664;741;742;742;742;742;665,-59.2;-103.5;-66;-62.5;-73.5;-77.3;-87.8,-10.5;-25.2;-10.5;-10.7;-16.1;-11.4;-16.6,255;255;255;255;255;255;255,1;0;0;0,504990;504990;504990;504990,742;664;665;741,3;5;1;0,-,4;1;1;1,-63.5;-60.9;-91.1;-93.1,-10.6;-10.7;-19.1;-22.1,13;255;255;255,0.7,2,0,QPSK,-,100,0,0,0,0.00,0.00,0.00,0.00,0,2,Rank 1,17,52,2,106,-,106,14,24.6,31,25,256QAM,0,SMDL,0,0,0,0.00,0.00,0.02,0.93,Rank 2,4,516,129,-,2 x 2,HandOver,14954,Free,17,FORMAT_0,262,57,Success,14954,2,-,8,-7,-16,-,129,-,1,2,-,-,-,-,-,-,-,-,-,-,-,-,-,Registered,Normal Service,9,269,18,D4A6D4C1,584,18,30kHz,992,-,4,1,-,-,New trans.,0,0,256QAM,136,2,14954,470,13,0,0,Pass,1,QPSK,2,16,2,0,15,30kHz,Re trans.,-,183,
20260725 15:27:29.026,24.830436,102.842699,19.01,1933,3,1,0.00,0.00,,,,,,,1,SA,460,00,中国移动,4456484,6443507723,1573122,11,Normal,-,1,41,100,100,504990,-,742,513000,513000,30kHz,503172,1099,-,ms20,Connected,SA,-0.8,0,2,-58,84,-69.8,-10.5,19.9,4,Not Barred,6,6312,-26.9,504990,742,-64.5;-66.4;-86;-79,-,10.7;28.8;255;255,6.5;8.4;255;255,-36;-26.9,5;7;4;3;5;6;0;1,664;741;742;742;742;742;8;475,-80.1;-91.9;-69.1;-74.7;-80.4;-85.4;-127.2;-92.4,-13.1;-16.5;-10.6;-10.4;-13.9;-11.3;-32;-16.6,255;255;255;255;255;255;255;255,1;0;0;0;0,504990;504990;504990;504990;504990,742;664;475;741;8,4;5;1;7;0,-,4;1;1;1;1,-69.8;-80.1;-92.4;-101.3;-127.2,-10.5;-13.1;-16.6;-20.9;-32,19.9;255;255;255;255,1,2,2,QPSK,-,100,0,0,0,0.00,0.00,0.00,0.00,0,1,Rank 1,16,32,0,63,-,63,11,22.4,25,25,256QAM,0,SMDL,0,0,12.5,0.00,0.00,0.03,0.05,Rank 2,4,32,8,-,2 x 2,HandOver,14954,Free,17,FORMAT_0,262,57,Success,14954,2,-,3,-1,-16,-,8,-,1,2,-,-,-,-,-,-,-,-,-,-,-,-,-,Registered,Normal Service,9,269,18,D4A6D4C1,697,9,30kHz,872,-,4,1,-,-,New trans.,0,0,256QAM,135,2,14954,693,13,0,0,Pass,0,QPSK,0,16,1,0,15,30kHz,Re trans.,-,169,
20260725 15:27:30.032,24.830440,102.842646,20.02,1934,3,1,0.00,0.00,,,,,,,1,SA,460,00,中国移动,4456484,6443507723,1573122,11,Normal,-,1,41,100,100,504990,-,742,513000,513000,30kHz,503172,1099,-,ms20,Connected,SA,-0.8,0,2,-58,83,-63.9,-10.4,24.6,4,Not Barred,6,6312,-26.9,504990,742,-66.2;-66.2;-78.1;-68.9,-,26.3;22.1;255;255,16.5;13.4;255;255,-26.9;-31.1,5;0;4;3;5;6;0;1,664;741;742;742;742;742;8;475,-82.2;-110.9;-63.9;-76.6;-78.9;-83.1;-97.9;-88.7,-13.9;-24.6;-10.4;-10.6;-12.5;-10.8;-21.4;-15.9,255;255;255;255;255;255;255;255,1;0;0;0;0,504990;504990;504990;504990;504990,742;664;475;8;741,4;5;1;0;0,-,4;1;1;1;1,-63.9;-82.5;-89.4;-96;-110.8,-10.4;-14.2;-16.2;-20;-24.5,24.6;255;255;255;255,1,2,2,QPSK,-,100,0,0,0,0.00,0.00,0.00,0.00,0,1,Rank 1,16,32,3,63,-,63,14,23.9,31,24,256QAM,0,SMDL,0,0,0,0.00,0.00,0.04,0.50,Rank 2,4,292,108,-,2 x 2,HandOver,14954,Free,17,FORMAT_0,262,57,Success,14954,2,-,7,-2,-16,-,108,-,1,3,-,-,-,-,-,-,-,-,-,-,-,-,-,Registered,Normal Service,9,269,18,D4A6D4C1,800,19,30kHz,992,-,4,1,-,-,New trans.,0,0,256QAM,143,1,14954,787,14,0,0,Pass,0,QPSK,0,16,1,0,15,30kHz,Re trans.,-,169,
20260725 15:27:31.046,24.830440,102.842646,20.02,1934,3,1,0.00,0.00,,,,,,,1,SA,460,00,中国移动,4456484,6443507723,1573122,11,Normal,-,1,41,100,100,504990,-,742,513000,513000,30kHz,503172,1099,-,ms20,Connected,SA,-0.8,0,2,-58,83,-65,-10.4,25.8,4,Not Barred,6,6312,-35.1,504990,742,-67.4;-74.4;-85.7;-67.9,-,20;14.3;255;255,6.6;8.6;255;255,-35.1;-35.8,5;0;4;3;6;1;1;1,664;741;742;742;742;742;8;475,-86.4;-91;-65;-85.6;-82.9;-88.7;-94.5;-86.7,-13.8;-15.3;-10.4;-11.4;-10.7;-12.2;-18.6;-12.7,255;255;255;255;255;255;255;255,1;0;0;0;0,504990;504990;504990;504990;504990,742;664;475;741;8,4;5;1;0;1,-,4;1;1;1;1,-65;-86.4;-87.3;-90.9;-95.4,-10.4;-13.8;-12.6;-15.3;-18.7,25.8;255;255;255;255,1,2,2,QPSK,-,100,0,0,0,0.00,0.00,0.00,0.00,0,2,Rank 1,18,108,5,106,-,106,14,24.1,31,25,256QAM,0,SMDL,0,0,0,0.00,0.00,0.06,0.92,Rank 2,4,520,117,-,2 x 2,HandOver,14954,Free,17,FORMAT_0,262,57,Success,14954,2,-,11,-1,-16,-,117,-,1,4,-,-,-,-,-,-,-,-,-,-,-,-,-,Registered,Normal Service,9,269,18,D4A6D4C1,890,18,30kHz,944,-,4,1,-,-,New trans.,0,0,256QAM,115,1,14954,851,14,0,0,Pass,0,QPSK,2,16,2,0,15,30kHz,Re trans.,-,463,
20260725 15:27:32.058,24.830433,102.842533,21.92,1934,3,1,0.00,0.00,,,,,,,1,SA,460,00,中国移动,4456484,6443507723,1573122,11,Normal,-,1,41,100,100,504990,-,742,513000,513000,30kHz,503172,1099,-,ms20,Connected,SA,-0.8,0,2,-58,96,-79.7,-10.9,10.1,4,Not Barred,6,6312,-47.4,504990,742,-82.4;-77.5;-89;-73.5,-,13.4;10.3;255;255,3.4;5;255;255,-50.6;-47.4,5;0;4;3;1;2;1;1;6,664;741;742;742;742;742;8;475;743,-86.8;-98.8;-78.6;-86;-89.5;-92.3;-93.1;-93.8;-123.7,-11.8;-18.1;-10.9;-11;-12.5;-12.1;-17.4;-18.3;-28.3,255;255;255;255;255;255;255;255;255,1;0;0;0;0;0,504990;504990;504990;504990;504990;504990,742;664;8;475;741;743,4;5;1;1;0;6,-,4;1;1;1;1;1,-79.7;-87.2;-93.3;-94.9;-98.9;-123.7,-10.9;-12.9;-16.6;-16.2;-16.4;-28.3,10.1;255;255;255;255;255,1,2,2,QPSK,-,100,0,0,0,0.00,0.00,0.00,0.00,0,1,Rank 1,16,32,1,63,-,63,14,24.3,31,25,256QAM,0,SMDL,0,0,0,0.00,0.00,0.01,0.40,Rank 2,4,220,58,-,2 x 2,HandOver,14954,Free,17,FORMAT_0,262,57,Success,14954,2,-,17,10,-16,-,58,-,1,1,-,-,-,-,-,-,-,-,-,-,-,-,-,Registered,Normal Service,9,269,18,D4A6D4C1,984,18,30kHz,992,-,4,1,-,-,New trans.,0,0,256QAM,140,1,14954,953,3,0,0,Pass,1,QPSK,0,16,1,0,15,30kHz,Re trans.,-,169,
20260725 15:27:33.072,24.830426,102.842476,20.56,1934,3,1,0.00,0.00,,,,,,,1,SA,460,00,中国移动,4456484,6443507723,1573122,11,Normal,-,1,41,100,100,504990,-,742,513000,513000,30kHz,503172,1099,-,ms20,Connected,SA,-0.8,-1,2,-58,96,-78,-10.8,9.6,4,Not Barred,6,6312,-43.9,504990,742,-81.2;-76.3;-92;-78.9,-,10.9;11.4;255;255,-0.5;3;255;255,-44.5;-43.9,5;7;4;3;1;2;1;1;3,664;741;742;742;742;742;8;475;254,-86.1;-100.4;-77.6;-85.6;-87.8;-91.7;-89.3;-94.1;-126,-11.8;-18.8;-10.8;-11.5;-12.6;-12.1;-16.2;-18.9;-31,255;255;255;255;255;255;255;255;255,1;0;0;0;0;0,504990;504990;504990;504990;504990;504990,742;664;8;475;741;254,4;5;1;1;7;3,-,4;1;1;1;1;1,-78;-86.3;-90.5;-94;-100.5;-126,-10.8;-12.1;-15.1;-17.8;-19;-31,9.6;255;255;255;255;255,1,2,2,QPSK,-,100,0,0,0,0.00,0.00,0.00,0.00,0,1,Rank 1,16,32,5,14,-,14,14,24.9,25,25,256QAM,0,SMDL,0,0,0,0.00,0.00,0.03,1.04,Rank 2,4,552,162,-,2 x 2,HandOver,14954,Free,17,FORMAT_0,262,57,Success,14954,2,-,10,9,-16,-,162,-,1,5,-,-,-,-,-,-,-,-,-,-,-,-,-,Registered,Normal Service,9,269,18,D4A6D4C1,56,18,30kHz,768,-,4,1,-,-,New trans.,0,0,256QAM,107,1,14954,65,14,0,4,Pass,0,QPSK,0,20,1,0,0,30kHz,Re trans.,-,169,
20260725 15:27:34.080,24.830425,102.842418,21.38,1934,3,1,0.00,0.00,,,,,,,1,SA,460,00,中国移动,4456484,6443507723,1573122,11,Normal,-,1,41,100,100,504990,-,742,513000,513000,30kHz,503172,1099,-,ms20,Connected,SA,-0.8,-1,2,-58,98,-80.5,-11.4,8.6,4,Not Barred,6,6312,-43.5,504990,742,-81.9;-80.7;-96.5;-86.8,-,8.5;2.8;255;255,1.5;2.9;255;255,-49.4;-43.5,5;7;4;1;3;5;1;1;3;6,664;741;742;742;742;742;8;475;254;743,-86.8;-96;-79.6;-85.5;-88.4;-92.4;-88.6;-88.2;-97;-110.7,-13;-17.5;-11;-13.8;-11.7;-17.6;-14.9;-16.8;-18.8;-23.6,255;255;255;255;255;255;255;255;255;255,1;0;0;0;0;0;0,504990;504990;504990;504990;504990;504990;504990,742;664;8;475;741;254;743,4;5;1;1;7;3;6,-,4;1;1;1;1;1;1,-80.5;-87.8;-89.2;-89.5;-96;-97;-110.7,-11.4;-14.9;-14.2;-13.9;-17.5;-18.8;-23.6,8.6;255;255;255;255;255;255,0.6,2,0,QPSK,-,100,0,0,0,0.00,0.00,0.01,0.01,18.2,1,Rank 1,16,116,13,106,-,106,11,20.9,31,20,256QAM,0,SMDL,0,0,42.1,0.00,0.00,0.01,0.65,Rank 2,4,428,108,-,2 x 2,HandOver,14954,Free,17,FORMAT_0,262,57,Success,14954,2,-,5,8,-16,-,108,-,1,12,-,-,-,-,-,-,-,-,-,-,-,-,-,Registered,Normal Service,9,269,18,D4A6D4C1,179,8,30kHz,560,-,4,1,-,-,New trans.,0,0,64QAM,140,1,14954,172,14,0,0,Pass,0,QPSK,2,16,2,0,15,30kHz,Re trans.,-,478,
20260725 15:27:35.092,24.830421,102.842361,20.48,1935,3,1,0.00,0.00,,,,,,,1,SA,460,00,中国移动,4456484,6443507723,1573122,11,Normal,-,1,41,100,100,504990,-,742,513000,513000,30kHz,503172,1099,-,ms20,Connected,SA,-0.8,-3,2,-58,104,-85.6,-11.4,2.8,4,Not Barred,6,6312,-49.6,504990,742,-86.6;-89.9;-94.3;-83.8,-,4.5;6.2;255;255,-1.4;0.5;255;255,-50;-49.6,5;7;4;3;2;5;1;1;3;5,664;741;742;742;742;742;8;475;254;743,-89.4;-108.3;-84.6;-89.5;-95.5;-107.8;-89.1;-92.2;-98.9;-94.7,-12.7;-21.3;-11.4;-11.3;-14.4;-22.9;-12.2;-14.6;-17.9;-18.2,255;255;255;255;255;255;255;255;255;255,1;0;0;0;0;0;0,504990;504990;504990;504990;504990;504990;504990,742;664;8;475;743;254;741,4;5;1;1;5;3;7,-,4;1;1;1;1;1;1,-85.6;-89.2;-90.5;-93.2;-97.3;-98.9;-108.3,-11.4;-13.4;-12.3;-15.3;-18.3;-17.9;-21.3,2.8;255;255;255;255;255;255,9,30,2,QPSK,-,75.8,3,21.2,0,0.06,0.06,0.23,0.25,20.8,1,Rank 1,32,1072,22,63,-,63,10,18.5,31,16,64QAM,0,SMDL,0,0,64.5,0.03,0.04,0.07,1.06,Rank 2,4,804,189,-,2 x 2,HandOver,14954,Free,17,FORMAT_0,262,57,Success,14954,2,-,11,19,-16,-,189,-,1,22,-,-,-,-,-,-,-,-,-,-,-,-,-,Registered,Normal Service,9,269,18,D4A6D4C1,281,8,30kHz,656,-,4,1,-,-,New trans.,0,0,64QAM,107,1,14954,275,14,0,0,Pass,1,QPSK,0,16,1,0,15,30kHz,Re trans.,-,31664,
20260725 15:27:36.105,24.830418,102.842312,17.39,1935,3,1,0.00,0.00,,,,,,,1,SA,460,00,中国移动,4456484,6443507723,1573122,11,Normal,-,1,41,100,100,504990,-,742,513000,513000,30kHz,503172,1099,-,ms20,Connected,SA,-0.8,-5,2,-58,103,-86.1,-11.7,5.7,4,Not Barred,6,6312,-49,504990,742,-90.6;-91.4;-96.8;-83.8,-,6.4;-0.3;255;255,-1.6;0.5;255;255,-50.3;-49,5;1;4;3;1;2;1;7;5,664;476;742;742;742;742;8;475;743,-86.6;-95.6;-85.5;-88.2;-96.7;-94.5;-86.5;-92.8;-92.4,-12.5;-20.7;-11.6;-12;-19.5;-14.7;-11.5;-13;-18.2,255;255;255;255;255;255;255;255;255,1;0;0;0;0;0,504990;504990;504990;504990;504990;504990,742;664;8;743;475;476,4;5;1;5;7;1,-,4;1;1;1;1;1,-86.1;-88.1;-88.1;-92.5;-93.1;-95.2,-11.7;-13.7;-11.7;-16.2;-14.8;-19.8,5.7;255;255;255;255;255,1,5,0,QPSK,-,87.5,12.5,0,0,0.00,0.00,0.00,0.00,0,2,Rank 1,16,132,5,66,-,66,11,17.7,31,19,64QAM,0,SMDL,0,0,94.2,0.00,0.00,0.00,0.53,Rank 2,4,416,103,-,2 x 2,HandOver,14954,Free,17,FORMAT_0,262,57,Success,14954,2,-,10,16,-16,-,103,-,1,4,-,-,-,-,-,-,-,-,-,-,-,-,-,Registered,Normal Service,9,269,18,D4A6D4C1,384,19,30kHz,736,-,4,1,-,-,New trans.,0,0,64QAM,107,1,14954,365,1,0,0,Pass,1,QPSK,1,16,2,0,15,30kHz,Re trans.,-,699,
20260725 15:27:37.111,24.830412,102.842265,16.52,1935,3,1,0.00,0.00,,,,,,,1,SA,460,00,中国移动,4456484,6443507723,1573122,11,Normal,-,1,41,100,100,504990,-,742,513000,513000,30kHz,503172,1099,-,ms20,Connected,SA,-0.8,-7,2,-58,108,-90.8,-13.1,4.9,4,Not Barred,6,6312,-47.1,504990,742,-90.8;-87.7;-101.1;-86.3,-,4.9;-5.7;-3.5;-3.6,6.9;5.9;5.8;6.7,-55.6;-48.9;-58.6;-47.1,5;1;4;2;3;6;1;1;6,664;476;742;742;742;742;8;475;743,-88.1;-113.3;-90.1;-96.1;-90;-97.8;-87;-85.5;-94.3,-13.4;-28.5;-13.1;-14.7;-11.6;-16.9;-14.3;-12.9;-14.9,255;255;255;255;255;255;255;255;255,1;0;0;0;0;0,504990;504990;504990;504990;504990;504990,742;475;8;664;743;476,4;1;1;5;6;1,-,4;1;1;1;1;1,-90.8;-86.4;-88.2;-88.9;-94.5;-113.9,-13.1;-11.9;-14.1;-13.8;-15.3;-27.6,4.9;255;255;255;255;255,5.4,28,0,QPSK,-,100,0,0,0,0.00,0.00,0.01,0.01,10,1,Rank 2,19,216,12,63,-,63,13,18,31,18,64QAM,0,SMDL,0,0,97.1,0.00,0.00,0.02,0.72,Rank 2,4,556,146,-,4 x 4,HandOver,14954,Free,17,FORMAT_0,262,57,Success,14954,2,-,10,21,-16,-,146,-,2,10,-,-,-,-,-,-,-,-,-,-,-,-,-,Registered,Normal Service,9,269,18,D4A6D4C1,477,8,30kHz,656,-,4,1,-,-,New trans.,0,0,64QAM,147,1,14954,475,13,0,0,Pass,1,QPSK,0,16,1,0,15,30kHz,Re trans.,-,601,
20260725 15:27:38.124,24.830403,102.842226,13.14,1935,3,1,0.00,0.00,,,,,,,1,SA,460,00,中国移动,4456484,6443507723,1573122,11,Normal,-,1,41,100,100,504990,-,475,513000,513000,30kHz,503172,1099,-,ms20,Connected,SA,-0.8,0,4,-60,100,-86.1,-12,1.4,1,Not Barred,6,6312,-44.5,504990,475,-86.6;-87.4;-101.8;-98.2,-,1.4;-2.8;-7.3;-1.5,9.8;12.6;11.8;13.2,-50.6;-61.5;-52.4;-44.5,4;5;4;1;1;2;7;4,664;743;742;8;475;475;475;475,-94.3;-96.6;-88.7;-84;-85;-86.8;-87;-87.9,-19;-19.2;-14.2;-12.8;-13.1;-11.8;-11.3;-12.8,255;255;255;255;255;255;255;255,1;0;0;0;0,504990;504990;504990;504990;504990,475;8;742;664;743,1;1;4;4;5,-,4;1;1;1;1,-86.1;-85.8;-88.4;-91.6;-97,-12;-12.7;-13.5;-14.8;-17.4,1.4;255;255;255;255,5.4,28,0,QPSK,-,100,0,0,0,0.00,0.00,0.02,0.02,9.5,1,Rank 2,19,216,12,69,-,69,11,19.4,31,17,64QAM,0,SMDL,1.4,0,73.6,0.00,0.00,0.10,0.76,Rank 2,4,592,146,-,4 x 4,HandOver,25265,Free,17,FORMAT_0,249,127,Success,25265,10,-,13,0,10,-,146,-,2,10,-,-,-,-,-,-,-,-,-,-,-,-,-,Registered,Normal Service,9,269,18,D4A6D4C1,534,8,30kHz,768,-,4,1,-,-,New trans.,0,0,256QAM,188,1,25265,529,3,0,0,Pass,1,QPSK,0,16,1,0,15,30kHz,Re trans.,-,601,
20260725 15:27:39.135,24.830388,102.842196,12.42,1935,3,1,0.00,0.00,,,,,,,1,SA,460,00,中国移动,4456484,6453981196,1575679,12,Normal,-,1,41,100,100,504990,-,475,513000,513000,30kHz,503172,1099,-,ms20,Connected,SA,-0.8,0,4,-60,103,-86.9,-11.6,-0.7,1,Not Barred,6,6312,-45.3,504990,475,-86.3;-87.3;-96.1;-98.9,-,-0.5;2.1;-1;3.9,12.4;9.9;13.2;12.9,-45.3;-56.5;-53.5;-48.9,3;6;4;1;1;7;2;4,664;743;742;8;475;475;475;475,-101.1;-99.8;-91.2;-86.7;-86.2;-87.1;-87.3;-89.1,-17.8;-15.9;-15.4;-13.9;-12.7;-10.9;-11.4;-13.3,255;255;255;255;255;255;255;255,1;0;0;0;0,504990;504990;504990;504990;504990,475;8;742;664;743,1;1;4;3;6,-,4;1;1;1;1,-86.9;-88.5;-91.9;-93.7;-95.5,-11.6;-13.9;-14.5;-15.5;-15.8,-0.7;255;255;255;255,2.5,28,0,QPSK,-,100,0,0,0,0.00,0.00,0.00,0.00,9.5,1,Rank 2,21,372,18,69,-,69,11,24.4,31,31,256QAM,0,SMSL,0,0,0,0.00,0.00,0.02,0.18,Rank 1,4,108,126,-,4 x 4,HandOver,25265,Free,17,FORMAT_0,249,127,Success,25265,10,-,15,5,10,-,126,-,3,15,-,-,-,-,-,-,-,-,-,-,-,-,-,Registered,Normal Service,9,269,18,D4A6D4C1,679,8,30kHz,944,-,4,1,-,-,New trans.,0,0,256QAM,188,1,25265,674,3,0,0,Pass,0,QPSK,0,16,1,0,15,30kHz,Re trans.,-,2222,
20260725 15:27:40.146,24.830372,102.842157,15.95,1936,3,1,0.00,0.00,,,,,,,1,SA,460,00,中国移动,4456484,6453981196,1575679,12,Normal,-,1,41,100,100,504990,-,475,513000,513000,30kHz,503172,1099,-,ms20,Connected,SA,-0.8,0,4,-60,97,-82.5,-10.8,7.6,1,Not Barred,6,6312,-45.9,504990,475,-81.5;-82.1;-87.7;-89.1,-,8;10;255;255,15.8;14.8;255;255,-45.9;-48.1,5;4;4;1;1;2;7;4,664;743;742;8;475;475;475;475,-92;-91.5;-88.4;-91.7;-81.4;-82.9;-83.3;-85.3,-18;-18.4;-15.8;-19;-11.1;-10.8;-10.6;-12.9,255;255;255;255;255;255;255;255,1;0;0;0;0,504990;504990;504990;504990;504990,475;742;743;664;8,1;4;4;5;1,-,4;1;1;1;1,-82.5;-90;-92.1;-92.9;-93.1,-10.8;-14.8;-15.1;-17.4;-19.2,7.6;255;255;255;255,1,2,2,QPSK,-,100,0,0,0,0.00,0.00,0.00,0.00,0,1,Rank 1,17,104,7,69,-,69,11,24.2,31,24,256QAM,0,SMDL,0,0,0,0.00,0.00,0.02,0.33,Rank 2,4,192,81,-,4 x 4,HandOver,25265,Free,17,FORMAT_0,249,127,Success,25265,10,-,10,0,10,-,81,-,2,5,-,-,-,-,-,-,-,-,-,-,-,-,-,Registered,Normal Service,9,269,18,D4A6D4C1,778,18,30kHz,992,-,4,1,-,-,-,0,0,256QAM,187,1,25265,773,3,0,0,Pass,1,QPSK,0,16,1,0,15,30kHz,Re trans.,-,415,
20260725 15:27:41.160,24.830356,102.842113,18.47,1936,3,1,0.00,0.00,,,,,,,1,SA,460,00,中国移动,4456484,6453981196,1575679,12,Normal,-,1,41,100,100,504990,-,475,513000,513000,30kHz,503172,1099,-,ms20,Connected,SA,-0.8,0,4,-60,97,-82.2,-10.7,9.6,1,Not Barred,6,6312,-44.8,504990,475,-79.2;-83.1;-88.7;-91.2,-,5.6;6.8;255;255,14;11.6;255;255,-44.8;-45.6,3;4;5;1;1;2;7;0;1,664;743;742;8;475;475;475;475;940,-98.1;-91.5;-92.4;-129.6;-81.5;-82.4;-82.6;-84.9;-144.9,-16.9;-19;-18.8;-33.3;-11;-10.7;-10.5;-10.9;-39.2,255;255;255;255;255;255;255;255;255,1;0;0;0;0;0,504990;504990;504990;504990;504990;504990,475;742;743;664;8;940,1;5;4;3;1;1,-,4;1;1;1;1;1,-82.2;-89.7;-91.7;-94.6;-129.8;-144.5,-10.7;-14.3;-17.4;-16.8;-33.4;-38.7,9.6;255;255;255;255;255,0.4,1,0,QPSK,-,100,0,0,0,0.00,0.00,0.00,0.00,0,2,Rank 1,16,112,5,66,-,66,11,23.2,31,31,256QAM,0,SMDL,0,0,39.6,0.00,0.00,0.06,0.29,Rank 2,4,192,63,-,2 x 2,HandOver,25265,Free,17,FORMAT_0,249,127,Success,25265,10,-,10,8,10,-,63,-,2,5,-,-,-,-,-,-,-,-,-,-,-,-,-,Registered,Normal Service,9,269,18,D4A6D4C1,880,18,30kHz,992,-,4,1,-,-,New trans.,0,0,256QAM,87,1,25265,878,13,0,0,Pass,1,QPSK,1,16,2,0,15,30kHz,Re trans.,-,474,
20260725 15:27:42.171,24.830341,102.842065,19.40,1936,3,1,0.00,0.00,,,,,,,1,SA,460,00,中国移动,4456484,6453981196,1575679,12,Normal,-,1,41,100,100,504990,-,475,513000,513000,30kHz,503172,1099,-,ms20,Connected,SA,-0.8,0,4,-60,103,-87.2,-12.2,0.6,1,Not Barred,6,6312,-48.5,504990,475,-86.2;-88;-103.6;-95.8,-,-3.6;2.8;-2.3;-1.7,5.1;1.6;0.8;-1.5,-48.5;-58.5;-53;-51.3,5;6;5;1;1;2;7;4;1;2,664;743;742;8;475;475;475;475;940;128,-95.2;-89.4;-89;-91.3;-86.4;-87.9;-87.8;-89.3;-91.5;-93.5,-20.4;-11.6;-15.2;-17.1;-12.8;-13.2;-11;-13.5;-18.2;-17.4,255;255;255;255;255;255;255;255;255;255,1;0;0;0;0;0;0,504990;504990;504990;504990;504990;504990;504990,475;743;940;742;8;128;664,1;6;1;5;1;2;5,-,4;1;1;1;1;1;1,-87.2;-88.8;-89.2;-90.2;-91.3;-92.7;-95.3,-12.2;-12.8;-14.5;-15.3;-17.2;-16.7;-20.4,0.6;255;255;255;255;255;255,5.8,30,2,QPSK,-,78.3,0,21.7,0,0.00,0.00,0.01,0.01,0,2,Rank 2,40,922,22,106,-,106,10,22.9,31,24,256QAM,0,SMDL,0,0,15.7,0.00,0.01,0.04,0.68,Rank 2,4,408,135,-,4 x 4,HandOver,25265,Free,17,FORMAT_0,249,127,Success,25265,10,-,15,9,10,-,135,-,1,21,-,-,-,-,-,-,-,-,-,-,-,-,-,Registered,Normal Service,9,269,18,D4A6D4C1,985,8,30kHz,768,-,4,1,-,-,New trans.,0,0,256QAM,87,1,25265,982,13,0,0,Pass,0,QPSK,2,16,2,0,15,30kHz,Re trans.,-,27216,
20260725 15:27:43.180,24.830322,102.842015,20.59,1936,3,1,0.00,0.00,,,,,,,1,SA,460,00,中国移动,4456484,6453981196,1575679,12,Normal,-,1,41,100,100,504990,-,743,513000,513000,30kHz,503172,1099,-,ms20,Connected,SA,-0.8,3,1,-60,105,-88.3,-12.3,4.4,4,Not Barred,6,6312,-49.1,504990,743,-86.6;-88.5;-91;-95.4,-,-0.5;2.4;6.6;2.6,16.7;15.5;14.9;12.4,-51.8;-62.4;-55.4;-49.1,3;4;5;6;7;5;1;1;3;3,664;743;743;743;743;742;8;475;940;128,-100.8;-87;-90.2;-92.4;-98.5;-88.8;-92.4;-93.4;-95.8;-100.1,-18.2;-11.6;-14.3;-12.4;-16.6;-12.7;-14.5;-15.3;-15.3;-18.3,255;255;255;255;255;255;255;255;255;255,1;0;0;0;0;0;0,504990;504990;504990;504990;504990;504990;504990,743;742;8;475;940;664;128,4;5;1;1;3;3;3,-,4;1;1;1;1;1;1,-88.3;-89;-92.6;-94.6;-95.3;-96;-97,-12.3;-12.7;-14.5;-16.2;-15.8;-16.6;-16.7,4.4;255;255;255;255;255;255,3.8,29,2,QPSK,-,91.2,8.8,0,0,0.05,0.05,0.23,0.24,4.8,1,Rank 2,23,1316,59,69,-,69,11,21.1,31,19,256QAM,0,SMDL,0,0,44.2,0.02,0.03,0.14,1.19,Rank 2,4,824,300,-,4 x 4,HandOver,13606,Free,17,FORMAT_0,230,127,Success,13606,5,-,13,5,8,-,300,-,2,57,-,-,-,-,-,-,-,-,-,-,-,-,-,Registered,Normal Service,9,269,18,D4A6D4C1,69,9,30kHz,656,-,4,1,-,-,New trans.,0,0,64QAM,139,1,13606,69,3,0,0,Pass,1,QPSK,0,16,1,0,15,30kHz,Re trans.,-,10071,
20260725 15:27:44.187,24.830309,102.841958,21.53,1936,3,1,0.00,0.00,,,,,,,1,SA,460,00,中国移动,4456484,6453981196,1575679,12,Normal,-,1,41,100,100,504990,-,743,513000,513000,30kHz,503172,1099,-,ms20,Connected,SA,-0.8,3,1,-60,102,-84.3,-11.7,7.8,4,Not Barred,6,6312,-45.3,504990,743,-82.2;-89.9;-85.3;-92.5,-,8.2;12.6;5.8;8.2,24.6;18.3;255;255,-45.3;-45.9,3;4;5;6;2;5;1;5;0;0,664;743;743;743;743;742;8;475;940;128,-102.4;-83.6;-97.3;-93.6;-96.5;-84.5;-95.2;-92.1;-105;-102.9,-20.4;-11.1;-19.3;-12;-16.3;-11.5;-15.7;-19.3;-21.4;-19.5,255;255;255;255;255;255;255;255;255;255,1;0;0;0;0;0;0,504990;504990;504990;504990;504990;504990;504990,743;742;475;8;128;664;940,4;5;5;1;0;3;0,-,4;1;1;1;1;1;1,-84.3;-85.4;-92.6;-96.4;-102;-102.4;-104,-11.7;-11.6;-14.6;-16.8;-19.8;-20.4;-21.4,7.8;255;255;255;255;255;255,3.8,29,2,QPSK,-,91.2,8.8,0,0,0.05,0.05,0.05,0.05,14.7,1,Rank 1,23,1316,59,69,-,69,10,17.7,31,16,64QAM,0,SMDL,1.6,1.1,75,0.02,0.03,0.19,0.92,Rank 2,4,758,300,-,2 x 2,HandOver,13606,Free,17,FORMAT_0,230,127,Success,13606,5,-,12,0,8,-,300,-,2,57,-,-,-,-,-,-,-,-,-,-,-,-,-,Registered,Normal Service,9,269,18,D4A6D4C1,141,9,30kHz,608,-,4,1,-,-,New trans.,0,0,64QAM,139,1,13606,136,3,0,0,Pass,1,QPSK,0,16,1,0,15,30kHz,Re trans.,-,10071,
20260725 15:27:45.196,24.830294,102.841900,23.11,1936,3,1,0.00,0.00,,,,,,,1,SA,460,00,中国移动,4456484,6443507725,1573122,13,Normal,-,1,41,100,100,504990,-,743,513000,513000,30kHz,503172,1099,-,ms20,Connected,SA,-0.8,2,1,-60,101,-80.3,-10.9,10.9,4,Not Barred,6,6312,-43.6,504990,743,-82.2;-77.7;-86.8;-87.9,-,8.4;12.3;255;255,22.6;20.8;255;255,-43.6;-44.3,3;4;5;6;2;5;1;1,664;743;743;743;743;742;8;475,-100.3;-79.8;-88.3;-88.5;-92.2;-81.9;-95.5;-92,-18.4;-10.8;-15.3;-11.2;-13.7;-12;-17.1;-14.3,255;255;255;255;255;255;255;255,1;0;0;0;0,504990;504990;504990;504990;504990,743;742;475;8;664,4;5;1;1;3,-,4;1;1;1;1,-80.3;-81.9;-92.3;-95.5;-100.3,-10.9;-12;-15.3;-17.1;-18.4,10.9;255;255;255;255,0,0,0,QPSK,-,100,0,0,0,0.00,0.00,0.00,0.00,0,1,Rank 1,16,80,5,14,-,14,10,17.5,20,16,64QAM,0,SMDL,0,0,84.6,0.00,0.00,0.00,0.33,Rank 2,4,260,39,-,2 x 2,HandOver,13606,Free,17,FORMAT_0,230,127,Success,13606,5,-,12,0,8,-,39,-,2,5,-,-,-,-,-,-,-,-,-,-,-,-,-,Registered,Normal Service,9,269,18,D4A6D4C1,218,9,30kHz,800,-,4,1,-,-,New trans.,0,0,256QAM,239,1,13606,257,14,0,4,Pass,0,QPSK,0,20,1,0,0,30kHz,Re trans.,-,345,
20260725 15:27:46.204,24.830277,102.841840,23.51,1936,3,1,0.00,0.00,,,,,,,1,SA,460,00,中国移动,4456484,6443507725,1573122,13,Normal,-,1,41,100,100,504990,-,743,513000,513000,30kHz,503172,1099,-,ms20,Connected,SA,-0.8,2,1,-60,96,-79.4,-11.1,16.5,4,Not Barred,6,6312,-43.4,504990,743,-78.4;-78.7;-81;-84.8,-,14.4;13.9;255;255,27.2;20.8;255;255,-46.4;-43.4,3;4;5;6;7;5;0;7,664;743;743;743;743;742;128;475,-108.4;-78.2;-84.6;-85.7;-94.1;-81.9;-143;-96.5,-22.5;-10.6;-14;-10.8;-14.5;-12.7;-37.4;-17.6,255;255;255;255;255;255;255;255,1;0;0;0;0,504990;504990;504990;504990;504990,743;742;475;664;128,4;5;7;3;0,-,4;1;1;1;1,-79.4;-81.9;-96.8;-101.8;-143,-11.1;-12.7;-17.5;-20.4;-37.4,16.5;255;255;255;255,0,0,0,QPSK,-,100,0,0,0,0.00,0.00,0.00,0.00,0,1,Rank 1,17,120,6,69,-,69,11,18.8,22,17,64QAM,0,SMDL,0,0,57.9,0.00,0.00,0.00,0.10,Rank 2,4,76,53,-,2 x 2,HandOver,13606,Free,17,FORMAT_0,230,127,Success,13606,5,-,9,0,8,-,53,-,2,4,-,-,-,-,-,-,-,-,-,-,-,-,-,Registered,Normal Service,9,269,18,D4A6D4C1,357,9,30kHz,656,-,4,1,-,-,New trans.,0,0,64QAM,239,1,13606,352,3,0,0,Pass,0,QPSK,0,16,1,0,15,30kHz,Re trans.,-,373,
20260725 15:27:47.216,24.830258,102.841776,25.20,1936,3,1,0.00,0.00,,,,,,,1,SA,460,00,中国移动,4456484,6443507725,1573122,13,Normal,-,1,41,100,100,504990,-,743,513000,513000,30kHz,503172,1099,-,ms20,Connected,SA,-0.8,4,1,-60,97,-75.2,-10.7,8.6,4,Not Barred,6,6312,-45,504990,743,-83.1;-86.8;-80.4;-83.7,-,11.9;10.3;9.5;11.2,21.2;12.9;255;255,-45;-49.4,3;4;5;6;2;5;3;0;1,664;743;743;743;743;742;4;475;902,-110.2;-74.6;-81.5;-82.2;-92.5;-77.1;-95.6;-100.3;-97.2,-24.2;-10.6;-12.5;-10.6;-14;-12;-16.9;-20.3;-17.8,255;255;255;255;255;255;255;255;255,1;0;0;0;0;0,504990;504990;504990;504990;504990;504990,743;742;4;475;902;664,4;5;3;0;1;3,-,4;1;1;1;1;1,-75.2;-77.1;-95.6;-98.4;-98.5;-101.5,-10.7;-12;-16.9;-19.7;-18.9;-20.7,8.6;255;255;255;255;255,0,0,0,QPSK,-,100,0,0,0,0.00,0.00,0.00,0.00,0,1,Rank 1,17,120,3,66,-,66,9,16.2,17,16,64QAM,0,SMDL,0,0,100,0.00,0.00,0.00,0.06,Rank 2,4,52,19,-,2 x 2,HandOver,13606,Free,17,FORMAT_0,230,127,Success,13606,5,-,9,1,8,-,19,-,1,2,-,-,-,-,-,-,-,-,-,-,-,-,-,Registered,Normal Service,9,269,18,D4A6D4C1,425,8,30kHz,512,-,4,1,-,-,New trans.,0,0,64QAM,40,1,13606,420,3,0,0,Pass,0,QPSK,1,16,2,0,15,30kHz,Re trans.,-,373,
20260725 15:27:48.228,24.830239,102.841713,24.52,1936,3,1,0.00,0.00,,,,,,,1,SA,460,00,中国移动,4456484,6443507725,1573122,13,Normal,-,1,41,100,100,504990,-,743,513000,513000,30kHz,503172,1099,-,ms20,Connected,SA,-0.8,4,1,-60,103,-82,-11,7.7,4,Not Barred,6,6312,-50.9,504990,743,-91.7;-86;-85.2;-99.5,-,8.6;7.5;255;255,12;11.5;255;255,-54.4;-50.9,1;4;6;5;7;5;3;7;2;0;1;7;2,511;743;743;743;743;742;4;475;902;37;664;663;489,-100.6;-83.8;-80.7;-82.7;-96.7;-85.5;-93.4;-98.5;-99.7;-128;-95.3;-101.2;-124.6,-19.3;-10.9;-10.6;-11.6;-14.8;-13.2;-13.3;-15.7;-18.2;-31.3;-15.5;-18.9;-29.1,255;255;255;255;255;255;255;255;255;255;255;255;255,1;0;0;0;0;0;0;0;0;0,504990;504990;504990;504990;504990;504990;504990;504990;504990;504990,743;742;4;664;475;902;511;663;489;37,4;5;3;1;7;2;1;7;2;0,-,4;1;1;1;1;1;1;1;1;1,-82;-85.5;-93.7;-95.3;-99;-99.9;-101;-101.2;-124.6;-128,-11;-13.2;-13.6;-15.5;-16.6;-18.3;-19.6;-18.9;-29.1;-31.3,7.7;255;255;255;255;255;255;255;255;255,0.5,1,1,QPSK,-,100,0,0,0,0.00,0.00,0.01,0.01,0,2,Rank 1,17,68,6,349,-,349,11,16.1,18,16,64QAM,0,SMDL,0,0,100,0.01,0.01,0.02,0.21,Rank 2,4,184,49,-,2 x 2,HandOver,13606,Free,17,FORMAT_0,230,127,Success,13606,5,-,10,16,8,-,49,-,1,6,-,-,-,-,-,-,-,-,-,-,-,-,-,Registered,Normal Service,9,269,18,D4A6D4C1,564,8,30kHz,560,-,4,1,-,-,New trans.,0,0,64QAM,215,1,13606,565,0,0,0,Pass,0,QPSK,3,16,2,0,15,30kHz,Re trans.,-,215,
20260725 15:27:49.240,24.830217,102.841648,25.13,1935,3,1,0.00,0.00,,,,,,,1,SA,460,00,中国移动,4456484,6443507725,1573122,13,Normal,-,1,41,100,100,504990,-,743,513000,513000,30kHz,503172,1099,-,ms20,Connected,SA,-0.8,7,1,-60,100,-82.1,-11.3,10,6,Not Barred,6,6312,-50.5,504990,743,-84.5;-79.9;-91.9;-87,-,6.8;17.4;1;2.6,11.8;17.4;255;255,-50.5;-52.5,1;6;5;4;7;5;3;0;0,902;743;743;743;743;742;4;475;829,-89;-82.9;-82.4;-88.2;-95.7;-97;-108;-105.7;-100.7,-11.6;-11.2;-11.4;-12.5;-13.4;-21.6;-20.1;-20.3;-15.3,255;255;255;255;255;255;255;255;255,1;0;0;0;0;0,504990;504990;504990;504990;504990;504990,743;902;742;829;4;475,6;1;5;0;3;0,-,4;1;1;1;1;1,-82.1;-90.2;-94.5;-100.7;-101.1;-104.5,-11.3;-13.8;-20.1;-15.3;-18;-19.1,10;255;255;255;255;255,3.5,16,1,QPSK,-,73.3,13.3,13.3,0,0.02,0.03,0.04,0.04,0,1,Rank 1,19,288,12,66,-,66,11,17.2,19,17,64QAM,0,SMDL,0,0,100,0.03,0.03,0.02,0.33,Rank 2,4,260,60,-,2 x 2,HandOver,13606,Free,17,FORMAT_0,230,127,Success,13606,5,-,12,18,8,-,60,-,1,12,-,-,-,-,-,-,-,-,-,-,-,-,-,Registered,Normal Service,9,269,18,D4A6D4C1,658,8,30kHz,736,-,4,1,-,-,New trans.,0,0,64QAM,215,2,13606,653,4,0,0,Pass,1,QPSK,1,16,2,0,15,30kHz,Re trans.,-,5709,
20260725 15:27:50.246,24.830196,102.841585,24.16,1935,3,1,0.00,0.00,,,,,,,1,SA,460,00,中国移动,4456484,6443507725,1573122,13,Normal,-,1,41,100,100,504990,-,743,513000,513000,30kHz,503172,1099,-,ms20,Connected,SA,-0.8,7,1,-60,100,-77.9,-10.7,24.4,6,Not Barred,6,6312,-38.9,504990,743,-78.6;-73.3;-94.8;-92.2,-,11;20.3;255;255,20.1;23;255;255,-49.5;-38.9,1;6;5;4;7;3;3;1;0;1,902;743;743;743;743;489;4;475;829;664,-96.3;-78.6;-77.8;-83.2;-88.8;-100.1;-110.7;-101.1;-100.1;-101.3,-14.8;-10.6;-10.7;-10.8;-11.3;-17.3;-21.6;-21.5;-17.8;-20.3,255;255;255;255;255;255;255;255;255;255,1;0;0;0;0;0;0,504990;504990;504990;504990;504990;504990;504990,743;902;489;829;475;664;4,6;1;3;0;1;1;3,-,4;1;1;1;1;1;1,-77.9;-97.3;-100.1;-100.1;-100.5;-101.3;-103.5,-10.7;-16.2;-17.3;-17.8;-20.6;-20.3;-18.2,24.4;255;255;255;255;255;255,1,3,1,QPSK,-,100,0,0,0,0.00,0.00,0.00,0.00,0,2,Rank 1,16,164,9,69,-,69,10,15.4,19,15,64QAM,0,SMDL,0,0,100,0.00,0.00,0.01,0.23,Rank 2,4,212,55,-,2 x 2,HandOver,13606,Free,17,FORMAT_0,230,127,Success,13606,5,-,10,11,8,-,55,-,1,8,-,-,-,-,-,-,-,-,-,-,-,-,-,Registered,Normal Service,9,269,18,D4A6D4C1,757,8,30kHz,656,-,4,1,-,-,New trans.,0,0,64QAM,211,1,13606,752,3,0,0,Pass,0,QPSK,0,16,1,0,15,30kHz,Re trans.,-,799,
20260725 15:27:51.258,24.830179,102.841521,23.62,1935,3,1,0.00,0.00,,,,,,,1,SA,460,00,中国移动,4456484,6443507725,1573122,13,Normal,-,1,41,100,100,504990,-,743,513000,513000,30kHz,503172,1099,-,ms20,Connected,SA,-0.8,7,1,-60,96,-75.7,-10.5,11.8,6,Not Barred,6,6312,-43.1,504990,743,-84.4;-85.8;-84.5;-74.1,-,8.5;9.7;255;255,23.7;25;255;255,-47.3;-43.1,2;6;5;4;7;3;3;2;0;1;7;2,902;743;743;743;743;489;4;475;829;664;742;8,-142.2;-76.4;-75.9;-82.4;-85.6;-114.5;-150.5;-99.9;-100.7;-100.3;-144.9;-141.3,-37.5;-10.4;-10.5;-10.5;-11;-23;-40.3;-20.6;-19.4;-21.3;-37.9;-36.5,255;255;255;255;255;255;255;255;255;255;255;255,1;0;0;0;0;0;0;0;0,504990;504990;504990;504990;504990;504990;504990;504990;504990,743;475;664;829;489;8;902;4;742,6;2;1;0;3;2;2;3;7,-,4;1;1;1;1;1;1;1;1,-75.7;-99.2;-100.3;-100.9;-114.5;-141.3;-141.7;-142.2;-144.9,-10.5;-20.8;-21.3;-18.8;-23;-36.5;-37.1;-36.7;-37.9,11.8;255;255;255;255;255;255;255;255,1,3,1,QPSK,-,100,0,0,0,0.00,0.00,0.00,0.00,0,2,Rank 1,16,164,3,225,-,225,11,19.6,31,21,256QAM,0,SMDL,0,0,44.2,0.00,0.00,0.01,0.24,Rank 2,4,172,40,-,2 x 2,HandOver,13606,Free,17,FORMAT_0,230,127,Success,13606,5,-,9,7,8,-,40,-,1,3,-,-,-,-,-,-,-,-,-,-,-,-,-,Registered,Normal Service,9,269,18,D4A6D4C1,866,18,30kHz,768,-,4,1,-,-,New trans.,0,0,256QAM,199,0,13606,813,3,0,0,Pass,1,QPSK,1,16,2,0,15,30kHz,Re trans.,-,799,
20260725 15:27:52.268,24.830169,102.841460,21.82,1935,3,1,0.00,0.00,,,,,,,1,SA,460,00,中国移动,4456484,6443507725,1573122,13,Normal,-,1,41,100,100,504990,-,743,513000,513000,30kHz,503172,1099,-,ms20,Connected,SA,-0.8,8,1,-60,91,-72.8,-10.4,24.1,6,Not Barred,6,6312,-39.4,504990,743,-72.7;-70.8;-80.5;-71.3,-,21.5;24.1;255;255,28.7;28.8;255;255,-42.4;-39.4,0;6;5;4;0;3;2;7;0;1;7,902;743;743;743;743;489;8;475;829;664;742,-141.9;-73.3;-71.1;-75.3;-86;-100.9;-155.4;-99.3;-97.3;-113;-100.6,-37.7;-10.4;-10.4;-10.4;-11.3;-20.6;-42.8;-23.3;-19.7;-24.3;-20.4,255;255;255;255;255;255;255;255;255;255;255,1;0;0;0;0;0;0;0,504990;504990;504990;504990;504990;504990;504990;504990,743;475;829;489;742;664;902;8,6;7;0;3;7;1;0;2,-,4;1;1;1;1;1;1;1,-72.8;-94.9;-97.4;-100.9;-101;-113;-136.8;-155.4,-10.4;-20.2;-19.5;-20.6;-19.4;-24.3;-35.7;-42.8,24.1;255;255;255;255;255;255;255,0.8,2,1,QPSK,-,100,0,0,0,0.00,0.00,0.00,0.00,0,2,Rank 1,16,80,2,1697,-,1697,11,17.4,20,18,64QAM,0,SMDL,0,0,94.4,0.00,0.00,0.00,0.09,Rank 2,4,72,18,-,2 x 2,HandOver,13606,Free,17,FORMAT_0,230,127,Success,13606,5,-,5,-1,8,-,18,-,1,2,-,-,-,-,-,-,-,-,-,-,-,-,-,Registered,Normal Service,9,269,18,D4A6D4C1,947,9,30kHz,768,-,4,1,-,-,New trans.,0,0,256QAM,199,1,13606,939,0,0,0,Pass,1,16QAM,9,64,2,0,15,30kHz,Re trans.,-,535,
20260725 15:27:53.277,24.830165,102.841401,21.89,1935,3,1,0.00,0.00,,,,,,,1,SA,460,00,中国移动,4456484,6443507725,1573122,13,Normal,-,1,41,100,100,504990,-,743,513000,513000,30kHz,503172,1099,-,ms20,Connected,SA,-0.8,9,1,-60,95,-68.4,-10.4,18.2,6,Not Barred,6,6312,-38.1,504990,743,-76.6;-77.4;-76.3;-81.6,-,13.8;21.3;255;255,24;26.6;255;255,-38.1;-41.3,2;6;5;4;2;3;2;2;0;0,902;743;743;743;743;489;8;475;829;742,-156;-73.6;-67.3;-69.3;-80.4;-148.7;-154.4;-150.6;-92.3;-155.3,-43;-10.4;-10.4;-10.4;-10.6;-40.2;-42.4;-40.9;-21.7;-42.7,255;255;255;255;255;255;255;255;255;255,1;0;0;0;0;0;0,504990;504990;504990;504990;504990;504990;504990,743;829;489;475;902;8;742,6;0;3;2;2;2;0,-,4;1;1;1;1;1;1,-68.4;-92.5;-148.7;-149;-151.4;-154.4;-155.1,-10.4;-21.9;-40.2;-40.3;-41;-42.4;-42.6,18.2;255;255;255;255;255;255,4.7,13,2,QPSK,-,72.2,5.6,22.2,0,0.06,0.06,0.10,0.10,0,2,Rank 1,27,497,18,106,-,106,11,21.3,31,21,256QAM,0,SMDL,0,0,10.7,0.03,0.04,0.00,0.36,Rank 2,4,236,65,-,2 x 2,HandOver,13606,Free,17,FORMAT_0,230,127,Success,13606,5,-,7,2,8,-,65,-,1,18,-,-,-,-,-,-,-,-,-,-,-,-,-,Registered,Normal Service,9,269,18,D4A6D4C1,1023,9,30kHz,992,-,4,1,-,-,New trans.,0,0,256QAM,211,1,13606,1015,3,0,0,Pass,1,QPSK,2,16,2,0,15,30kHz,Re trans.,-,12904,
20260725 15:27:54.291,24.830166,102.841345,19.30,1934,3,1,0.00,0.00,,,,,,,1,SA,460,00,中国移动,4456484,6443507725,1573122,13,Normal,-,1,41,100,100,504990,-,743,513000,513000,30kHz,503172,1099,-,ms20,Connected,SA,-0.8,9,1,-60,95,-66.3,-10.4,20.8,6,Not Barred,6,6312,-38.1,504990,743,-72.2;-68.6;-87.7;-82.5,-,17.7;14.2;255;255,30.6;29.6;255;255,-40.4;-38.1,1;6;5;4;0;3;7;7,829;743;743;743;743;489;742;475,-94.5;-73.7;-64.7;-68.3;-81.3;-154.4;-93.5;-98.7,-21.9;-10.5;-10.4;-10.4;-10.9;-42.4;-18.9;-23.6,255;255;255;255;255;255;255;255,1;0;0;0;0,504990;504990;504990;504990;504990,743;829;742;475;489,6;1;7;7;3,-,4;1;1;1;1,-66.3;-94;-95.1;-97;-154.4,-10.4;-21.8;-19.8;-23;-42.4,20.8;255;255;255;255,4.7,13,2,QPSK,-,72.2,5.6,22.2,0,0.00,0.00,0.00,0.00,0,2,Rank 1,27,497,18,106,-,106,12,23.4,25,22,256QAM,0,SMDL,0,0,0,0.00,0.00,0.00,0.12,Rank 2,4,68,65,-,2 x 2,HandOver,13606,Free,17,FORMAT_0,230,127,Success,13606,5,-,7,0,8,-,65,-,1,18,-,-,-,-,-,-,-,-,-,-,-,-,-,Registered,Normal Service,9,269,18,D4A6D4C1,1023,9,30kHz,992,-,4,1,-,-,New trans.,0,0,256QAM,211,1,13606,1015,3,0,0,Pass,1,QPSK,2,16,2,0,15,30kHz,Re trans.,-,12904,
20260725 15:27:55.307,24.830180,102.841297,17.35,1934,3,1,0.00,0.00,,,,,,,1,SA,460,00,中国移动,4456484,6443507725,1573122,13,Normal,-,1,41,100,100,504990,-,743,513000,513000,30kHz,503172,1099,-,ms20,Connected,SA,-0.8,9,1,-60,92,-74.3,-10.5,21.3,5,Not Barred,6,6312,-39.1,504990,743,-77;-76.1;-83.6;-76,-,16.2;20.9;255;255,23.8;24.4;255;255,-42.8;-39.1,0;5;6;4;3;7;6,829;743;743;743;743;475;742,-89.8;-73.6;-80.4;-81.2;-92;-105.6;-96.1,-11.5;-10.4;-10.8;-10.5;-11.3;-22.7;-20.5,255;255;255;255;255;255;255,1;0;0;0,504990;504990;504990;504990,743;829;742;475,5;0;6;7,-,4;1;1;1,-74.3;-89.7;-97.9;-106.1,-10.5;-11.5;-18.3;-22.6,21.3;255;255;255,4.7,13,2,QPSK,-,72.2,5.6,22.2,0,0.00,0.00,0.00,0.00,0,2,Rank 1,27,497,1,106,-,106,12,23.4,25,22,256QAM,0,SMDL,0,0,0,0.00,0.00,0.00,0.00,Rank 2,4,0,8,-,2 x 2,HandOver,13606,Free,17,FORMAT_0,230,127,Success,13606,5,-,10,7,8,-,8,-,1,1,-,-,-,-,-,-,-,-,-,-,-,-,-,Registered,Normal Service,9,269,18,D4A6D4C1,201,8,30kHz,992,-,4,1,-,-,-,0,0,256QAM,219,1,13606,1015,3,0,0,Pass,1,QPSK,2,16,2,0,15,30kHz,Re trans.,-,12904,
20260725 15:27:56.319,24.830203,102.841256,17.42,1934,3,1,0.00,0.00,,,,,,,1,SA,460,00,中国移动,4456484,6443507725,1573122,13,Normal,-,1,41,100,100,504990,-,743,513000,513000,30kHz,503172,1099,-,ms20,Connected,SA,-0.8,8,1,-60,92,-74,-10.6,24.3,5,Not Barred,6,6312,-35.5,504990,743,-66;-74.1;-83.7;-83.2,-,24.3;14.8;255;255,24.3;23.9;255;255,-35.5;-38.9,0;5;4;6;3;6;7;3;3,829;743;743;743;743;742;489;863;943,-88.8;-73.2;-79.6;-81.6;-86.2;-86.1;-88;-140.3;-135.2,-12.9;-10.6;-10.5;-12.1;-11;-14.4;-13.5;-36.9;-34.3,255;255;255;255;255;255;255;255;255,1;0;0;0;0;0,504990;504990;504990;504990;504990;504990,743;742;489;829;943;863,5;6;7;0;3;3,-,4;1;1;1;1;1,-74;-86;-88.5;-89;-135.2;-140.3,-10.6;-14.3;-14.7;-12.9;-34.3;-36.9,24.3;255;255;255;255;255,4.7,13,2,QPSK,-,72.2,5.6,22.2,0,0.00,0.00,0.00,0.00,0,2,Rank 1,27,497,1,69,-,69,11,26.5,31,25,256QAM,0,SMDL,0,0,0,0.00,0.00,0.02,0.12,Rank 2,4,64,17,-,2 x 2,HandOver,13606,Free,17,FORMAT_0,230,127,Success,13606,5,-,6,8,8,-,17,-,1,1,-,-,-,-,-,-,-,-,-,-,-,-,-,Registered,Normal Service,9,269,18,D4A6D4C1,352,19,30kHz,896,-,4,1,-,-,New trans.,0,0,256QAM,233,2,13606,352,3,0,0,Pass,1,QPSK,0,16,1,0,15,30kHz,Re trans.,-,12904,
20260725 15:27:57.331,24.830237,102.841232,16.85,1935,3,1,0.00,0.00,,,,,,,1,SA,460,00,中国移动,4456484,6443507725,1573122,13,Normal,-,1,41,100,100,504990,-,743,513000,513000,30kHz,503172,1099,-,ms20,Connected,SA,-0.8,8,1,-60,92,-76.1,-10.6,18.6,5,Not Barred,6,6312,-33.4,504990,743,-78;-68.8;-70.3;-89,-,17.1;15;255;255,23.5;25.4;255;255,-40.1;-33.4,0;5;4;6;7;0;6;7,829;743;743;743;743;742;489;490,-91.1;-74.9;-78.6;-80.3;-86.9;-102.1;-88.1;-110.1,-15;-10.6;-10.5;-10.8;-12.1;-21.8;-18.1;-25.7,255;255;255;255;255;255;255;255,1;0;0;0;0,504990;504990;504990;504990;504990,743;489;829;742;490,5;6;0;0;7,-,4;1;1;1;1,-76.1;-87.3;-91.9;-99.1;-110.1,-10.6;-16.1;-15;-20.3;-25.7,18.6;255;255;255;255,0,0,0,QPSK,-,100,0,0,0,0.00,0.00,0.00,0.00,0,1,Rank 1,16,48,1,106,-,106,11,23.3,25,23,256QAM,0,SMDL,0,0,0,0.00,0.00,0.02,0.08,Rank 2,4,44,17,-,2 x 2,HandOver,13606,Free,17,FORMAT_0,230,127,Success,13606,5,-,6,5,8,-,17,-,1,1,-,-,-,-,-,-,-,-,-,-,-,-,-,Registered,Normal Service,9,269,18,D4A6D4C1,425,18,30kHz,896,-,4,1,-,-,New trans.,0,0,256QAM,232,1,13606,394,3,0,0,Pass,1,QPSK,2,16,2,0,15,30kHz,Re trans.,-,207,
20260725 15:27:58.343,24.830276,102.841218,16.85,1935,3,1,0.00,0.00,,,,,,,1,SA,460,00,中国移动,4456484,6443507725,1573122,13,Normal,-,1,41,100,100,504990,-,743,513000,513000,30kHz,503172,1099,-,ms20,Connected,SA,-0.8,9,1,-60,93,-71.1,-10.5,18.8,5,Not Barred,6,6312,-39.9,504990,743,-71.7;-78.8;-79.7;-89.3,-,18.7;14.6;255;255,21.8;20.6;255;255,-39.9;-42.4,1;5;4;6;3;1;7,829;743;743;743;743;863;489,-92.4;-70.7;-79.1;-82.9;-91.8;-99.3;-87,-15.1;-10.4;-10.6;-11.9;-12.1;-22.7;-13.8,255;255;255;255;255;255;255,1;0;0;0,504990;504990;504990;504990,743;489;829;863,5;7;1;1,-,4;1;1;1,-71.1;-87;-91.6;-99.3,-10.5;-14.7;-15;-20.2,18.8;255;255;255,1,2,2,QPSK,-,100,0,0,0,0.00,0.00,0.00,0.00,0,1,Rank 1,16,32,3,69,-,69,11,24.8,25,25,256QAM,0,SMDL,0,0,0,0.00,0.00,0.01,0.10,Rank 2,4,52,23,-,2 x 2,HandOver,13606,Free,17,FORMAT_0,230,127,Success,13606,5,-,7,2,8,-,23,-,1,3,-,-,-,-,-,-,-,-,-,-,-,-,-,Registered,Normal Service,9,269,18,D4A6D4C1,530,8,30kHz,848,-,4,1,-,-,New trans.,0,0,256QAM,227,1,13606,524,3,0,0,Pass,0,QPSK,0,16,1,0,15,30kHz,Re trans.,-,175,
20260725 15:27:59.355,24.830317,102.841208,17.53,1935,3,1,0.00,0.00,,,,,,,1,SA,460,00,中国移动,4456484,6443507725,1573122,13,Normal,-,1,41,100,100,504990,-,743,513000,513000,30kHz,503172,1099,-,ms20,Connected,SA,-0.8,8,1,-60,95,-76.5,-10.7,16.6,5,Not Barred,6,6312,-36.6,504990,743,-75.2;-79.7;-87.7;-89.9,-,16.6;14.4;255;255,20.2;20.6;255;255,-36.6;-44.3,0;5;4;6;7;1;6;2;7;3,829;743;743;743;743;664;489;742;490;863,-90.6;-75.7;-82.6;-84.8;-90;-97.2;-88.2;-123.1;-116.8;-104.3,-12.2;-10.5;-10.7;-12.2;-14.3;-14.9;-13.9;-27.9;-28.1;-17.8,255;255;255;255;255;255;255;255;255;255,1;0;0;0;0;0;0,504990;504990;504990;504990;504990;504990;504990,743;489;829;664;863;490;742,5;6;0;1;3;7;2,-,4;1;1;1;1;1;1,-76.5;-88.4;-91.5;-97.2;-104.3;-116.9;-119.1,-10.7;-13.7;-12.9;-14.9;-17.8;-28.2;-27.2,16.6;255;255;255;255;255;255,1,2,2,QPSK,-,100,0,0,0,0.00,0.00,0.00,0.00,0,1,Rank 1,16,32,2,69,-,69,11,22.4,31,19,256QAM,0,SMDL,0,0,24.1,0.00,0.00,0.01,0.18,Rank 2,4,116,29,-,2 x 2,HandOver,13606,Free,17,FORMAT_0,230,127,Success,13606,5,-,6,8,8,-,29,-,1,2,-,-,-,-,-,-,-,-,-,-,-,-,-,Registered,Normal Service,9,269,18,D4A6D4C1,655,9,30kHz,712,-,4,1,-,-,New trans.,0,1,64QAM,227,1,13606,650,13,0,0,Pass,0,QPSK,0,16,1,0,15,30kHz,Re trans.,-,175,
20260725 15:28:00.369,24.830362,102.841201,18.54,1935,3,1,0.00,0.00,,,,,,,1,SA,460,00,中国移动,4456484,6443507725,1573122,13,Normal,-,1,41,100,100,504990,-,743,513000,513000,30kHz,503172,1099,-,ms20,Connected,SA,-0.8,7,1,-60,98,-81,-11,7.4,5,Not Barred,6,6312,-44,504990,743,-85.3;-80.9;-83;-97.2,-,-0.8;13.2;255;255,20.9;20.3;255;255,-46.8;-44,0;5;4;6;3;2;6;7;7;1,829;743;743;743;743;863;489;742;490;664,-90.1;-79.6;-84.8;-85.5;-94;-100.2;-89;-98.1;-94.7;-93.6,-12.5;-10.8;-10.8;-12.3;-12.2;-18.4;-14.7;-20.5;-18.7;-15.1,255;255;255;255;255;255;255;255;255;255,1;0;0;0;0;0;0,504990;504990;504990;504990;504990;504990;504990,743;489;829;664;490;742;863,5;6;0;1;7;7;2,-,4;1;1;1;1;1;1,-81;-89.2;-91;-93.6;-94.7;-100.5;-103.5,-11;-14.5;-13.1;-15.1;-18.7;-20.1;-20.2,7.4;255;255;255;255;255;255,0.7,2,0,QPSK,-,100,0,0,0,0.00,0.00,0.00,0.00,0,2,Rank 1,16,48,4,69,-,69,11,22,31,21,256QAM,0,SMDL,0,0,42.1,0.00,0.00,0.02,0.11,Rank 2,4,76,42,-,2 x 2,HandOver,13606,Free,17,FORMAT_0,230,127,Success,13606,5,-,9,14,8,-,42,-,1,4,-,-,-,-,-,-,-,-,-,-,-,-,-,Registered,Normal Service,9,269,18,D4A6D4C1,758,9,30kHz,800,-,4,1,-,-,New trans.,0,0,256QAM,211,1,13606,756,3,0,0,Pass,0,QPSK,0,16,1,0,15,30kHz,Re trans.,-,495,
20260725 15:28:01.376,24.830408,102.841191,19.15,1935,3,1,0.00,0.00,,,,,,,1,SA,460,00,中国移动,4456484,6443507725,1573122,13,Normal,-,1,41,100,100,504990,-,743,513000,513000,30kHz,503172,1099,-,ms20,Connected,SA,-0.8,6,1,-60,98,-78.5,-10.9,9.8,5,Not Barred,6,6312,-39.8,504990,743,-83;-80.2;-84.2;-83.9,-,10.4;5.8;255;255,17.4;17.9;255;255,-39.8;-46.4,1;5;4;6;1;2;6;0;0;1,829;743;743;743;743;863;489;742;490;664,-89.8;-78.1;-86.6;-85.7;-95.9;-98.9;-84.1;-131;-125.3;-96.1,-12.4;-10.8;-11.2;-12.9;-18.4;-17.4;-12.9;-32.5;-30.7;-18.2,255;255;255;255;255;255;255;255;255;255,1;0;0;0;0;0;0,504990;504990;504990;504990;504990;504990;504990,743;489;829;664;863;490;742,5;6;1;1;2;0;0,-,4;1;1;1;1;1;1,-78.5;-84.4;-89;-96.1;-99;-122.3;-132.6,-10.9;-12.4;-12.2;-18.2;-17.5;-29.7;-33.1,9.8;255;255;255;255;255;255,0.8,2,0,QPSK,-,100,0,0,0,0.00,0.00,0.00,0.00,0,2,Rank 1,16,128,6,69,-,69,11,20,22,20,256QAM,0,SMDL,0,0,28.6,0.00,0.00,0.01,0.28,Rank 2,4,196,61,-,2 x 2,HandOver,13606,Free,17,FORMAT_0,230,127,Success,13606,5,-,9,13,8,-,61,-,1,6,-,-,-,-,-,-,-,-,-,-,-,-,-,Registered,Normal Service,9,269,18,D4A6D4C1,862,18,30kHz,768,-,4,1,-,-,New trans.,0,0,256QAM,199,1,13606,860,13,0,0,Pass,0,QPSK,0,16,1,0,15,30kHz,Re trans.,-,663,
20260725 15:28:02.381,24.830408,102.841191,19.15,1935,3,1,0.00,0.00,,,,,,,1,SA,460,00,中国移动,4456484,6443507725,1573122,13,Normal,-,1,41,100,100,504990,-,743,513000,513000,30kHz,503172,1099,-,ms20,Connected,SA,-0.8,5,1,-60,102,-84.9,-11.8,9.7,5,Not Barred,6,6312,-45.8,504990,743,-92;-81.3;-87.2;-86.1,-,5.1;7.1;255;255,18.3;14;255;255,-45.8;-48.3,0;5;6;4;3;2;6;1;7,829;743;743;743;743;863;489;664;490,-87.3;-83.2;-88.3;-88.8;-97.7;-100.4;-85.9;-94;-91.8,-11.5;-11.4;-13.4;-11.6;-14.4;-16.7;-12.4;-16.3;-15.2,255;255;255;255;255;255;255;255;255,1;0;0;0;0;0,504990;504990;504990;504990;504990;504990,743;489;829;490;664;863,5;6;0;7;1;2,-,4;1;1;1;1;1,-84.9;-86.8;-88.4;-92.2;-94;-100.7,-11.8;-12.8;-12.2;-15.4;-16.3;-17,9.7;255;255;255;255;255,0.8,2,0,QPSK,-,100,0,0,0,0.00,0.00,0.00,0.00,0,2,Rank 1,16,128,5,69,-,69,11,19.9,31,20,64QAM,0,SMDL,0,0,50,0.00,0.00,0.01,0.34,Rank 2,4,240,49,-,2 x 2,HandOver,13606,Free,17,FORMAT_0,230,127,Success,13606,5,-,11,18,8,-,49,-,1,5,-,-,-,-,-,-,-,-,-,-,-,-,-,Registered,Normal Service,9,269,18,D4A6D4C1,961,18,30kHz,768,-,4,1,-,-,New trans.,0,0,256QAM,211,1,13606,956,3,0,0,Pass,0,QPSK,0,16,1,0,15,30kHz,Re trans.,-,663,
20260725 15:28:03.390,24.830502,102.841165,19.33,1935,3,1,0.00,0.00,,,,,,,1,SA,460,00,中国移动,4456484,6443507725,1573122,13,Normal,-,1,41,100,100,504990,-,743,513000,513000,30kHz,503172,1099,-,ms20,Connected,SA,-0.8,5,1,-60,103,-86,-13,6.3,5,Not Barred,6,6312,-47.3,504990,743,-79.6;-87.6;-82.5;-99.6,-,6.3;5.7;255;255,17.2;14.2;255;255,-50;-47.3,1;5;6;4;2;4;7;1;7;5;2,829;743;743;743;743;863;489;664;490;742;943,-88.2;-85;-87.6;-87.9;-103.7;-95;-84.1;-92.6;-96.9;-104.3;-99.3,-12.7;-12.2;-15.5;-12.2;-18.4;-17.8;-11.5;-16.5;-19.1;-21.8;-17.2,255;255;255;255;255;255;255;255;255;255;255,1;0;0;0;0;0;0;0,504990;504990;504990;504990;504990;504990;504990;504990,743;489;829;664;742;863;490;943,5;7;1;1;5;4;7;2,-,4;1;1;1;1;1;1;1,-86;-84.3;-88.4;-93.2;-96.6;-96.7;-97.6;-99.3,-13;-11.9;-12.4;-16.8;-18.1;-16.8;-19.1;-17.2,6.3;255;255;255;255;255;255;255,0.2,1,0,QPSK,-,100,0,0,0,0.00,0.00,0.00,0.00,0,2,Rank 1,16,96,5,69,-,69,9,19.1,20,19,64QAM,0,SMDL,0,0,70.4,0.00,0.00,0.01,0.15,Rank 2,4,108,49,-,2 x 2,HandOver,13606,Free,17,FORMAT_0,230,127,Success,13606,5,-,11,19,8,-,49,-,1,5,-,-,-,-,-,-,-,-,-,-,-,-,-,Registered,Normal Service,9,269,18,D4A6D4C1,19,8,30kHz,688,-,4,1,-,-,New trans.,0,0,64QAM,223,1,13606,14,3,0,0,Pass,1,QPSK,0,16,1,0,15,30kHz,Re trans.,-,570,
20260725 15:28:04.403,24.830548,102.841150,19.01,1936,3,1,0.00,0.00,,,,,,,1,SA,460,00,中国移动,4456484,6443507725,1573122,13,Normal,-,1,41,100,100,504990,-,743,513000,513000,30kHz,503172,1099,-,ms20,Connected,SA,-0.8,5,1,-60,101,-81.1,-11.6,4.8,5,Not Barred,6,6312,-42.9,504990,743,-82.1;-93.7;-79.3;-88.5,-,3.1;5.5;255;255,17.4;17;255;255,-42.9;-47.4,0;5;4;3;2;2;6;1;7;3;3,829;743;743;743;743;863;489;664;490;742;943,-86.9;-80.6;-88.5;-98.2;-107.3;-96.4;-80.7;-94.1;-84.8;-142;-101.1,-12.5;-11.4;-12.5;-16.8;-21.2;-16.4;-11.1;-17.7;-16.1;-36.9;-18.2,255;255;255;255;255;255;255;255;255;255;255,1;0;0;0;0;0;0;0,504990;504990;504990;504990;504990;504990;504990;504990,743;489;490;829;664;863;943;742,5;6;7;0;1;2;3;3,-,4;1;1;1;1;1;1;1,-81.1;-81;-84.9;-87.9;-94.7;-97.1;-101.4;-141.8,-11.6;-11.8;-16.1;-12.9;-17.9;-17.6;-19.4;-36.9,4.8;255;255;255;255;255;255;255,0.2,1,0,QPSK,-,100,0,0,0,0.00,0.00,0.00,0.00,0,1,Rank 1,16,80,4,106,-,106,11,20.2,31,20,64QAM,0,SMDL,0,0,52.3,0.00,0.00,0.04,0.36,Rank 2,4,260,44,-,2 x 2,HandOver,13606,Free,17,FORMAT_0,230,127,Success,13606,5,-,10,17,8,-,44,-,1,4,-,-,-,-,-,-,-,-,-,-,-,-,-,Registered,Normal Service,9,269,18,D4A6D4C1,106,9,30kHz,736,-,4,1,-,-,New trans.,0,0,64QAM,195,1,13606,101,4,0,0,Pass,1,QPSK,2,16,2,0,15,30kHz,Re trans.,-,342,
20260725 15:28:05.413,24.830592,102.841137,17.60,1936,3,1,0.00,0.00,,,,,,,1,SA,460,00,中国移动,4456484,6443507725,1573122,13,Normal,-,1,41,100,100,504990,-,743,513000,513000,30kHz,503172,1099,-,ms20,Connected,SA,-0.8,5,1,-60,99,-81.1,-11.4,9.1,5,Not Barred,6,6312,-43.5,504990,743,-79.9;-79.8;-87.8;-90.7,-,11.1;4.3;255;255,17.5;18;255;255,-43.5;-46.1,1;5;4;6;3;4;6;1;7;3,829;743;743;743;743;863;489;664;490;943,-87.2;-80.9;-91.1;-112.9;-100.5;-96.3;-81.4;-93.7;-90.6;-118.9,-12.1;-11.4;-13.5;-27.2;-18.1;-17;-10.6;-18.1;-18.4;-27.2,255;255;255;255;255;255;255;255;255;255,1;0;0;0;0;0;0,504990;504990;504990;504990;504990;504990;504990,743;489;829;490;664;863;943,5;6;1;7;1;4;3,-,4;1;1;1;1;1;1,-81.1;-81.7;-87.5;-90.6;-94.9;-96.6;-119,-11.4;-10.8;-12.1;-18.4;-18.8;-15.8;-27.2,9.1;255;255;255;255;255;255,0.2,1,0,QPSK,-,100,0,0,0,0.00,0.00,0.01,0.01,0,1,Rank 1,16,80,9,69,-,69,11,18.7,30,19,64QAM,0,SMDL,0,0,100,0.00,0.00,0.03,0.24,Rank 2,4,184,68,-,4 x 4,HandOver,13606,Free,17,FORMAT_0,230,127,Success,13606,5,-,8,17,8,-,68,-,1,9,-,-,-,-,-,-,-,-,-,-,-,-,-,Registered,Normal Service,9,269,18,D4A6D4C1,208,18,30kHz,656,-,4,1,-,-,New trans.,0,0,64QAM,235,1,13606,162,3,0,0,Pass,0,QPSK,0,16,1,0,15,30kHz,Re trans.,-,342,
20260725 15:28:06.425,24.830634,102.841123,16.96,1936,3,1,0.00,0.00,,,,,,,1,SA,460,00,中国移动,4456484,6443507725,1573122,13,Normal,-,1,41,100,100,504990,-,743,513000,513000,30kHz,503172,1099,-,ms20,Connected,SA,-0.8,5,1,-60,101,-85.2,-12.9,6,5,Not Barred,6,6312,-45.3,504990,743,-84.8;-84.3;-92;-150,-,6;-0.1;255;255,14.4;13;255;255,-45.3;-50,0;5;4;6;3;7;6;1;7;7,829;743;743;743;743;863;489;664;490;663,-87.1;-84.5;-89.1;-102.6;-97.1;-86.8;-81.1;-92.6;-90.8;-89.4,-12.9;-12.6;-14.3;-22.5;-18.6;-17.2;-11.1;-18.1;-18.3;-16.1,255;255;255;255;255;255;255;255;255;255,1;0;0;0;0;0;0,504990;504990;504990;504990;504990;504990;504990,743;489;829;863;663;490;664,5;6;0;7;7;7;1,-,4;1;1;1;1;1;1,-85.2;-82.1;-86.5;-87.5;-89.4;-90.8;-93.5,-12.9;-11.8;-12.7;-13.4;-16.1;-18.3;-18.6,6;255;255;255;255;255;255,1.1,3,0,QPSK,-,100,0,0,0,0.00,0.00,0.00,0.00,0,1,Rank 1,16,144,1,69,-,69,10,20.9,31,19,64QAM,0,SMDL,0,0,66.7,0.00,0.00,0.01,0.13,Rank 2,4,96,16,-,2 x 2,HandOver,13606,Free,17,FORMAT_0,230,127,Success,13606,5,-,10,19,8,-,16,-,1,1,-,-,-,-,-,-,-,-,-,-,-,-,-,Registered,Normal Service,9,269,18,D4A6D4C1,313,9,30kHz,736,-,4,1,-,-,New trans.,0,0,64QAM,195,1,13606,308,3,0,0,Pass,0,QPSK,0,16,1,0,15,30kHz,Re trans.,-,861,
20260725 15:28:07.431,24.830675,102.841114,16.56,1936,3,1,0.00,0.00,,,,,,,1,SA,460,00,中国移动,4456484,6443507725,1573122,13,Normal,-,1,41,100,100,504990,-,743,513000,513000,30kHz,503172,1099,-,ms20,Connected,SA,-0.8,5,1,-60,100,-81.9,-12.5,3,5,Not Barred,6,6312,-46.8,504990,743,-82.4;-91.8;-150;-94.5,-,2.8;-1.9;-8.1;-5,17.4;15;11.3;11.2,-46.8;-55.6;-49.8;-46.8,1;5;4;3;2;4;6;1;7;3,829;743;743;743;743;863;489;664;490;943,-85.2;-81.4;-88.3;-107.6;-99.6;-90.1;-79.2;-91.7;-84;-97.6,-12;-12.5;-13.6;-22.7;-18.8;-15;-10.8;-18.4;-14.8;-18.9,255;255;255;255;255;255;255;255;255;255,1;0;0;0;0;0;0,504990;504990;504990;504990;504990;504990;504990,743;489;490;829;863;664;943,5;6;7;1;4;1;3,-,4;1;1;1;1;1;1,-81.9;-80.6;-84;-85.8;-91.6;-91.8;-98.2,-12.5;-12.2;-14.8;-12.4;-16;-18.4;-19.1,3;255;255;255;255;255;255,1.4,3,2,QPSK,-,100,0,0,0,0.00,0.00,0.00,0.00,0,2,Rank 2,16,128,3,69,-,69,11,19.8,31,20,256QAM,0,SMDL,0,0,48,0.00,0.00,0.04,0.14,Rank 2,4,100,35,-,2 x 2,HandOver,13606,Free,17,FORMAT_0,230,127,Success,13606,5,-,10,16,8,-,35,-,1,3,-,-,-,-,-,-,-,-,-,-,-,-,-,Registered,Normal Service,9,269,18,D4A6D4C1,425,9,30kHz,656,-,4,1,-,-,New trans.,0,0,64QAM,227,1,13606,420,3,0,0,Pass,0,QPSK,0,16,1,0,15,30kHz,Re trans.,-,1290,
20260725 15:28:08.443,24.830716,102.841107,16.38,1936,3,1,0.00,0.00,,,,,,,1,SA,460,00,中国移动,4456484,6879514665,1679569,41,Normal,-,1,41,100,100,504990,-,489,513000,513000,30kHz,503172,1099,-,ms20,Connected,SA,-0.8,-3,3,-60,104,-81.5,-12.3,12.5,6,Not Barred,6,6312,-37.3,504990,489,-77.4;-73.2;-78.3;-91.5,-,2.8;7.3;11.6;13.2,9.8;14.2;11.8;16.2,-40.6;-55;-42.3;-37.3,0;5;7;6;7;5;1;0;7;2;7,829;743;863;489;489;489;489;664;490;943;663,-82.8;-78.9;-89.8;-80.2;-81.7;-86;-89.4;-91.7;-85.9;-113.5;-126.4,-11.9;-12.3;-20.1;-11;-12.3;-15.3;-16.2;-20.3;-17.7;-26.7;-32.3,255;255;255;255;255;255;255;255;255;255;255,1;0;0;0;0;0;0;0,504990;504990;504990;504990;504990;504990;504990;504990,489;743;829;490;863;664;943;663,6;5;0;7;7;0;2;7,-,4;1;1;1;1;1;1;1,-81.5;-79.6;-83.1;-85.9;-91;-92.1;-111.5;-126.4,-12.3;-12.3;-12.3;-17.7;-16.7;-20.1;-25.9;-32.3,12.5;255;255;255;255;255;255;255,0.1,1,0,QPSK,-,100,0,0,0,0.00,0.00,0.01,0.01,0,1,Rank 2,37,260,7,69,-,69,11,18.8,31,18,64QAM,0,SMDL,0,0,85.5,0.00,0.00,0.02,0.36,Rank 2,4,276,70,-,4 x 4,HandOver,22461,Free,17,FORMAT_0,304,57,Success,22461,2,-,15,7,2,-,70,-,1,7,-,-,-,-,-,-,-,-,-,-,-,-,-,Registered,Normal Service,9,269,18,D4A6D4C1,545,18,30kHz,944,-,4,1,-,-,New trans.,0,0,256QAM,32,1,22461,541,13,0,0,Pass,1,QPSK,0,16,1,0,15,30kHz,Re trans.,-,1013,
20260725 15:28:09.457,24.830757,102.841103,15.98,1936,3,1,0.00,0.00,,,,,,,1,SA,460,00,中国移动,4456484,6443507725,1573122,13,Normal,-,1,41,100,100,504990,-,489,513000,513000,30kHz,503172,1099,-,ms20,Connected,SA,-0.8,-2,3,-60,102,-80.1,-12.2,10.9,6,Not Barred,6,6312,-37.1,504990,489,-75.9;-72.7;-88.4;-84.8,-,6.1;5.6;255;255,10.1;12;255;255,-40.6;-37.1,1;4;4;6;7;5;1;3;7;5,829;743;863;489;489;489;489;943;490;742,-81.3;-87;-88.8;-79.2;-79.5;-83.3;-88;-102;-84;-104.3,-12.4;-13.2;-15.5;-11.1;-12.5;-14.6;-17.4;-22.6;-15.4;-25.6,255;255;255;255;255;255;255;255;255;255,1;0;0;0;0;0;0,504990;504990;504990;504990;504990;504990;504990,489;829;743;490;863;742;943,6;1;4;7;4;5;3,-,4;1;1;1;1;1;1,-80.1;-81.9;-82.1;-84.5;-91;-93;-102,-12.2;-12.3;-12.7;-15.6;-15.7;-20;-22.6,10.9;255;255;255;255;255;255,0.4,2,0,QPSK,-,100,0,0,0,0.00,0.00,0.02,0.02,0,1,Rank 1,18,288,20,69,-,69,11,21.7,30,25,256QAM,0,SMDL,3.9,0,32.9,0.00,0.00,0.02,0.45,Rank 2,4,316,102,-,2 x 2,HandOver,22461,Free,17,FORMAT_0,304,57,Success,22461,2,-,7,8,2,-,102,-,2,18,-,-,-,-,-,-,-,-,-,-,-,-,-,Registered,Normal Service,9,269,18,D4A6D4C1,625,18,30kHz,800,-,4,1,-,-,New trans.,0,1,256QAM,59,1,22461,620,13,0,0,Pass,0,QPSK,0,16,1,0,15,30kHz,Re trans.,-,1486,
20260725 15:28:10.463,24.830798,102.841099,15.91,1936,3,1,0.00,0.00,,,,,,,1,SA,460,00,中国移动,4456484,6879514665,1679569,41,Normal,-,1,41,100,100,504990,-,489,513000,513000,30kHz,503172,1099,-,ms20,Connected,SA,-0.8,-2,3,-60,100,-77.7,-12,11.4,6,Not Barred,6,6312,-43.6,504990,489,-84.8;-74.8;-78;-83,-,0.9;11.4;255;255,9;13.3;255;255,-45.3;-43.6,0;5;4;6;7;1;5;3;7,829;743;863;489;489;489;489;943;490,-77.8;-75.3;-86;-76.9;-78.3;-88.1;-82.2;-96;-89.5,-11;-11.9;-15.4;-11.1;-12.2;-17.6;-15.3;-20.4;-19.7,255;255;255;255;255;255;255;255;255,1;0;0;0;0;0;0,504990;504990;504990;504990;504990;504990;504990,489;829;743;490;863;943;664,6;0;5;7;4;3;2,-,4;1;1;1;1;1;1,-77.7;-78;-79.5;-82.4;-85.5;-96.9;-99.1,-12;-11.2;-12.4;-16.7;-16.1;-19.4;-21.2,11.4;255;255;255;255;255;255,0.4,2,0,QPSK,-,100,0,0,0,0.00,0.00,0.00,0.00,20,1,Rank 1,18,288,6,69,-,69,11,23.8,31,31,256QAM,0,SMDL,0,0,10.4,0.00,0.00,0.07,0.31,Rank 2,4,192,53,-,2 x 2,HandOver,22461,Free,17,FORMAT_0,304,57,Success,22461,2,-,8,6,2,-,53,-,2,6,-,-,-,-,-,-,-,-,-,-,-,-,-,Registered,Normal Service,9,269,18,D4A6D4C1,745,8,30kHz,608,-,4,1,-,-,New trans.,0,0,64QAM,36,2,22461,691,13,0,0,Pass,1,QPSK,0,16,1,0,15,30kHz,Re trans.,-,1486,
20260725 15:28:11.471,24.830836,102.841094,14.83,1936,3,1,0.00,0.00,,,,,,,1,SA,460,00,中国移动,4456484,6879514665,1679569,41,Normal,-,1,41,100,100,504990,-,489,513000,513000,30kHz,503172,1099,-,ms20,Connected,SA,-0.8,-3,3,-60,98,-76.3,-11.4,8.2,6,Not Barred,6,6312,-39.4,504990,489,-83.8;-82.1;-82.7;-83.3,-,8.3;2.4;255;255,13.6;15.6;255;255,-39.4;-46,0;5;4;6;7;5;1;3;7;2,829;743;863;489;489;489;489;943;490;664,-77.1;-78.4;-83.4;-75.7;-76.4;-82.9;-86.5;-106.3;-81.8;-95.1,-11.1;-11.7;-12.8;-10.8;-12;-15.5;-16.6;-24.2;-16.5;-19.9,255;255;255;255;255;255;255;255;255;255,1;0;0;0;0;0;0,504990;504990;504990;504990;504990;504990;504990,489;829;743;490;863;664;943,6;0;5;7;4;2;3,-,4;1;1;1;1;1;1,-76.3;-77;-79;-81.8;-84.8;-95.1;-105.3,-11.4;-11;-12.1;-16.5;-13.9;-19.9;-24.1,8.2;255;255;255;255;255;255,6.6,28,2,QPSK,-,100,0,0,0,0.00,0.00,0.00,0.00,0,2,Rank 1,19,96,6,66,-,66,11,18.9,22,20,64QAM,0,SMDL,0,0,55.6,0.00,0.00,0.00,0.20,Rank 2,4,144,53,-,2 x 2,HandOver,22461,Free,17,FORMAT_0,304,57,Success,22461,2,-,7,8,2,-,53,-,2,6,-,-,-,-,-,-,-,-,-,-,-,-,-,Registered,Normal Service,9,269,18,D4A6D4C1,776,8,30kHz,800,-,4,1,-,-,New trans.,0,0,256QAM,91,1,22461,771,4,0,0,Pass,1,QPSK,1,16,2,0,15,30kHz,Re trans.,-,453,
20260725 15:28:12.484,24.830868,102.841087,11.59,1935,3,1,0.00,0.00,,,,,,,1,SA,460,00,中国移动,4456484,6879514665,1679569,41,Normal,-,1,41,100,100,504990,-,489,513000,513000,30kHz,503172,1099,-,ms20,Connected,SA,-0.8,-3,3,-60,99,-76.4,-12.2,10.2,6,Not Barred,6,6312,-32.6,504990,489,-71.7;-77.1;-72.1;-88.4,-,11;12.4;255;255,11.4;14.2;255;255,-32.6;-39.8,0;5;4;6;7;5;1;2;7;2,829;743;863;489;489;489;489;943;490;664,-74.9;-80.7;-84.5;-76.6;-75.7;-82.5;-85.2;-113.7;-76.5;-95,-11;-13.8;-13.6;-11.6;-12.7;-14.1;-16.9;-27.9;-12.9;-21,255;255;255;255;255;255;255;255;255;255,1;0;0;0;0;0;0,504990;504990;504990;504990;504990;504990;504990,489;490;829;743;863;664;943,6;7;0;5;4;2;2,-,4;1;1;1;1;1;1,-76.4;-76.5;-76.6;-81.4;-86;-95;-113.7,-12.2;-12.9;-11.4;-14;-14;-21;-27.9,10.2;255;255;255;255;255;255,6.6,28,2,QPSK,-,100,0,0,0,0.00,0.00,0.00,0.00,0,2,Rank 1,19,96,3,69,-,69,11,20.5,22,21,256QAM,0,SMDL,0,0,13,0.00,0.00,0.00,0.14,Rank 2,4,92,29,-,2 x 2,HandOver,22461,Free,17,FORMAT_0,304,57,Success,22461,2,-,8,8,2,-,29,-,2,3,-,-,-,-,-,-,-,-,-,-,-,-,-,Registered,Normal Service,9,269,18,D4A6D4C1,875,8,30kHz,800,-,4,1,-,-,New trans.,0,0,256QAM,88,1,22461,870,2,0,0,Pass,0,QPSK,0,16,1,0,15,30kHz,Re trans.,-,453,
20260725 15:28:13.498,24.830887,102.841084,5.29,1935,3,1,0.00,0.00,,,,,,,1,SA,460,00,中国移动,4456484,6879514665,1679569,41,Normal,-,1,41,100,100,504990,-,489,513000,513000,30kHz,503172,1099,-,ms20,Connected,SA,-0.8,-3,3,-60,99,-77.8,-11.8,9.1,6,Not Barred,6,6312,-38.4,504990,489,-76.7;-82.2;-77.7;-86.6,-,11.9;10.9;255;255,14.2;12.4;255;255,-38.4;-42.4,0;5;4;6;7;5;4;2;7;2,829;743;863;489;489;489;489;664;490;943,-79.3;-87.9;-84.9;-76.8;-77.9;-82.3;-87.2;-96.5;-82.2;-98.5,-11.4;-16.2;-12.3;-11.1;-12.4;-12.9;-14.2;-20.1;-14.2;-19,255;255;255;255;255;255;255;255;255;255,1;0;0;0;0;0;0,504990;504990;504990;504990;504990;504990;504990,489;829;490;863;743;664;943,6;0;7;4;5;2;2,-,4;1;1;1;1;1;1,-77.8;-78.3;-82.2;-87;-88.3;-96.5;-98.5,-11.8;-11.4;-14.2;-13.2;-16.7;-20.1;-19,9.1;255;255;255;255;255;255,0.7,1,1,QPSK,-,100,0,0,0,0.00,0.00,0.00,0.00,0,2,Rank 1,16,48,1,69,-,69,11,20.5,21,20,256QAM,0,SMDL,0,0,0,0.00,0.00,0.00,0.07,Rank 2,4,44,19,-,2 x 2,HandOver,22461,Free,17,FORMAT_0,304,57,Success,22461,2,-,12,7,2,-,19,-,2,1,-,-,-,-,-,-,-,-,-,-,-,-,-,Registered,Normal Service,9,269,18,D4A6D4C1,0,18,30kHz,800,-,4,1,-,-,New trans.,0,0,256QAM,80,1,22461,1019,13,0,0,Pass,0,QPSK,0,16,1,0,15,30kHz,Re trans.,-,201,
20260725 15:28:14.509,24.830896,102.841083,2.88,1935,3,1,0.00,0.00,,,,,,,1,SA,460,00,中国移动,4456484,6879514665,1679569,41,Normal,-,1,41,100,100,504990,-,489,513000,513000,30kHz,503172,1099,-,ms20,Connected,SA,-0.8,-2,3,-60,95,-73.5,-10.9,13.7,6,Not Barred,6,6312,-37,504990,489,-71.5;-73.9;-75.7;-89.1,-,13.6;10.1;255;255,12.9;13.9;255;255,-37;-37.9,0;5;4;6;7;5;1;2;7;2,829;743;863;489;489;489;489;664;490;943,-76;-84.6;-85.6;-72.5;-72.4;-77.1;-81.6;-91.9;-81.3;-94.4,-10.7;-18.5;-15.2;-10.5;-11.1;-11.2;-14.1;-19.2;-17.1;-19.8,255;255;255;255;255;255;255;255;255;255,1;0;0;0;0;0;0,504990;504990;504990;504990;504990;504990;504990,489;829;490;743;863;664;943,6;0;7;5;4;2;2,-,4;1;1;1;1;1;1,-73.5;-76.7;-82.2;-85.9;-87.4;-91.9;-94.4,-10.9;-11.1;-17.5;-18.6;-15.4;-19.2;-19.8,13.7;255;255;255;255;255;255,0.7,1,1,QPSK,-,100,0,0,0,0.00,0.00,0.00,0.00,0,2,Rank 1,16,48,3,69,-,69,11,20.3,23,20,256QAM,0,SMDL,0,0,14.3,0.00,0.00,0.00,0.21,Rank 2,4,140,28,-,2 x 2,HandOver,22461,Free,17,FORMAT_0,304,57,Success,22461,2,-,7,3,2,-,28,-,2,3,-,-,-,-,-,-,-,-,-,-,-,-,-,Registered,Normal Service,9,269,18,D4A6D4C1,111,8,30kHz,768,-,4,1,-,-,New trans.,0,0,256QAM,91,2,22461,1019,13,0,0,Pass,0,QPSK,0,16,1,0,15,30kHz,Re trans.,-,201,
20260725 15:28:15.522,24.830898,102.841083,0.00,1935,3,1,0.00,0.00,,,,,,,1,SA,460,00,中国移动,4456484,6879514665,1679569,41,Normal,-,1,41,100,100,504990,-,489,513000,513000,30kHz,503172,1099,-,ms20,Connected,SA,-0.8,-2,3,-60,97,-75,-11,8.7,6,Not Barred,6,6312,-35.8,504990,489,-82;-80.4;-85.2;-91.7,-,14.8;12.7;255;255,12.2;16.9;255;255,-35.8;-45.1,0;5;4;6;7;5;0;2;7;2,829;743;863;489;489;489;489;664;490;943,-79.5;-86.7;-85.9;-73.7;-75.4;-79.4;-86.9;-95.5;-83.7;-97.8,-11.6;-16.2;-12.7;-10.6;-11.2;-11.4;-17.2;-19.9;-16.6;-20.3,255;255;255;255;255;255;255;255;255;255,1;0;0;0;0;0;0,504990;504990;504990;504990;504990;504990;504990,489;829;490;863;743;664;943,6;0;7;4;5;2;2,-,4;1;1;1;1;1;1,-75;-79.2;-83.7;-86.6;-86.7;-95.5;-97.8,-11;-11.6;-16.6;-12.8;-16.2;-19.9;-20.3,8.7;255;255;255;255;255;255,0.3,1,0,QPSK,-,100,0,0,0,0.00,0.00,0.00,0.00,0,1,Rank 1,16,64,1,69,-,69,11,21.8,23,23,256QAM,0,SMDL,0,0,0,0.00,0.00,0.00,0.03,Rank 2,4,20,5,-,2 x 2,HandOver,22461,Free,17,FORMAT_0,304,57,Success,22461,2,-,6,7,2,-,5,-,2,1,-,-,-,-,-,-,-,-,-,-,-,-,-,Registered,Normal Service,9,269,18,D4A6D4C1,192,18,30kHz,800,-,4,1,-,-,New trans.,0,0,256QAM,92,1,22461,187,13,0,0,Pass,0,QPSK,0,16,1,0,15,30kHz,Re trans.,-,273,
20260725 15:28:16.532,24.830896,102.841084,0.86,1935,3,1,0.00,0.00,,,,,,,1,SA,460,00,中国移动,4456484,6879514665,1679569,41,Normal,-,1,41,100,100,504990,-,489,513000,513000,30kHz,503172,1099,-,ms20,Connected,SA,-0.8,-1,3,-60,97,-74.6,-11.2,12.8,6,Not Barred,6,6312,-36.9,504990,489,-73.6;-78.2;-82.6;-74.6,-,12;2.8;255;255,19.4;14.4;255;255,-36.9;-42,0;5;6;6;5;7;0;2,829;743;490;489;489;489;489;664,-79;-77.8;-85.2;-73.3;-75.5;-78.8;-82.8;-98.7,-12.3;-13.1;-18.2;-10.6;-12;-11.4;-14.5;-19.8,255;255;255;255;255;255;255;255,1;0;0;0;0,504990;504990;504990;504990;504990,489;743;829;490;664,6;5;0;6;2,-,4;1;1;1;1,-74.6;-79.4;-80.1;-85.4;-98.7,-11.2;-12.8;-12.3;-17.8;-19.8,12.8;255;255;255;255,0,0,0,QPSK,-,100,0,0,0,0.00,0.00,0.00,0.00,0,1,Rank 1,16,64,3,69,-,69,11,20.6,22,21,256QAM,0,SMDL,0,0,0,0.00,0.00,0.00,0.13,Rank 2,4,84,41,-,2 x 2,HandOver,22461,Free,17,FORMAT_0,304,57,Success,22461,2,-,6,7,2,-,41,-,2,3,-,-,-,-,-,-,-,-,-,-,-,-,-,Registered,Normal Service,9,269,18,D4A6D4C1,321,8,30kHz,800,-,4,1,-,-,New trans.,0,0,256QAM,68,1,22461,291,13,0,0,Pass,1,QPSK,0,16,1,0,15,30kHz,Re trans.,-,276,
20260725 15:28:17.545,24.830893,102.841083,0.68,1935,3,1,0.00,0.00,,,,,,,1,SA,460,00,中国移动,4456484,6879514665,1679569,41,Normal,-,1,41,100,100,504990,-,489,513000,513000,30kHz,503172,1099,-,ms20,Connected,SA,-0.8,-1,3,-60,90,-68.6,-10.6,23.9,6,Not Barred,6,6312,-30.8,504990,489,-65.6;-70.7;-71.9;-79.9,-,23.9;12.7;255;255,18.7;20.8;255;255,-30.8;-36.6,0;5;7;6;5;7;1;2,829;743;490;489;489;489;489;664,-79.9;-78.8;-78.7;-66.6;-69.6;-71.4;-76.6;-98.1,-11.7;-14.9;-17.4;-10.4;-10.6;-10.8;-11.7;-20.8,255;255;255;255;255;255;255;255,1;0;0;0;0,504990;504990;504990;504990;504990,489;490;743;829;664,6;7;5;0;2,-,4;1;1;1;1,-68.6;-78.7;-78.9;-80.9;-98.1,-10.6;-17.4;-14.7;-12.8;-20.8,23.9;255;255;255;255,0,0,0,QPSK,-,100,0,0,0,0.14,0.00,0.00,0.00,0,1,Rank 1,16,64,22,69,-,69,11,21.1,23,21,256QAM,0,SMDL,0,0,9.3,0.00,0.00,0.00,0.26,Rank 2,4,172,92,-,2 x 2,HandOver,22461,Free,17,FORMAT_0,304,57,Success,22461,2,-,7,2,2,-,92,-,2,22,-,-,-,-,-,-,-,-,-,-,-,-,-,Registered,Normal Service,9,269,18,D4A6D4C1,423,19,30kHz,944,-,4,1,-,-,New trans.,0,1,256QAM,36,1,22461,419,13,0,0,Pass,0,QPSK,0,16,1,0,15,30kHz,Re trans.,-,276,
20260725 15:28:18.553,24.830891,102.841082,0.00,1935,3,1,0.00,0.00,,,,,,,1,SA,460,00,中国移动,4456484,6879514665,1679569,41,Normal,-,1,41,100,100,504990,-,489,513000,513000,30kHz,503172,1099,-,ms20,Connected,SA,-0.8,-1,3,-60,95,-73.1,-11,10.7,6,Not Barred,6,6312,-39,504990,489,-73.9;-74;-69;-76.3,-,11.9;10.8;255;255,20.1;18.4;255;255,-39;-48;-46.1;-40.3,0;5;7;6;5;7;0,829;743;490;489;489;489;489,-78;-79.1;-97;-71.1;-75;-74.5;-78.4,-13.3;-15.1;-23.3;-10.5;-11.8;-10.9;-13.2,255;255;255;255;255;255;255,1;0;0;0,504990;504990;504990;504990,489;829;743;490,6;0;5;7,-,4;1;1;1,-73.1;-78.4;-79.1;-86.9,-11;-13.4;-15;-19.1,10.7;255;255;255,5.7,30,2,QPSK,-,61.5,15.4,23.1,0,0.04,0.14,0.27,0.29,4,1,Rank 1,46,1200,8,9222,-,9222,11,23.5,26,24,256QAM,0,SMDL,0,0,0,0.02,0.02,0.02,0.84,Rank 2,4,480,60,-,2 x 2,HandOver,22461,Free,17,FORMAT_0,304,57,Success,22461,2,-,8,4,2,-,60,-,1,7,-,-,-,-,-,-,-,-,-,-,-,-,-,Registered,Normal Service,9,269,18,D4A6D4C1,532,9,30kHz,992,-,4,1,-,-,New trans.,0,0,256QAM,80,1,22461,532,1,0,0,Pass,0,64QAM,18,176,2,0,15,30kHz,Re trans.,-,35788,
20260725 15:28:19.560,24.830891,102.841080,0.00,1935,3,1,0.00,0.00,,,,,,,1,SA,460,00,中国移动,4456484,6879514665,1679569,41,Normal,-,1,41,100,100,504990,-,489,513000,513000,30kHz,503172,1099,-,ms20,Connected,SA,-0.8,-1,3,-60,94,-73.5,-10.8,13.1,6,Not Barred,6,6312,-36.6,504990,489,-71.7;-73.2;-75;-79.7,-,13.7;9.3;8.4;10.1,17;17;255;255,-36.6;-37.9,0;5;6;6;7;5;1;4,829;743;490;489;489;489;489;863,-75.5;-76.7;-85.5;-71.8;-74.2;-75.4;-81.8;-91.9,-10.6;-12.4;-23;-10.4;-10.6;-11.3;-12.7;-17.1,255;255;255;255;255;255;255;255,1;0;0;0;0,504990;504990;504990;504990;504990,489;829;743;490;863,6;0;5;6;4,-,4;1;1;1;1,-73.5;-76.5;-76.9;-88.3;-93.2,-10.8;-11.2;-12.3;-22.1;-17,13.1;255;255;255;255,4.1,18,2,QPSK,-,76.5,5.9,17.6,0,0.07,0.05,0.15,0.16,0,2,Rank 1,36,628,14,69,-,69,8,23.8,27,23,256QAM,0,SMDL,0,0,0,0.02,0.02,0.01,0.71,Rank 2,4,404,92,-,2 x 2,HandOver,22461,Free,17,FORMAT_0,304,57,Success,22461,2,-,7,4,2,-,92,-,1,14,-,-,-,-,-,-,-,-,-,-,-,-,-,Registered,Normal Service,9,269,18,D4A6D4C1,617,19,30kHz,896,-,4,1,-,-,New trans.,0,0,256QAM,75,1,22461,612,14,0,0,Pass,0,QPSK,0,16,1,0,15,30kHz,Re trans.,-,19885,
20260725 15:28:20.573,24.830891,102.841077,1.58,1935,3,1,0.00,0.00,,,,,,,1,SA,460,00,中国移动,4456484,6879514665,1679569,41,Normal,-,1,41,100,100,504990,-,489,513000,513000,30kHz,503172,1099,-,ms20,Connected,SA,-0.8,-1,3,-60,96,-75.1,-11,17.3,6,Not Barred,6,6312,-34,504990,489,-71.7;-72.3;-73.1;-80.7,-,21.7;14;255;255,20.9;20.9;255;255,-35.3;-34,0;5;7;6;7;5;0;4,829;743;490;489;489;489;489;863,-78;-80.6;-84;-73.3;-76.3;-76.5;-80.2;-90.2,-12.1;-13.8;-19.4;-10.5;-11.2;-11.1;-14.7;-14.4,255;255;255;255;255;255;255;255,1;0;0;0;0,504990;504990;504990;504990;504990,489;829;743;490;863,6;0;5;7;4,-,4;1;1;1;1,-75.1;-79;-82.3;-84;-90.2,-11;-12;-13;-19.4;-14.4,17.3;255;255;255;255,1,2,2,QPSK,-,100,0,0,0,0.00,0.05,0.00,0.00,0,1,Rank 1,16,96,5,69,-,69,11,21.3,23,22,256QAM,0,SMDL,0,0,12,0.00,0.00,0.01,0.16,Rank 2,4,100,45,-,2 x 2,HandOver,22461,Free,17,FORMAT_0,304,57,Success,22461,2,-,7,7,2,-,45,-,1,5,-,-,-,-,-,-,-,-,-,-,-,-,-,Registered,Normal Service,9,269,18,D4A6D4C1,695,9,30kHz,944,-,4,1,-,-,New trans.,0,0,256QAM,75,1,22461,689,13,0,0,Pass,1,QPSK,0,16,1,0,15,30kHz,Re trans.,-,525,
20260725 15:28:21.584,24.830890,102.841075,0.00,1935,3,1,0.00,0.00,,,,,,,1,SA,460,00,中国移动,4456484,6879514665,1679569,41,Normal,-,1,41,100,100,504990,-,489,513000,513000,30kHz,503172,1099,-,ms20,Connected,SA,-0.8,-1,3,-60,95,-72.7,-11.1,14.9,6,Not Barred,6,6312,-32.9,504990,489,-70.7;-68.5;-71.1;-81,-,14.6;13.9;255;255,18.1;19;255;255,-35.4;-32.9,0;5;7;6;7;5;0,829;743;490;489;489;489;489,-75.1;-75.1;-95;-70.9;-73.7;-75.2;-74.8,-13;-13.1;-24.2;-10.5;-10.7;-10.7;-12.6,255;255;255;255;255;255;255,1;0;0;0,504990;504990;504990;504990,489;743;829;490,6;5;0;7,-,4;1;1;1,-72.7;-74.8;-75.9;-85.9,-11.1;-13;-13.3;-21,14.9;255;255;255,1,2,2,QPSK,-,100,0,0,0,0.00,0.00,0.00,0.00,0,1,Rank 1,16,96,5,69,-,69,11,23.5,25,24,256QAM,0,SMDL,0,0,0,0.00,0.00,0.00,0.18,Rank 2,4,104,33,-,2 x 2,HandOver,22461,Free,17,FORMAT_0,304,57,Success,22461,2,-,6,5,2,-,33,-,1,5,-,-,-,-,-,-,-,-,-,-,-,-,-,Registered,Normal Service,9,269,18,D4A6D4C1,804,19,30kHz,848,-,4,1,-,-,New trans.,0,0,256QAM,80,1,22461,789,3,0,0,Pass,1,QPSK,0,16,1,0,15,30kHz,Re trans.,-,525,
20260725 15:28:22.595,24.830886,102.841077,1.98,1935,3,1,0.00,0.00,,,,,,,1,SA,460,00,中国移动,4456484,6879514665,1679569,41,Normal,-,1,41,100,100,504990,-,489,513000,513000,30kHz,503172,1099,-,ms20,Connected,SA,-0.8,-1,3,-60,90,-72.6,-10.6,18.1,6,Not Barred,6,6312,-36,504990,489,-70.7;-75;-68.6;-83.4,-,14.8;9.2;255;255,22.3;18.9;255;255,-36;-39.5,0;5;7;6;5;7;0,829;743;490;489;489;489;489,-76.9;-79.1;-94;-70.7;-73.4;-74.7;-77.1,-13.7;-14.2;-21.9;-10.5;-10.8;-10.4;-11.1,255;255;255;255;255;255;255,1;0;0;0,504990;504990;504990;504990,489;829;743;490,6;0;5;7,-,4;1;1;1,-72.6;-77;-79.1;-87.6,-10.6;-13.7;-14.2;-19.3,18.1;255;255;255,1.8,7,0,QPSK,-,83.3,16.7,0,0,0.00,0.00,0.00,0.00,0,2,Rank 1,16,96,5,106,-,106,11,23.3,31,24,256QAM,0,SMDL,0,0,0,0.00,0.00,0.01,0.33,Rank 2,4,196,33,-,2 x 2,HandOver,22461,Free,17,FORMAT_0,304,57,Success,22461,2,-,5,6,2,-,33,-,1,5,-,-,-,-,-,-,-,-,-,-,-,-,-,Registered,Normal Service,9,269,18,D4A6D4C1,873,19,30kHz,800,-,4,1,-,-,New trans.,0,0,256QAM,80,1,22461,868,4,0,0,Pass,0,QPSK,2,16,2,0,15,30kHz,Re trans.,-,760,