"TIME","LATITUDE","LONGITUDE","SPEED(M/s)","ALT(M)","ACCURACY(M)","IS_OUTDOOR","X_POS","Y_POS","EVENT","EVENT_ID","TASK_TYPE","APP_DOWN(Mbps)","APP_UP(Mbps)","PING_DELAY(ms)","ISDATASLOT","NETWORK_TYPE","MCC","MNC","OPERATOR","NR5G TAC","NR5G NCI","NR5G gNodeB ID","NR5G Cell ID","NR5G CP Type","NR5G Duplex Mode","NR5G Numerology","NR5G Band","NR5G BandWidth DL","NR5G Bandwidth UL","NR5G SSB ARFCN DL","NR5G SSB ARFCN UL","NR5G PCI","NR5G Center ARFCN DL","NR5G Center ARFCN UL","NR5G SubCarrierSpacing","NR5G Absolute Frequency PointA","NR5G Init BWP Downlink Location Width","NR5G Init BWP Uplink Location Width","NR5G SSB Periodicity","NR5G RRC State","NR5G Connectivity Mode","NR5G Frequency Offset","NR5G Timing Offset","NR5G ServingCellIndex","NR5G Q_LEX_MIN","NR5G Pathloss DL","NR5G SS RSRP","NR5G SS RSRQ","NR5G SS SINR","NR5G SSB Beam Index","NR5G CellBarred","NR5G SubCarrierOffset","NR5G Serving GSCN","NR5G Carrier RSSI","NR5G Handover Target Arfcn","NR5G Handover Target PCI","NR5G SS RSRP Ant List","NR5G SS RSRQ Ant List","NR5G SS SINR Ant List","NR5G TRS SINR Ant List","NR5G SS RSSI Ant List","NR5G SSB Beam Index List","NR5G SSB Beam PCI List","NR5G SSB Beam RSRP List","NR5G SSB Beam RSRQ List","NR5G SSB Beam SINR List","NR5G ServingType List","NR5G Cells ARFCN List","NR5G Cells PCI List","NR5G Cells SSB Index List","NR5G Cells Band List","NR5G Cells BeamNum List","NR5G Cells RSRP List","NR5G Cells RSRQ List","NR5G Cells SINR List","NR5G MCS Avg DL","NR5G MCS Max DL","NR5G MCS Most DL","NR5G Modulation DL","NR5G Trans.Mode","NR5G DL QPSK Ratio(%)/s","NR5G DL 16QAM Ratio(%)/s","NR5G DL 64QAM Ratio(%)/s","NR5G DL 256QAM Ratio(%)/s","NR5G PDCP Tput DL(Mbps)","NR5G RLC Tput DL(Mbps)","NR5G MAC Tput Dl(Mbps)","NR5G PHY Tput DL(Mbps)","NR5G BLER DL","NR5G Layers Num DL","NR5G Rank DL","NR5G RB Num DL/slot","NR5G Pdsch Num RB/s","NR5G Grant Num DL/s","NR5G Pdsch TB Size/slot","NR5G TB0 Avg Size DL/s","NR5G TB1 Avg Size DL/s","NR5G CQI","NR5G MCS Avg UL","NR5G MCS Max UL","NR5G MCS Most UL","NR5G Modulation UL","NR5G Bler UL","NR5G Tx Mode UL","NR5G UL QPSK Ratio(%)/s","NR5G UL 16QAM Ratio(%)/s","NR5G UL 64QAM Ratio(%)/s","NR5G PDCP Tput UL(Mbps)","NR5G RLC Tput UL(Mbps)","NR5G MAC Tput UL(Mbps)","NR5G PHY Tput UL(Mbps)","NR5G Rank UL","NR5G RB Num UL/slot","NR5G Pusch Num RB/s","NR5G Grant Num UL/s","NR5G Pusch TB Size/s","NR5G MIMO","NR5G Rach Reason","NR5G C-RNTI","NR5G RACH Contention","NR5G PRACH Config","NR5G RACH Preamble Format","NR5G RACH LogicalRoot Index","NR5G RACH RA-RNTI","NR5G RACH Access Result","NR5G RACH T-RNTI","NR5G TA","NR5G Access Delay","NR5G PUSCH TxPower(dBm)","NR5G PUCCH TxPower(dBm)","NR5G PRACH TxPower(dBm)","NR5G DCI Format 0_0 Num/s","NR5G DCI Format 0_1 Num/s","NR5G DCI Format 0_2 Num/s","NR5G DCI Format 1_0 Num/s","NR5G DCI Format 1_1 Num/s","NR5G DCI Format 1_2 Num/s","NR5G DCI Format 2_0 Num/s","NR5G DCI Format 2_1 Num/s","NR5G DCI Format 2_2 Num/s","NR5G DCI Format 2_3 Num/s","NR5G DCI Format 0_0 AggLevel","NR5G DCI Format 0_1 AggLevel","NR5G DCI Format 1_0 AggLevel","NR5G DCI Format 1_1 AggLevel","NR5G DCI Format 2_0 AggLevel","NR5G DCI Format 2_1 AggLevel","NR5G DCI Format 2_2 AggLevel","NR5G DCI Format 2_3 AggLevel","NR5G MM State","NR5G MM Sub State","NR5G AMF Region ID","NR5G AMF SET ID","NR5G AMF Pointer","NR5G TMSI","NR5G Pusch Frame","NR5G Pusch Slot","NR5G Pusch SCS","NR5G Pusch TB Size/slot","NR5G Pusch TBIndex","NR5G Pusch Num RB/slot","NR5G Pusch BWP Id","NR5G Pusch TxPower","NR5G Pusch Actual TxPower","NR5G Pusch TxType","NR5G Pusch Carrier ID","NR5G Pusch HARQ ID","NR5G Pusch Modulation","NR5G Pusch Start RB","NR5G Pusch TPC","NR5G Pusch RNTI","NR5G Pdsch Frame","NR5G Pdsch Slot","NR5G Pdsch TB Index","NR5G Pdsch RNTI Type","NR5G Pdsch CRC Status","NR5G Pdsch NDI","NR5G Pdsch Modulation","NR5G Pdsch MCS","NR5G Pdsch Num RB/slot","NR5G Pdsch Num Layers","NR5G Pdsch Carrier ID","NR5G Pdsch HARQ ID","NR5G Pdsch SCS","NR5G Pdsch TxType","NR5G Pdsch BWP ID","NR5G Pdsch TB Size/s"
0,0,0,0,0,0,0,0,0,0,0,0,0,0,0,0,0,0,0,0,FA4919EA,EC624327,E97D2DB1,9581D094,84B5E45B,73EA1822,B7198906,421ADD10,63B29582,52E6A949,A6E20666,A64DBCCD,747E61BB,B9FEBE7C,6603415F,314EF0D7,96163A2D,F5A6C7A9,49A224C7,8013B21A,45945C1F,34C86FE6,9866E60A,CACA8AB5,854A4DF4,DB9676EE,4ED8C0A1,3E0CF468,70709913,5FA4ACDA,FEEB4C2B,EE1F7FF2,FB73865,BBBBDB47,DD5393B9,280A6C55,5A6E1100,E3B2283E,8FB6CB21,7EEAFEE8,B14E8393,F88BFD1F,264CB3B,F198FF01,813C654C,B3A009F7,A2D43DBE,88C3CD03,77F7E0CA,AA5B8575,A932D243,998FB93C,5F104341,4E447708,80A81BB3,6FDC2F7A,EA11974A,23FC83AD,1330B774,D945AB11,5B027A99,8D661F44,7C9A330B,289ED5EE,17D2E9B5,B7ADF29F,C879DED8,1C753BF6,1BE0D25D,6BCE46D2,3D788ACF,2CACBE96,D8B14178,C30BB7F8,FD2E2F60,9D6616DE,455CD119,3490E4E0,C7E5753F,5E7BF9A8,BF355A56,AE696E1D,41867377,C34322FE,6F47C5E1,D0959028,BFC9A3EF,52525FB0,9E31EB7D,AEFDD7B6,2F934D4,B14E624,A1AB6A8C,D40F0F37,CBBBD2E1,DFA1B9A,DC87BF1A,173E801C,4A368E60,396AA227,E56F4509,D4A378D0,7071D7C,F63B3142,A23FD425,9173E7EC,C3D78C97,B30BA05E,788C4A63,8958369C,2490ED46,4628A5B8,D001268F,7C05C972,6B39FD39,9D9D81E4,8CD1B5AB,1F5A516C,E8E6533,40F209DE,30263DA5,DC2AC087,5DE4A4A,F5127E10,277602BC,16AA3683,C2AED965,B1E2ED2C,E44691D7,D37AA59E,A54A5D28,947E70EF,C6E2159A,B6162961,621ACC44,514EE00B,954A458E,847E7955,B6E21E00,A61631C7,521AD4AA,414EE871,73B28D1C,62E6A0E3,EEB43C6,FE1F778C,30831C38,1FB72FFF,BAEFE6A8,ED538B53,A208491F,913C7CE6,7BCE5E6C,6B027233,8C9A2AA5,389ECD88,27D2E14F,5A3685FA,496AB9C1,F56F5CA3,E4A3706A,17071516,63B28DD,B23FCBBF,A173FF86,D3D78431,888C41FD,5628BD52,
20260725 14:46:20.762,24.827543,102.852729,0.00,1958,3,1,0.00,0.00,,,,,,,1,SA,460,00,中国移动,4456484,6443491339,1573118,11,Normal,-,1,41,-,-,504990,-,558,-,-,30kHz,-,-,-,ms20,-,SA,-0.5,4,1,-,97,-79,-10.6,17.5,1,-,-,6312,-43,-,-,-85.2;-79.5;-104.4;-85.5,-,12.7;17.7;255;255,12.6;10.3;255;255,-48.8;-43,2;1;2;3;0;2;1;7;7;6;0;6,560;558;558;558;558;497;239;237;496;793;997;532,-93.3;-79;-92.4;-97.2;-100.1;-97.7;-90.2;-89.5;-96.2;-100.9;-101;-100.8,-14.5;-10.6;-14.3;-14.3;-15.9;-17.9;-20.9;-12.1;-19.1;-16.2;-15;-16.1,255;255;255;255;255;255;255;255;255;255;255;255,1;0;0;0;0;0;0;0;0,504990;504990;504990;504990;504990;504990;504990;504990;504990,558;237;239;560;497;496;532;793;997,1;7;1;2;2;7;6;6;0,-,4;1;1;1;1;1;1;1;1,-79;-89.5;-92.2;-93.3;-97.6;-97.9;-100.8;-101;-101,-10.6;-12.1;-14.7;-14.5;-17.8;-19.1;-16.1;-16.2;-15,17.5;255;255;255;255;255;255;255;255,5.2,29,0,QPSK,-,58.8,35.3,5.9,0,0.07,0.01,0.02,0.02,0,2,Rank 1,45,768,15,42,-,42,9,20.1,31,18,64QAM,0,SMDL,0,0,56.5,0.02,0.02,0.02,0.35,Rank 2,4,252,57,-,2 x 2,-,29225,-,-,-,-,-,-,-,-,-,9,17,-,-,57,-,1,15,-,-,-,-,-,-,-,-,-,-,-,-,-,-,-,-,-,-,-,694,9,30kHz,480,-,4,1,-,-,New trans.,0,0,64QAM,251,1,29225,689,15,0,0,Pass,0,QPSK,0,16,2,0,15,30kHz,Re trans.,-,18608,
20260725 14:46:21.772,24.827543,102.852728,0.00,1958,3,1,0.00,0.00,,,,,,,1,SA,460,00,中国移动,4456484,6443491339,1573118,11,Normal,-,1,41,-,-,504990,-,558,-,-,30kHz,-,-,-,ms20,-,SA,-0.5,5,1,-,103,-85.5,-11.1,11.2,1,-,-,6312,-45.6,-,-,-88;-86.6;-96.6;-91.2,-,6.7;4.8;255;255,12.3;11.7;255;255,-49.8;-45.6,2;1;2;0;3;2;1;7;7;6;0;6;3,560;558;558;558;558;497;239;237;496;793;997;532;125,-90.2;-85.1;-94;-100.6;-103.1;-106;-97.4;-96.7;-99.8;-106.4;-100.2;-106.3;-105.1,-11.9;-10.7;-16.2;-18.3;-17.1;-22.3;-20.6;-13.7;-17.8;-17.6;-17;-19.1;-18.7,255;255;255;255;255;255;255;255;255;255;255;255;255,1;0;0;0;0;0;0;0;0;0,504990;504990;504990;504990;504990;504990;504990;504990;504990;504990,558;560;239;237;997;497;496;125;532;793,1;2;1;7;0;2;7;3;6;6,-,4;1;1;1;1;1;1;1;1;1,-85.5;-90.3;-96.1;-97.9;-100.2;-101;-101.2;-105.1;-106.3;-107.2,-11.1;-11.9;-16.4;-14.8;-17;-18.7;-17.5;-18.7;-19.1;-18.1,11.2;255;255;255;255;255;255;255;255;255,1.6,9,0,QPSK,-,81.3,18.8,0,0,0.06,0.07,0.13,0.13,9.1,2,Rank 1,25,400,15,42,-,42,7,17.7,30,16,64QAM,0,SMDL,0,0,100,0.00,0.01,0.02,0.19,Rank 2,4,164,59,-,2 x 2,-,29225,-,-,-,-,-,-,-,-,-,13,17,-,-,59,-,1,15,-,-,-,-,-,-,-,-,-,-,-,-,-,-,-,-,-,-,-,801,18,30kHz,560,-,4,1,-,-,-,0,0,64QAM,219,1,29225,798,15,0,0,Pass,0,QPSK,0,16,2,0,15,30kHz,Re trans.,-,9134,
20260725 14:46:22.779,24.827543,102.852728,0.58,1957,3,1,0.00,0.00,,,,,,,1,SA,460,00,中国移动,4456484,6443491339,1573118,11,Normal,-,1,41,-,-,504990,-,558,-,-,30kHz,-,-,-,ms20,-,SA,-0.5,5,1,-,108,-89.8,-11.8,5.9,1,-,-,6312,-52.4,-,-,-94.3;-92.5;-93.3;-87.4,-,13.2;9.4;255;255,11.5;11.2;255;255,-52.9;-52.4,2;1;2;3;5;2;2;7;7;6;0;6;3,560;558;558;558;558;497;239;237;496;793;997;532;125,-96.5;-88.9;-93.8;-104.8;-107.5;-99.8;-97.7;-97.4;-100;-106.1;-97.8;-109.3;-119.9,-14.6;-11.3;-13.6;-17.4;-17.3;-17.8;-17.1;-13.7;-16.6;-17.5;-15;-19.5;-25.9,255;255;255;255;255;255;255;255;255;255;255;255;255,1;0;0;0;0;0;0;0;0;0,504990;504990;504990;504990;504990;504990;504990;504990;504990;504990,558;560;239;237;997;497;496;793;532;125,1;2;2;7;0;2;7;6;6;3,-,4;1;1;1;1;1;1;1;1;1,-89.8;-96.5;-97.2;-97.7;-97.8;-99.9;-100.2;-106.4;-109.3;-119.9,-11.8;-14.6;-14.7;-13.7;-15;-17.7;-16.4;-17.7;-19.5;-25.9,5.9;255;255;255;255;255;255;255;255;255,1,5,0,QPSK,-,92.3,7.7,0,0,0.01,0.06,0.07,0.08,0,1,Rank 1,20,272,16,69,-,69,6,15.9,30,15,64QAM,0,SMDL,0,0,100,0.01,0.01,0.04,0.30,Rank 2,4,304,89,-,2 x 2,-,29225,-,-,-,-,-,-,-,-,-,15,23,-,-,89,-,1,16,-,-,-,-,-,-,-,-,-,-,-,-,-,-,-,-,-,-,-,903,9,30kHz,656,-,4,1,-,-,New trans.,0,0,64QAM,228,1,29225,903,14,0,0,Pass,0,QPSK,0,16,1,0,15,30kHz,Re trans.,-,2117,
20260725 14:46:23.787,24.827545,102.852725,2.38,1957,3,1,0.00,0.00,,,,,,,1,SA,460,00,中国移动,4456484,6443491339,1573118,11,Normal,-,1,41,-,-,504990,-,558,-,-,30kHz,-,-,-,ms20,-,SA,-0.5,5,1,-,104,-85.9,-10.8,7.2,1,-,-,6312,-52.1,-,-,-100;-86.6;-108.3;-84.7,-,3.1;6.6;255;255,11.1;10.1;255;255,-60.5;-52.1,2;1;2;3;5;2;0;7;7;6;0;6,560;558;558;558;558;497;239;237;496;793;997;532,-100.1;-85.9;-97.3;-103.1;-106.6;-97.3;-93.3;-94.1;-98.2;-108;-93.8;-117.2,-15.8;-10.8;-15.3;-19.8;-16.5;-14.6;-13.8;-12;-15.5;-19.2;-14.3;-24.9,255;255;255;255;255;255;255;255;255;255;255;255,1;0;0;0;0;0;0;0;0,504990;504990;504990;504990;504990;504990;504990;504990;504990,558;997;239;237;497;496;560;793;532,1;0;0;7;2;7;2;6;6,-,4;1;1;1;1;1;1;1;1,-85.9;-93.8;-94;-94.2;-97.3;-99.3;-100;-107.9;-117.2,-10.8;-14.3;-13.8;-12;-14.6;-17.1;-15.6;-19.1;-24.9,7.2;255;255;255;255;255;255;255;255,1,5,0,QPSK,-,92.3,7.7,0,0,0.00,0.01,0.01,0.01,0,1,Rank 1,20,272,16,69,-,69,9,17.7,30,14,64QAM,0,SMDL,0,0,100,0.01,0.01,0.05,0.27,Rank 2,4,252,89,-,2 x 2,-,29225,-,-,-,-,-,-,-,-,-,13,16,-,-,89,-,1,16,-,-,-,-,-,-,-,-,-,-,-,-,-,-,-,-,-,-,-,950,9,30kHz,437,-,4,1,-,-,New trans.,0,0,64QAM,227,1,29225,944,13,0,0,Pass,1,QPSK,0,16,1,0,15,30kHz,Re trans.,-,2117,
20260725 14:46:24.796,24.827547,102.852721,0.94,1957,3,1,0.00,0.00,,,,,,,1,SA,460,00,中国移动,4456484,6443491339,1573118,11,Normal,-,1,41,-,-,504990,-,558,-,-,30kHz,-,-,-,ms20,-,SA,-0.5,4,1,-,106,-85,-10.8,7.6,1,-,-,6312,-48.9,-,-,-92;-85.2;-98.5;-95.7,-,6.6;7.3;255;255,16;13.5;255;255,-54.8;-48.9,2;1;3;2;6;2;1;7;7;6;0;6,560;558;558;558;558;497;239;237;496;793;997;532,-89.9;-85;-104.3;-108;-109.1;-97.9;-93;-97.6;-97.3;-106.2;-99;-106,-12.1;-10.8;-18.6;-22.9;-20.1;-18.8;-18.8;-15.9;-16;-17.7;-16.4;-18.8,255;255;255;255;255;255;255;255;255;255;255;255,1;0;0;0;0;0;0;0;0,504990;504990;504990;504990;504990;504990;504990;504990;504990,558;560;239;497;237;496;997;532;793,1;2;1;2;7;7;0;6;6,-,4;1;1;1;1;1;1;1;1,-85;-90.1;-94.4;-97.7;-97.9;-98.5;-99;-106;-106.2,-10.8;-12.2;-14.3;-18.5;-15.7;-16.5;-16.4;-18.8;-17.7,7.6;255;255;255;255;255;255;255;255,0.7,2,0,QPSK,-,100,0,0,0,0.00,0.00,0.00,0.00,25,2,Rank 1,16,48,4,69,-,69,10,14.3,30,12,64QAM,0,SMDL,0,0,100,0.00,0.00,0.05,0.03,Rank 2,4,40,21,-,2 x 2,-,29225,-,-,-,-,-,-,-,-,-,15,16,-,-,21,-,1,4,-,-,-,-,-,-,-,-,-,-,-,-,-,-,-,-,-,-,-,45,9,30kHz,608,-,4,1,-,-,New trans.,0,0,64QAM,227,1,29225,40,13,0,0,Pass,0,QPSK,0,16,1,0,15,30kHz,Re trans.,-,244,
20260725 14:46:25.807,24.827548,102.852720,1.08,1957,3,1,0.00,0.00,,,,,,,1,SA,460,00,中国移动,4456484,6443491339,1573118,11,Normal,-,1,41,-,-,504990,-,558,-,-,30kHz,-,-,-,ms20,-,SA,-0.5,5,1,-,106,-91.2,-11.6,7.4,1,-,-,6312,-53.8,-,-,-90.8;-97.4;-97.6;-96.5,-,7.9;-0.5;255;255,14.6;13.3;255;255,-53.8;-56.5,2;1;2;4;3;3;0;6;0;6;0;6;6,560;558;558;558;558;497;239;237;496;793;997;532;238,-93.1;-91.2;-101.3;-109.1;-107.1;-108.2;-95.8;-102.5;-100.4;-102.5;-101.6;-108.2;-106.2,-12.1;-11.6;-18.5;-17.6;-18.7;-19.5;-13.4;-15.5;-16.6;-15.5;-18.1;-20.8;-16,255;255;255;255;255;255;255;255;255;255;255;255;255,1;0;0;0;0;0;0;0;0;0,504990;504990;504990;504990;504990;504990;504990;504990;504990;504990,558;560;239;496;997;793;237;238;497;532,1;2;0;0;0;6;6;6;3;6,-,4;1;1;1;1;1;1;1;1;1,-91.2;-93.1;-96.5;-100.9;-101.6;-102.5;-103.3;-106.2;-108.2;-108.2,-11.6;-12.1;-12.9;-16.3;-18.1;-15.5;-16.7;-16;-19.5;-20.8,7.4;255;255;255;255;255;255;255;255;255,6,28,0,QPSK,-,100,0,0,0,0.00,0.00,0.00,0.00,25,2,Rank 1,19,96,5,69,-,69,9,13.3,17,13,64QAM,0,SMDL,0,14.3,85.7,0.00,0.00,0.00,0.08,Rank 2,4,84,21,-,2 x 2,-,29225,-,-,-,-,-,-,-,-,-,12,19,-,-,21,-,1,5,-,-,-,-,-,-,-,-,-,-,-,-,-,-,-,-,-,-,-,157,18,30kHz,656,-,4,1,-,-,New trans.,0,0,64QAM,84,1,29225,152,13,0,0,Pass,1,QPSK,0,16,1,0,15,30kHz,Re trans.,-,491,
20260725 14:46:26.819,24.827547,102.852722,0.00,1958,3,1,0.00,0.00,,,,,,,1,SA,460,00,中国移动,4456484,6443491339,1573118,11,Normal,-,1,41,-,-,504990,-,558,-,-,30kHz,-,-,-,ms20,-,SA,-0.5,4,1,-,106,-90,-11.8,6.8,1,-,-,6312,-49.8,-,-,-92.6;-85.2;-96.2;-92.1,-,4.7;6.9;255;255,16.7;12;255;255,-56.6;-49.8,2;1;2;0;3;2;0;7;7;6;0;6,560;558;558;558;558;497;239;237;496;793;997;238,-93.2;-89.8;-100.8;-100.4;-104.6;-100.3;-95.3;-98.3;-99.3;-104.3;-98.3;-104.6,-12.3;-11.7;-20;-18.7;-20;-19.8;-14;-16.1;-16.6;-17.3;-14;-16.3,255;255;255;255;255;255;255;255;255;255;255;255,1;0;0;0;0;0;0;0;0,504990;504990;504990;504990;504990;504990;504990;504990;504990,558;560;239;237;997;496;497;793;238,1;2;0;7;0;7;2;6;6,-,4;1;1;1;1;1;1;1;1,-90;-94.1;-95.5;-98.1;-98.3;-100.4;-100.9;-104.3;-105.6,-11.8;-13.1;-13.9;-15.5;-14;-17;-19.7;-17.3;-17,6.8;255;255;255;255;255;255;255;255,3.6,28,0,QPSK,-,100,0,0,0,0.00,0.00,0.00,0.00,0,1,Rank 1,18,144,7,69,-,69,6,17.3,30,17,64QAM,0,SMDL,0,0,100,0.00,0.00,0.02,0.13,Rank 2,4,120,46,-,2 x 2,-,29225,-,-,-,-,-,-,-,-,-,11,15,-,-,46,-,1,7,-,-,-,-,-,-,-,-,-,-,-,-,-,-,-,-,-,-,-,280,9,30kHz,480,-,4,1,-,-,New trans.,0,0,64QAM,83,1,29225,273,13,0,0,Pass,1,QPSK,0,16,1,0,15,30kHz,Re trans.,-,559,
20260725 14:46:27.832,24.827546,102.852723,0.00,1958,3,1,0.00,0.00,,,,,,,1,SA,460,00,中国移动,4456484,6443491339,1573118,11,Normal,-,1,41,-,-,504990,-,558,-,-,30kHz,-,-,-,ms20,-,SA,-0.5,5,1,-,104,-85,-10.9,8.1,1,-,-,6312,-50.3,-,-,-96;-84.3;-96.4;-89.2,-,7;6.2;255;255,15.7;11.8;255;255,-58;-50.3,2;1;0;2;5;2;0;7;0;6;0;5,560;558;558;558;558;497;239;237;496;793;997;238,-92.1;-85;-98.8;-100.4;-116.4;-105.2;-95;-95.3;-96.1;-99.8;-95.7;-108.4,-12.9;-10.9;-18;-20.5;-23.4;-20.5;-14.8;-13;-15.9;-15;-12.9;-18.5,255;255;255;255;255;255;255;255;255;255;255;255,1;0;0;0;0;0;0;0;0,504990;504990;504990;504990;504990;504990;504990;504990;504990,558;560;239;237;997;496;793;497;238,1;2;0;7;0;0;6;2;5,-,4;1;1;1;1;1;1;1;1,-85;-93.5;-95.2;-95.3;-95.7;-96.8;-99.8;-105.2;-107.7,-10.9;-13.7;-14.9;-13;-12.9;-15.7;-15;-20.5;-18.5,8.1;255;255;255;255;255;255;255;255,0.5,3,0,QPSK,-,100,0,0,0,0.01,0.00,0.00,0.00,0,2,Rank 1,18,112,4,69,-,69,9,17.6,30,19,64QAM,0,SMDL,0,0,97.4,0.00,0.00,0.01,0.20,Rank 2,4,156,28,-,2 x 2,-,29225,-,-,-,-,-,-,-,-,-,12,13,-,-,28,-,1,4,-,-,-,-,-,-,-,-,-,-,-,-,-,-,-,-,-,-,-,357,9,30kHz,656,-,4,1,-,-,New trans.,0,1,64QAM,84,1,29225,352,4,0,0,Pass,1,QPSK,0,16,1,0,15,30kHz,Re trans.,-,654,
20260725 14:46:28.844,24.827546,102.852724,0.00,1958,3,1,0.00,0.00,,,,,,,1,SA,460,00,中国移动,4456484,6443491339,1573118,11,Normal,-,1,41,-,-,504990,-,558,-,-,30kHz,-,-,-,ms20,-,SA,-0.5,4,1,-,105,-86.2,-10.9,8.6,1,-,-,6312,-51.4,-,-,-89.5;-86.5;-97.4;-88.5,-,10.6;9.6;255;255,12.7;13.3;255;255,-54.4;-51.4,2;1;2;0;6;2;7;7;0;6;0;5,560;558;558;558;558;497;239;237;496;793;997;238,-95;-86.2;-100.9;-100.1;-103.7;-99.5;-94.3;-94;-99;-101.1;-99.2;-110.4,-13.2;-10.9;-18.2;-18;-18.1;-17.6;-13.6;-12.3;-15.6;-16.2;-15.8;-18.9,255;255;255;255;255;255;255;255;255;255;255;255,1;0;0;0;0;0;0;0;0,504990;504990;504990;504990;504990;504990;504990;504990;504990,558;237;239;560;496;997;497;793;238,1;7;7;2;0;0;2;6;5,-,4;1;1;1;1;1;1;1;1,-86.2;-94;-95.5;-96.1;-98.9;-99.2;-99.5;-101.1;-110.3,-10.9;-12.3;-13.8;-14.1;-16.4;-15.8;-17.6;-16.2;-18.9,8.6;255;255;255;255;255;255;255;255,0.8,5,0,QPSK,-,90,10,0,0,0.00,0.01,0.01,0.01,0,1,Rank 1,18,180,11,42,-,42,10,15.2,30,14,64QAM,0,SMDL,0,0,100,0.00,0.00,0.01,0.18,Rank 2,4,168,44,-,2 x 2,-,29225,-,-,-,-,-,-,-,-,-,14,17,-,-,44,-,1,11,-,-,-,-,-,-,-,-,-,-,-,-,-,-,-,-,-,-,-,479,19,30kHz,512,-,4,1,-,-,New trans.,0,0,64QAM,80,1,29225,468,13,0,0,Pass,1,QPSK,0,16,2,0,15,30kHz,Re trans.,-,1085,
20260725 14:46:29.856,24.827546,102.852725,0.00,1958,3,1,0.00,0.00,,,,,,,1,SA,460,00,中国移动,4456484,6443491339,1573118,11,Normal,-,1,41,-,-,504990,-,558,-,-,30kHz,-,-,-,ms20,-,SA,-0.5,5,1,-,105,-85.9,-10.7,9.2,1,-,-,6312,-51.4,-,-,-91.6;-88.6;-104.6;-93.3,-,7.5;10.5;255;255,14.9;13;255;255,-52.9;-51.4,2;1;2;0;5;2;3;7;7;6;5,560;558;558;558;558;497;239;237;496;793;238,-89.6;-85.9;-100.5;-104.9;-107.5;-94.9;-97.1;-93.6;-105.5;-105.7;-110.2,-11.1;-10.7;-21.8;-18.1;-17;-16.6;-13.8;-12;-21.8;-17.8;-21.4,255;255;255;255;255;255;255;255;255;255;255,1;0;0;0;0;0;0;0,504990;504990;504990;504990;504990;504990;504990;504990,558;560;237;497;239;496;793;238,1;2;7;2;3;7;6;5,-,4;1;1;1;1;1;1;1,-85.9;-89.6;-93.9;-94.9;-96.3;-104.2;-105.7;-110.2,-10.7;-11.1;-12;-16.6;-16.1;-18.8;-17.8;-21.4,9.2;255;255;255;255;255;255;255,0.2,1,0,QPSK,-,100,0,0,0,0.00,0.00,0.00,0.00,0,2,Rank 1,16,80,5,69,-,69,10,14.8,16,15,64QAM,0,SMDL,0,0,100,0.00,0.00,0.00,0.12,Rank 2,4,116,29,-,2 x 2,-,29225,-,-,-,-,-,-,-,-,-,15,20,-,-,29,-,1,4,-,-,-,-,-,-,-,-,-,-,-,-,-,-,-,-,-,-,-,582,9,30kHz,608,-,4,1,-,-,New trans.,0,0,64QAM,76,1,29225,580,13,0,0,Pass,1,QPSK,0,16,1,0,15,30kHz,Re trans.,-,315,
20260725 14:46:30.870,24.827546,102.852725,0.00,1958,3,1,0.00,0.00,,,,,,,1,SA,460,00,中国移动,4456484,6443491339,1573118,11,Normal,-,1,41,-,-,504990,-,558,-,-,30kHz,-,-,-,ms20,-,SA,-0.5,5,1,-,107,-89.2,-11.6,5.1,1,-,-,6312,-53,-,-,-91.3;-90.1;-103.7;-89.2,-,3.9;7.6;8.4;3.2,14.2;11.3;255;255,-53;-54.6,2;1;0;5;2;7;7;7;6;0,560;558;558;558;497;239;237;496;793;997,-90.8;-89.1;-99.8;-109.9;-96.7;-97.5;-93.3;-99.7;-105.7;-96.4,-12;-11.5;-18;-19;-17.7;-13.1;-12.2;-17;-17.4;-14.4,255;255;255;255;255;255;255;255;255;255,1;0;0;0;0;0;0;0,504990;504990;504990;504990;504990;504990;504990;504990,558;560;237;239;997;497;496;793,1;2;7;7;0;2;7;6,-,3;1;1;1;1;1;1;1,-89.2;-90.8;-93.4;-96;-96.4;-96.5;-100.3;-106.2,-11.6;-12;-12.2;-13.7;-14.4;-17.5;-16.7;-17.7,5.1;255;255;255;255;255;255;255,0.1,1,0,QPSK,-,100,0,0,0,0.00,0.00,0.00,0.00,0,1,Rank 1,16,112,6,69,-,69,9,18.7,30,17,64QAM,0,SMDL,0,0,100,0.00,0.00,0.05,0.18,Rank 2,4,148,46,-,2 x 2,-,29225,-,-,-,-,-,-,-,-,-,12,19,-,-,46,-,1,6,-,-,-,-,-,-,-,-,-,-,-,-,-,-,-,-,-,-,-,688,8,30kHz,480,-,4,1,-,-,New trans.,0,0,64QAM,75,1,29225,688,13,0,0,Pass,0,QPSK,0,16,1,0,15,30kHz,Re trans.,-,480,
20260725 14:46:31.881,24.827546,102.852726,0.00,1958,3,1,0.00,0.00,,,,,,,1,SA,460,00,中国移动,4456484,6443491339,1573118,11,Normal,-,1,41,-,-,504990,-,558,-,-,30kHz,-,-,-,ms20,-,SA,-0.5,5,1,-,101,-82.9,-10.6,13.7,1,-,-,6312,-46.1,-,-,-81.7;-90.2;-91.7;-89.4,-,14.4;7.4;255;255,16.4;13;255;255,-46.1;-53.4,2;1;0;5;2;1;7;0;6;0;5;6,560;558;558;558;497;239;237;496;793;997;238;532,-87.1;-82.9;-98.7;-105.5;-96.3;-95.9;-96.7;-102.7;-104.9;-100.8;-108.7;-104.1,-11.2;-10.6;-14.6;-17.4;-19.1;-20;-12.4;-18.7;-16.3;-16.4;-20.7;-17.3,255;255;255;255;255;255;255;255;255;255;255;255,1;0;0;0;0;0;0;0;0;0,504990;504990;504990;504990;504990;504990;504990;504990;504990;504990,558;560;239;497;237;997;496;532;793;238,1;2;1;2;7;0;0;6;6;5,-,3;1;1;1;1;1;1;1;1;1,-82.9;-87.2;-95.7;-96.1;-98.3;-100.8;-102.8;-104.1;-106.3;-108.7,-10.6;-11.2;-16.9;-19;-13.9;-16.4;-18.5;-17.3;-17.4;-20.7,13.7;255;255;255;255;255;255;255;255;255,0.1,1,0,QPSK,-,100,0,0,0,0.00,0.00,0.00,0.00,9.1,1,Rank 1,16,112,8,69,-,69,10,18.3,30,14,64QAM,0,SMDL,0,0,100,0.00,0.00,0.01,0.13,Rank 2,4,124,29,-,2 x 2,-,29225,-,-,-,-,-,-,-,-,-,11,13,-,-,29,-,1,7,-,-,-,-,-,-,-,-,-,-,-,-,-,-,-,-,-,-,-,788,19,30kHz,656,-,4,1,-,-,New trans.,0,0,64QAM,71,1,29225,784,3,0,0,Pass,0,QPSK,0,16,1,0,15,30kHz,Re trans.,-,480,
20260725 14:46:32.895,24.827546,102.852726,0.00,1958,3,1,0.00,0.00,,,,,,,1,SA,460,00,中国移动,4456484,6443491339,1573118,11,Normal,-,1,41,-,-,504990,-,558,-,-,30kHz,-,-,-,ms20,-,SA,-0.5,5,1,-,102,-84.9,-10.5,8.3,1,-,-,6312,-51.1,-,-,-85.3;-90.6;-90.3;-91.9,-,9.3;6.7;255;255,16.7;14.6;255;255,-51.1;-51.6,2;1;0;5;4;2;1;7;7;6;0;6;6,560;558;558;558;558;497;239;237;496;793;997;238;532,-84.8;-84.9;-100.5;-107.2;-136.2;-98;-95.4;-94.2;-102.7;-105.7;-97.4;-107.4;-103.6,-10.9;-10.5;-17;-18;-33;-19.8;-20.7;-12.7;-17.3;-17.4;-13.8;-19.5;-16.3,255;255;255;255;255;255;255;255;255;255;255;255;255,1;0;0;0;0;0;0;0;0;0,504990;504990;504990;504990;504990;504990;504990;504990;504990;504990,558;560;237;239;997;497;496;532;793;238,1;2;7;1;0;2;7;6;6;6,-,4;1;1;1;1;1;1;1;1;1,-84.9;-84.8;-94.7;-96.3;-97.4;-98.2;-102.2;-103.6;-105.7;-107.9,-10.5;-10.9;-13;-16.4;-13.8;-19.7;-17.6;-16.3;-17.5;-19.2,8.3;255;255;255;255;255;255;255;255;255,2.4,28,0,QPSK,-,100,0,0,0,0.00,0.00,0.01,0.01,0,1,Rank 1,17,264,9,69,-,69,10,17.3,30,17,64QAM,0,SMDL,0,0,100,0.00,0.00,0.01,0.22,Rank 2,4,184,39,-,2 x 2,-,29225,-,-,-,-,-,-,-,-,-,12,15,-,-,39,-,1,8,-,-,-,-,-,-,-,-,-,-,-,-,-,-,-,-,-,-,-,869,18,30kHz,480,-,4,1,-,-,New trans.,0,0,64QAM,76,1,29225,865,3,0,0,Pass,1,QPSK,0,16,1,0,15,30kHz,Re trans.,-,1086,
20260725 14:46:33.907,24.827546,102.852726,0.00,1958,3,1,0.00,0.00,,,,,,,1,SA,460,00,中国移动,4456484,6443491339,1573118,11,Normal,-,1,41,-,-,504990,-,558,-,-,30kHz,-,-,-,ms20,-,SA,-0.5,5,1,-,108,-91.1,-11.3,7,1,-,-,6312,-53.6,-,-,-94.4;-94.2;-98.9;-90.4,-,10.5;4;9.2;8.6,14.3;10.7;255;255,-55.3;-53.6,2;1;5;2;7;0;0;6;0;6;6,560;558;558;497;239;237;496;793;997;238;532,-87.1;-91.1;-106.5;-121.1;-93.6;-99.6;-98.6;-102.3;-96.5;-107.6;-127.5,-11.1;-11.3;-17.4;-29.8;-13;-16.4;-16.6;-16.9;-14.6;-20.1;-29.4,255;255;255;255;255;255;255;255;255;255;255,1;0;0;0;0;0;0;0;0;0,504990;504990;504990;504990;504990;504990;504990;504990;504990;504990,558;560;239;997;237;496;793;497;238;532,1;2;7;0;0;0;6;2;6;6,-,2;1;1;1;1;1;1;1;1;1,-91.1;-88.4;-95.2;-96.5;-97.2;-98.7;-102.3;-103.2;-106.6;-127.5,-11.3;-11.2;-14.4;-14.6;-15.5;-17.5;-16.9;-20.9;-18.9;-29.4,7;255;255;255;255;255;255;255;255;255,2.4,28,0,QPSK,-,100,0,0,0,0.00,0.00,0.00,0.00,0,1,Rank 1,17,264,3,69,-,69,7,17.3,30,16,64QAM,0,SMDL,0,0,100,0.00,0.00,0.02,0.08,Rank 2,4,80,23,-,2 x 2,-,29225,-,-,-,-,-,-,-,-,-,13,22,-,-,23,-,1,3,-,-,-,-,-,-,-,-,-,-,-,-,-,-,-,-,-,-,-,993,8,30kHz,560,-,4,1,-,-,New trans.,0,0,64QAM,75,1,29225,988,3,0,0,Pass,1,QPSK,0,16,1,0,15,30kHz,Re trans.,-,1086,
20260725 14:46:34.915,24.827545,102.852726,0.00,1958,3,1,0.00,0.00,,,,,,,1,SA,460,00,中国移动,4456484,6443491339,1573118,11,Normal,-,1,41,-,-,504990,-,558,-,-,30kHz,-,-,-,ms20,-,SA,-0.5,5,1,-,99,-81.1,-10.5,17.6,1,-,-,6312,-44,-,-,-80.5;-79.7;-100.4;-88,-,18.6;18.3;255;255,16.9;16.4;255;255,-44.9;-44,2;1;2;0;3;2;1;7;7;6;0;6,560;558;558;558;558;497;239;237;496;793;997;238,-94.7;-81.1;-95.1;-97.8;-102.5;-101.7;-91.7;-94.4;-99.2;-105.2;-101.6;-108.2,-13.5;-10.5;-14;-16.1;-15.5;-20.5;-21.1;-13;-19;-17.9;-20.2;-19.2,255;255;255;255;255;255;255;255;255;255;255;255,1;0;0;0;0;0;0;0;0,504990;504990;504990;504990;504990;504990;504990;504990;504990,558;239;560;237;496;997;497;793;238,1;1;2;7;7;0;2;6;6,-,4;1;1;1;1;1;1;1;1,-81.1;-93.1;-94.7;-95.9;-99.7;-101.6;-102.3;-105.2;-108.2,-10.5;-14.9;-13.5;-14.4;-17.7;-20.2;-19.4;-17.9;-19.1,17.6;255;255;255;255;255;255;255;255,0.6,4,0,QPSK,-,100,0,0,0,0.00,0.00,0.00,0.00,0,2,Rank 1,16,112,3,69,-,69,10,15.4,30,15,64QAM,0,SMDL,0,0,100,0.00,0.00,0.00,0.15,Rank 2,4,144,23,-,2 x 2,-,29225,-,-,-,-,-,-,-,-,-,13,17,-,-,23,-,1,3,-,-,-,-,-,-,-,-,-,-,-,-,-,-,-,-,-,-,-,61,18,30kHz,656,-,4,1,-,-,New trans.,0,0,64QAM,79,2,29225,56,13,0,0,Pass,0,QPSK,0,16,1,0,15,30kHz,Re trans.,-,596,
20260725 14:46:35.923,24.827545,102.852726,0.00,1958,3,1,0.00,0.00,,,,,,,1,SA,460,00,中国移动,4456484,6443491339,1573118,11,Normal,-,1,41,-,-,504990,-,558,-,-,30kHz,-,-,-,ms20,-,SA,-0.5,5,1,-,102,-83.5,-10.6,10.7,1,-,-,6312,-48.1,-,-,-88.4;-83.8;-90.3;-91.8,-,14.6;10;255;255,15;14.8;255;255,-54;-48.1,2;1;0;3;6;4;2;7;0;6;0;6,560;558;558;558;558;497;239;237;496;793;997;238,-86.4;-83.5;-99.3;-106.4;-105.4;-105.9;-94.1;-96.6;-98.2;-103.1;-99.4;-107.8,-11.3;-10.6;-18.1;-21.6;-18.2;-17;-18.5;-12;-17.1;-15.8;-15.4;-19.8,255;255;255;255;255;255;255;255;255;255;255;255,1;0;0;0;0;0;0;0;0,504990;504990;504990;504990;504990;504990;504990;504990;504990,558;560;239;237;496;997;497;793;238,1;2;2;7;0;0;4;6;6,-,4;1;1;1;1;1;1;1;1,-83.5;-86.4;-93.7;-96.9;-99;-99.4;-101.7;-103.1;-107.8,-10.6;-11.3;-15.9;-12.4;-16.5;-15.4;-19.5;-15.8;-19.8,10.7;255;255;255;255;255;255;255;255,0.6,6,0,QPSK,-,92.9,7.1,0,0,0.00,0.00,0.01,0.01,0,1,Rank 1,16,224,18,66,-,66,7,15,30,13,64QAM,0,SMDL,0,0,100,0.01,0.01,0.03,0.22,Rank 2,4,236,86,-,2 x 2,-,29225,-,-,-,-,-,-,-,-,-,12,20,-,-,86,-,1,18,-,-,-,-,-,-,-,-,-,-,-,-,-,-,-,-,-,-,-,167,9,30kHz,608,-,4,1,-,-,New trans.,0,0,64QAM,71,1,29225,160,15,0,0,Pass,1,QPSK,1,16,2,0,15,30kHz,Re trans.,-,1154,
20260725 14:46:36.934,24.827545,102.852726,0.00,1958,3,1,0.00,0.00,,,,,,,1,SA,460,00,中国移动,4456484,6443491339,1573118,11,Normal,-,1,41,-,-,504990,-,558,-,-,30kHz,-,-,-,ms20,-,SA,-0.5,6,1,-,102,-84.9,-10.6,14.1,1,-,-,6312,-47.5,-,-,-83.8;-92.2;-91.1;-81.9,-,17.1;3.8;17.3;7.7,14;13.9;255;255,-47.5;-58,2;1;2;0;3;2;1;7;0;6;0;6,560;558;558;558;558;497;239;237;496;793;997;238,-89.2;-84.9;-97.9;-102.8;-103.4;-98.8;-95.2;-95.4;-99.8;-104.1;-103.6;-106.2,-11.8;-10.6;-17.1;-19.1;-16.9;-19.2;-18.9;-13;-16;-17.3;-19.7;-19.1,255;255;255;255;255;255;255;255;255;255;255;255,1;0;0;0;0;0;0;0;0,504990;504990;504990;504990;504990;504990;504990;504990;504990,558;560;237;239;496;497;997;793;238,1;2;7;1;0;2;0;6;6,-,4;1;1;1;1;1;1;1;1,-84.9;-90.1;-95.7;-96;-100.1;-100.9;-103.6;-104.1;-106.3,-10.6;-11.7;-13.2;-15.7;-16.2;-19.3;-19.7;-17.3;-19.1,14.1;255;255;255;255;255;255;255;255,1.3,5,1,QPSK,-,87.5,12.5,0,0,0.00,0.00,0.00,0.00,0,1,Rank 1,16,132,9,14,-,14,10,16.5,30,15,64QAM,0,SMDL,0,0,100,0.00,0.00,0.03,0.13,Rank 2,4,116,37,-,2 x 2,-,29225,-,-,-,-,-,-,-,-,-,13,20,-,-,37,-,1,8,-,-,-,-,-,-,-,-,-,-,-,-,-,-,-,-,-,-,-,217,19,30kHz,512,-,4,1,-,-,New trans.,0,0,64QAM,71,1,29225,257,11,0,4,Pass,0,QPSK,0,20,1,0,0,30kHz,Re trans.,-,717,
20260725 14:46:37.941,24.827546,102.852726,0.00,1958,3,1,0.00,0.00,,,,,,,1,SA,460,00,中国移动,4456484,6443491339,1573118,11,Normal,-,1,41,-,-,504990,-,558,-,-,30kHz,-,-,-,ms20,-,SA,-0.5,6,1,-,101,-82.2,-10.5,12.6,1,-,-,6312,-50.1,-,-,-90.8;-84.6;-104.4;-93,-,8.4;14.3;19.3;1.9,16.3;15.4;255;255,-52.3;-50.1,2;1;0;2;6;2;1;7;0;6;0;6,560;558;558;558;558;497;239;237;496;793;997;238,-86.1;-82.2;-99.8;-96.5;-103.1;-99.3;-92.8;-94.2;-98.4;-103;-97.2;-104.6,-11.3;-10.5;-17.9;-16.8;-16.2;-16.3;-19.3;-12;-17;-15.6;-15.9;-17.1,255;255;255;255;255;255;255;255;255;255;255;255,1;0;0;0;0;0;0;0;0,504990;504990;504990;504990;504990;504990;504990;504990;504990,558;560;239;237;997;496;497;793;238,1;2;1;7;0;0;2;6;6,-,4;1;1;1;1;1;1;1;1,-82.2;-86.1;-94;-94.5;-97.2;-98.8;-100.1;-103;-104.6,-10.5;-11.3;-16;-12.4;-15.9;-16.6;-16.7;-15.6;-17.1,12.6;255;255;255;255;255;255;255;255,1.3,5,1,QPSK,-,87.5,12.5,0,0,0.00,0.00,0.00,0.00,0,1,Rank 1,16,132,9,157,-,157,8,17.4,30,14,64QAM,0,SMDL,0,0,100,0.00,0.00,0.03,0.05,Rank 2,4,44,37,-,2 x 2,-,29225,-,-,-,-,-,-,-,-,-,11,16,-,-,37,-,1,8,-,-,-,-,-,-,-,-,-,-,-,-,-,-,-,-,-,-,-,292,8,30kHz,656,-,4,1,-,-,New trans.,0,0,64QAM,71,1,29225,287,2,0,0,Pass,0,QPSK,3,16,2,0,15,30kHz,Re trans.,-,717,
20260725 14:46:38.947,24.827548,102.852728,0.00,1958,3,1,0.00,0.00,,,,,,,1,SA,460,00,中国移动,4456484,6443491339,1573118,11,Normal,-,1,41,-,-,504990,-,558,-,-,30kHz,-,-,-,ms20,-,SA,-0.5,6,1,-,98,-79,-10.4,18.4,1,-,-,6312,-44.3,-,-,-91.4;-78.6;-92.5;-87.8,-,8.1;17.4;12.1;10.1,17.7;15.9;255;255,-55.9;-44.3;-56.3;-50.9,2;1;2;3;0;2;2;7;7;6;0;6,560;558;558;558;558;497;239;237;496;793;997;238,-87.3;-79;-92.4;-98.3;-99.7;-94.6;-94.4;-98.6;-97.8;-108.5;-98.8;-105,-11.6;-10.4;-17.3;-18.1;-16.9;-19.6;-19.4;-13.5;-12.7;-19.8;-15.9;-17.3,255;255;255;255;255;255;255;255;255;255;255;255,1;0;0;0;0;0;0;0;0,504990;504990;504990;504990;504990;504990;504990;504990;504990,558;560;497;239;496;997;237;238;793,1;2;2;2;7;0;7;6;6,-,4;1;1;1;1;1;1;1;1,-79;-89.2;-94.6;-95.1;-98.6;-98.8;-99.2;-105;-108.5,-10.4;-12;-19.5;-17.5;-14;-15.9;-14.4;-17.3;-19.8,18.4;255;255;255;255;255;255;255;255,1.7,3,3,QPSK,-,100,0,0,0,0.00,0.00,0.00,0.00,0,1,Rank 1,16,48,2,261,-,261,11,16.3,17,17,64QAM,0,SMDL,0,0,100,0.00,0.00,0.01,0.04,Rank 2,4,36,12,-,2 x 2,-,29225,-,-,-,-,-,-,-,-,-,12,12,-,-,12,-,1,2,-,-,-,-,-,-,-,-,-,-,-,-,-,-,-,-,-,-,-,468,8,30kHz,736,-,4,1,-,-,New trans.,0,0,64QAM,71,1,29225,468,13,0,0,Pass,1,QPSK,1,16,2,0,15,30kHz,Re trans.,-,332,
20260725 14:46:39.957,24.827549,102.852731,0.00,1958,3,1,0.00,0.00,,,,,,,1,SA,460,00,中国移动,4456484,6443491339,1573118,11,Normal,-,1,41,-,-,504990,-,558,-,-,30kHz,-,-,-,ms20,-,SA,-0.5,6,1,-,100,-81.4,-10.4,18.4,1,-,-,6312,-45.9,-,-,-86.4;-79.8;-96.8;-90.4,-,10.3;18.5;255;255,16;16;255;255,-51;-45.9,2;1;2;3;0;2;2;7;7;6;0;6,560;558;558;558;558;497;239;237;496;793;997;238,-85.4;-81.4;-94.5;-100;-99.8;-93.7;-93.7;-95.7;-96.8;-103.3;-97.5;-103.6,-11.5;-10.4;-18.4;-18.9;-18;-17.8;-18.1;-12.4;-14;-15.4;-15.9;-17.2,255;255;255;255;255;255;255;255;255;255;255;255,1;0;0;0;0;0;0;0;0,504990;504990;504990;504990;504990;504990;504990;504990;504990,558;560;497;239;237;997;496;793;238,1;2;2;2;7;0;7;6;6,-,4;1;1;1;1;1;1;1;1,-81.4;-86.3;-93.7;-94.5;-96.2;-97.5;-98.3;-103.3;-103.6,-10.4;-11.5;-17.8;-17;-12.9;-15.9;-15.1;-15.4;-17.2,18.4;255;255;255;255;255;255;255;255,3.7,29,1,QPSK,-,84.6,15.4,0,0,0.00,0.00,0.00,0.00,9.1,2,Rank 1,17,224,13,69,-,69,10,19.6,30,19,64QAM,0,SMDL,0,0,67.9,0.00,0.00,0.03,0.29,Rank 2,4,212,61,-,2 x 2,-,29225,-,-,-,-,-,-,-,-,-,10,16,-,-,61,-,1,13,-,-,-,-,-,-,-,-,-,-,-,-,-,-,-,-,-,-,-,575,18,30kHz,560,-,4,1,-,-,New trans.,0,0,64QAM,71,1,29225,573,3,0,0,Pass,0,QPSK,0,16,1,0,15,30kHz,Re trans.,-,1503,
20260725 14:46:40.964,24.827549,102.852733,0.00,1958,3,1,0.00,0.00,,,,,,,1,SA,460,00,中国移动,4456484,6443491339,1573118,11,Normal,-,1,41,-,-,504990,-,558,-,-,30kHz,-,-,-,ms20,-,SA,-0.5,6,1,-,104,-86.2,-10.8,16.4,1,-,-,6312,-47.1,-,-,-84.8;-81.8;-100;-91.7,-,14.5;16.6;255;255,17.8;14.2;255;255,-52.1;-47.1,2;1;2;0;6;2;2;7;7;6;0;6,560;558;558;558;558;497;239;237;496;793;997;238,-92.7;-86.2;-113.4;-105.1;-106.7;-95.1;-96.2;-93.2;-98;-104.4;-95.5;-105.3,-13.8;-10.8;-25.7;-19.7;-19;-15.6;-16.7;-12.7;-16.8;-18;-14.5;-19.4,255;255;255;255;255;255;255;255;255;255;255;255,1;0;0;0;0;0;0;0;0,504990;504990;504990;504990;504990;504990;504990;504990;504990,558;237;560;497;997;239;496;793;238,1;7;2;2;0;2;7;6;6,-,4;1;1;1;1;1;1;1;1,-86.2;-93.3;-93.5;-94.9;-95.5;-97.1;-99.1;-104.6;-105.3,-10.8;-12.8;-13;-15.5;-14.5;-14.7;-17.1;-18;-19.4,16.4;255;255;255;255;255;255;255;255,0.6,3,0,QPSK,-,100,0,0,0,0.00,0.00,0.01,0.01,0,1,Rank 1,16,144,8,69,-,69,10,18.5,31,16,64QAM,0,SMDL,0,0,88.5,0.00,0.00,0.03,0.12,Rank 2,4,104,34,-,2 x 2,-,29225,-,-,-,-,-,-,-,-,-,12,16,-,-,34,-,1,8,-,-,-,-,-,-,-,-,-,-,-,-,-,-,-,-,-,-,-,671,18,30kHz,560,-,4,1,-,-,New trans.,0,0,64QAM,72,1,29225,667,14,0,0,Pass,1,QPSK,0,16,1,0,15,30kHz,Re trans.,-,703,
20260725 14:46:41.975,24.827550,102.852736,0.00,1958,3,1,0.00,0.00,,,,,,,1,SA,460,00,中国移动,4456484,6443491339,1573118,11,Normal,-,1,41,-,-,504990,-,558,-,-,30kHz,-,-,-,ms20,-,SA,-0.5,6,1,-,101,-82.6,-10.6,13.7,1,-,-,6312,-47.3,-,-,-82.2;-92.3;-98;-92.3,-,13.7;9.8;9.4;8.5,16.3;13.8;255;255,-47.3;-56.4,2;1;0;2;3;2;0;7;0;6;0;6;6,560;558;558;558;558;497;239;237;496;793;997;238;532,-90;-82.6;-97.3;-98.6;-105.5;-98.2;-93.9;-99.1;-99.4;-105.8;-100.2;-120.3;-107.5,-12;-10.6;-14.9;-17.7;-15.2;-20.1;-12.9;-16.4;-18.1;-17.5;-18.8;-26;-18.9,255;255;255;255;255;255;255;255;255;255;255;255;255,1;0;0;0;0;0;0;0;0;0,504990;504990;504990;504990;504990;504990;504990;504990;504990;504990,558;560;239;497;496;237;997;793;532;238,1;2;0;2;0;7;0;6;6;6,-,4;1;1;1;1;1;1;1;1;1,-82.6;-90;-95.5;-98.3;-99.4;-99.8;-100.2;-106.2;-107.5;-120.3,-10.6;-12;-13.7;-20;-16.8;-17.2;-18.8;-17.4;-18.9;-26,13.7;255;255;255;255;255;255;255;255;255,0.6,3,0,QPSK,-,100,0,0,0,0.00,0.00,0.00,0.00,0,1,Rank 1,16,144,10,42,-,42,10,14.7,30,15,64QAM,0,SMDL,0,0,100,0.00,0.00,0.01,0.12,Rank 2,4,128,33,-,2 x 2,-,29225,-,-,-,-,-,-,-,-,-,14,14,-,-,33,-,1,9,-,-,-,-,-,-,-,-,-,-,-,-,-,-,-,-,-,-,-,760,8,30kHz,560,-,4,1,-,-,New trans.,0,0,64QAM,71,1,29225,755,4,0,0,Pass,0,QPSK,0,16,2,0,15,30kHz,Re trans.,-,703,
20260725 14:46:42.991,24.827552,102.852738,0.00,1958,3,1,0.00,0.00,,,,,,,1,SA,460,00,中国移动,4456484,6443491339,1573118,11,Normal,-,1,41,-,-,504990,-,558,-,-,30kHz,-,-,-,ms20,-,SA,-0.5,5,1,-,102,-82.6,-10.5,13.8,1,-,-,6312,-46.3,-,-,-81.5;-82.8;-94;-82.1,-,14.3;10.6;255;255,16.7;15.4;255;255,-46.3;-47.9,2;1;2;0;3;2;1;7;7;6;0;6;6,560;558;558;558;558;497;239;237;496;793;997;238;532,-86.8;-82.6;-94.9;-99.5;-100.9;-96.3;-92.2;-97;-98.5;-104.6;-98.9;-106;-108.4,-11.3;-10.5;-16.5;-16;-17.5;-14.4;-19.5;-14.2;-14.8;-15.4;-16.2;-17;-20.6,255;255;255;255;255;255;255;255;255;255;255;255;255,1;0;0;0;0;0;0;0;0;0,504990;504990;504990;504990;504990;504990;504990;504990;504990;504990,558;560;239;497;237;997;496;238;793;532,1;2;1;2;7;0;7;6;6;6,-,4;1;1;1;1;1;1;1;1;1,-82.6;-86.8;-93.7;-96.3;-98.4;-98.9;-100.4;-106;-106.3;-108.4,-10.5;-11.3;-14.1;-14.3;-15.4;-16.2;-17.1;-17;-16.4;-20.6,13.8;255;255;255;255;255;255;255;255;255,0,0,0,QPSK,-,100,0,0,0,0.00,0.00,0.00,0.00,0,1,Rank 1,16,164,10,69,-,69,9,14.4,30,12,64QAM,0,SMDL,0,18.5,81.5,0.00,0.00,0.01,0.09,Rank 2,4,116,33,-,2 x 2,-,29225,-,-,-,-,-,-,-,-,-,12,13,-,-,33,-,1,9,-,-,-,-,-,-,-,-,-,-,-,-,-,-,-,-,-,-,-,833,19,30kHz,560,-,4,1,-,-,New trans.,0,0,64QAM,71,1,29225,800,13,0,0,Pass,1,QPSK,0,16,1,0,15,30kHz,Re trans.,-,581,
20260725 14:46:44.004,24.827554,102.852738,0.54,1958,3,1,0.00,0.00,,,,,,,1,SA,460,00,中国移动,4456484,6443491339,1573118,11,Normal,-,1,41,-,-,504990,-,558,-,-,30kHz,-,-,-,ms20,-,SA,-0.5,6,1,-,100,-82.3,-10.6,11.8,1,-,-,6312,-43.9,-,-,-86.3;-81.6;-88.2;-81.8,-,11.9;14.3;255;255,15.6;13.9;255;255,-48.4;-43.9,2;1;2;0;3;2;1;7;7;6;0;6,560;558;558;558;558;497;239;237;496;793;997;238,-89.3;-82.3;-96.6;-99.7;-106.6;-97.8;-92.9;-99;-97.9;-101.6;-100.7;-110.2,-11.4;-10.6;-16.4;-15.6;-21.6;-18.1;-19.9;-16.5;-15.4;-15.3;-17;-21.4,255;255;255;255;255;255;255;255;255;255;255;255,1;0;0;0;0;0;0;0;0,504990;504990;504990;504990;504990;504990;504990;504990;504990,558;560;239;497;496;237;997;793;238,1;2;1;2;7;7;0;6;6,-,4;1;1;1;1;1;1;1;1,-82.3;-89.3;-93.7;-99;-99.1;-99.5;-100.7;-101.6;-110.2,-10.6;-11.4;-13.7;-16.5;-16.2;-16.4;-17;-15.3;-21.4,11.8;255;255;255;255;255;255;255;255,0,0,0,QPSK,-,100,0,0,0,0.00,0.00,0.00,0.00,0,1,Rank 1,16,164,2,69,-,69,9,16.5,17,17,64QAM,0,SMDL,0,0,100,0.00,0.00,0.01,0.03,Rank 2,4,24,16,-,2 x 2,-,29225,-,-,-,-,-,-,-,-,-,13,15,-,-,16,-,1,2,-,-,-,-,-,-,-,-,-,-,-,-,-,-,-,-,-,-,-,909,18,30kHz,480,-,4,1,-,-,New trans.,0,0,64QAM,72,1,29225,904,13,0,0,Pass,0,QPSK,0,16,1,0,15,30kHz,Re trans.,-,581,
20260725 14:46:45.016,24.827555,102.852740,0.72,1958,3,1,0.00,0.00,,,,,,,1,SA,460,00,中国移动,4456484,6443491339,1573118,11,Normal,-,1,41,-,-,504990,-,558,-,-,30kHz,-,-,-,ms20,-,SA,-0.5,7,1,-,108,-91.7,-13.1,11.1,1,-,-,6312,-52.1,-,-,-89.1;-86.4;-94.5;-89.5,-,9.9;3.9;16.9;5.9,11.5;9.4;255;255,-53;-52.1,2;1;2;0;3;2;7;7;0;6;0;6,560;558;558;558;558;497;239;237;496;793;997;532,-88.7;-91.2;-101.9;-99.6;-111.7;-112.1;-90.6;-93.1;-94.7;-101.1;-94.4;-103.2,-12.2;-11.5;-21;-19.8;-22.8;-25.5;-13.8;-15.2;-15.2;-17.3;-15.4;-16.5,255;255;255;255;255;255;255;255;255;255;255;255,1;0;0;0;0;0;0;0;0,504990;504990;504990;504990;504990;504990;504990;504990;504990,558;560;239;237;496;997;497;793;532,1;2;7;7;0;0;2;6;6,-,4;1;1;1;1;1;1;1;1,-91.7;-88.7;-91.5;-93.6;-94.5;-94.7;-101.5;-101.5;-103.2,-13.1;-12.2;-14.1;-15.5;-15.6;-15.2;-18.8;-17.5;-16.5,11.1;255;255;255;255;255;255;255;255,0,0,0,QPSK,-,100,0,0,0,0.00,0.00,0.00,0.00,0,1,Rank 1,16,80,4,69,-,69,9,14.1,16,16,64QAM,0,SMDL,0,0,100,0.00,0.00,0.00,0.06,Rank 2,4,60,23,-,2 x 2,-,29225,-,-,-,-,-,-,-,-,-,13,19,-,-,23,-,1,4,-,-,-,-,-,-,-,-,-,-,-,-,-,-,-,-,-,-,-,48,19,30kHz,608,-,4,1,-,-,New trans.,0,0,64QAM,68,1,29225,43,14,0,0,Pass,0,QPSK,0,16,1,0,15,30kHz,Re trans.,-,345,
20260725 14:46:46.026,24.827554,102.852742,1.66,1958,3,1,0.00,0.00,,,,,,,1,SA,460,00,中国移动,4456484,6443491339,1573118,11,Normal,-,1,41,-,-,504990,-,558,-,-,30kHz,-,-,-,ms20,-,SA,-0.5,7,1,-,105,-88.4,-11.9,9.2,1,-,-,6312,-50.3,-,-,-93.7;-84.4;-91.6;-89.6,-,6.6;9.3;255;255,13.4;8.6;255;255,-56;-50.3,2;1;2;5;3;2;1;7;7;6;0;6,560;558;558;558;558;497;239;237;496;793;997;532,-87.7;-87.4;-93.6;-104.4;-103.5;-97.3;-96.5;-98.4;-97.5;-100.1;-95.3;-121.3,-12;-11;-16.3;-15.7;-15.5;-17.6;-21;-14.9;-15.5;-14.6;-12.9;-26.3,255;255;255;255;255;255;255;255;255;255;255;255,1;0;0;0;0;0;0;0;0,504990;504990;504990;504990;504990;504990;504990;504990;504990,558;560;239;497;997;237;496;793;532,1;2;7;2;0;7;7;6;6,-,4;1;1;1;1;1;1;1;1,-86;-87.2;-96.1;-96.1;-96.2;-98.9;-100.5;-100.5;-113.5,-11.1;-11.9;-17;-17.1;-13;-13.9;-18;-14.7;-20.9,9.3;255;255;255;255;255;255;255;255,0.5,7,0,QPSK,-,93.8,6.3,0,0,0.00,0.00,0.00,0.00,0,2,Rank 1,16,256,14,106,-,106,8,17.4,30,16,64QAM,0,SMDL,0,0,100,0.00,0.00,0.03,0.26,Rank 2,4,220,59,-,2 x 2,-,29225,-,-,-,-,-,-,-,-,-,13,15,-,-,59,-,1,14,-,-,-,-,-,-,-,-,-,-,-,-,-,-,-,-,-,-,-,156,19,30kHz,560,-,4,1,-,-,New trans.,0,0,64QAM,68,1,29225,152,13,0,0,Pass,0,QPSK,2,16,2,0,15,30kHz,Re trans.,-,1319,
20260725 14:46:47.032,24.827552,102.852746,0.00,1959,3,1,0.00,0.00,,,,,,,1,SA,460,00,中国移动,4456484,6443491339,1573118,11,Normal,-,1,41,-,-,504990,-,558,-,-,30kHz,-,-,-,ms20,-,SA,-0.5,6,1,-,105,-84.4,-10.8,14.6,1,-,-,6312,-46.6,-,-,-84.2;-81.8;-93.4;-94.9,-,12.8;16.5;255;255,15;14.2;255;255,-46.6;-48.9,2;1;2;0;3;2;1;7;0;6;0;6,560;558;558;558;558;497;239;237;496;793;997;532,-89.9;-84.3;-99.8;-107.8;-105;-96;-93.1;-91.7;-100.7;-105.4;-97.7;-107.8,-12.4;-10.8;-19.5;-22.4;-18.1;-18.3;-19.8;-11.3;-16.7;-17.7;-15.8;-18.5,255;255;255;255;255;255;255;255;255;255;255;255,1;0;0;0;0;0;0;0;0,504990;504990;504990;504990;504990;504990;504990;504990;504990,558;560;237;239;497;997;496;793;532,1;2;7;1;2;0;0;6;6,-,4;1;1;1;1;1;1;1;1,-84.4;-90.5;-91.7;-94.3;-96;-97.7;-101;-105.4;-107.8,-10.8;-12.4;-11.3;-16.7;-18.2;-15.8;-17.6;-17.8;-18.5,14.6;255;255;255;255;255;255;255;255,0.5,7,0,QPSK,-,93.8,6.3,0,0,0.00,0.00,0.01,0.01,0,2,Rank 1,16,256,13,69,-,69,7,14.8,30,14,64QAM,0,SMDL,0,5.4,94.6,0.00,0.00,0.01,0.15,Rank 2,4,148,54,-,2 x 2,-,29225,-,-,-,-,-,-,-,-,-,12,13,-,-,54,-,1,13,-,-,-,-,-,-,-,-,-,-,-,-,-,-,-,-,-,-,-,239,18,30kHz,480,-,4,1,-,-,New trans.,0,0,64QAM,71,1,29225,235,3,0,0,Pass,1,QPSK,0,16,1,0,15,30kHz,Re trans.,-,1319,
20260725 14:46:48.038,24.827552,102.852747,1.48,1958,3,1,0.00,0.00,,,,,,,1,SA,460,00,中国移动,4456484,6443491339,1573118,11,Normal,-,1,41,-,-,504990,-,558,-,-,30kHz,-,-,-,ms20,-,SA,-0.5,6,1,-,97,-80.8,-10.5,17.2,1,-,-,6312,-45.3,-,-,-82.6;-87.5;-101.4;-85.1,-,16.9;5.7;255;255,15.4;12.6;255;255,-45.3;-52.3,2;1;2;0;3;2;1;7;7;6;0;6,560;558;558;558;558;497;239;237;496;793;997;532,-93;-80.8;-97.6;-97.3;-101.9;-102.5;-92.2;-91.2;-100.3;-105.7;-95.3;-110.5,-12.9;-10.5;-16.8;-14.7;-15.9;-18.8;-20;-12;-19.3;-17.4;-12.8;-21.5,255;255;255;255;255;255;255;255;255;255;255;255,1;0;0;0;0;0;0;0;0,504990;504990;504990;504990;504990;504990;504990;504990;504990,558;237;239;560;997;496;497;793;532,1;7;1;2;0;7;2;6;6,-,4;1;1;1;1;1;1;1;1,-80.8;-91.2;-92.6;-94.4;-95.3;-100.7;-101.5;-105.7;-110.5,-10.5;-12;-14.9;-12.8;-12.8;-19.4;-18.3;-17.4;-21.5,17.2;255;255;255;255;255;255;255;255,0.8,3,0,QPSK,-,100,0,0,0,0.00,0.00,0.01,0.01,0,1,Rank 1,16,208,7,69,-,69,10,15.9,30,16,64QAM,0,SMDL,0,0,100,0.00,0.00,0.02,0.21,Rank 2,4,208,51,-,2 x 2,-,29225,-,-,-,-,-,-,-,-,-,13,15,-,-,51,-,1,7,-,-,-,-,-,-,-,-,-,-,-,-,-,-,-,-,-,-,-,339,9,30kHz,736,-,4,1,-,-,New trans.,0,0,64QAM,71,1,29225,334,13,0,0,Pass,0,QPSK,0,16,1,0,15,30kHz,Re trans.,-,1544,
20260725 14:46:49.048,24.827553,102.852748,1.26,1958,3,1,0.00,0.00,,,,,,,1,SA,460,00,中国移动,4456484,6443491339,1573118,11,Normal,-,1,41,-,-,504990,-,558,-,-,30kHz,-,-,-,ms20,-,SA,-0.6,7,1,-,103,-84.5,-10.6,12.6,1,-,-,6312,-48.9,-,-,-86.5;-83.5;-96.5;-92.9,-,9.3;6;255;255,13.2;15.7;255;255,-49.8;-48.9,2;1;2;0;3;2;7;7;7;6;0,560;558;558;558;558;497;239;237;496;793;997,-90;-84.4;-93.4;-99.5;-102;-120.4;-93.3;-92.2;-99.9;-101.6;-102.4,-12.5;-10.5;-14.3;-15.4;-15.4;-28.6;-13.3;-11.5;-19.2;-14.6;-17.7,255;255;255;255;255;255;255;255;255;255;255,1;0;0;0;0;0;0;0,504990;504990;504990;504990;504990;504990;504990;504990,558;560;237;239;496;997;793;497,1;2;7;7;7;0;6;2,-,4;1;1;1;1;1;1;1,-84.5;-90;-92.2;-94.5;-101.1;-102.4;-102.5;-102.9,-10.6;-12.5;-11.5;-14.8;-18.6;-17.7;-14.7;-19.3,12.6;255;255;255;255;255;255;255,0,0,0,QPSK,-,100,0,0,0,0.00,0.00,0.00,0.00,0,2,Rank 1,16,128,3,69,-,69,10,18.2,30,16,64QAM,0,SMDL,0,0,100,0.00,0.00,0.02,0.26,Rank 2,4,212,25,-,2 x 2,-,29225,-,-,-,-,-,-,-,-,-,13,23,-,-,25,-,1,3,-,-,-,-,-,-,-,-,-,-,-,-,-,-,-,-,-,-,-,456,8,30kHz,656,-,4,1,-,-,New trans.,0,0,64QAM,71,1,29225,452,13,0,0,Pass,0,QPSK,0,16,1,0,15,30kHz,Re trans.,-,525,
20260725 14:46:50.063,24.827557,102.852747,0.76,1957,3,1,0.00,0.00,,,,,,,1,SA,460,00,中国移动,4456484,6443491339,1573118,11,Normal,-,1,41,-,-,504990,-,558,-,-,30kHz,-,-,-,ms20,-,SA,-0.6,6,1,-,106,-89.5,-12.2,10.9,1,-,-,6312,-51.5,-,-,-96.7;-87.9;-93.2;-89.1,-,7.5;9.4;255;255,14.1;13.2;255;255,-55;-51.5,2;1;0;5;3;2;7;7;7;6;0;6;0,560;558;558;558;558;497;239;237;496;793;997;532;898,-89.9;-88.6;-104.2;-106.4;-107;-99.8;-97;-94.9;-100.6;-105.6;-99.5;-109.6;-139.5,-12.4;-11;-17.9;-16.9;-19.1;-20.7;-15;-13.3;-18.1;-16.6;-15.1;-20.5;-35.8,255;255;255;255;255;255;255;255;255;255;255;255;255,1;0;0;0;0;0;0;0;0;0,504990;504990;504990;504990;504990;504990;504990;504990;504990;504990,558;560;237;239;997;497;496;793;532;898,1;2;7;7;0;2;7;6;6;0,-,4;1;1;1;1;1;1;1;1;1,-89.5;-89.9;-94.9;-96.5;-99.5;-100.9;-101.4;-105.6;-109.6;-139.5,-12.2;-12.4;-13.3;-14.8;-15.1;-19.4;-17.5;-16.6;-20.5;-35.8,10.9;255;255;255;255;255;255;255;255;255,0.1,1,0,QPSK,-,100,0,0,0,0.00,0.00,0.00,0.00,0,1,Rank 1,16,128,7,69,-,69,10,17.9,30,16,64QAM,0,SMDL,0,0,100,0.00,0.00,0.03,0.13,Rank 2,4,112,42,-,2 x 2,-,29225,-,-,-,-,-,-,-,-,-,12,22,-,-,42,-,1,7,-,-,-,-,-,-,-,-,-,-,-,-,-,-,-,-,-,-,-,545,18,30kHz,480,-,4,1,-,-,New trans.,0,0,64QAM,71,1,29225,540,13,0,0,Pass,0,QPSK,0,16,1,0,15,30kHz,Re trans.,-,599,
20260725 14:46:51.072,24.827561,102.852748,1.30,1958,3,1,0.00,0.00,,,,,,,1,SA,460,00,中国移动,4456484,6443491339,1573118,11,Normal,-,1,41,-,-,504990,-,558,-,-,30kHz,-,-,-,ms20,-,SA,-0.6,7,1,-,102,-84.8,-10.6,13.7,1,-,-,6312,-48,-,-,-82.8;-84.9;-89.4;-95.4,-,15.5;11.3;255;255,13;10.9;255;255,-48;-49,2;1;2;6;7;2;7;7;7;6;0,560;558;558;558;558;497;239;237;496;793;997,-94.1;-84.7;-95.5;-102.3;-103.2;-98.9;-96.5;-92.9;-100.7;-102;-105.5,-13.5;-10.6;-13.6;-14.9;-21.5;-17.5;-16.1;-12.3;-19.8;-14.2;-17.3,255;255;255;255;255;255;255;255;255;255;255,1;0;0;0;0;0;0;0,504990;504990;504990;504990;504990;504990;504990;504990,558;237;560;239;497;496;793;997,1;7;2;7;2;7;6;0,-,4;1;1;1;1;1;1;1,-84.8;-93;-94.9;-97;-98.9;-101;-102;-105,-10.6;-12.3;-13.5;-16;-17.4;-19.8;-14.2;-17.3,13.7;255;255;255;255;255;255;255,0.1,1,0,QPSK,-,100,0,0,0,0.00,0.00,0.00,0.00,0,1,Rank 1,16,128,4,69,-,69,10,17.7,30,15,64QAM,0,SMDL,0,0,100,0.00,0.00,0.01,0.15,Rank 2,4,132,28,-,2 x 2,-,29225,-,-,-,-,-,-,-,-,-,12,15,-,-,28,-,1,4,-,-,-,-,-,-,-,-,-,-,-,-,-,-,-,-,-,-,-,663,19,30kHz,560,-,4,1,-,-,New trans.,0,0,64QAM,71,1,29225,652,13,0,0,Pass,1,QPSK,0,16,1,0,15,30kHz,Re trans.,-,599,
20260725 14:46:52.080,24.827566,102.852752,0.00,1958,3,1,0.00,0.00,,,,,,,1,SA,460,00,中国移动,4456484,6443491339,1573118,11,Normal,-,1,41,-,-,504990,-,558,-,-,30kHz,-,-,-,ms20,-,SA,-0.6,6,1,-,102,-84,-10.6,14,1,-,-,6312,-48,-,-,-84.6;-87.4;-100.7;-87.2,-,11.2;13.5;255;255,14.7;11.8;255;255,-48;-49,2;1;2;0;3;2;2;7;7;6;0,560;558;558;558;558;497;239;237;496;793;997,-93;-84;-97.9;-102.6;-104.8;-114.1;-96.8;-95.5;-99.9;-106.8;-100.3,-12.6;-10.6;-16.9;-15.6;-17.9;-25.2;-15.3;-12.9;-16.6;-17.2;-15.2,255;255;255;255;255;255;255;255;255;255;255,1;0;0;0;0;0;0;0,504990;504990;504990;504990;504990;504990;504990;504990,558;560;237;239;997;496;497;793,1;2;7;2;0;7;2;6,-,4;1;1;1;1;1;1;1,-84;-94.4;-95.8;-97.7;-100.3;-100.7;-104.9;-106.9,-10.6;-12.3;-12.9;-15;-15.2;-17.2;-20;-17.2,14;255;255;255;255;255;255;255,0,0,0,QPSK,-,100,0,0,0,0.00,0.00,0.00,0.00,0,1,Rank 1,16,80,4,69,-,69,10,16.1,30,13,64QAM,0,SMDL,0,6.7,93.3,0.00,0.00,0.01,0.06,Rank 2,4,60,24,-,2 x 2,-,29225,-,-,-,-,-,-,-,-,-,12,19,-,-,24,-,1,4,-,-,-,-,-,-,-,-,-,-,-,-,-,-,-,-,-,-,-,760,8,30kHz,656,-,4,1,-,-,New trans.,0,0,64QAM,71,1,29225,760,13,0,0,Pass,1,QPSK,0,16,1,0,15,30kHz,Re trans.,-,345,
20260725 14:46:53.089,24.827568,102.852754,0.58,1958,3,1,0.00,0.00,,,,,,,1,SA,460,00,中国移动,4456484,6443491339,1573118,11,Normal,-,1,41,-,-,504990,-,558,-,-,30kHz,-,-,-,ms20,-,SA,-0.6,7,1,-,103,-83,-10.5,14.7,1,-,-,6312,-47.8,-,-,-83.5;-88;-103;-87.7,-,12.7;16.9;255;255,14.7;13.5;255;255,-53.3;-47.8,2;1;2;0;3;2;2;7;0;6;0;7,560;558;558;558;558;497;239;237;496;793;997;238,-90.7;-83;-94.9;-109.8;-102.8;-97.9;-97.1;-96.8;-108.4;-104;-94.3;-122,-12.3;-10.4;-15.4;-21.6;-16.9;-18.6;-17;-12.3;-19.9;-16;-11.9;-28.8,255;255;255;255;255;255;255;255;255;255;255;255,1;0;0;0;0;0;0;0;0,504990;504990;504990;504990;504990;504990;504990;504990;504990,558;560;997;237;497;239;496;793;238,1;2;0;7;2;2;0;6;7,-,4;1;1;1;1;1;1;1;1,-83;-91.3;-94.3;-97.3;-97.9;-98.6;-103.2;-104;-122,-10.5;-11.9;-11.9;-12.9;-18.6;-15.7;-16.7;-16;-28.8,14.7;255;255;255;255;255;255;255;255,0,0,0,QPSK,-,100,0,0,0,0.00,0.00,0.00,0.00,0,1,Rank 1,16,80,4,69,-,69,8,16,18,16,64QAM,0,SMDL,0,0,100,0.00,0.00,0.01,0.12,Rank 2,4,100,24,-,2 x 2,-,29225,-,-,-,-,-,-,-,-,-,13,19,-,-,24,-,1,4,-,-,-,-,-,-,-,-,-,-,-,-,-,-,-,-,-,-,-,809,18,30kHz,608,-,4,1,-,-,New trans.,0,0,64QAM,67,1,29225,805,3,0,0,Pass,1,QPSK,0,16,1,0,15,30kHz,Re trans.,-,345,
20260725 14:46:54.096,24.827570,102.852754,0.00,1958,3,1,0.00,0.00,,,,,,,1,SA,460,00,中国移动,4456484,6443491339,1573118,11,Normal,-,1,41,-,-,504990,-,558,-,-,30kHz,-,-,-,ms20,-,SA,-0.6,7,1,-,105,-87.2,-11.4,12.5,1,-,-,6312,-50.6,-,-,-86.2;-89.6;-102.4;-88.8,-,11.9;8.7;255;255,13.5;11;255;255,-50.6;-54.4,2;1;2;3;5;2;2;7;7;6;0,560;558;558;558;558;497;239;237;496;793;997,-91.1;-86.6;-92.7;-101.8;-106.1;-96.3;-96.9;-94.2;-98.3;-107.7;-96,-13.4;-10.8;-15.8;-16.1;-16.1;-18.8;-15.8;-12.6;-17.6;-19.1;-13.8,255;255;255;255;255;255;255;255;255;255;255,1;0;0;0;0;0;0;0,504990;504990;504990;504990;504990;504990;504990;504990,558;560;237;239;997;497;496;793,1;2;7;2;0;2;7;6,-,4;1;1;1;1;1;1;1,-87.2;-91.1;-94.2;-95.8;-96;-96.3;-98.8;-107.7,-11.4;-13.4;-12.7;-15.1;-13.8;-18.8;-17.5;-19.1,12.5;255;255;255;255;255;255;255,0,0,0,QPSK,-,100,0,0,0,0.00,0.00,0.00,0.00,0,1,Rank 1,16,80,3,69,-,69,10,17.7,30,17,64QAM,0,SMDL,0,0,100,0.00,0.00,0.00,0.07,Rank 2,4,60,22,-,2 x 2,-,29225,-,-,-,-,-,-,-,-,-,13,22,-,-,22,-,1,3,-,-,-,-,-,-,-,-,-,-,-,-,-,-,-,-,-,-,-,965,18,30kHz,656,-,4,1,-,-,New trans.,0,0,64QAM,67,1,29225,963,14,0,0,Pass,0,QPSK,0,16,1,0,15,30kHz,Re trans.,-,318,
20260725 14:46:55.101,24.827575,102.852756,1.73,1957,3,1,0.00,0.00,,,,,,,1,SA,460,00,中国移动,4456484,6443491339,1573118,11,Normal,-,1,41,-,-,504990,-,558,-,-,30kHz,-,-,-,ms20,-,SA,-0.6,7,1,-,102,-86.5,-11.1,12.9,1,-,-,6312,-50.1,-,-,-85.6;-89.1;-94.5;-92.5,-,12;14.6;255;255,17;14.5;255;255,-54.1;-50.1,2;1;2;3;0;3;2;7;0;6;0;0,560;558;558;558;558;497;239;237;496;793;997;975,-91.1;-86.1;-97.2;-102.7;-103.2;-108.3;-94.8;-96.6;-105.9;-101.2;-104.3;-105.4,-12.5;-10.7;-16.4;-15;-16.5;-20.8;-16.9;-12.8;-18.6;-16.2;-18.4;-17.1,255;255;255;255;255;255;255;255;255;255;255;255,1;0;0;0;0;0;0;0;0,504990;504990;504990;504990;504990;504990;504990;504990;504990,558;560;239;237;793;496;997;497;975,1;2;2;7;6;0;0;3;0,-,4;1;1;1;1;1;1;1;1,-86.5;-91.2;-96.3;-97.1;-101.2;-103.2;-104.3;-105.2;-105.4,-11.1;-12.4;-15.3;-13.2;-16.2;-17.7;-18.4;-19.8;-17.1,12.9;255;255;255;255;255;255;255;255,0,0,0,QPSK,-,100,0,0,0,0.00,0.00,0.00,0.00,0,1,Rank 1,16,96,5,69,-,69,10,17,30,16,64QAM,0,SMDL,0,0,100,0.00,0.00,0.00,0.12,Rank 2,4,104,26,-,2 x 2,-,29225,-,-,-,-,-,-,-,-,-,14,16,-,-,26,-,1,5,-,-,-,-,-,-,-,-,-,-,-,-,-,-,-,-,-,-,-,21,8,30kHz,656,-,4,1,-,-,New trans.,0,0,64QAM,68,1,29225,16,14,0,0,Pass,1,QPSK,0,16,1,0,15,30kHz,Re trans.,-,414,
20260725 14:46:56.113,24.827580,102.852754,1.44,1956,3,1,0.00,0.00,,,,,,,1,SA,460,00,中国移动,4456484,6443491339,1573118,11,Normal,-,1,41,-,-,504990,-,558,-,-,30kHz,-,-,-,ms20,-,SA,-0.6,7,1,-,105,-85.8,-10.7,14.8,1,-,-,6312,-54.6,-,-,-85.2;-94.9;-92.4;-88.3,-,8.7;12.6;255;255,15.8;14.2;255;255,-56.8;-54.6,2;1;2;3;0;2;2;7;0;6;6,560;558;558;558;558;497;239;237;496;793;532,-88.9;-85.7;-94.5;-104.3;-102.7;-115;-95.4;-97.3;-103.3;-104.2;-107,-12.2;-10.6;-15;-16.2;-15.9;-26.3;-18.7;-12.9;-17.7;-17.3;-20.1,255;255;255;255;255;255;255;255;255;255;255,1;0;0;0;0;0;0;0,504990;504990;504990;504990;504990;504990;504990;504990,558;560;239;237;496;497;793;532,1;2;2;7;0;2;6;6,-,4;1;1;1;1;1;1;1,-85.8;-89.1;-95.7;-98.4;-102.4;-103.9;-104.2;-107,-10.7;-12.2;-14.6;-13.5;-18.1;-20.5;-17.3;-20.1,14.8;255;255;255;255;255;255;255,0.3,2,0,QPSK,-,100,0,0,0,0.00,0.00,0.00,0.00,0,2,Rank 1,16,112,7,69,-,69,10,14.7,17,15,64QAM,0,SMDL,0,8.3,91.7,0.00,0.00,0.00,0.05,Rank 2,4,48,37,-,2 x 2,-,29225,-,-,-,-,-,-,-,-,-,14,22,-,-,37,-,1,7,-,-,-,-,-,-,-,-,-,-,-,-,-,-,-,-,-,-,-,135,9,30kHz,608,-,4,1,-,-,New trans.,0,0,64QAM,67,1,29225,135,14,0,0,Pass,0,QPSK,0,16,1,0,15,30kHz,Re trans.,-,496,
20260725 14:46:57.127,24.827578,102.852750,3.28,1956,3,1,0.00,0.00,,,,,,,1,SA,460,00,中国移动,4456484,6443491339,1573118,11,Normal,-,1,41,-,-,504990,-,558,-,-,30kHz,-,-,-,ms20,-,SA,-0.6,8,1,-,104,-85.4,-10.7,16,1,-,-,6312,-49.1,-,-,-83.5;-85.8;-100.3;-88,-,10.3;18.7;255;255,17.4;13.5;255;255,-49.1;-50.8,2;1;2;3;4;2;7;7;7;6;6,560;558;558;558;558;497;239;237;496;793;532,-93.2;-85.2;-93.8;-100.9;-103.4;-99.8;-99.5;-96.9;-102.8;-102.2;-108.3,-14.5;-10.6;-14;-14;-14.4;-20;-16;-13.1;-18.3;-15.6;-18.8,255;255;255;255;255;255;255;255;255;255;255,1;0;0;0;0;0;0;0,504990;504990;504990;504990;504990;504990;504990;504990,558;560;237;497;239;793;496;532,1;2;7;2;7;6;7;6,-,4;1;1;1;1;1;1;1,-85.4;-93.3;-97.4;-99.9;-100.4;-102.2;-104.1;-108.3,-10.7;-14.5;-13.3;-19.8;-16.2;-15.6;-17.6;-18.8,16;255;255;255;255;255;255;255,0.3,2,0,QPSK,-,100,0,0,0,0.00,0.00,0.00,0.00,0,2,Rank 1,16,112,3,42,-,42,10,20.1,31,20,64QAM,0,SMDL,0,0,77.6,0.00,0.00,0.04,0.25,Rank 2,4,196,25,-,2 x 2,-,29225,-,-,-,-,-,-,-,-,-,13,15,-,-,25,-,1,3,-,-,-,-,-,-,-,-,-,-,-,-,-,-,-,-,-,-,-,205,9,30kHz,608,-,4,1,-,-,New trans.,0,0,64QAM,67,1,29225,199,14,0,0,Pass,1,QPSK,0,16,2,0,15,30kHz,Re trans.,-,496,
20260725 14:46:58.140,24.827574,102.852744,2.05,1956,3,1,0.00,0.00,,,,,,,1,SA,460,00,中国移动,4456484,6443491339,1573118,11,Normal,-,1,41,-,-,504990,-,558,-,-,30kHz,-,-,-,ms20,-,SA,-0.6,8,1,-,105,-88.5,-11.2,10.2,1,-,-,6312,-50.3,-,-,-91.5;-86.6;-95.2;-84.6,-,14.8;14;255;255,13.8;13.8;255;255,-57;-50.3,2;1;2;7;4;2;2;7;7;6;6;0;5,560;558;558;558;558;497;239;237;496;793;532;997;835,-95.5;-88;-95.2;-107.8;-107.9;-98.9;-101.1;-97.1;-98.4;-107.5;-111.9;-101.2;-105.9,-14.3;-10.9;-15;-20.8;-18;-17.6;-19.1;-14;-15.3;-19;-21.6;-15.9;-16.5,255;255;255;255;255;255;255;255;255;255;255;255;255,1;0;0;0;0;0;0;0;0;0,504990;504990;504990;504990;504990;504990;504990;504990;504990;504990,558;560;237;497;496;997;239;835;793;532,1;2;7;2;7;0;2;5;6;6,-,4;1;1;1;1;1;1;1;1;1,-88.5;-95.8;-97.1;-98.7;-99.2;-101.2;-102.2;-105.9;-107.5;-111.9,-11.2;-14.3;-14;-17.6;-14.9;-15.9;-17.7;-16.5;-19;-21.6,10.2;255;255;255;255;255;255;255;255;255,0.3,3,0,QPSK,-,100,0,0,0,0.00,0.00,0.00,0.00,0,1,Rank 1,16,148,8,69,-,69,11,16.6,30,15,64QAM,0,SMDL,0,0,100,0.00,0.00,0.01,0.07,Rank 2,4,64,19,-,2 x 2,-,29225,-,-,-,-,-,-,-,-,-,13,16,-,-,19,-,1,7,-,-,-,-,-,-,-,-,-,-,-,-,-,-,-,-,-,-,-,309,18,30kHz,560,-,4,1,-,-,New trans.,0,0,64QAM,59,1,29225,304,13,0,0,Pass,0,QPSK,0,16,1,0,15,30kHz,Re trans.,-,600,
20260725 14:46:59.152,24.827573,102.852735,3.89,1957,3,1,0.00,0.00,,,,,,,1,SA,460,00,中国移动,4456484,6443491339,1573118,11,Normal,-,1,41,-,-,504990,-,558,-,-,30kHz,-,-,-,ms20,-,SA,-0.6,8,1,-,102,-84.6,-10.7,13.1,1,-,-,6312,-49.5,-,-,-84.2;-87.5;-96.2;-87.7,-,12.2;9.4;255;255,13.2;16.2;255;255,-51.9;-49.5,2;1;0;2;5;5;2;7;7;6;6;0;5;0,560;558;558;558;558;497;239;237;496;793;532;997;835;125,-92.9;-84.4;-104.1;-97.7;-106.1;-112.3;-100;-97.8;-99;-115;-107.1;-100.9;-110.4;-118.2,-13.1;-10.6;-16.4;-16.3;-15;-21.5;-16.4;-13.4;-15;-22.6;-17.1;-14.8;-19.6;-25.1,255;255;255;255;255;255;255;255;255;255;255;255;255;255,1;0;0;0;0;0;0;0;0;0;0,504990;504990;504990;504990;504990;504990;504990;504990;504990;504990;504990,558;560;237;496;239;997;497;532;835;793;125,1;2;7;7;2;0;5;6;5;6;0,-,4;1;1;1;1;1;1;1;1;1;1,-84.6;-92.9;-98.1;-100.3;-100.8;-101.2;-106;-107.1;-110.4;-115;-119,-10.7;-13.1;-13.8;-15.8;-15.7;-16.3;-20.7;-17.1;-19.6;-22.6;-25.6,13.1;255;255;255;255;255;255;255;255;255;255,0,0,0,QPSK,-,100,0,0,0,0.00,0.00,0.00,0.00,0,1,Rank 1,16,48,2,69,-,69,10,15.4,30,14,64QAM,0,SMDL,0,0,100,0.00,0.00,0.01,0.08,Rank 2,4,80,16,-,2 x 2,-,29225,-,-,-,-,-,-,-,-,-,12,15,-,-,16,-,1,2,-,-,-,-,-,-,-,-,-,-,-,-,-,-,-,-,-,-,-,420,8,30kHz,608,-,4,1,-,-,-,0,0,64QAM,59,1,29225,415,13,0,0,Pass,0,QPSK,0,16,1,0,15,30kHz,Re trans.,-,207,
20260725 14:47:00.160,24.827581,102.852739,7.52,1956,3,1,0.00,0.00,,,,,,,1,SA,460,00,中国移动,4456484,6443491339,1573118,11,Normal,-,1,41,-,-,504990,-,558,-,-,30kHz,-,-,-,ms20,-,SA,-0.6,8,1,-,102,-84.8,-10.8,9.8,1,-,-,6312,-40.5,-,-,-90.2;-88.8;-100.4;-91.6,-,5;12.7;18.2;5.9,13.7;15.5;255;255,-48;-40.5,2;1;2;0;7;4;7;7;0;6;6;1;7,560;558;558;558;558;497;239;237;496;793;532;997;238,-94.3;-84.5;-94.5;-104;-105.9;-115.7;-99.1;-92.9;-104.8;-106.8;-127.1;-103.8;-103,-14.4;-10.7;-13.9;-17.4;-23.1;-23;-16.6;-11.8;-18.4;-17.7;-29.3;-21.3;-20.6,255;255;255;255;255;255;255;255;255;255;255;255;255,1;0;0;0;0;0;0;0;0;0,504990;504990;504990;504990;504990;504990;504990;504990;504990;504990,558;237;560;997;239;238;496;793;497;532,1;7;2;1;7;7;0;6;4;6,-,4;1;1;1;1;1;1;1;1;1,-84.8;-92.9;-94.6;-99.3;-100.1;-103;-105.5;-106.8;-108;-127.1,-10.8;-11.8;-14.6;-17.1;-16.2;-20.6;-19.3;-17.7;-20.7;-29.3,9.8;255;255;255;255;255;255;255;255;255,3.2,28,0,QPSK,-,100,0,0,0,0.00,0.00,0.00,0.00,12.5,2,Rank 1,17,160,8,28,-,28,8,16.4,30,15,64QAM,0,SMDL,0,0,100,0.00,0.00,0.01,0.10,Rank 2,4,96,30,-,2 x 2,-,29225,-,-,-,-,-,-,-,-,-,12,18,-,-,30,-,1,8,-,-,-,-,-,-,-,-,-,-,-,-,-,-,-,-,-,-,-,516,9,30kHz,608,-,4,1,-,-,New trans.,0,0,64QAM,59,1,29225,513,11,0,4,Pass,0,QPSK,0,40,1,0,0,30kHz,Re trans.,-,537,
20260725 14:47:01.172,24.827578,102.852743,8.75,1956,3,1,0.00,0.00,,,,,,,1,SA,460,00,中国移动,4456484,6443491339,1573118,11,Normal,-,1,41,-,-,504990,-,558,-,-,30kHz,-,-,-,ms20,-,SA,-0.6,7,1,-,105,-87.5,-11.4,8.5,1,-,-,6312,-50.9,-,-,-92;-89.8;-102.8;-92.9,-,10.7;7.3;255;255,15.8;13.9;255;255,-53.5;-50.9,2;1;2;0;5;2;7;7;7;6;6;1;6;3,560;558;558;558;558;497;239;237;496;793;532;997;238;125,-93.1;-87.1;-93.6;-107.1;-105.6;-98.4;-99.5;-93.9;-97.4;-115.9;-109.6;-98.9;-106.6;-127.4,-13.8;-11.1;-14.9;-20.2;-15.8;-18.7;-17.1;-12.4;-15.1;-23.2;-20.3;-19.9;-18.5;-28.8,255;255;255;255;255;255;255;255;255;255;255;255;255;255,1;0;0;0;0;0;0;0;0;0;0,504990;504990;504990;504990;504990;504990;504990;504990;504990;504990;504990,558;560;237;997;496;497;239;238;532;793;125,1;2;7;1;7;2;7;6;6;6;3,-,4;1;1;1;1;1;1;1;1;1;1,-87.5;-93.3;-94;-97.9;-98.3;-98.4;-101.4;-105.6;-109.6;-115.9;-127.7,-11.4;-13.6;-12.5;-15.9;-15.4;-18.7;-17.1;-19.6;-20.3;-23.2;-29.1,8.5;255;255;255;255;255;255;255;255;255;255,8,28,0,QPSK,-,91.7,8.3,0,0,0.00,0.00,0.01,0.01,27.3,2,Rank 1,20,248,12,66,-,66,10,15,17,15,64QAM,0,SMDL,0,4.3,95.7,0.00,0.00,0.01,0.10,Rank 2,4,92,37,-,2 x 2,-,29225,-,-,-,-,-,-,-,-,-,13,20,-,-,37,-,1,11,-,-,-,-,-,-,-,-,-,-,-,-,-,-,-,-,-,-,-,642,9,30kHz,608,-,4,1,-,-,New trans.,0,0,64QAM,80,1,29225,628,13,0,0,Pass,0,QPSK,1,16,2,0,15,30kHz,Re trans.,-,1070,
20260725 14:47:02.183,24.827571,102.852747,3.02,1956,3,1,0.00,0.00,,,,,,,1,SA,460,00,中国移动,4456484,6443491339,1573118,11,Normal,-,1,41,-,-,504990,-,558,-,-,30kHz,-,-,-,ms20,-,SA,-0.6,8,1,-,101,-83,-10.7,18.4,1,-,-,6312,-43.6,-,-,-81.1;-76.8;-93.9;-89.8,-,13.7;14.7;255;255,12.9;16.4;255;255,-49.1;-43.6,2;1;2;3;7;2;7;7;7;6;6;0;6,560;558;558;558;558;497;239;237;496;793;532;997;238,-91;-82.7;-89.7;-98.9;-99.7;-95.8;-96.9;-97;-98.4;-106.6;-105.6;-102.1;-105.6,-13.9;-10.4;-13.5;-13.8;-17.3;-19.7;-14.9;-14;-16.4;-19.1;-19.2;-15.5;-19.5,255;255;255;255;255;255;255;255;255;255;255;255;255,1;0;0;0;0;0;0;0;0;0,504990;504990;504990;504990;504990;504990;504990;504990;504990;504990,558;560;497;239;237;496;997;238;532;793,1;2;2;7;7;7;0;6;6;6,-,4;1;1;1;1;1;1;1;1;1,-83;-91;-95.4;-97.4;-97.4;-99.7;-102.1;-105;-105.6;-106.6,-10.7;-13.9;-19.5;-15.1;-14.1;-15.8;-15.6;-19;-19.2;-19.1,18.4;255;255;255;255;255;255;255;255;255,7.8,29,1,QPSK,-,84.6,15.4,0,0,0.00,0.00,0.03,0.03,24,2,Rank 1,19,512,25,42,-,42,10,16.6,30,16,64QAM,0,SMDL,0,0,100,0.00,0.00,0.04,0.21,Rank 2,4,184,62,-,2 x 2,-,29225,-,-,-,-,-,-,-,-,-,11,14,-,-,62,-,1,25,-,-,-,-,-,-,-,-,-,-,-,-,-,-,-,-,-,-,-,734,9,30kHz,560,-,4,1,-,-,New trans.,0,0,64QAM,67,1,29225,729,16,0,0,Pass,0,QPSK,0,16,2,0,15,30kHz,Re trans.,-,4283,
20260725 14:47:03.196,24.827571,102.852752,0.00,1956,3,1,0.00,0.00,,,,,,,1,SA,460,00,中国移动,4456484,6443491339,1573118,11,Normal,-,1,41,-,-,504990,-,558,-,-,30kHz,-,-,-,ms20,-,SA,-0.6,8,1,-,106,-88,-11.2,13.5,1,-,-,6312,-50.9,-,-,-90.5;-85.5;-99.3;-86.4,-,12.8;11.5;255;255,14.4;17.5;255;255,-51.9;-50.9,2;1;2;4;3;2;7;7;7;6;6;1,560;558;558;558;558;497;239;237;496;238;532;997,-93.9;-87.8;-96.2;-105.3;-102.1;-104.8;-104.4;-98.1;-107.7;-112.4;-102.4;-101.6,-13.1;-11;-14.7;-14.3;-14.2;-22.2;-18.7;-13.3;-20.6;-20.4;-14.4;-20.3,255;255;255;255;255;255;255;255;255;255;255;255,1;0;0;0;0;0;0;0;0,504990;504990;504990;504990;504990;504990;504990;504990;504990,558;560;237;532;997;497;239;496;238,1;2;7;6;1;2;7;7;6,-,4;1;1;1;1;1;1;1;1,-88;-94.6;-98.1;-102.4;-102.6;-103.8;-104.2;-105.1;-112.4,-11.2;-12.8;-13.3;-14.4;-18.1;-21.4;-17.6;-18.8;-20.4,13.5;255;255;255;255;255;255;255;255,2.6,28,0,QPSK,-,100,0,0,0,0.00,0.00,0.01,0.01,10,1,Rank 1,16,180,11,69,-,69,10,16.1,30,16,64QAM,0,SMDL,0,0,100,0.00,0.00,0.01,0.27,Rank 2,4,248,35,-,2 x 2,-,29225,-,-,-,-,-,-,-,-,-,11,23,-,-,35,-,1,11,-,-,-,-,-,-,-,-,-,-,-,-,-,-,-,-,-,-,-,852,9,30kHz,560,-,4,1,-,-,New trans.,0,0,64QAM,67,1,29225,847,1,0,0,Pass,1,QPSK,0,16,1,0,15,30kHz,Re trans.,-,887,
20260725 14:47:04.202,24.827574,102.852755,0.00,1955,3,1,0.00,0.00,,,,,,,1,SA,460,00,中国移动,4456484,6443491339,1573118,11,Normal,-,1,41,-,-,504990,-,558,-,-,30kHz,-,-,-,ms20,-,SA,-0.6,9,1,-,104,-85.4,-10.6,12.8,1,-,-,6312,-50,-,-,-87;-88.2;-96.7;-84.1,-,10.4;8.3;255;255,13.3;18;255;255,-50;-51.6,2;1;2;5;3;2;7;7;0;6;6;0,560;558;558;558;558;497;239;237;496;238;532;997,-94.1;-85.4;-95.1;-104.6;-103.2;-107.8;-102.7;-96.6;-103.9;-140.9;-104.4;-102.7,-14;-10.6;-14.5;-13.8;-16.5;-22.4;-19;-12.8;-16.2;-35.6;-15.5;-15.3,255;255;255;255;255;255;255;255;255;255;255;255,1;0;0;0;0;0;0;0;0,504990;504990;504990;504990;504990;504990;504990;504990;504990,558;560;237;997;496;239;532;497;238,1;2;7;0;0;7;6;2;6,-,4;1;1;1;1;1;1;1;1,-85.4;-94.2;-96.6;-102.7;-103.9;-103.9;-104.4;-107.8;-140.9,-10.6;-14;-12.8;-15.3;-16.1;-16.6;-15.5;-22.4;-35.6,12.8;255;255;255;255;255;255;255;255,2.6,28,0,QPSK,-,100,0,0,0,0.00,0.00,0.00,0.00,0,1,Rank 1,16,180,11,69,-,69,9,17.3,30,15,64QAM,0,SMDL,0,0,100,0.00,0.00,0.01,0.14,Rank 2,4,132,30,-,2 x 2,-,29225,-,-,-,-,-,-,-,-,-,12,19,-,-,30,-,1,5,-,-,-,-,-,-,-,-,-,-,-,-,-,-,-,-,-,-,-,946,9,30kHz,560,-,4,1,-,-,New trans.,0,0,64QAM,67,1,29225,946,13,0,0,Pass,1,QPSK,0,16,1,0,15,30kHz,Re trans.,-,276,
20260725 14:47:05.213,24.827577,102.852760,1.44,1955,3,1,0.00,0.00,,,,,,,1,SA,460,00,中国移动,4456484,6443491339,1573118,11,Normal,-,1,41,-,-,504990,-,558,-,-,30kHz,-,-,-,ms20,-,SA,-0.6,8,1,-,105,-85.4,-10.9,11.1,1,-,-,6312,-48.3,-,-,-93.5;-83.7;-94;-89.9,-,8;11.1;255;255,12.9;14.2;255;255,-57.4;-48.3,2;1;2;0;3;2;7;7;0;6;6;0,560;558;558;558;558;497;239;237;496;793;532;997,-94.2;-85;-91.8;-100.3;-102.5;-107.2;-99.7;-100.1;-103.1;-110.7;-106.5;-99.6,-15.1;-10.6;-12.7;-15.2;-14.5;-19.9;-14.8;-14.5;-18.3;-21.5;-17.5;-13,255;255;255;255;255;255;255;255;255;255;255;255,1;0;0;0;0;0;0;0;0,504990;504990;504990;504990;504990;504990;504990;504990;504990,558;560;997;237;239;497;496;532;793,1;2;0;7;7;2;0;6;6,-,4;1;1;1;1;1;1;1;1,-85.4;-94.2;-99.6;-100.1;-101.1;-102.6;-104.6;-106.5;-110.7,-10.9;-15.1;-13;-14.5;-15.9;-17.4;-18.8;-17.5;-21.5,11.1;255;255;255;255;255;255;255;255,0,0,0,QPSK,-,100,0,0,0,0.00,0.00,0.00,0.00,0,1,Rank 1,16,64,6,69,-,69,9,16.8,30,16,64QAM,0,SMDL,0,0,100,0.00,0.00,0.02,0.08,Rank 2,4,84,30,-,2 x 2,-,29225,-,-,-,-,-,-,-,-,-,13,18,-,-,30,-,1,5,-,-,-,-,-,-,-,-,-,-,-,-,-,-,-,-,-,-,-,13,18,30kHz,608,-,4,1,-,-,New trans.,0,0,64QAM,72,0,29225,9,4,0,0,Pass,1,QPSK,0,16,1,0,15,30kHz,Re trans.,-,276,
20260725 14:47:06.225,24.827578,102.852767,1.48,1954,3,1,0.00,0.00,,,,,,,1,SA,460,00,中国移动,4456484,6443491339,1573118,11,Normal,-,1,41,-,-,504990,-,558,-,-,30kHz,-,-,-,ms20,-,SA,-0.6,9,1,-,107,-90.6,-11.8,9.2,1,-,-,6312,-55.1,-,-,-98.9;-94.9;-92.9;-93.6,-,10.5;12.4;255;255,17.6;18.6;255;255,-56.6;-55.1,2;1;2;3;0;4;7;7;0;7;6;1,560;558;558;558;558;497;239;237;496;238;532;997,-92.3;-90;-94.9;-101.8;-105.5;-111.4;-103.9;-102.7;-109;-107.2;-110.4;-109.9,-12.5;-11.1;-14.2;-13.9;-16.2;-19;-15.5;-14.2;-19.9;-18.8;-17.4;-22,255;255;255;255;255;255;255;255;255;255;255;255,1;0;0;0;0;0;0;0;0,504990;504990;504990;504990;504990;504990;504990;504990;504990,558;560;237;997;239;238;496;497;532,1;2;7;1;7;7;0;4;6,-,4;1;1;1;1;1;1;1;1,-90.6;-92.3;-103.4;-103.6;-105.2;-107.2;-107.3;-109;-110.4,-11.8;-12.5;-14.6;-16.1;-16.6;-18.8;-18.4;-18.6;-17.4,9.2;255;255;255;255;255;255;255;255,0,0,0,QPSK,-,100,0,0,0,0.00,0.00,0.00,0.00,0,1,Rank 1,16,48,3,14,-,14,7,17.1,30,16,64QAM,0,SMDL,0,0,100,0.00,0.00,0.01,0.04,Rank 2,4,32,19,-,2 x 2,-,29225,-,-,-,-,-,-,-,-,-,13,25,-,-,19,-,1,3,-,-,-,-,-,-,-,-,-,-,-,-,-,-,-,-,-,-,-,131,9,30kHz,656,-,4,1,-,-,New trans.,0,0,64QAM,68,1,29225,129,11,0,4,Pass,0,QPSK,0,20,1,0,0,30kHz,Re trans.,-,207,
20260725 14:47:07.234,24.827578,102.852767,1.48,1954,3,1,0.00,0.00,,,,,,,1,SA,460,00,中国移动,4456484,6443491339,1573118,11,Normal,-,1,41,-,-,504990,-,558,-,-,30kHz,-,-,-,ms20,-,SA,-0.6,9,1,-,102,-83.3,-10.6,13.6,1,-,-,6312,-47.6,-,-,-85.1;-82.3;-96.2;-89.1,-,11.2;14.6;255;255,17.9;17.9;255;255,-49.8;-47.6,2;1;2;3;4;3;0;7;0;7;6;0,560;558;558;558;558;497;239;237;496;238;532;997,-96.2;-83.3;-93.2;-98.6;-102.9;-108.9;-105.2;-102.1;-104.7;-106.3;-106.8;-107.5,-13.4;-10.6;-12;-11.7;-13.3;-21.7;-17.4;-14.7;-16.5;-18.9;-16.9;-19.2,255;255;255;255;255;255;255;255;255;255;255;255,1;0;0;0;0;0;0;0;0,504990;504990;504990;504990;504990;504990;504990;504990;504990,558;560;237;239;496;238;532;997;497,1;2;7;0;0;7;6;0;3,-,4;1;1;1;1;1;1;1;1,-83.3;-97.2;-102.1;-105;-105.2;-106.3;-106.8;-107.5;-108.7,-10.6;-13.3;-14.5;-17.3;-16.7;-18.9;-16.9;-19.3;-21.5,13.6;255;255;255;255;255;255;255;255,0.5,5,0,QPSK,-,90.9,9.1,0,0,0.00,0.00,0.01,0.01,0,1,Rank 1,17,196,10,69,-,69,10,17.2,30,17,64QAM,0,SMDL,0,0,100,0.01,0.01,0.02,0.21,Rank 2,4,180,45,-,2 x 2,-,29225,-,-,-,-,-,-,-,-,-,12,15,-,-,45,-,1,9,-,-,-,-,-,-,-,-,-,-,-,-,-,-,-,-,-,-,-,191,19,30kHz,512,-,4,1,-,-,New trans.,0,0,64QAM,68,2,29225,184,13,0,0,Pass,0,QPSK,0,16,1,0,15,30kHz,Re trans.,-,1165,
20260725 14:47:08.247,24.827591,102.852783,0.00,1954,3,1,0.00,0.00,,,,,,,1,SA,460,00,中国移动,4456484,6443491339,1573118,11,Normal,-,1,41,-,-,504990,-,558,-,-,30kHz,-,-,-,ms20,-,SA,-0.6,8,1,-,103,-83.1,-10.5,12.6,1,-,-,6312,-51.3,-,-,-91.1;-85.1;-102.5;-86.6,-,11.2;9.5;255;255,17.3;19.4;255;255,-53;-51.3,2;1;2;3;4;4;7;7;7;7;6;0;0,560;558;558;558;558;497;239;237;496;238;532;997;125,-87.4;-82.7;-90.2;-97.7;-100.4;-108;-100.3;-98.7;-103.3;-153.9;-101.5;-107.9;-104.8,-11;-10.4;-12.5;-12;-11.9;-19.7;-14.1;-13.3;-17.2;-42;-14.7;-19;-17.7,255;255;255;255;255;255;255;255;255;255;255;255;255,1;0;0;0;0;0;0;0;0;0,504990;504990;504990;504990;504990;504990;504990;504990;504990;504990,558;560;237;239;532;125;496;997;497;238,1;2;7;7;6;0;7;0;4;7,-,4;1;1;1;1;1;1;1;1;1,-83.1;-87.5;-98.9;-101.4;-101.5;-104.8;-105.3;-107.9;-108.4;-153.9,-10.5;-11;-13.5;-15.3;-14.7;-17.7;-18.8;-19;-18.4;-42,12.6;255;255;255;255;255;255;255;255;255,0.5,5,0,QPSK,-,90.9,9.1,0,0,0.00,0.00,0.00,0.00,0,1,Rank 1,17,196,3,209,-,209,9,15.3,30,14,64QAM,0,SMDL,0,0,100,0.00,0.00,0.02,0.04,Rank 2,4,40,10,-,2 x 2,-,29225,-,-,-,-,-,-,-,-,-,13,18,-,-,10,-,1,2,-,-,-,-,-,-,-,-,-,-,-,-,-,-,-,-,-,-,-,334,9,30kHz,512,-,4,1,-,-,New trans.,0,0,64QAM,83,1,29225,334,4,0,0,Pass,0,QPSK,28,32,2,0,15,30kHz,New trans.,-,1165,
20260725 14:47:09.255,24.827593,102.852787,0.00,1954,3,1,0.00,0.00,,,,,,,1,SA,460,00,中国移动,4456484,6443491339,1573118,11,Normal,-,1,41,-,-,504990,-,558,-,-,30kHz,-,-,-,ms20,-,SA,-0.6,9,1,-,102,-84.3,-10.4,17.8,1,-,-,6312,-47.4,-,-,-84.2;-83.9;-100.5;-92.9,-,17.8;13.9;255;255,16.6;17.4;255;255,-49.4;-47.4,2;1;2;3;6;4;0;7;0;0;6;0;4,560;558;558;558;558;497;239;237;496;125;532;997;533,-88.7;-84.3;-94.5;-104.1;-104.5;-109.4;-103.2;-101.5;-101.1;-108.1;-104.2;-107.5;-151.3,-11.3;-10.4;-17.4;-16;-16.3;-17.4;-16.5;-13.5;-14.5;-21.6;-14.9;-16.3;-40.6,255;255;255;255;255;255;255;255;255;255;255;255;255,1;0;0;0;0;0;0;0;0;0,504990;504990;504990;504990;504990;504990;504990;504990;504990;504990,558;560;237;496;532;239;997;125;497;533,1;2;7;0;6;0;0;0;4;4,-,4;1;1;1;1;1;1;1;1;1,-84.3;-88.7;-101.5;-102.5;-104.2;-104.3;-107.5;-108.1;-109.4;-151.3,-10.4;-11.3;-13.5;-15.9;-14.9;-17.6;-16.3;-21.6;-17.3;-40.6,17.8;255;255;255;255;255;255;255;255;255,4.3,28,0,QPSK,-,100,0,0,0,0.00,0.00,0.01,0.01,11.1,1,Rank 1,18,148,3,69,-,69,9,15.9,19,17,64QAM,0,SMDL,0,6.7,93.3,0.00,0.00,0.00,0.07,Rank 2,4,60,10,-,2 x 2,-,29225,-,-,-,-,-,-,-,-,-,12,23,-,-,10,-,1,2,-,-,-,-,-,-,-,-,-,-,-,-,-,-,-,-,-,-,-,431,8,30kHz,560,-,4,1,-,-,New trans.,0,0,64QAM,68,1,29225,426,14,0,0,Pass,0,QPSK,0,16,1,0,15,30kHz,Re trans.,-,771,
20260725 14:47:10.269,24.827595,102.852790,0.00,1954,3,1,0.00,0.00,,,,,,,1,SA,460,00,中国移动,4456484,6443491339,1573118,11,Normal,-,1,41,-,-,504990,-,558,-,-,30kHz,-,-,-,ms20,-,SA,-0.6,9,1,-,100,-83.3,-10.4,19.3,1,-,-,6312,-47.1,-,-,-83.8;-84.8;-99.1;-91.1,-,18.9;14;255;255,18.4;17.2;255;255,-48;-47.1,2;1;2;3;6;5;7;7;7;0;6;0,560;558;558;558;558;497;239;237;496;125;532;997,-88.6;-83.3;-92.4;-101.5;-102.6;-108.9;-104;-98.2;-99.6;-138.7;-105.3;-106.9,-11.6;-10.4;-15.8;-13.8;-14.8;-18.6;-19.9;-11.9;-15.5;-35;-18;-16.5,255;255;255;255;255;255;255;255;255;255;255;255,1;0;0;0;0;0;0;0;0,504990;504990;504990;504990;504990;504990;504990;504990;504990,558;560;237;496;532;239;997;497;125,1;2;7;7;6;7;0;5;0,-,4;1;1;1;1;1;1;1;1,-83.3;-88.6;-98.2;-101.1;-105.3;-105.6;-106.9;-108.8;-138.7,-10.4;-11.6;-11.9;-15.5;-18;-19.5;-16.5;-18.6;-35,19.3;255;255;255;255;255;255;255;255,0,0,0,QPSK,-,100,0,0,0,0.00,0.00,0.00,0.00,0,2,Rank 1,17,172,15,42,-,42,9,16.6,30,19,64QAM,0,SMDL,0,2.7,97.3,0.00,0.00,0.01,0.17,Rank 2,4,148,52,-,2 x 2,-,29225,-,-,-,-,-,-,-,-,-,13,20,-,-,52,-,1,14,-,-,-,-,-,-,-,-,-,-,-,-,-,-,-,-,-,-,-,531,9,30kHz,608,-,4,1,-,-,New trans.,0,0,64QAM,83,1,29225,528,5,0,0,Pass,0,QPSK,0,16,2,0,15,30kHz,Re trans.,-,559,
20260725 14:47:11.280,24.827595,102.852791,0.00,1954,3,1,0.00,0.00,,,,,,,1,SA,460,00,中国移动,4456484,6443491339,1573118,11,Normal,-,1,41,-,-,504990,-,558,-,-,30kHz,-,-,-,ms20,-,SA,-0.6,9,1,-,100,-80.9,-10.4,19.4,1,-,-,6312,-44.1,-,-,-84;-79.6;-99.5;-94.4,-,21.3;19.4;255;255,18.1;17.3;255;255,-47.8;-44.1,2;1;2;0;3;2;3;7;0;0;6;0,560;558;558;558;558;497;239;237;496;125;532;997,-87.3;-80.9;-93.6;-102;-101.1;-100.8;-106.2;-99;-100.6;-114.3;-106.2;-108.8,-11.6;-10.4;-17.6;-15.7;-13.5;-18.9;-18.6;-13.8;-14.2;-24.2;-17.5;-19.5,255;255;255;255;255;255;255;255;255;255;255;255,1;0;0;0;0;0;0;0;0,504990;504990;504990;504990;504990;504990;504990;504990;504990,558;560;237;497;496;239;532;997;125,1;2;7;2;0;3;6;0;0,-,4;1;1;1;1;1;1;1;1,-80.9;-87.3;-99;-101;-101.2;-106.2;-106.2;-108.8;-114.3,-10.4;-11.6;-13.8;-18.9;-15.5;-17.2;-17.5;-19.5;-24.2,19.4;255;255;255;255;255;255;255;255,0,0,0,QPSK,-,100,0,0,0,0.00,0.00,0.00,0.00,0,2,Rank 1,17,172,9,66,-,66,9,14.6,17,16,64QAM,0,SMDL,0,4.2,95.8,0.00,0.00,0.01,0.10,Rank 2,4,96,23,-,2 x 2,-,29225,-,-,-,-,-,-,-,-,-,13,16,-,-,23,-,1,8,-,-,-,-,-,-,-,-,-,-,-,-,-,-,-,-,-,-,-,590,19,30kHz,608,-,4,1,-,-,New trans.,0,0,64QAM,83,1,29225,585,14,0,0,Pass,0,QPSK,1,16,2,0,15,30kHz,Re trans.,-,559,
20260725 14:47:12.289,24.827596,102.852792,0.00,1954,3,1,0.00,0.00,,,,,,,1,SA,460,00,中国移动,4456484,6443491339,1573118,11,Normal,-,1,41,-,-,504990,-,558,-,-,30kHz,-,-,-,ms20,-,SA,-0.6,9,1,-,97,-80.1,-10.4,20.2,1,-,-,6312,-45.8,-,-,-83.2;-80.6;-102.3;-91,-,20.8;16;255;255,18.8;17.4;255;255,-47.4;-45.8,2;1;2;5;3;2;7;7;0;0;6;0,560;558;558;558;558;497;239;237;496;125;532;997,-87.3;-80.1;-93.3;-101.8;-101.7;-117.3;-103.2;-97.2;-100.6;-122.8;-106;-112.2,-11.6;-10.4;-14.9;-13;-14;-26.9;-15.6;-13.9;-14.5;-27.3;-18;-21.1,255;255;255;255;255;255;255;255;255;255;255;255,1;0;0;0;0;0;0;0;0,504990;504990;504990;504990;504990;504990;504990;504990;504990,558;560;237;496;239;532;497;997;125,1;2;7;0;7;6;2;0;0,-,4;1;1;1;1;1;1;1;1,-80.1;-87.3;-97.2;-101.8;-104.5;-106;-106.6;-112.2;-122.8,-10.4;-11.6;-13.9;-16.2;-15.6;-18;-21.1;-21.1;-27.3,20.2;255;255;255;255;255;255;255;255,0.8,4,0,QPSK,-,100,0,0,0,0.00,0.00,0.00,0.00,0,1,Rank 1,16,148,2,19,-,19,9,14.4,16,13,64QAM,0,SMDL,0,0,100,0.00,0.00,0.00,0.04,Rank 2,4,44,15,-,2 x 2,-,29225,-,-,-,-,-,-,-,-,-,12,17,-,-,15,-,1,2,-,-,-,-,-,-,-,-,-,-,-,-,-,-,-,-,-,-,-,699,18,30kHz,608,-,4,1,-,-,New trans.,0,0,64QAM,83,1,29225,705,11,0,4,Pass,0,QPSK,0,28,1,0,0,30kHz,Re trans.,-,659,
20260725 14:47:13.302,24.827596,102.852792,0.00,1954,3,1,0.00,0.00,,,,,,,1,SA,460,00,中国移动,4456484,6443491339,1573118,11,Normal,-,1,41,-,-,504990,-,558,-,-,30kHz,-,-,-,ms20,-,SA,-0.6,9,1,-,108,-88.7,-12,9.2,1,-,-,6312,-54,-,-,-96.5;-89.5;-96.7;-87.8,-,4.5;8.4;255;255,16.7;17.8;255;255,-56.5;-54,2;1;2;3;4;2;0;7;7;0;6;1,560;558;558;558;558;497;239;237;496;125;532;997,-89.3;-88.2;-91.4;-101.4;-103.6;-101.3;-103.8;-93.5;-98;-110.1;-104.6;-98.3,-12.5;-10.9;-14.7;-13.3;-15.3;-20.4;-16.1;-12;-14.1;-21.2;-14.4;-18,255;255;255;255;255;255;255;255;255;255;255;255,1;0;0;0;0;0;0;0;0,504990;504990;504990;504990;504990;504990;504990;504990;504990,558;560;237;496;997;497;239;532;125,1;2;7;7;1;2;0;6;0,-,4;1;1;1;1;1;1;1;1,-88.7;-89.3;-93.5;-99.9;-100.7;-101.4;-104;-104.6;-110.1,-12;-12.5;-12;-14.8;-18.1;-19.2;-17.4;-14.4;-21.2,9.2;255;255;255;255;255;255;255;255,0,0,0,QPSK,-,100,0,0,0,0.00,0.00,0.00,0.00,0,1,Rank 1,18,92,4,69,-,69,9,14.3,16,14,64QAM,0,SMDL,0,0,100,0.00,0.00,0.00,0.04,Rank 2,4,44,12,-,2 x 2,-,29225,-,-,-,-,-,-,-,-,-,14,26,-,-,12,-,1,3,-,-,-,-,-,-,-,-,-,-,-,-,-,-,-,-,-,-,-,830,18,30kHz,848,-,4,1,-,-,-,0,0,256QAM,83,0,29225,826,13,0,0,Pass,0,QPSK,0,16,1,0,15,30kHz,Re trans.,-,241,
20260725 14:47:14.314,24.827596,102.852792,0.00,1954,3,1,0.00,0.00,,,,,,,1,SA,460,00,中国移动,4456484,6443491339,1573118,11,Normal,-,1,41,-,-,504990,-,558,-,-,30kHz,-,-,-,ms20,-,SA,-0.6,9,1,-,110,-90.2,-12.1,12.8,1,-,-,6312,-50,-,-,-86.7;-88.4;-95.2;-89.4,-,14.5;12.9;255;255,17.4;17;255;255,-50;-51.6,2;1;2;5;6;2;7;7;7;0;6;0,560;558;558;558;558;497;239;237;496;125;532;997,-93;-90;-95.5;-102.9;-106;-132.3;-103;-97.2;-99.2;-120.3;-105.8;-105.2,-12.4;-11.2;-16.6;-12.6;-16;-32.8;-17.7;-13.5;-14.7;-26.7;-15.8;-17,255;255;255;255;255;255;255;255;255;255;255;255,1;0;0;0;0;0;0;0;0,504990;504990;504990;504990;504990;504990;504990;504990;504990,558;560;237;496;239;997;532;497;125,1;2;7;7;7;0;6;2;0,-,4;1;1;1;1;1;1;1;1,-90.2;-93.6;-97.2;-100.6;-102.9;-102.9;-105.8;-108.2;-120.3,-12.1;-12.2;-13.5;-15.1;-16.1;-17;-15.8;-19.5;-26.7,12.8;255;255;255;255;255;255;255;255,0,0,0,QPSK,-,100,0,0,0,0.00,0.00,0.00,0.00,0,1,Rank 1,16,112,7,69,-,69,9,21.8,31,19,64QAM,0,SMDL,0,0,65.5,0.00,0.00,0.05,0.16,Rank 2,4,116,33,-,2 x 2,-,29225,-,-,-,-,-,-,-,-,-,13,19,-,-,33,-,1,7,-,-,-,-,-,-,-,-,-,-,-,-,-,-,-,-,-,-,-,919,9,30kHz,560,-,4,1,-,-,New trans.,0,0,64QAM,83,1,29225,914,13,0,0,Pass,0,QPSK,0,16,1,0,15,30kHz,Re trans.,-,483,
20260725 14:47:15.325,24.827596,102.852792,0.00,1954,3,1,0.00,0.00,,,,,,,1,SA,460,00,中国移动,4456484,6443491339,1573118,11,Normal,-,1,41,-,-,504990,-,558,-,-,30kHz,-,-,-,ms20,-,SA,-0.6,9,1,-,100,-85,-10.6,17.5,1,-,-,6312,-46,-,-,-82.4;-86.2;-107.7;-89.5,-,11;13.6;255;255,18;16;255;255,-46;-47.5,2;1;2;0;6;2;7;7;7;0;6;0,560;558;558;558;558;497;239;237;496;125;532;997,-94.4;-85;-101;-106.6;-108;-102.8;-101;-95.9;-101.5;-104.6;-104.6;-106.8,-12.3;-10.6;-17.7;-18.2;-17.7;-17.6;-15.8;-12.4;-17.8;-17.5;-14.8;-19.5,255;255;255;255;255;255;255;255;255;255;255;255,1;0;0;0;0;0;0;0;0,504990;504990;504990;504990;504990;504990;504990;504990;504990,558;560;237;239;496;497;125;532;997,1;2;7;7;7;2;0;6;0,-,4;1;1;1;1;1;1;1;1,-85;-94.6;-96;-102.3;-102.6;-102.9;-104.6;-104.6;-106.8,-10.6;-12.2;-12.4;-15.5;-15.7;-17.3;-17.5;-14.8;-19.5,17.5;255;255;255;255;255;255;255;255,0,0,0,QPSK,-,100,0,0,0,0.00,0.00,0.01,0.01,9.1,1,Rank 1,16,112,7,69,-,69,8,14.2,30,10,64QAM,0,SMDL,0,34.6,65.4,0.00,0.00,0.02,0.09,Rank 2,4,104,33,-,2 x 2,-,29225,-,-,-,-,-,-,-,-,-,14,16,-,-,33,-,1,7,-,-,-,-,-,-,-,-,-,-,-,-,-,-,-,-,-,-,-,1001,19,30kHz,512,-,4,1,-,-,New trans.,0,0,64QAM,84,0,29225,994,13,0,0,Pass,1,QPSK,0,16,1,0,15,30kHz,Re trans.,-,483,
20260725 14:47:16.337,24.827595,102.852793,0.00,1954,3,1,0.00,0.00,,,,,,,1,SA,460,00,中国移动,4456484,6443491339,1573118,11,Normal,-,1,41,-,-,504990,-,558,-,-,30kHz,-,-,-,ms20,-,SA,-0.6,10,1,-,104,-84.5,-10.5,14.4,1,-,-,6312,-49.9,-,-,-84.2;-89.7;-103;-88.5,-,11.8;11.6;255;255,17;14.8;255;255,-49.9;-52.5,2;1;2;0;7;2;7;7;7;3;6;0;7,560;558;558;558;558;497;239;237;496;125;532;997;722,-89.5;-84.5;-96;-103.1;-103.4;-98.1;-99.1;-100.4;-98.8;-129.2;-105.2;-106.8;-102,-11.7;-10.5;-16.4;-15.8;-19.6;-19.2;-14.8;-14.9;-15.2;-30.5;-16.1;-20.3;-18.1,255;255;255;255;255;255;255;255;255;255;255;255;255,1;0;0;0;0;0;0;0;0;0,504990;504990;504990;504990;504990;504990;504990;504990;504990;504990,558;560;497;496;237;239;722;532;997;125,1;2;2;7;7;7;7;6;0;3,-,4;1;1;1;1;1;1;1;1;1,-84.5;-89.5;-98.2;-99.7;-99.8;-100.3;-102;-105.2;-106.8;-129.3,-10.5;-11.7;-19.2;-14.8;-14.4;-14.9;-18.1;-16.1;-20.3;-30.6,14.4;255;255;255;255;255;255;255;255;255,2.6,28,0,QPSK,-,100,0,0,0,0.00,0.00,0.00,0.00,0,2,Rank 1,17,208,12,69,-,69,9,11.8,29,8,16QAM,0,SMDL,0,73.3,26.7,0.00,0.00,0.02,0.12,Rank 2,4,188,47,-,2 x 2,-,29225,-,-,-,-,-,-,-,-,-,12,19,-,-,47,-,1,12,-,-,-,-,-,-,-,-,-,-,-,-,-,-,-,-,-,-,-,103,19,30kHz,560,-,4,1,-,-,New trans.,0,0,64QAM,84,1,29225,98,13,0,0,Pass,1,QPSK,0,16,1,0,15,30kHz,Re trans.,-,923,
20260725 14:47:17.346,24.827591,102.852796,3.38,1954,3,1,0.00,0.00,,,,,,,1,SA,460,00,中国移动,4456484,6443491339,1573118,11,Normal,-,1,41,-,-,504990,-,558,-,-,30kHz,-,-,-,ms20,-,SA,-0.6,9,1,-,101,-82.7,-10.6,16.7,1,-,-,6312,-50,-,-,-81.5;-82.6;-107;-91.1,-,9.9;17.8;255;255,19.1;13.8;255;255,-51;-50,2;1;2;0;6;2;7;7;0;6;6;0;7,560;558;558;558;558;497;239;237;496;793;532;997;722,-88.6;-82.7;-103.9;-100.7;-106.6;-101;-102;-96.7;-100.7;-128.1;-105;-120.1;-103.2,-11.4;-10.6;-21;-14.4;-17.8;-19.4;-18.2;-13.6;-14.9;-29.2;-16;-26.1;-19.8,255;255;255;255;255;255;255;255;255;255;255;255;255,1;0;0;0;0;0;0;0;0;0,504990;504990;504990;504990;504990;504990;504990;504990;504990;504990,558;560;237;497;496;722;239;532;997;793,1;2;7;2;0;7;7;6;0;6,-,4;1;1;1;1;1;1;1;1;1,-82.7;-88.7;-97.2;-98.6;-99.4;-103.2;-103.2;-105;-120.1;-128.1,-10.6;-11.4;-13.7;-17.7;-15.3;-19.8;-17.5;-16;-26.1;-29.2,16.7;255;255;255;255;255;255;255;255;255,1,5,0,QPSK,-,88.9,11.1,0,0,0.00,0.00,0.00,0.00,0,1,Rank 1,16,144,9,69,-,69,9,18.3,30,16,64QAM,0,SMDL,0,0,100,0.00,0.00,0.01,0.07,Rank 2,4,64,31,-,2 x 2,-,29225,-,-,-,-,-,-,-,-,-,12,14,-,-,31,-,1,9,-,-,-,-,-,-,-,-,-,-,-,-,-,-,-,-,-,-,-,207,19,30kHz,560,-,4,1,-,-,New trans.,0,0,64QAM,83,1,29225,202,13,0,0,Pass,1,QPSK,0,16,1,0,15,30kHz,Re trans.,-,862,
20260725 14:47:18.359,24.827574,102.852807,10.91,1954,3,1,0.00,0.00,,,,,,,1,SA,460,00,中国移动,4456484,6443491339,1573118,11,Normal,-,1,41,-,-,504990,-,558,-,-,30kHz,-,-,-,ms20,-,SA,-0.6,9,1,-,102,-82.2,-10.6,7.8,1,-,-,6312,-48,-,-,-85.6;-89.2;-99.4;-84.7,-,5.9;5.1;255;255,14.2;14.4;255;255,-57.1;-48,2;1;0;4;6;2;7;7;7;7;6,560;558;558;558;558;497;239;237;496;722;532,-89.9;-82.2;-101.2;-106.6;-104.4;-89.5;-96.5;-94.8;-91.9;-98.9;-104.8,-13.5;-10.6;-16.5;-20.5;-18;-13.3;-16.3;-15.1;-13.3;-19;-17.5,255;255;255;255;255;255;255;255;255;255;255,1;0;0;0;0;0;0;0,504990;504990;504990;504990;504990;504990;504990;504990,558;497;560;496;237;239;722;532,1;2;2;7;7;7;7;6,-,4;1;1;1;1;1;1;1,-82.2;-89.5;-89.9;-93.5;-94.8;-97.9;-98.9;-104.8,-10.6;-13.3;-13.5;-13.4;-15.1;-16.4;-19;-17.5,7.8;255;255;255;255;255;255;255,1,5,0,QPSK,-,88.9,11.1,0,0,0.00,0.00,0.01,0.01,0,1,Rank 1,16,144,2,69,-,69,9,13.8,17,14,64QAM,0,SMDL,0,0,100,0.00,0.00,0.01,0.08,Rank 2,4,80,11,-,2 x 2,-,29225,-,-,-,-,-,-,-,-,-,13,21,-,-,11,-,1,2,-,-,-,-,-,-,-,-,-,-,-,-,-,-,-,-,-,-,-,315,19,30kHz,437,-,4,1,-,-,New trans.,0,0,64QAM,83,1,29225,314,13,0,0,Pass,0,QPSK,0,16,1,0,15,30kHz,Re trans.,-,862,
20260725 14:47:19.365,24.827545,102.852823,13.57,1954,3,1,0.00,0.00,,,,,,,1,SA,460,00,中国移动,4456484,6443491339,1573118,11,Normal,-,1,41,-,-,504990,-,558,-,-,30kHz,-,-,-,ms20,-,SA,-0.6,10,1,-,104,-84.8,-10.8,10.7,1,-,-,6312,-51.5,-,-,-83.6;-95.3;-113.5;-91.9,-,5.6;6.2;255;255,11.7;12.6;255;255,-55.8;-51.5,2;1;0;6;3;2;0;7;7;7;6;6;0,560;558;558;558;558;497;239;237;496;722;532;793;125,-91.7;-84.8;-106.4;-107.1;-106.4;-91.4;-98.1;-94.9;-95.9;-102.1;-104.8;-109.9;-101.8,-13.6;-10.8;-20.4;-19.7;-19.8;-13.4;-14.6;-14.9;-15.5;-21.4;-18.5;-21.6;-18.2,255;255;255;255;255;255;255;255;255;255;255;255;255,1;0;0;0;0;0;0;0;0;0,504990;504990;504990;504990;504990;504990;504990;504990;504990;504990,558;497;560;237;496;239;722;125;532;793,1;2;2;7;7;0;7;0;6;6,-,4;1;1;1;1;1;1;1;1;1,-84.8;-91.4;-91.7;-94.9;-96.9;-97.2;-102.1;-103.3;-104.8;-109.9,-10.8;-13.4;-13.6;-14.9;-15.4;-16.5;-21.4;-18.1;-18.5;-21.6,10.7;255;255;255;255;255;255;255;255;255,0,0,0,QPSK,-,100,0,0,0,0.00,0.00,0.00,0.00,0,2,Rank 1,16,144,12,69,-,69,9,15.2,30,12,64QAM,0,SMDL,0,3,97,0.00,0.00,0.02,0.12,Rank 2,4,132,65,-,2 x 2,-,29225,-,-,-,-,-,-,-,-,-,14,25,-,-,65,-,1,12,-,-,-,-,-,-,-,-,-,-,-,-,-,-,-,-,-,-,-,414,9,30kHz,512,-,4,1,-,-,New trans.,0,0,64QAM,55,1,29225,409,13,0,0,Pass,1,QPSK,0,16,1,0,15,30kHz,Re trans.,-,594,
20260725 14:47:20.376,24.827511,102.852840,15.95,1953,3,1,0.00,0.00,,,,,,,1,SA,460,00,中国移动,4456484,6443491339,1573118,11,Normal,-,1,41,-,-,504990,-,558,-,-,30kHz,-,-,-,ms20,-,SA,-0.6,10,1,-,107,-87.6,-11.5,11.6,1,-,-,6312,-47.3,-,-,-83.3;-87;-102.3;-88,-,3.1;3.6;255;255,15.9;11.6;255;255,-47.3;-50.4,2;1;0;3;5;2;7;7;7;7;6;6;3,560;558;558;558;558;497;239;237;496;722;532;793;125,-93.5;-87.6;-109;-115;-119.7;-88.8;-94.9;-94.2;-93.1;-120.3;-107.3;-128;-106.1,-14.1;-11.5;-22.1;-23.7;-25.7;-12.3;-17;-16;-14.8;-28.2;-21.2;-29.8;-19.4,255;255;255;255;255;255;255;255;255;255;255;255;255,1;0;0;0;0;0;0;0;0;0,504990;504990;504990;504990;504990;504990;504990;504990;504990;504990,558;497;560;496;239;237;125;532;722;793,1;2;2;7;7;7;3;6;7;6,-,4;1;1;1;1;1;1;1;1;1,-87.6;-89.2;-93.9;-94.4;-94.5;-94.7;-106.1;-107.3;-120.3;-128,-11.5;-12.9;-14.4;-15;-16.3;-15;-19.4;-21.2;-28.2;-29.8,11.6;255;255;255;255;255;255;255;255;255,4.3,28,0,QPSK,-,93.3,6.7,0,0,0.00,0.00,0.01,0.01,7.7,2,Rank 1,18,272,12,69,-,69,7,16.1,30,13,64QAM,0,SMDL,0,0,100,0.00,0.00,0.02,0.23,Rank 2,4,256,65,-,2 x 2,-,29225,-,-,-,-,-,-,-,-,-,13,19,-,-,65,-,1,12,-,-,-,-,-,-,-,-,-,-,-,-,-,-,-,-,-,-,-,503,8,30kHz,480,-,4,1,-,-,New trans.,0,0,64QAM,59,1,29225,498,13,0,0,Pass,1,QPSK,0,16,1,0,15,30kHz,Re trans.,-,1134,
20260725 14:47:21.389,24.827472,102.852858,17.42,1953,3,1,0.00,0.00,,,,,,,1,SA,460,00,中国移动,4456484,6443491339,1573118,11,Normal,-,1,41,-,-,504990,-,558,-,-,30kHz,-,-,-,ms20,-,SA,-0.6,10,1,-,107,-88,-11.9,4.7,1,-,-,6312,-50,-,-,-89;-96.9;-109.6;-93.9,-,5.1;-4.4;255;255,12.9;9.2;255;255,-57;-50,2;1;3;5;0;2;7;7;7;7;6;6;3,560;558;558;558;558;497;239;237;496;722;532;793;125,-93.3;-87.9;-105.1;-109.7;-114.2;-90.2;-85.3;-87.6;-92;-111.1;-115.1;-118.5;-105.7,-14.6;-11.8;-19.4;-21;-24.9;-13.5;-13.6;-15;-16.7;-28.2;-24.1;-24.8;-21.7,255;255;255;255;255;255;255;255;255;255;255;255;255,1;0;0;0;0;0;0;0;0;0,504990;504990;504990;504990;504990;504990;504990;504990;504990;504990,558;239;237;497;560;496;125;722;532;793,1;7;7;2;2;7;3;7;6;6,-,4;1;1;1;1;1;1;1;1;1,-88;-86;-88.1;-91.1;-93.3;-94;-105.7;-111.1;-115.1;-118.5,-11.9;-13.2;-15;-14.4;-14.6;-15.6;-21.7;-28.2;-24.1;-24.8,4.7;255;255;255;255;255;255;255;255;255,7,28,0,QPSK,-,100,0,0,0,0.00,0.00,0.00,0.00,33.3,1,Rank 1,21,84,13,69,-,69,10,12.8,30,13,64QAM,0,SMDL,0,11.1,88.9,0.00,0.00,0.04,0.06,Rank 2,4,72,44,-,2 x 2,-,29225,-,-,-,-,-,-,-,-,-,12,22,-,-,44,-,1,13,-,-,-,-,-,-,-,-,-,-,-,-,-,-,-,-,-,-,-,593,8,30kHz,480,-,4,1,-,-,New trans.,0,0,64QAM,55,0,29225,588,13,0,0,Pass,1,QPSK,0,16,1,0,15,30kHz,Re trans.,-,218,
20260725 14:47:22.400,24.827436,102.852876,14.69,1953,3,1,0.00,0.00,,,,,,,1,SA,460,00,中国移动,4456484,6443491339,1573118,11,Normal,-,1,41,100,100,504990,-,497,513000,513000,30kHz,-,-,-,ms20,Connected,SA,-0.6,0,2,-,108,-80.6,-11,-8.4,2,Not Barred,6,6312,-44.6,504990,497,-80.3;-80.9;0;0,-,-11.4;-8.4;-18.3;-9.5,-6.8;-22.3;-13.4;-4.1,-45.1;-53.8;-47.3;-44.6,2;1;2;1;4;0;7;7;7;3,560;558;497;497;497;497;239;237;496;125,-98.1;-87.3;-80.5;-90.2;-90;-92.8;-86.3;-107;-82.2;-99.1,-23.3;-14.4;-11.1;-14.5;-12;-15;-16.3;-25.5;-11.5;-21.1,255;255;255;255;255;255;255;255;255;255,1;0;0;0;0;0;0,504990;504990;504990;504990;504990;504990;504990,497;496;558;239;560;237;125,2;7;1;7;2;7;3,-,4;1;1;1;1;1;1,-80.6;-83;-87.3;-87.6;-93.5;-93.6;-99.1,-11;-11.7;-14.3;-16.4;-21.4;-18.2;-21.1,-8.4;255;255;255;255;255;255,0.9,9,0,QPSK,-,100,0,0,0,0.00,0.00,0.00,0.00,16.7,1,Rank 2,18,356,5,688,-,688,12,12.7,14,13,64QAM,0,SMDL,0,0,100,0.00,0.00,0.00,0.07,Rank 2,5,84,22,-,4 x 4,HandOver,48979,Free,17,FORMAT_0,38,57,Success,48979,5,-,19,9,-1,-,22,-,1,4,-,-,-,-,-,-,-,-,-,-,-,-,-,-,-,-,-,-,-,714,19,30kHz,1185,-,5,1,-,-,New trans.,0,0,256QAM,203,1,11767,715,4,0,0,Pass,0,QPSK,4,32,1,0,15,30kHz,Re trans.,-,2051,
20260725 14:47:23.410,24.827408,102.852894,11.99,1953,3,1,0.00,0.00,,,,,,,1,SA,460,00,中国移动,4456484,6443552780,1573133,12,Normal,-,1,41,100,100,504990,-,497,513000,513000,30kHz,503172,1099,-,ms20,Connected,SA,-0.6,1,2,-60,98,-78.6,-10.8,11.7,2,Not Barred,6,6312,-38.5,504990,497,-74.9;-81.8;-91.3;-75.5,-,13.3;12.6;255;255,10.8;13.8;255;255,-38.5;-49.5,2;1;2;1;4;7;7;7;7,560;558;497;497;497;497;239;237;496,-134.6;-87.3;-78.5;-86.4;-87.7;-85.9;-86;-88.8;-78.6,-35.5;-15.2;-10.8;-14.2;-12.6;-19.1;-17.9;-19.6;-10.8,255;255;255;255;255;255;255;255;255,1;0;0;0;0;0,504990;504990;504990;504990;504990;504990,497;496;558;239;237;560,2;7;1;7;7;2,-,4;1;1;1;1;1,-78.6;-78.6;-87.3;-87.7;-88.9;-133.2,-10.8;-10.8;-15.2;-17;-18.9;-34.9,11.7;255;255;255;255;255,1,9,0,QPSK,-,100,0,0,0,0.00,0.00,0.03,0.03,7.1,1,Rank 1,25,528,30,69,-,69,11,22.1,31,25,256QAM,0,SMDL,5.4,0,23,0.00,0.00,0.04,0.46,Rank 2,4,317,77,-,4 x 4,HandOver,48979,Free,17,FORMAT_0,38,57,Success,48979,5,-,7,3,-1,-,77,-,5,25,-,-,-,-,-,-,-,-,-,-,-,-,-,Registered,Normal Service,9,269,18,6FD266FE,812,9,30kHz,800,-,4,1,-,-,New trans.,0,0,256QAM,204,1,48979,805,13,0,0,Pass,0,QPSK,0,16,1,0,15,30kHz,Re trans.,-,2927,
20260725 14:47:24.425,24.827385,102.852912,10.15,1952,3,1,0.00,0.00,,,,,,,1,SA,460,00,中国移动,4456484,6443491339,1573118,11,Normal,-,1,41,100,100,504990,-,497,513000,513000,30kHz,503172,1099,-,ms20,Connected,SA,-0.6,1,2,-60,98,-81.3,-11.8,8.3,2,Not Barred,6,6312,-40,504990,497,-78;-81.9;-108.4;-83.7,-,8.9;-1.4;255;255,2.2;1.7;255;255,-48.1;-40,7;1;2;1;0;4;0;7;2,496;558;497;497;497;497;239;237;560,-78.6;-86.3;-80.8;-88;-92.4;-90.3;-83.4;-89.8;-92.6,-11.7;-13.5;-11.4;-15.9;-20.2;-13.1;-13.2;-20.8;-19.6,255;255;255;255;255;255;255;255;255,1;0;0;0;0;0,504990;504990;504990;504990;504990;504990,497;496;239;558;237;560,2;7;0;1;7;2,-,4;1;1;1;1;1,-81.3;-79.5;-83.3;-86.3;-89.4;-92.6,-11.8;-12.2;-14.6;-13.5;-20.4;-19.6,8.3;255;255;255;255;255,1,9,0,QPSK,-,100,0,0,0,0.00,0.00,0.01,0.01,0,1,Rank 1,25,528,7,201,-,201,11,26.4,31,31,256QAM,0,SMDL,0,0,0,0.00,0.00,0.12,0.25,Rank 2,4,144,32,-,2 x 2,HandOver,48979,Free,17,FORMAT_0,38,57,Success,48979,5,-,9,9,-1,-,32,-,4,3,-,-,-,-,-,-,-,-,-,-,-,-,-,Registered,Normal Service,9,269,18,6FD266FE,923,19,30kHz,944,-,4,1,-,-,New trans.,0,0,256QAM,255,1,48979,924,2,0,0,Pass,1,QPSK,4,16,2,0,15,30kHz,Re trans.,-,2927,
20260725 14:47:25.438,24.827364,102.852929,10.80,1952,3,1,0.00,0.00,,,,,,,1,SA,460,00,中国移动,4456484,6443552780,1573133,12,Normal,-,1,41,100,100,504990,-,497,513000,513000,30kHz,503172,1099,-,ms20,Connected,SA,-0.6,1,2,-60,98,-84.8,-13,4.3,2,Not Barred,6,6312,-48.5,504990,497,-156;-87;-114.5;-89.9,-,-2.1;5.2;2.4;7.3,-3.6;2.1;-8.2;-2.8,-48.5;-53.8;-52.5;-51.4,7;1;2;1;4;5;0;7;2,496;558;497;497;497;497;239;237;560,-82;-90.9;-84.1;-90.9;-92.6;-95.2;-80.5;-82.1;-91,-12.7;-14.5;-12.7;-15.3;-12.8;-14;-11.1;-15;-17.1,255;255;255;255;255;255;255;255;255,1;0;0;0;0;0,504990;504990;504990;504990;504990;504990,497;239;237;496;558;560,2;0;7;7;1;2,-,4;1;1;1;1;1,-84.8;-80.8;-82.1;-82.6;-90.9;-91,-13;-12.5;-15;-13.4;-14.5;-17.1,4.3;255;255;255;255;255,1,9,0,QPSK,-,100,0,0,0,0.00,0.00,0.01,0.01,0,1,Rank 2,25,528,7,101,-,101,12,23.6,31,21,256QAM,0,SMDL,0,0,5.3,0.00,0.00,0.04,0.38,Rank 2,4,228,32,-,2 x 2,HandOver,48979,Free,17,FORMAT_0,38,57,Success,48979,5,-,9,16,-1,-,32,-,4,3,-,-,-,-,-,-,-,-,-,-,-,-,-,Registered,Normal Service,9,269,18,6FD266FE,934,8,30kHz,992,-,4,1,-,-,New trans.,0,0,256QAM,213,1,48979,929,11,0,0,Pass,1,QPSK,2,16,2,0,15,30kHz,Re trans.,-,2927,
20260725 14:47:26.449,24.827335,102.852941,13.93,1952,3,1,0.00,0.00,,,,,,,1,SA,460,00,中国移动,4456484,6443552780,1573133,12,Normal,-,1,41,100,100,504990,-,497,513000,513000,30kHz,503172,1099,-,ms20,Connected,SA,-0.6,1,2,-60,107,-89.7,-13.5,4.7,2,Not Barred,6,6312,-47.8,504990,497,-88.7;-87;-119.8;-90.3,-,-6.5;1.7;-9.6;-0.4,-3;4.9;-6.8;-3.3,-47.8;-53.5;-81.1;-52,2;1;2;4;6;5;2;7;2;5,496;558;497;497;497;497;239;237;560;793,-99.4;-90.2;-89.3;-99.4;-101.7;-101;-92.1;-96;-96.4;-107.6,-22.2;-12.8;-13.1;-15;-16.1;-15.4;-15.1;-16.3;-16.7;-21,255;255;255;255;255;255;255;255;255;255,1;0;0;0;0;0;0,504990;504990;504990;504990;504990;504990;504990,497;239;558;496;560;237;793,2;2;1;2;2;7;5,-,4;1;1;1;1;1;1,-89.7;-87.6;-90.4;-92.3;-96.4;-97;-107.6,-13.5;-13.4;-14.2;-15.5;-16.7;-16.8;-21,4.7;255;255;255;255;255;255,2,4,2,QPSK,-,100,0,0,0,0.00,0.00,0.00,0.00,0,2,Rank 1,16,192,11,349,-,349,12,21.3,30,17,64QAM,0,SMDL,0,0,100,0.00,0.00,0.04,0.01,Rank 2,4,12,57,-,4 x 4,HandOver,48979,Free,17,FORMAT_0,38,57,Success,48979,5,-,16,21,-1,-,57,-,4,11,-,-,-,-,-,-,-,-,-,-,-,-,-,Registered,Normal Service,9,269,18,6FD266FE,68,9,30kHz,896,-,4,1,-,-,-,0,0,256QAM,211,1,48979,61,13,0,0,Pass,0,QPSK,2,16,2,0,15,30kHz,Re trans.,-,1592,
20260725 14:47:27.457,24.827299,102.852938,16.96,1952,3,1,0.00,0.00,,,,,,,1,SA,460,00,中国移动,4456484,6443552780,1573133,12,Normal,-,1,41,100,100,504990,-,497,513000,513000,30kHz,503172,1099,-,ms20,Connected,SA,-0.6,1,2,-60,107,-89.7,-13.7,1.9,2,Not Barred,6,6312,-51,504990,497,-92;-93;-119.3;-97.6,-,3.7;2.7;3.4;-0.1,-0.7;8.4;-5.6;-1.5,-51;-54.1;-81.8;-55,7;1;2;1;4;3;2;7;2;6,496;558;497;497;497;497;239;237;560;793,-90.6;-87.5;-88.8;-94.5;-98.1;-102.5;-93.3;-96.6;-95;-126.2,-12.7;-11.3;-12.8;-17.9;-13.1;-16.9;-16.7;-16.8;-16.8;-29.1,255;255;255;255;255;255;255;255;255;255,1;0;0;0;0;0;0,504990;504990;504990;504990;504990;504990;504990,497;558;496;239;560;237;793,2;1;7;2;2;7;6,-,4;1;1;1;1;1;1,-89.7;-87.6;-91.9;-93.4;-95;-97;-126.2,-13.7;-11.6;-14.2;-15.3;-16.8;-16.4;-29.1,1.9;255;255;255;255;255;255,2.3,5,2,QPSK,-,75,25,0,0,0.00,0.00,0.00,0.00,0,2,Rank 1,17,68,4,111,-,111,11,23.8,31,22,256QAM,0,SMDL,0,0,5,0.00,0.00,0.03,0.13,Rank 2,4,80,23,-,4 x 4,HandOver,48979,Free,17,FORMAT_0,38,57,Success,48979,5,-,16,21,-1,-,23,-,1,3,-,-,-,-,-,-,-,-,-,-,-,-,-,Registered,Normal Service,9,269,18,6FD266FE,199,18,30kHz,896,-,4,1,-,-,-,0,0,256QAM,199,1,48979,168,3,0,0,Pass,1,QPSK,1,16,2,0,15,30kHz,Re trans.,-,717,
20260725 14:47:28.464,24.827275,102.852901,18.61,1952,3,1,0.00,0.00,,,,,,,1,SA,460,00,中国移动,4456484,6443491339,1573118,11,Normal,-,1,41,100,100,504990,-,558,513000,513000,30kHz,503172,1099,-,ms20,Connected,SA,-0.6,-4,1,-58,109,-89.9,-12.3,2.1,1,Not Barred,6,6312,-53.6,504990,558,-90.1;-93.8;-98.2;-96.9,-,0.8;4.6;-0.9;4,6.1;7.2;5.1;4.4,-53.6;-59.8;-82.4;-54.5,7;1;6;2;7;0;2;6;5;1,496;558;558;497;239;237;560;238;835;997,-90.6;-90.1;-126.6;-90.5;-94.7;-103.5;-96.2;-135.1;-92.2;-123.5,-12;-12.4;-29.5;-12.5;-16.6;-19.8;-18.3;-33;-11.5;-29.7,255;255;255;255;255;255;255;255;255;255,1;0;0;0;0;0;0;0;0,504990;504990;504990;504990;504990;504990;504990;504990;504990,558;497;496;239;560;835;237;997;238,1;2;7;7;2;5;0;1;6,-,2;1;1;1;1;1;1;1;1,-89.9;-91.4;-91.5;-93.2;-96.3;-98.4;-99.1;-105;-135.1,-12.3;-13.8;-12.7;-15.4;-18.3;-15.1;-18.8;-20.6;-33,2.1;255;255;255;255;255;255;255;255,0.3,1,0,QPSK,-,100,0,0,0,0.00,0.00,0.00,0.00,0,1,Rank 2,16,96,6,69,-,69,11,24.2,31,31,256QAM,0,SMDL,0,0,6.5,0.00,0.00,0.03,0.20,Rank 2,4,124,51,-,4 x 4,HandOver,30596,Free,17,FORMAT_0,363,57,Success,30596,7,-,19,11,8,-,51,-,1,6,-,-,-,-,-,-,-,-,-,-,-,-,-,Registered,Normal Service,9,269,18,6FD266FE,306,18,30kHz,896,-,4,1,-,-,-,0,0,256QAM,21,0,30596,307,3,0,0,Pass,0,QPSK,0,16,1,0,15,30kHz,Re trans.,-,438,
20260725 14:47:29.473,24.827253,102.852858,20.23,1952,3,1,0.00,0.00,,,,,,,1,SA,460,00,中国移动,4456484,6443552780,1573133,12,Normal,-,1,41,100,100,504990,-,558,513000,513000,30kHz,503172,1099,-,ms20,Connected,SA,-0.6,-1,1,-58,111,-89.7,-12.5,0.5,1,Not Barred,6,6312,-48.9,504990,558,-156;-91.2;-121.7;-93.2,-,-13.1;4.4;-1.6;-7.1,4.3;9.9;4.4;4.4,-48.9;-51.8;-53.5;-52.6,7;1;2;7;0;2;0;0;0,496;558;497;239;237;560;835;997;975,-89.1;-89.8;-89;-104.2;-126.6;-108.2;-94.1;-143.9;-97.3,-11.4;-12.5;-11.6;-22.4;-30.3;-24.6;-14.8;-37.9;-16.3,255;255;255;255;255;255;255;255;255,1;0;0;0;0;0;0;0;0,504990;504990;504990;504990;504990;504990;504990;504990;504990,558;496;497;835;239;975;560;237;997,1;7;2;0;7;0;2;0;0,-,1;1;1;1;1;1;1;1;1,-89.7;-89.1;-89.1;-91.7;-95.8;-97.3;-103.1;-124.9;-143.9,-12.5;-11.4;-11.6;-13.3;-18.6;-16.3;-19.5;-29.8;-37.9,0.5;255;255;255;255;255;255;255;255,0.3,1,0,QPSK,-,100,0,0,0,0.00,0.00,0.02,0.02,0,1,Rank 1,16,96,6,69,-,69,12,22.7,31,31,256QAM,0,SMDL,1.2,0,40.2,0.00,0.00,0.08,0.43,Rank 2,4,356,51,-,4 x 4,HandOver,30596,Free,17,FORMAT_0,363,57,Success,30596,7,-,11,12,8,-,51,-,1,6,-,-,-,-,-,-,-,-,-,-,-,-,-,Registered,Normal Service,9,269,18,6FD266FE,364,8,30kHz,301,-,4,1,-,-,New trans.,0,0,64QAM,55,1,30596,359,3,0,0,Pass,1,QPSK,0,16,1,0,15,30kHz,Re trans.,-,438,
20260725 14:47:30.490,24.827233,102.852813,20.56,1952,3,1,0.00,0.00,,,,,,,1,SA,460,00,中国移动,4456484,6443552780,1573133,12,Normal,-,1,41,100,100,504990,-,558,513000,513000,30kHz,503172,1099,-,ms20,Connected,SA,-0.6,-1,1,-58,111,-92.1,-12.9,0.6,1,Not Barred,6,6312,-54.9,504990,558,-90.8;-92.6;-124.8;-97.7,-,5.5;2.8;-0.1;-1.7,-1.3;-3;-14.2;-0.4,-55;-54.9;-80.5;-59.5,7;1;2;2;7;2;6;0,496;558;497;239;237;560;835;975,-94.9;-92.1;-93.1;-93.1;-100.4;-97.2;-96.3;-105.5,-13.9;-12.9;-13.2;-14.4;-18.2;-17.4;-12.1;-18.9,255;255;255;255;255;255;255;255,1;0;0;0;0;0;0;0,504990;504990;504990;504990;504990;504990;504990;504990,558;497;239;835;496;560;237;975,1;2;2;6;7;2;7;0,-,1;1;1;1;1;1;1;1,-92.1;-93.2;-93.8;-95;-96.3;-97.6;-100.4;-105.5,-12.9;-13.3;-14.2;-12.4;-14.6;-17.3;-18.2;-18.9,0.6;255;255;255;255;255;255;255,3.4,28,0,QPSK,-,100,0,0,0,0.00,0.00,0.01,0.01,33.3,1,Rank 1,19,404,21,76,-,76,11,18.1,31,29,16QAM,0,SMDL,3.2,77.4,9.7,0.00,0.00,0.13,0.23,Rank 2,8,420,81,-,4 x 4,HandOver,30596,Free,17,FORMAT_0,363,57,Success,30596,7,-,18,23,8,-,81,-,2,19,-,-,-,-,-,-,-,-,-,-,-,-,-,Registered,Normal Service,9,269,18,6FD266FE,499,19,30kHz,544,-,8,1,-,-,New trans.,0,0,16QAM,21,1,30596,487,14,0,0,Pass,0,QPSK,28,16,4,0,15,30kHz,New trans.,-,2638,
20260725 14:47:31.499,24.827205,102.852770,19.08,1952,3,1,0.00,0.00,,,,,,,1,SA,460,00,中国移动,4456484,6443491339,1573118,11,Normal,-,1,41,100,100,504990,-,558,513000,513000,30kHz,503172,1099,-,ms20,Connected,SA,-0.6,1,1,-58,109,-90.7,-13,2.8,1,Not Barred,6,6312,-53.3,504990,558,-103;-94.7;-90.9;-97.1,-,1.3;5.1;0.7;0.9,6.6;10.4;-8;8.5,-53.3;-53.5;-80.3;-54.5,7;1;2;7;7;2;0;0;7;0;5;6,496;558;497;239;237;560;835;975;722;238;793;532,-94.7;-90.7;-92;-96.7;-98.6;-96.5;-101.1;-102;-101.4;-103.6;-104.1;-102.1,-13.2;-13;-13.2;-16.2;-18.1;-15.9;-17.3;-17.6;-19.9;-19.5;-16.4;-14.6,255;255;255;255;255;255;255;255;255;255;255;255,1;0;0;0;0;0;0;0;0;0;0;0,504990;504990;504990;504990;504990;504990;504990;504990;504990;504990;504990;504990,558;497;496;560;239;237;835;722;532;975;238;793,1;2;7;2;7;7;0;7;6;0;0;5,-,1;1;1;1;1;1;1;1;1;1;1;1,-90.7;-92.4;-95.4;-96.5;-98.2;-98.6;-100.9;-101.4;-102.1;-102.4;-103.6;-104.1,-13;-13.5;-13.6;-15.8;-17.3;-18.1;-17.3;-19.9;-14.6;-18.5;-19.5;-16.4,2.8;255;255;255;255;255;255;255;255;255;255;255,8.3,28,0,QPSK,-,100,0,0,0,0.00,0.00,0.01,0.01,30.8,1,Rank 2,18,256,14,69,-,69,10,6.4,29,7,16QAM,0,SMDL,18.5,79.6,1.9,0.00,0.00,0.13,0.30,Rank 2,8,692,65,-,4 x 4,HandOver,30596,Free,17,FORMAT_0,363,57,Success,30596,7,-,16,22,8,-,65,-,2,14,-,-,-,-,-,-,-,-,-,-,-,-,-,Registered,Normal Service,9,269,18,6FD266FE,606,19,30kHz,584,-,8,1,-,-,New trans.,0,1,16QAM,167,1,30596,604,13,0,0,Pass,0,QPSK,0,16,1,0,15,30kHz,Re trans.,-,1467,
20260725 14:47:32.513,24.827176,102.852727,19.76,1952,3,1,0.00,0.00,,,,,,,1,SA,460,00,中国移动,4456484,6443491339,1573118,11,Normal,-,1,41,100,100,504990,-,558,513000,513000,30kHz,503172,1099,-,ms20,Connected,SA,-0.6,1,1,-58,109,-88.3,-11.2,7,1,Not Barred,6,6312,-50.8,504990,558,-89.7;-88.1;-118.7;-91.2,-,-1.3;7.4;-0;6.2,7.9;16.8;-9.2;10.6,-54.3;-55.1;-79.9;-50.8,7;1;7;0;6;2;0;7;2;6;6;7;1;5,496;558;558;558;558;497;239;237;560;835;532;722;238;793,-96.7;-88.3;-103.2;-102.4;-106.8;-96.3;-101.4;-103.2;-92.9;-104;-107.2;-105;-95.2;-108.9,-12.7;-11.2;-16.3;-16.3;-17;-15.4;-16.6;-19.6;-13.3;-15.1;-17.5;-20.1;-18.3;-18.6,255;255;255;255;255;255;255;255;255;255;255;255;255;255,1;0;0;0;0;0;0;0;0;0;0,504990;504990;504990;504990;504990;504990;504990;504990;504990;504990;504990,558;560;238;497;496;239;237;835;722;532;793,1;2;1;2;7;0;7;6;7;6;5,-,4;1;1;1;1;1;1;1;1;1;1,-88.3;-93.4;-96.8;-97.5;-97.5;-102.2;-103.2;-103.6;-105;-107.2;-108.9,-11.2;-13.2;-16.1;-14.9;-13.4;-18.2;-19.6;-15.5;-20.1;-17.5;-18.6,7;255;255;255;255;255;255;255;255;255;255,8.3,28,0,QPSK,-,100,0,0,0,0.00,0.00,0.00,0.00,0,1,Rank 1,18,256,17,69,-,69,11,8.6,29,6,16QAM,0,SMDL,26.5,73.5,0,0.00,0.00,0.03,0.12,Rank 2,8,332,53,-,4 x 4,HandOver,30596,Free,17,FORMAT_0,363,57,Success,30596,7,-,17,20,8,-,53,-,1,16,-,-,-,-,-,-,-,-,-,-,-,-,-,Registered,Normal Service,9,269,18,6FD266FE,669,9,30kHz,624,-,8,1,-,-,New trans.,0,0,16QAM,100,1,30596,662,13,0,0,Pass,0,QPSK,0,16,1,0,15,30kHz,Re trans.,-,1467,
20260725 14:47:33.525,24.827142,102.852686,19.76,1952,3,1,0.00,0.00,,,,,,,1,SA,460,00,中国移动,4456484,6443491339,1573118,11,Normal,-,1,41,100,100,504990,-,558,513000,513000,30kHz,503172,1099,-,ms20,Connected,SA,-0.6,1,1,-58,111,-93,-12.8,0.8,1,Not Barred,6,6312,-53.1,504990,558,-98.9;-97.5;-127.4;-96.5,-,-0.9;0.9;-5.6;-1.4,5.8;7.2;-1.3;6.3,-53.1;-58.6;-81.1;-57.5,7;1;6;0;5;2;2;6;1;3;6;7;0;5,496;558;558;558;558;497;239;237;560;835;532;722;238;793,-95.2;-93;-109;-113.9;-109.3;-95.9;-101.9;-118.4;-102.7;-108.9;-101.5;-104.2;-115.2;-107.6,-12.6;-12.8;-19.5;-23.3;-18.8;-13.4;-19.3;-25.2;-18.9;-19.7;-13.8;-19.3;-23;-17.5,255;255;255;255;255;255;255;255;255;255;255;255;255;255,1;0;0;0;0;0;0;0;0;0;0,504990;504990;504990;504990;504990;504990;504990;504990;504990;504990;504990,558;496;497;532;239;560;238;722;237;835;793,1;7;2;6;2;1;0;7;6;3;5,-,4;1;1;1;1;1;1;1;1;1;1,-93;-96.4;-97;-101.5;-101.9;-102.3;-103.6;-104.2;-106;-106.1;-107.6,-12.8;-13.2;-13.2;-13.8;-18.9;-17.8;-17.3;-19.3;-19.7;-18.3;-17.5,0.8;255;255;255;255;255;255;255;255;255;255,3.6,28,0,QPSK,-,100,0,0,0,0.00,0.00,0.02,0.02,13.3,1,Rank 2,19,356,5,69,-,69,10,9.8,30,8,16QAM,0,SMDL,0,96.1,3.9,0.00,0.01,0.03,0.23,Rank 2,8,400,40,-,4 x 4,HandOver,30596,Free,17,FORMAT_0,363,57,Success,30596,7,-,18,26,8,-,40,-,1,5,-,-,-,-,-,-,-,-,-,-,-,-,-,Registered,Normal Service,9,269,18,6FD266FE,779,18,30kHz,624,-,8,1,-,-,New trans.,0,0,16QAM,87,1,30596,774,13,0,0,Pass,1,QPSK,0,16,1,0,15,30kHz,Re trans.,-,2256,
20260725 14:47:34.533,24.827104,102.852658,17.75,1952,3,1,0.00,0.00,,,,,,,1,SA,460,00,中国移动,4456484,6443491339,1573118,11,Normal,-,1,41,100,100,504990,-,558,513000,513000,30kHz,503172,1099,-,ms20,Connected,SA,-0.6,0,1,-58,114,-96.2,-15.4,-4.4,1,Not Barred,6,6312,-54,504990,558,-95.8;-101.4;-129.4;-104.1,-,-6.2;-4.4;-14.9;-6,4.5;6;-11.2;3.5,-54;-57.9;-69.6;-56.5,1;1;5;6;4;2;2;7;2;5;2;7;0;5,496;558;558;558;558;497;239;237;560;835;532;722;238;793,-98.1;-95.5;-114;-108.2;-109.1;-96.1;-106.8;-105.6;-112.8;-109.8;-100.3;-99.2;-99.5;-103.1,-16.5;-14.9;-23;-20.4;-21.7;-14.4;-21.1;-20.8;-23.3;-20.9;-17.2;-14.9;-16.6;-15,255;255;255;255;255;255;255;255;255;255;255;255;255;255,1;0;0;0;0;0;0;0;0;0;0,504990;504990;504990;504990;504990;504990;504990;504990;504990;504990;504990,558;497;496;722;560;238;532;239;793;835;237,1;2;1;7;2;0;2;2;5;5;7,-,4;1;1;1;1;1;1;1;1;1;1,-96.2;-96.3;-97.6;-99.3;-99.5;-99.5;-100.3;-101.5;-103.1;-105.5;-105.6,-15.4;-14.4;-14.7;-14.9;-16.6;-16.3;-15.8;-18.4;-15;-18.6;-20.8,-4.4;255;255;255;255;255;255;255;255;255;255,0,0,0,QPSK,-,100,0,0,0,0.00,0.00,0.00,0.00,0,1,Rank 2,16,80,5,69,-,69,10,8.7,29,8,16QAM,0,SMDL,0,97,3,0.00,0.00,0.01,0.11,Rank 2,4,196,41,-,4 x 4,HandOver,30596,Free,17,FORMAT_0,363,57,Success,30596,7,-,15,26,8,-,41,-,1,5,-,-,-,-,-,-,-,-,-,-,-,-,-,Registered,Normal Service,9,269,18,6FD266FE,907,9,30kHz,309,-,4,1,-,-,New trans.,0,0,16QAM,68,1,30596,902,13,0,0,Pass,1,QPSK,0,16,1,0,15,30kHz,Re trans.,-,345,
20260725 14:47:35.544,24.827068,102.852648,14.58,1953,3,1,0.00,0.00,,,,,,,1,SA,460,00,中国移动,4456484,6443491339,1573118,11,Normal,-,1,41,100,100,504990,-,496,513000,513000,30kHz,503172,1099,-,ms20,Connected,SA,-0.6,0,0,-58,111,-91.1,-12,2.6,0,Not Barred,6,6312,-59.9,504990,496,-109.7;-89.2;0;0,-,-5.3;1.8;-3.1;-0.7,4.1;11.1;-4;4.8,-59.9;-62.4;-82.9;-62.1,0;1;2;6;1;2;0;7;1;2;6;7;0;5,496;496;496;496;558;497;239;237;560;835;532;722;238;793,-89.6;-93.6;-100.2;-98.2;-94.7;-93;-99.1;-103.5;-100.6;-100;-109.6;-101.2;-102.4;-109.1,-11.1;-13.3;-18.8;-13.3;-14.5;-11.9;-19.2;-19.2;-20.2;-20.6;-21.8;-17.4;-18.3;-21.5,255;255;255;255;255;255;255;255;255;255;255;255;255;255,1;0;0;0;0;0;0;0;0;0;0,504990;504990;504990;504990;504990;504990;504990;504990;504990;504990;504990,496;497;558;239;238;560;722;835;237;532;793,0;2;1;0;0;1;7;2;7;6;5,-,4;1;1;1;1;1;1;1;1;1;1,-91.1;-94.5;-94.8;-99.4;-101;-101;-101.4;-102.4;-103.5;-107.7;-109.1,-12;-11.8;-14.6;-18.4;-18.6;-19.5;-17.4;-18.3;-19.2;-21;-21.5,2.6;255;255;255;255;255;255;255;255;255;255,0,0,0,QPSK,-,100,0,0,0,0.00,0.00,0.00,0.00,0,1,Rank 2,16,132,7,301,-,301,9,8.5,29,6,16QAM,0,SMDL,0,100,0,0.00,0.00,0.01,0.12,Rank 2,5,252,37,-,4 x 4,HandOver,50036,Free,17,FORMAT_0,41,127,Success,50036,4,-,19,10,15,-,37,-,1,6,-,-,-,-,-,-,-,-,-,-,-,-,-,Registered,Normal Service,9,269,18,6FD266FE,1009,18,30kHz,1121,-,5,1,-,-,New trans.,0,0,256QAM,17,1,50036,1008,10,0,2,Pass,1,QPSK,4,48,1,0,0,30kHz,Re trans.,-,497,
20260725 14:47:36.562,24.827028,102.852650,16.85,1953,3,1,0.00,0.00,,,,,,,1,SA,460,00,中国移动,4456484,6443491339,1573118,11,Normal,-,1,41,100,100,504990,-,496,513000,513000,30kHz,503172,1099,-,ms20,Connected,SA,-0.6,1,0,-60,109,-95,-13.6,4.9,0,Not Barred,6,6312,-56.1,504990,496,-96.4;-95.1;-139.4;-96.3,-,-0.3;-7.3;-9.9;4.7,5.1;12.2;8.6;11.5,-56.1;-59.3;-84;-62,0;1;2;6;1;2;0;7;2;6;6;7;0;5;1,496;496;496;496;558;497;239;237;560;835;532;722;238;793;495,-94;-95.4;-97.7;-103.5;-87.9;-94.7;-114.1;-104.5;-95.6;-115.8;-115.2;-105.1;-101.5;-115.4;-100.8,-12.1;-16.9;-16;-15.5;-11.7;-14;-24.7;-19.8;-15.9;-23.4;-24.4;-19.8;-18.6;-22.9;-19,255;255;255;255;255;255;255;255;255;255;255;255;255;255;255,1;0;0;0;0;0;0;0;0;0;0;0,504990;504990;504990;504990;504990;504990;504990;504990;504990;504990;504990;504990,496;558;560;497;495;238;239;237;722;835;532;793,0;1;2;2;1;0;0;7;7;6;6;5,-,4;1;1;1;1;1;1;1;1;1;1;1,-95;-87.8;-95.8;-96.6;-100.8;-101.7;-103.3;-104.5;-105.1;-107.4;-115.2;-115.4,-13.6;-11.7;-15.5;-13.6;-19;-17.5;-19.9;-19.8;-19.8;-19.7;-24.3;-22.9,4.9;255;255;255;255;255;255;255;255;255;255;255,0.9,4,0,QPSK,-,100,0,0,0,0.00,0.00,0.03,0.03,0,3,Rank 2,23,644,29,69,-,69,10,20.3,31,31,256QAM,0,SMDL,2.4,21.7,6,0.00,0.00,0.01,0.51,Rank 2,5,423,107,-,4 x 4,HandOver,50036,Free,17,FORMAT_0,41,127,Success,50036,4,-,19,11,15,-,107,-,7,22,-,-,-,-,-,-,-,-,-,-,-,-,-,Registered,Normal Service,9,269,18,6FD266FE,87,19,30kHz,1057,-,5,1,-,-,New trans.,0,0,256QAM,120,1,50036,81,14,0,0,Pass,0,QPSK,0,16,1,0,15,30kHz,Re trans.,-,4148,
20260725 14:47:37.569,24.826985,102.852656,17.93,1953,3,1,0.00,0.00,,,,,,,1,SA,460,00,中国移动,4456484,6443552781,1573133,13,Normal,-,1,41,100,100,504990,-,558,513000,513000,30kHz,503172,1099,-,ms20,Connected,SA,-0.6,4,1,-58,111,-92.8,-12.1,5.5,1,Not Barred,6,6312,-59.5,504990,558,-93;-96.6;-123.3;-95,-,3.3;-0.3;-4.8;2.3,4.9;6.2;-15.2;3.4,-59.5;-60.9;-65.8;-59.6,0;1;4;3;1;7;7;1;6;3;1,496;558;558;558;497;239;237;560;835;495;238,-96.1;-92.8;-110.4;-113.6;-102;-109.6;-120.5;-105.3;-111;-111.9;-97.2,-13.3;-12.1;-19.5;-18.8;-19.8;-21.3;-25.7;-21.1;-18.9;-19.6;-16.8,255;255;255;255;255;255;255;255;255;255;255,1;0;0;0;0;0;0;0;0,504990;504990;504990;504990;504990;504990;504990;504990;504990,558;496;238;497;560;835;239;495;237,1;0;1;1;1;6;7;3;7,-,3;1;1;1;1;1;1;1;1,-92.8;-96.6;-98.7;-98.9;-102.1;-109.3;-109.3;-110.2;-120.5,-12.1;-13.6;-14.7;-13.9;-18.4;-18;-21.3;-20.3;-25.7,5.5;255;255;255;255;255;255;255;255,0.6,4,0,QPSK,-,100,0,0,0,0.00,0.00,0.02,0.02,0,1,Rank 1,18,568,27,69,-,69,9,21.6,31,22,256QAM,0,SMDL,1.2,4.7,20,0.00,0.00,0.22,0.58,Rank 2,16,404,91,-,4 x 4,HandOver,29484,Free,17,FORMAT_0,363,57,Success,29484,7,-,19,22,4,-,91,-,3,24,-,-,-,-,-,-,-,-,-,-,-,-,-,Registered,Normal Service,9,269,18,6FD266FE,187,8,30kHz,848,-,16,1,-,-,New trans.,0,0,16QAM,139,2,29484,182,13,0,0,Pass,1,QPSK,0,16,1,0,15,30kHz,Re trans.,-,3303,
20260725 14:47:38.580,24.826950,102.852682,16.63,1952,3,1,0.00,0.00,,,,,,,1,SA,460,00,中国移动,4456484,6443552781,1573133,13,Normal,-,1,41,100,100,504990,-,558,513000,513000,30kHz,503172,1099,-,ms20,Connected,SA,-0.6,3,1,-58,105,-86.3,-10.8,11.2,1,Not Barred,6,6312,-50.3,504990,558,-83.8;-95.7;-116.1;-86.7,-,9;1.2;2.1;8.1,7.4;5.9;-13.3;8.6,-50.3;-50.6;-63.8;-57.4,1;1;3;1;7;1;1;5;1,496;558;558;497;239;238;560;835;495,-97.2;-86.3;-110.4;-98.3;-126.9;-94.4;-118.9;-110.2;-116.2,-18.9;-10.8;-18.6;-20.8;-29.2;-18.2;-27.2;-17.6;-26.4,255;255;255;255;255;255;255;255;255,1;0;0;0;0;0;0;0,504990;504990;504990;504990;504990;504990;504990;504990,558;238;496;497;560;495;835;239,1;1;1;1;1;1;5;7,-,2;1;1;1;1;1;1;1,-86.3;-94.1;-97.4;-97.8;-100.2;-105.8;-109.2;-126.9,-10.8;-15.9;-14.2;-15.2;-16.9;-20.6;-17.5;-29.2,11.2;255;255;255;255;255;255;255,0.6,4,0,QPSK,-,100,0,0,0,0.00,0.00,0.01,0.01,0,1,Rank 1,18,568,5,69,-,69,7,15.9,30,30,16QAM,0,SMSL,2.8,52.1,45.1,0.00,0.00,0.15,0.39,Rank 1,12,728,32,-,4 x 4,HandOver,29484,Free,17,FORMAT_0,363,57,Success,29484,7,-,14,17,4,-,32,-,3,5,-,-,-,-,-,-,-,-,-,-,-,-,-,Registered,Normal Service,9,269,18,6FD266FE,285,8,30kHz,261,-,12,1,-,-,-,0,0,QPSK,139,1,29484,246,13,0,0,Pass,0,QPSK,0,16,1,0,15,30kHz,Re trans.,-,3303,
20260725 14:47:39.597,24.826915,102.852694,13.72,1952,3,1,0.00,0.00,,,,,,,1,SA,460,00,中国移动,4456484,6443491339,1573118,11,Normal,-,1,41,100,100,504990,-,238,513000,513000,30kHz,503172,1099,-,ms20,Connected,SA,-0.6,0,4,-58,118,-96.5,-12.4,-2.8,0,Not Barred,6,6312,-57.3,504990,238,-95.9;-96.5;0;0,-,-5.9;-12;-8.2;-2.8,-2;-0.7;-1.3;-3,-57.3;-60.9;-65.9;-63.1,1;1;2;3;0;1;2;7;2,496;558;497;835;238;238;238;238;560,-101.4;-99.6;-104.5;-119;-95.3;-98.6;-102.3;-103.8;-101.9,-14.7;-15;-15.3;-23.6;-11.6;-13.9;-15.4;-14.2;-15.5,255;255;255;255;255;255;255;255;255,1;0;0;0;0;0,504990;504990;504990;504990;504990;504990,238;558;496;560;497;835,0;1;1;2;2;3,-,4;1;1;1;1;1,-96.5;-99.6;-101.7;-102.8;-105.5;-110.1,-12.4;-15;-14.4;-15.8;-14.7;-19,-2.8;255;255;255;255;255,0,0,0,QPSK,-,100,0,0,0,0.00,0.00,0.00,0.00,0,1,Rank 1,16,96,12,54,-,54,7,7.4,29,2,16QAM,0,SMSL,38.1,57.1,4.8,0.00,0.00,0.03,0.06,Rank 1,4,268,47,-,4 x 4,HandOver,12049,Free,17,FORMAT_0,7,127,Success,12049,2,-,22,26,14,-,47,-,1,11,-,-,-,-,-,-,-,-,-,-,-,-,-,Registered,Normal Service,9,269,18,6FD266FE,390,18,30kHz,15,-,4,1,-,-,New trans.,0,0,QPSK,12,1,12049,391,3,0,0,Pass,0,QPSK,2,16,1,0,15,30kHz,Re trans.,-,414,
20260725 14:47:40.603,24.826878,102.852715,14.40,1951,3,1,0.00,0.00,,,,,,,1,SA,460,00,中国移动,4456484,6443491339,1573118,11,Normal,-,1,41,100,100,504990,-,238,513000,513000,30kHz,503172,1099,-,ms20,Connected,SA,-0.5,3,4,-60,113,-93.1,-11.3,9.7,0,Not Barred,6,6312,-59.6,504990,238,-94.5;-93;-87.8;-102.6,-,7.6;11.4;255;255,3.1;5.3;255;255,-60.8;-59.6,0;1;4;5;0;1;7;2;2,496;558;497;835;238;238;238;238;560,-110;-99;-111.1;-126.6;-92.9;-94.2;-101.6;-103;-108.8,-22.2;-15.2;-18.4;-25.5;-11;-11.8;-12;-13.6;-17.3,255;255;255;255;255;255;255;255;255,1;0;0;0;0;0,504990;504990;504990;504990;504990;504990,238;558;496;560;497;835,0;1;0;2;4;5,-,4;1;1;1;1;1,-93.1;-99;-104.6;-108.8;-110;-125,-11.3;-15.2;-17.9;-17.3;-18;-24.5,9.7;255;255;255;255;255,2,28,0,QPSK,-,100,0,0,0,0.00,0.00,0.02,0.02,4.3,1,Rank 1,21,448,22,69,-,69,11,18,31,21,256QAM,0,SMDL,12.8,20.2,8.3,0.00,0.00,0.03,0.54,Rank 2,4,633,177,-,4 x 4,HandOver,12049,Free,17,FORMAT_0,7,127,Success,12049,2,-,15,23,14,-,177,-,5,17,-,-,-,-,-,-,-,-,-,-,-,-,-,Registered,Normal Service,9,269,18,6FD266FE,490,19,30kHz,437,-,4,1,-,-,New trans.,0,0,64QAM,123,1,12049,484,4,0,0,Pass,0,QPSK,0,16,1,0,15,30kHz,Re trans.,-,2663,
20260725 14:47:41.615,24.826854,102.852720,9.00,1950,3,1,0.00,0.00,,,,,,,1,SA,460,00,中国移动,4456484,6443491339,1573118,11,Normal,-,1,41,100,100,504990,-,238,513000,513000,30kHz,503172,1099,-,ms20,Connected,SA,-0.6,4,4,-60,108,-90.4,-10.6,24.3,0,Not Barred,6,6312,-50.3,504990,238,-87.3;-84.9;-85;-87.1,-,12.8;12.4;11.3;9.6,9.2;8.1;10.6;9.7,-50.4;-50.8;-50.3;-51.3,1;1;2;4;0;1;2;6;5;2,496;558;497;835;238;238;238;238;239;560,-122.9;-105.6;-117.4;-117.3;-90;-98.6;-101.5;-101.8;-113.8;-111.3,-26.4;-17.9;-22.7;-21.6;-10.6;-11.7;-11.6;-11.4;-18.3;-21.1,255;255;255;255;255;255;255;255;255;255,1;0;0;0;0;0;0,504990;504990;504990;504990;504990;504990;504990,238;558;560;497;239;496;835,0;1;2;2;5;1;4,-,4;1;1;1;1;1;1,-90.4;-105.6;-111.3;-111.8;-113.8;-114.7;-115.3,-10.6;-17.9;-21.1;-19.5;-18.3;-21.7;-19.7,24.3;255;255;255;255;255;255,0.3,3,0,QPSK,-,100,0,0,0,0.00,0.00,0.08,0.09,11.8,4,Rank 2,22,308,40,69,-,69,12,14.8,31,12,64QAM,0,SMDL,0.6,21.7,60.5,0.00,0.00,0.18,0.65,Rank 2,4,648,177,-,4 x 4,HandOver,12049,Free,17,FORMAT_0,7,127,Success,12049,2,-,12,16,14,-,177,-,5,40,-,-,-,-,-,-,-,-,-,-,-,-,-,Registered,Normal Service,9,269,18,6FD266FE,595,18,30kHz,512,-,4,1,-,-,New trans.,0,0,64QAM,103,1,12049,579,14,0,0,Pass,1,QPSK,0,16,1,0,15,30kHz,Re trans.,-,1295,
20260725 14:47:42.623,24.826828,102.852735,9.58,1950,3,1,0.00,0.00,,,,,,,1,SA,460,00,中国移动,4456484,6443491339,1573118,11,Normal,-,1,41,100,100,504990,-,238,513000,513000,30kHz,503172,1099,-,ms20,Connected,SA,-0.6,3,4,-60,108,-88.4,-10.5,25.5,0,Not Barred,6,6312,-50.8,504990,238,-95.6;-90.9;-99.1;-85.5,-,4.6;20.1;25.7;7.3,13.7;12.7;16.2;13.4,-61.1;-50.8;-51;-63.1,4;1;2;7;0;1;7;3,239;558;497;835;238;238;238;238,-121.1;-103.4;-116.8;-134.9;-87.4;-93.8;-98.8;-100.3,-24.2;-19.3;-23.1;-32.7;-10.5;-10.7;-11;-10.9,255;255;255;255;255;255;255;255,1;0;0;0;0,504990;504990;504990;504990;504990,238;558;239;497;835,0;1;4;2;7,-,4;1;1;1;1,-88.4;-103.4;-111.9;-116.7;-135,-10.5;-19.3;-19.1;-23.1;-32.8,25.5;255;255;255;255,5.5,29,0,QPSK,-,51.3,46.2,2.6,0,0.58,0.58,0.69,0.73,0,4,Rank 1,57,2240,40,76,-,76,12,16,31,16,64QAM,0,SMDL,0,8,78.3,0.02,0.02,0.09,0.62,Rank 2,4,568,177,-,4 x 4,HandOver,12049,Free,17,FORMAT_0,7,127,Success,12049,2,-,9,17,14,-,177,-,5,40,-,-,-,-,-,-,-,-,-,-,-,-,-,Registered,Normal Service,9,269,18,6FD266FE,664,19,30kHz,656,-,4,1,-,-,New trans.,0,0,64QAM,123,1,12049,639,14,0,0,Pass,1,QPSK,0,16,4,0,15,30kHz,Re trans.,-,100431,
20260725 14:47:43.639,24.826790,102.852753,13.21,1950,3,1,0.00,0.00,,,,,,,1,SA,460,00,中国移动,4456484,6471196684,1579882,12,Normal,-,1,41,100,100,504990,-,238,513000,513000,30kHz,503172,1099,-,ms20,Connected,SA,-0.6,3,2,-60,105,-83.8,-10.4,22.5,0,Not Barred,6,6312,-44.1,504990,238,-86.4;-86.6;-83.6;-82.6,-,25.9;27.3;255;255,14.3;15.5;255;255,-44.1;-51.1,4;1;0;1;7;2;3,239;558;238;238;238;238;532,-108.4;-100.2;-83.3;-91.2;-94.9;-96;-113.1,-18;-19.9;-10.4;-10.6;-10.6;-11;-20.5,255;255;255;255;255;255;255,1;0;0;0,504990;504990;504990;504990,238;558;239;532,0;1;4;3,-,4;1;1;1,-83.8;-100.2;-106.9;-113.1,-10.4;-19.9;-17.9;-20.5,22.5;255;255;255,0,0,0,QPSK,-,100,0,0,0,0.00,0.00,0.00,0.00,0,1,Rank 1,18,36,2,14,-,14,12,19.9,30,20,64QAM,0,SMDL,0,0,63.3,0.00,0.00,0.09,0.17,Rank 2,4,120,50,-,2 x 2,HandOver,12049,Free,17,FORMAT_0,7,127,Success,12049,2,-,7,13,14,-,50,-,5,2,-,-,-,-,-,-,-,-,-,-,-,-,-,Registered,Normal Service,9,269,18,6FD266FE,737,8,30kHz,480,-,4,1,-,-,New trans.,0,0,64QAM,123,1,12049,769,10,0,4,Pass,0,QPSK,0,20,1,0,0,30kHz,Re trans.,-,90,
20260725 14:47:44.652,24.826756,102.852764,11.52,1950,3,1,0.00,0.00,,,,,,,1,SA,460,00,中国移动,4456484,6471196684,1579882,12,Normal,-,1,41,100,100,504990,-,238,513000,513000,30kHz,503172,1099,-,ms20,Connected,SA,-0.5,4,2,-60,105,-79.7,-10.4,27.5,0,Not Barred,6,6312,-41.8,504990,238,-84;-78.1;-80.4;-86.1,-,21.1;23.8;255;255,17.4;18.3;255;255,-41.8;-42.5,4;1;0;1;7;3;3;5,239;558;238;238;238;238;532;835,-126.9;-95.8;-79.1;-86.1;-89.9;-94.9;-101.4;-123.4,-29;-20.3;-10.4;-10.4;-10.5;-11.1;-17.7;-28.7,255;255;255;255;255;255;255;255,1;0;0;0;0,504990;504990;504990;504990;504990,238;558;532;835;239,0;1;3;5;4,-,4;1;1;1;1,-79.7;-95.8;-101.4;-109.4;-126.9,-10.4;-20.3;-17.7;-22.1;-29,27.5;255;255;255;255,0,0,0,QPSK,-,100,0,0,0,0.00,0.00,0.00,0.00,0,1,Rank 1,18,36,2,14,-,14,12,13,13,13,64QAM,0,SMDL,0,0,100,0.00,0.00,0.09,0.00,Rank 2,4,4,50,-,2 x 2,HandOver,12049,Free,17,FORMAT_0,7,127,Success,12049,2,-,7,8,14,-,50,-,5,2,-,-,-,-,-,-,-,-,-,-,-,-,-,Registered,Normal Service,9,269,18,6FD266FE,737,8,30kHz,480,-,4,1,-,-,New trans.,0,0,64QAM,123,1,12049,833,10,0,4,Pass,0,QPSK,0,20,1,0,0,30kHz,Re trans.,-,90,
20260725 14:47:45.670,24.826721,102.852776,14.87,1950,3,1,0.00,0.00,,,,,,,1,SA,460,00,中国移动,4456484,6471196684,1579882,12,Normal,-,1,41,100,100,504990,-,238,513000,513000,30kHz,503172,1099,-,ms20,Connected,SA,-0.6,6,2,-60,95,-75.1,-10.4,29.6,0,Not Barred,6,6312,-38.8,504990,238,-72.5;-77.5;-74;-78.6,-,29.1;33.1;255;255,20.7;20.2;255;255,-42.4;-38.8,4;1;0;1;7;2;6,239;558;238;238;238;238;532,-107.2;-91.1;-74.6;-82;-89.4;-87.4;-105.2,-22.6;-20.7;-10.4;-10.4;-10.6;-10.6;-20.1,255;255;255;255;255;255;255,1;0;0;0,504990;504990;504990;504990,238;558;532;239,0;1;6;4,-,4;1;1;1,-75.1;-91.1;-105.4;-107.2,-10.4;-20.7;-20;-22.6,29.6;255;255;255,0,0,0,QPSK,-,100,0,0,0,0.00,0.00,0.00,0.00,0,1,Rank 1,18,36,3,69,-,69,12,12.6,14,13,64QAM,0,SMDL,0,0,100,0.00,0.00,0.01,0.03,Rank 2,4,36,0,-,2 x 2,HandOver,12049,Free,17,FORMAT_0,7,127,Success,12049,2,-,8,7,14,-,50,-,2,1,-,-,-,-,-,-,-,-,-,-,-,-,-,Registered,Normal Service,9,269,18,6FD266FE,997,8,30kHz,896,-,4,1,-,-,New trans.,0,0,256QAM,95,0,12049,922,11,0,0,Pass,1,QPSK,0,16,1,0,15,30kHz,Re trans.,-,90,
20260725 14:47:46.677,24.826687,102.852791,13.10,1950,3,1,0.00,0.00,,,,,,,1,SA,460,00,中国移动,4456484,6471196684,1579882,12,Normal,-,1,41,100,100,504990,-,238,513000,513000,30kHz,503172,1099,-,ms20,Connected,SA,-0.5,6,2,-60,92,-71.4,-10.4,29.3,0,Not Barred,6,6312,-39.9,504990,238,-68.8;-76.3;-74.3;-67.6,-,24.7;25.6;255;255,19.6;20.8;255;255,-39.9;-48.3,4;1;0;1;6;4;2,239;558;238;238;238;238;532,-113.4;-91.4;-71.3;-81.7;-84.6;-90.1;-103.5,-25.1;-20.2;-10.4;-10.5;-10.8;-11.5;-20.4,255;255;255;255;255;255;255,1;0;0;0,504990;504990;504990;504990,238;558;532;239,0;1;2;4,-,4;1;1;1,-71.4;-91.4;-98.4;-113.4,-10.4;-20.2;-18.6;-25.1,29.3;255;255;255,0.8,3,0,QPSK,-,100,0,0,0,0.00,0.00,0.00,0.00,0,2,Rank 1,17,68,1,106,-,106,13,19.7,25,24,256QAM,0,SMDL,0,0,43.3,0.00,0.00,0.01,0.17,Rank 2,4,120,40,-,2 x 2,HandOver,12049,Free,17,FORMAT_0,7,127,Success,12049,2,-,7,0,14,-,40,-,2,1,-,-,-,-,-,-,-,-,-,-,-,-,-,Registered,Normal Service,9,269,18,6FD266FE,77,19,30kHz,992,-,4,1,-,-,New trans.,0,0,256QAM,123,1,12049,51,14,0,0,Pass,0,QPSK,2,16,2,0,15,30kHz,Re trans.,-,309,
20260725 14:47:47.683,24.826654,102.852805,13.25,1951,4,1,0.00,0.00,,,,,,,1,SA,460,00,中国移动,4456484,6471196684,1579882,12,Normal,-,1,41,100,100,504990,-,238,513000,513000,30kHz,503172,1099,-,ms20,Connected,SA,-0.6,5,2,-60,92,-71,-10.4,31.5,0,Not Barred,6,6312,-25.4,504990,238,-63.6;-76.6;-66.2;-66.6,-,30.2;22.2;255;255,29.5;21;255;255,-25.4;-46.9,5;1;0;1;6;7,239;558;238;238;238;238,-115.3;-91.4;-70.8;-80.8;-84.1;-84.8,-24.4;-20.9;-10.4;-10.4;-11.2;-10.7,255;255;255;255;255;255,1;0;0,504990;504990;504990,238;558;239,0;1;5,-,4;1;1,-71;-91.4;-96.7,-10.4;-20.9;-17.7,31.5;255;255,0.8,3,0,QPSK,-,100,0,0,0,0.06,0.06,0.09,0.09,0,2,Rank 1,17,68,1,106,-,106,13,24.4,31,24,256QAM,0,SMDL,0,0,0,0.04,0.04,0.00,0.64,Rank 2,4,352,40,-,2 x 2,HandOver,12049,Free,17,FORMAT_0,7,127,Success,12049,2,-,7,-1,14,-,40,-,2,1,-,-,-,-,-,-,-,-,-,-,-,-,-,Registered,Normal Service,9,269,18,6FD266FE,77,19,30kHz,992,-,4,1,-,-,New trans.,0,0,256QAM,123,1,12049,51,14,0,0,Pass,0,QPSK,2,16,2,0,15,30kHz,Re trans.,-,309,
20260725 14:47:48.688,24.826622,102.852821,12.78,1952,3,1,0.00,0.00,,,,,,,1,SA,460,00,中国移动,4456484,6471196684,1579882,12,Normal,-,1,41,100,100,504990,-,238,513000,513000,30kHz,503172,1099,-,ms20,Connected,SA,-0.6,7,2,-60,86,-68.2,-10.4,30.4,0,Not Barred,6,6312,-27.8,504990,238,-70.7;-65.4;-82.2;-83,-,24.6;30.4;255;255,25.2;20.6;255;255,-27.8;-40,5;1;0;1;6;2;5,239;558;238;238;238;238;237,-94.3;-84.5;-67.9;-74.4;-81.9;-82.2;-90.8,-19.5;-20.6;-10.4;-10.4;-10.8;-10.6;-16.4,255;255;255;255;255;255;255,1;0;0;0,504990;504990;504990;504990,238;558;237;239,0;1;5;5,-,4;1;1;1,-68.2;-84.5;-90.8;-94.6,-10.4;-20.6;-16.4;-18.6,30.4;255;255;255,4.7,16,2,QPSK,-,75,6.3,18.8,0,0.00,0.00,0.00,0.00,0,1,Rank 1,28,448,16,69,-,69,12,24.4,31,24,256QAM,0,SMDL,0,0,0,0.00,0.00,0.04,0.00,Rank 2,4,0,82,-,2 x 2,HandOver,12049,Free,17,FORMAT_0,7,127,Success,12049,2,-,3,-4,14,-,82,-,2,16,-,-,-,-,-,-,-,-,-,-,-,-,-,Registered,Normal Service,9,269,18,6FD266FE,228,9,30kHz,944,-,4,1,-,-,New trans.,0,0,256QAM,155,1,12049,202,11,0,0,Pass,1,QPSK,0,16,1,0,15,30kHz,Re trans.,-,11283,
20260725 14:47:49.693,24.826590,102.852839,13.10,1951,3,1,0.00,0.00,,,,,,,1,SA,460,00,中国移动,4456484,6471196684,1579882,12,Normal,-,1,41,100,100,504990,-,238,513000,513000,30kHz,503172,1099,-,ms20,Connected,SA,-0.6,7,2,-60,91,-71.8,-10.5,27.5,0,Not Barred,6,6312,-34.4,504990,238,-75;-67.7;-72.9;-71.6,-,24.1;21.1;255;255,17.9;14.4;255;255,-34.4;-36.4,7;1;0;1;7;5;5,239;558;238;238;238;238;237,-84.6;-85;-71.3;-75.2;-75.2;-86.8;-87.5,-18.1;-20.7;-10.5;-10.4;-10.6;-13.2;-15,255;255;255;255;255;255;255,1;0;0;0,504990;504990;504990;504990,238;558;239;237,0;1;7;5,-,4;1;1;1,-71.8;-85;-86.7;-88.4,-10.5;-20.7;-15.6;-15.8,27.5;255;255;255,4.7,16,2,QPSK,-,75,6.3,18.8,0,0.00,0.00,0.00,0.00,0,1,Rank 1,28,448,1,106,-,106,13,24.9,25,25,256QAM,0,SMDL,0,0,0,0.00,0.00,0.04,0.36,Rank 2,4,192,48,-,2 x 2,HandOver,12049,Free,17,FORMAT_0,7,127,Success,12049,2,-,6,1,14,-,48,-,2,1,-,-,-,-,-,-,-,-,-,-,-,-,-,Registered,Normal Service,9,269,18,6FD266FE,339,18,30kHz,992,-,4,1,-,-,New trans.,0,0,256QAM,155,1,12049,314,11,0,0,Pass,1,QPSK,2,16,2,0,15,30kHz,Re trans.,-,11283,
20260725 14:47:50.699,24.826556,102.852860,15.01,1951,3,1,0.00,0.00,,,,,,,1,SA,460,00,中国移动,4456484,6471196684,1579882,12,Normal,-,1,41,100,100,504990,-,238,513000,513000,30kHz,503172,1099,-,ms20,Connected,SA,-0.6,6,2,-60,93,-71.8,-10.4,21.2,0,Not Barred,6,6312,-44,504990,238,-78.4;-76.8;-72.7;-74.4,-,20.5;20.6;23;24.8,18.4;20.2;255;255,-45.3;-44,5;1;0;1;7;6;5,239;558;238;238;238;238;237,-91.8;-83.7;-72.5;-74;-74.1;-84.3;-94.4,-17;-20.6;-10.4;-10.4;-10.5;-11.4;-16.7,255;255;255;255;255;255;255,1;0;0;0,504990;504990;504990;504990,238;558;237;239,0;1;5;5,-,4;1;1;1,-71.8;-83.7;-89.8;-90.4,-10.4;-20.6;-15.2;-15.9,21.2;255;255;255,2,2,2,QPSK,-,100,0,0,0,0.00,0.00,0.00,0.00,0,2,Rank 1,16,48,2,106,-,106,13,24.9,25,25,256QAM,0,SMDL,0,0,0,0.00,0.00,0.00,0.39,Rank 2,4,208,52,-,2 x 2,HandOver,12049,Free,17,FORMAT_0,7,127,Success,12049,2,-,7,4,14,-,52,-,2,2,-,-,-,-,-,-,-,-,-,-,-,-,-,Registered,Normal Service,9,269,18,6FD266FE,436,19,30kHz,992,-,4,1,-,-,New trans.,0,0,256QAM,123,1,12049,411,13,0,0,Pass,0,QPSK,2,16,2,0,15,30kHz,Re trans.,-,318,
20260725 14:47:51.707,24.826521,102.852882,14.51,1952,3,1,0.00,0.00,,,,,,,1,SA,460,00,中国移动,4456484,6471196684,1579882,12,Normal,-,1,41,100,100,504990,-,238,513000,513000,30kHz,503172,1099,-,ms20,Connected,SA,-0.6,6,2,-60,93,-73,-10.4,19.2,0,Not Barred,6,6312,-39.6,504990,238,-78.8;-78.4;-78.7;-81.2,-,19.2;17.4;255;255,21.9;20.5;255;255,-40.4;-39.6,5;1;0;1;7;2;6;5,239;558;238;238;238;238;237;496,-104.2;-80.7;-76.1;-71.9;-77.4;-81.6;-105.4;-129.8,-21.6;-20.2;-10.4;-10.4;-10.5;-10.7;-25.1;-31.9,255;255;255;255;255;255;255;255,1;0;0;0;0,504990;504990;504990;504990;504990,238;558;237;239;496,0;1;6;5;5,-,4;1;1;1;1,-73;-80.7;-94.1;-104.9;-129.8,-10.4;-20.2;-20.1;-22.1;-31.9,19.2;255;255;255;255,2,2,2,QPSK,-,100,0,0,0,0.00,0.00,0.00,0.00,0,2,Rank 1,16,48,2,106,-,106,13,24.9,25,25,256QAM,0,SMDL,0,0,0,0.00,0.00,0.00,0.37,Rank 2,4,196,52,-,2 x 2,HandOver,12049,Free,17,FORMAT_0,7,127,Success,12049,2,-,7,4,14,-,52,-,2,2,-,-,-,-,-,-,-,-,-,-,-,-,-,Registered,Normal Service,9,269,18,6FD266FE,436,19,30kHz,992,-,4,1,-,-,New trans.,0,0,256QAM,123,1,12049,411,13,0,0,Pass,0,QPSK,2,16,2,0,15,30kHz,Re trans.,-,318,
20260725 14:47:52.719,24.826488,102.852904,14.87,1952,3,1,0.00,0.00,,,,,,,1,SA,460,00,中国移动,4456484,6471196684,1579882,12,Normal,-,1,41,100,100,504990,-,238,513000,513000,30kHz,503172,1099,-,ms20,Connected,SA,-0.6,6,2,-60,94,-78.3,-10.4,20.1,1,Not Barred,6,6312,-43.1,504990,238,-85;-77.9;-73.6;-82.7,-,21.7;28.5;255;255,22.2;18;255;255,-47.4;-43.1,4;1;1;2;0;7;5;7,239;558;238;238;238;238;237;496,-104.6;-89.5;-76.8;-81.4;-80.4;-85.3;-127.7;-97.2,-19.9;-21.3;-10.4;-10.4;-10.4;-10.6;-29.9;-17.3,255;255;255;255;255;255;255;255,1;0;0;0;0,504990;504990;504990;504990;504990,238;558;496;239;237,1;1;7;4;5,-,4;1;1;1;1,-78.3;-89.5;-97.2;-106;-127.6,-10.4;-21.3;-17.3;-20;-29.8,20.1;255;255;255;255,2,2,2,QPSK,-,100,0,0,0,0.00,0.00,0.00,0.00,0,2,Rank 1,16,48,1,106,-,106,12,24.9,25,25,256QAM,0,SMDL,0,0,0,0.00,0.00,0.00,0.35,Rank 2,4,188,49,-,2 x 2,HandOver,12049,Free,17,FORMAT_0,7,127,Success,12049,2,-,7,8,14,-,49,-,2,1,-,-,-,-,-,-,-,-,-,-,-,-,-,Registered,Normal Service,9,269,18,6FD266FE,641,9,30kHz,992,-,4,1,-,-,New trans.,0,0,256QAM,155,1,12049,616,4,0,0,Pass,1,QPSK,28,32,2,0,15,30kHz,New trans.,-,318,
20260725 14:47:53.734,24.826453,102.852927,15.88,1952,3,1,0.00,0.00,,,,,,,1,SA,460,00,中国移动,4456484,6471196684,1579882,12,Normal,-,1,41,100,100,504990,-,238,513000,513000,30kHz,503172,1099,-,ms20,Connected,SA,-0.6,5,2,-60,94,-78.4,-10.4,25.8,1,Not Barred,6,6312,-40.6,504990,238,-79.9;-82.7;-69.5;-71.7,-,22.4;27.5;12.9;22.5,14.7;19;255;255,-40.6;-47,6;1;1;0;2;6,239;558;238;238;238;238,-103.7;-87.8;-76.7;-84;-80.5;-87.2,-20.1;-20.9;-10.4;-10.5;-10.4;-10.8,255;255;255;255;255;255,1;0;0,504990;504990;504990,238;558;239,1;1;6,-,4;1;1,-78.4;-87.8;-104.3,-10.4;-20.9;-19.6,25.8;255;255,6,28,0,QPSK,-,100,0,0,0,0.00,0.00,0.00,0.00,50,1,Rank 1,20,100,5,14,-,14,12,24.6,25,25,256QAM,0,SMDL,0,0,0,0.00,0.00,0.00,0.50,Rank 2,4,268,113,-,2 x 2,HandOver,12049,Free,17,FORMAT_0,7,127,Success,12049,2,-,7,9,14,-,113,-,1,4,-,-,-,-,-,-,-,-,-,-,-,-,-,Registered,Normal Service,9,269,18,6FD266FE,641,9,30kHz,992,-,4,1,-,-,New trans.,0,0,256QAM,155,1,12049,699,11,0,4,Pass,0,QPSK,0,20,1,0,0,30kHz,Re trans.,-,364,
20260725 14:47:54.740,24.826418,102.852951,16.24,1952,3,1,0.00,0.00,,,,,,,1,SA,460,00,中国移动,4456484,6471196684,1579882,12,Normal,-,1,41,100,100,504990,-,238,513000,513000,30kHz,503172,1099,-,ms20,Connected,SA,-0.6,6,2,-60,94,-74.3,-10.4,24.7,1,Not Barred,6,6312,-44.9,504990,238,-75.8;-79.9;-76.3;-77.8,-,6.9;18.2;255;255,19.1;17.3;255;255,-46.8;-44.9,5;1;1;2;3;0;5,239;558;238;238;238;238;237,-99.7;-84.8;-74.6;-74;-84.6;-83.8;-125.9,-17.4;-20.8;-10.4;-10.4;-10.5;-10.5;-30.2,255;255;255;255;255;255;255,1;0;0;0,504990;504990;504990;504990,238;558;239;237,1;1;5;5,-,4;1;1;1,-74.3;-84.8;-99.7;-125.9,-10.4;-20.8;-17.4;-30.2,24.7;255;255;255,6,28,0,QPSK,-,100,0,0,0,0.00,0.00,0.00,0.00,0,1,Rank 1,20,100,5,14,-,14,13,24.6,25,25,256QAM,0,SMDL,0,0,0,0.00,0.00,0.00,0.00,Rank 2,4,0,113,-,2 x 2,HandOver,12049,Free,17,FORMAT_0,7,127,Success,12049,2,-,7,8,14,-,113,-,1,4,-,-,-,-,-,-,-,-,-,-,-,-,-,Registered,Normal Service,9,269,18,6FD266FE,641,9,30kHz,992,-,4,1,-,-,New trans.,0,0,256QAM,155,1,12049,699,11,0,4,Pass,0,QPSK,0,20,1,0,0,30kHz,Re trans.,-,364,
20260725 14:47:55.748,24.826382,102.852974,16.49,1952,3,1,0.00,0.00,,,,,,,1,SA,460,00,中国移动,4456484,6471196684,1579882,12,Normal,-,1,41,100,100,504990,-,238,513000,513000,30kHz,503172,1099,-,ms20,Connected,SA,-0.6,6,2,-60,94,-77.5,-10.5,23.9,2,Not Barred,6,6312,-37.6,504990,238,-77.2;-71.9;-105.4;-78.9,-,25.4;23.6;13.1;20.5,18.9;12.7;255;255,-43.1;-37.6,5;1;2;3;4;1;5;1,239;558;238;238;238;238;237;497,-124.1;-93.1;-75.9;-79.8;-83.6;-80.2;-104.3;-118.6,-29;-21;-10.4;-10.5;-11.1;-10.7;-21.1;-27,255;255;255;255;255;255;255;255,1;0;0;0;0,504990;504990;504990;504990;504990,238;558;237;497;239,2;1;5;1;5,-,4;1;1;1;1,-77.5;-93.1;-104.2;-118.6;-124,-10.5;-21;-21.7;-27;-29,23.9;255;255;255;255,6,28,0,QPSK,-,100,0,0,0,0.00,0.00,0.00,0.00,0,1,Rank 1,20,100,5,69,-,69,12,24.6,25,25,256QAM,0,SMDL,0,0,0,0.00,0.00,0.00,0.00,Rank 2,4,0,113,-,2 x 2,HandOver,12049,Free,17,FORMAT_0,7,127,Success,12049,2,-,7,11,14,-,113,-,1,4,-,-,-,-,-,-,-,-,-,-,-,-,-,Registered,Normal Service,9,269,18,6FD266FE,941,8,30kHz,800,-,4,1,-,-,New trans.,0,0,256QAM,163,1,12049,908,3,0,0,Pass,0,QPSK,0,16,1,0,15,30kHz,Re trans.,-,364,
20260725 14:47:56.760,24.826345,102.852996,16.09,1952,3,1,0.00,0.00,,,,,,,1,SA,460,00,中国移动,4456484,6471196684,1579882,12,Normal,-,1,41,100,100,504990,-,238,513000,513000,30kHz,503172,1099,-,ms20,Connected,SA,-0.6,6,2,-60,93,-74.2,-10.4,27.7,2,Not Barred,6,6312,-36.3,504990,238,-80.3;-71.5;-105.9;-72.1,-,17.9;27.9;17.4;20.7,18.5;17.7;255;255,-42.4;-36.3,6;1;2;3;4;1;5;1,239;558;238;238;238;238;237;497,-99.1;-92.3;-73.1;-78;-81.4;-82.9;-100;-93.3,-20.2;-20.1;-10.4;-10.4;-10.5;-10.8;-19.7;-18,255;255;255;255;255;255;255;255,1;0;0;0;0,504990;504990;504990;504990;504990,238;558;497;237;239,2;1;1;5;6,-,4;1;1;1;1,-74.2;-92.3;-93.3;-99.4;-99.7,-10.4;-20.1;-18;-19.9;-19,27.7;255;255;255;255,1,2,2,QPSK,-,100,0,0,0,0.00,0.00,0.00,0.00,0,2,Rank 1,16,32,1,69,-,69,13,23.6,31,24,256QAM,0,SMDL,0,0,0,0.00,0.00,0.00,0.34,Rank 2,4,192,49,-,2 x 2,HandOver,12049,Free,17,FORMAT_0,7,127,Success,12049,2,-,6,5,14,-,49,-,1,1,-,-,-,-,-,-,-,-,-,-,-,-,-,Registered,Normal Service,9,269,18,6FD266FE,59,18,30kHz,896,-,4,1,-,-,New trans.,0,0,256QAM,179,1,12049,58,11,0,0,Pass,0,QPSK,0,16,1,0,15,30kHz,Re trans.,-,175,
20260725 14:47:57.768,24.826309,102.853015,15.55,1951,3,1,0.00,0.00,,,,,,,1,SA,460,00,中国移动,4456484,6471196684,1579882,12,Normal,-,1,41,100,100,504990,-,238,513000,513000,30kHz,503172,1099,-,ms20,Connected,SA,-0.6,6,2,-60,92,-73.1,-10.4,30.6,2,Not Barred,6,6312,-37.6,504990,238,-69.8;-86.2;-107.4;-74,-,32.8;21.2;255;255,19.4;13.8;255;255,-37.6;-38.3,5;1;2;3;4;1;5;1,239;558;238;238;238;238;237;497,-142.1;-92;-72.4;-74.8;-81;-82.9;-144.1;-90,-36.1;-18.3;-10.4;-10.4;-10.5;-11.3;-36.9;-14.7,255;255;255;255;255;255;255;255,1;0;0;0;0,504990;504990;504990;504990;504990,238;497;558;239;237,2;1;1;5;5,-,4;1;1;1;1,-73.1;-90;-92;-137.2;-141.9,-10.4;-14.7;-18.3;-33.8;-36.5,30.6;255;255;255;255,1,2,2,QPSK,-,100,0,0,0,0.00,0.00,0.00,0.00,0,2,Rank 1,16,32,1,69,-,69,12,22.8,24,23,256QAM,0,SMDL,0,0,0,0.00,0.00,0.00,0.86,Rank 2,4,508,49,-,2 x 2,HandOver,12049,Free,17,FORMAT_0,7,127,Success,12049,2,-,5,4,14,-,49,-,1,1,-,-,-,-,-,-,-,-,-,-,-,-,-,Registered,Normal Service,9,269,18,6FD266FE,83,19,30kHz,944,-,4,1,-,-,New trans.,0,0,256QAM,166,1,12049,58,11,0,0,Pass,0,QPSK,0,16,1,0,15,30kHz,Re trans.,-,175,
20260725 14:47:58.782,24.826271,102.853030,16.09,1951,3,1,0.00,0.00,,,,,,,1,SA,460,00,中国移动,4456484,6471196684,1579882,12,Normal,-,1,41,100,100,504990,-,238,513000,513000,30kHz,503172,1099,-,ms20,Connected,SA,-0.6,6,2,-60,94,-75,-10.4,21.7,2,Not Barred,6,6312,-39.6,504990,238,-79.6;-76.1;-105.1;-75.6,-,21.7;20.6;255;255,14.7;13.1;255;255,-39.6;-44.5,7;1;2;3;4;1;1,496;558;238;238;238;238;497,-141.4;-93.8;-76.5;-74.2;-82.9;-83.7;-105.8,-36.7;-20.3;-10.4;-10.4;-10.6;-11;-22,255;255;255;255;255;255;255,1;0;0;0,504990;504990;504990;504990,238;558;497;496,2;1;1;7,-,4;1;1;1,-75;-93.8;-105.8;-141.4,-10.4;-20.3;-22;-36.7,21.7;255;255;255,1,2,2,QPSK,-,100,0,0,0,0.00,0.00,0.00,0.00,0,1,Rank 1,16,64,4,106,-,106,13,24,24,24,256QAM,0,SMDL,0,0,0,0.00,0.00,0.00,0.03,Rank 2,4,16,131,-,2 x 2,HandOver,12049,Free,17,FORMAT_0,7,127,Success,12049,2,-,6,3,14,-,131,-,1,4,-,-,-,-,-,-,-,-,-,-,-,-,-,Registered,Normal Service,9,269,18,6FD266FE,229,8,30kHz,944,-,4,1,-,-,New trans.,0,0,256QAM,155,1,12049,204,4,0,0,Pass,1,QPSK,2,16,2,0,15,30kHz,Re trans.,-,350,
20260725 14:47:59.795,24.826230,102.853034,16.45,1951,3,1,0.00,0.00,,,,,,,1,SA,460,00,中国移动,4456484,6471196684,1579882,12,Normal,-,1,41,100,100,504990,-,238,513000,513000,30kHz,503172,1099,-,ms20,Connected,SA,-0.6,6,2,-60,95,-73.7,-10.4,34.1,2,Not Barred,6,6312,-38.4,504990,238,-80.4;-66.8;-124.1;-69.4,-,18.7;34.1;255;255,15.8;20.6;255;255,-38.4;-46.8,7;1;2;3;4;1;1,496;558;238;238;238;238;497,-122.7;-91;-72.9;-75.1;-82;-83.5;-93.2,-28.9;-21;-10.4;-10.4;-10.5;-11.1;-20.2,255;255;255;255;255;255;255,1;0;0;0,504990;504990;504990;504990,238;558;497;496,2;1;1;7,-,4;1;1;1,-73.7;-91;-93.2;-122.7,-10.4;-21;-20.2;-28.9,34.1;255;255;255,1,2,2,QPSK,-,100,0,0,0,0.00,0.00,0.01,0.01,0,1,Rank 1,16,64,7,106,-,106,13,24.7,31,25,256QAM,0,SMDL,0,0,0,0.00,0.00,0.04,0.75,Rank 2,4,408,109,-,2 x 2,HandOver,12049,Free,17,FORMAT_0,7,127,Success,12049,2,-,7,0,14,-,109,-,1,7,-,-,-,-,-,-,-,-,-,-,-,-,-,Registered,Normal Service,9,269,18,6FD266FE,318,9,30kHz,992,-,4,1,-,-,New trans.,0,0,256QAM,184,1,12049,293,4,0,0,Pass,0,QPSK,2,16,2,0,15,30kHz,Re trans.,-,350,
20260725 14:48:00.809,24.826189,102.853024,17.21,1950,3,1,0.00,0.00,,,,,,,1,SA,460,00,中国移动,4456484,6471196684,1579882,12,Normal,-,1,41,100,100,504990,-,238,513000,513000,30kHz,503172,1099,-,ms20,Connected,SA,-0.6,6,2,-60,95,-74.1,-10.4,21.8,2,Not Barred,6,6312,-40.4,504990,238,-81.7;-76;-105.6;-82.2,-,12.1;29.2;255;255,16.8;20.7;255;255,-41.4;-40.4,7;1;2;3;4;1;1,496;558;238;238;238;238;497,-140.8;-92.4;-73.9;-74.9;-81.6;-83.2;-93.1,-35.9;-20.4;-10.4;-10.4;-10.5;-10.7;-19.4,255;255;255;255;255;255;255,1;0;0;0,504990;504990;504990;504990,238;558;497;496,2;1;1;7,-,4;1;1;1,-74.1;-92.4;-93.1;-140.8,-10.4;-20.4;-19.4;-35.9,21.8;255;255;255,2,3,2,QPSK,-,100,0,0,0,0.00,0.00,0.00,0.00,0,2,Rank 1,16,144,2,106,-,106,13,24.8,31,25,256QAM,0,SMDL,0,0,0,0.00,0.00,0.02,0.41,Rank 2,4,224,49,-,2 x 2,HandOver,12049,Free,17,FORMAT_0,7,127,Success,12049,2,-,7,0,14,-,49,-,1,2,-,-,-,-,-,-,-,-,-,-,-,-,-,Registered,Normal Service,9,269,18,6FD266FE,419,18,30kHz,896,-,4,1,-,-,New trans.,0,0,256QAM,161,1,12049,394,11,0,0,Pass,1,QPSK,2,16,2,0,15,30kHz,Re trans.,-,1019,
20260725 14:48:01.819,24.826156,102.852980,18.68,1950,3,1,0.00,0.00,,,,,,,1,SA,460,00,中国移动,4456484,6471196684,1579882,12,Normal,-,1,41,100,100,504990,-,238,513000,513000,30kHz,503172,1099,-,ms20,Connected,SA,-0.6,5,2,-60,98,-78.5,-10.5,19.5,2,Not Barred,6,6312,-42.3,504990,238,-84.1;-77.9;-105.3;-82.2,-,11.5;26.8;255;255,17.5;14.5;255;255,-45.8;-42.3,7;1;2;3;1;7;1;5;0,496;558;238;238;238;238;497;237;89,-99.3;-96.1;-78.3;-78.6;-86.5;-87.8;-89.5;-109.9;-114.3,-18.3;-19.7;-10.4;-10.5;-12.7;-10.9;-12.8;-22.5;-23.7,255;255;255;255;255;255;255;255;255,1;0;0;0;0;0,504990;504990;504990;504990;504990;504990,238;497;558;496;237;89,2;1;1;7;5;0,-,4;1;1;1;1;1,-78.5;-90.2;-96.1;-99.3;-109.9;-114.3,-10.5;-13.1;-19.7;-18.3;-22.5;-23.7,19.5;255;255;255;255;255,2,3,2,QPSK,-,100,0,0,0,0.00,0.00,0.00,0.00,0,2,Rank 1,16,144,13,106,-,106,13,23.9,31,24,256QAM,0,SMDL,0,0,0,0.00,0.00,0.10,0.49,Rank 2,4,284,92,-,2 x 2,HandOver,12049,Free,17,FORMAT_0,7,127,Success,12049,2,-,6,2,14,-,92,-,1,13,-,-,-,-,-,-,-,-,-,-,-,-,-,Registered,Normal Service,9,269,18,6FD266FE,567,18,30kHz,800,-,4,1,-,-,New trans.,0,0,256QAM,155,1,12049,552,3,0,0,Pass,1,QPSK,2,16,2,0,15,30kHz,Re trans.,-,1019,
20260725 14:48:02.831,24.826089,102.852888,23.29,1951,3,1,0.00,0.00,,,,,,,1,SA,460,00,中国移动,4456484,6471196684,1579882,12,Normal,-,1,41,100,100,504990,-,238,513000,513000,30kHz,503172,1099,-,ms20,Connected,SA,-0.6,4,2,-60,101,-81.8,-10.8,18.4,2,Not Barred,6,6312,-50.3,504990,238,-81.2;-80.3;-84.3;-85.3,-,17.2;12.1;255;255,12.9;9.1;255;255,-51.3;-50.3,7;1;2;3;7;4;1;5;6,496;558;238;238;238;238;497;239;532,-95.8;-116.7;-81.3;-80.8;-90.6;-89.2;-82.5;-133.7;-106.6,-16.3;-29.8;-10.5;-10.5;-11.6;-11.1;-11.5;-33.3;-21.4,255;255;255;255;255;255;255;255;255,1;0;0;0;0;0,504990;504990;504990;504990;504990;504990,238;497;496;532;558;239,2;1;7;6;1;5,-,4;1;1;1;1;1,-81.8;-83.1;-97.2;-106.6;-116.7;-133.7,-10.8;-11.6;-16.6;-21.4;-29.8;-33.3,18.4;255;255;255;255;255,4.4,15,2,QPSK,-,72.2,11.1,16.7,0,0.05,0.05,0.08,0.08,0,1,Rank 1,24,448,12,69,-,69,13,21.7,31,20,256QAM,0,SMDL,0,0,5.1,0.06,0.06,0.04,1.06,Rank 2,4,676,163,-,4 x 4,HandOver,12049,Free,17,FORMAT_0,7,127,Success,12049,2,-,7,1,14,-,163,-,1,12,-,-,-,-,-,-,-,-,-,-,-,-,-,Registered,Normal Service,9,269,18,6FD266FE,669,18,30kHz,800,-,4,1,-,-,New trans.,0,0,256QAM,172,1,12049,653,13,0,0,Pass,1,QPSK,0,16,1,0,15,30kHz,Re trans.,-,10167,
20260725 14:48:03.838,24.826057,102.852834,25.20,1951,3,1,0.00,0.00,,,,,,,1,SA,460,00,中国移动,4456484,6471196684,1579882,12,Normal,-,1,41,100,100,504990,-,238,513000,513000,30kHz,503172,1099,-,ms20,Connected,SA,-0.6,4,2,-60,103,-82.6,-10.7,12.7,2,Not Barred,6,6312,-49.3,504990,238,-95.2;-81.1;-112.6;-82.9,-,13.3;5.2;255;255,7.2;9.8;255;255,-49.3;-52,7;1;2;3;4;1,496;497;238;238;238;238,-94.4;-84.2;-82.8;-83.7;-90.3;-92.6,-15.2;-11.5;-10.8;-10.6;-11.2;-18.1,255;255;255;255;255;255,1;0;0,504990;504990;504990,238;497;496,2;1;7,-,4;1;1,-82.6;-84.6;-95,-10.7;-11.5;-15.1,12.7;255;255,0.8,2,0,QPSK,-,100,0,0,0,0.00,0.00,0.01,0.01,0,1,Rank 1,16,144,4,69,-,69,12,21.8,31,21,256QAM,0,SMDL,0,0,11.9,0.00,0.00,0.13,0.95,Rank 2,4,636,158,-,2 x 2,HandOver,12049,Free,17,FORMAT_0,7,127,Success,12049,2,-,7,8,14,-,158,-,1,4,-,-,-,-,-,-,-,-,-,-,-,-,-,Registered,Normal Service,9,269,18,6FD266FE,762,18,30kHz,800,-,4,1,-,-,New trans.,0,0,256QAM,187,1,12049,737,13,0,0,Pass,0,QPSK,0,16,1,0,15,30kHz,Re trans.,-,705,
20260725 14:48:04.851,24.826022,102.852776,26.60,1951,3,1,0.00,0.00,,,,,,,1,SA,460,00,中国移动,4456484,6471196684,1579882,12,Normal,-,1,41,100,100,504990,-,238,513000,513000,30kHz,503172,1099,-,ms20,Connected,SA,-0.6,4,2,-60,103,-83.6,-10.8,14.1,2,Not Barred,6,6312,-45.6,504990,238,-83.6;-79.7;-125.2;-90.2,-,13.9;10.7;255;255,11.4;7.9;255;255,-53.6;-45.6,7;1;2;3;4;7;6,496;497;238;238;238;238;532,-93.1;-86.1;-83.8;-83.4;-91.8;-95;-99.4,-13.1;-11.8;-10.8;-10.6;-11.4;-15.1;-17.8,255;255;255;255;255;255;255,1;0;0;0,504990;504990;504990;504990,238;497;496;532,2;1;7;6,-,4;1;1;1,-83.6;-86.3;-94;-99.9,-10.8;-11.7;-13.9;-18.6,14.1;255;255;255,0.8,2,0,QPSK,-,100,0,0,0,0.00,0.00,0.00,0.00,0,1,Rank 1,16,144,4,69,-,69,12,21.7,31,22,256QAM,0,SMDL,0,0,35,0.00,0.00,0.13,0.86,Rank 2,4,560,158,-,2 x 2,HandOver,12049,Free,17,FORMAT_0,7,127,Success,12049,2,-,7,10,14,-,158,-,1,4,-,-,-,-,-,-,-,-,-,-,-,-,-,Registered,Normal Service,9,269,18,6FD266FE,762,18,30kHz,800,-,4,1,-,-,New trans.,0,0,256QAM,187,1,12049,737,13,0,0,Pass,0,QPSK,0,16,1,0,15,30kHz,Re trans.,-,705,
20260725 14:48:05.863,24.825980,102.852717,28.04,1951,3,1,0.00,0.00,,,,,,,1,SA,460,00,中国移动,4456484,6471196684,1579882,12,Normal,-,1,41,100,100,504990,-,238,513000,513000,30kHz,503172,1099,-,ms20,Connected,SA,-0.6,3,2,-60,105,-86,-11,11.9,2,Not Barred,6,6312,-52.4,504990,238,-86.8;-95;-115.4;-79.8,-,5.6;1.2;255;255,8.7;2.4;255;255,-52.4;-55.3,7;1;2;1;3;4;6;5,496;497;238;238;238;238;532;237,-93.5;-86.7;-85.3;-92;-87.9;-93.1;-100.7;-119.9,-14;-11.7;-10.9;-14.5;-10.9;-11.4;-16.3;-26.7,255;255;255;255;255;255;255;255,1;0;0;0;0,504990;504990;504990;504990;504990,238;497;496;532;237,2;1;7;6;5,-,4;1;1;1;1,-86;-86.5;-93.8;-100.7;-119.9,-11;-11.3;-14.2;-16.3;-26.7,11.9;255;255;255;255,0,0,0,QPSK,-,100,0,0,0,0.00,0.00,0.00,0.00,0,1,Rank 1,17,52,2,69,-,69,12,21.7,31,22,256QAM,0,SMDL,0,0,35,0.00,0.00,0.13,0.00,Rank 2,4,0,114,-,2 x 2,HandOver,12049,Free,17,FORMAT_0,7,127,Success,12049,2,-,10,12,14,-,114,-,1,1,-,-,-,-,-,-,-,-,-,-,-,-,-,Registered,Normal Service,9,269,18,6FD266FE,966,18,30kHz,688,-,4,1,-,-,New trans.,0,0,64QAM,147,1,12049,941,13,0,0,Pass,1,QPSK,0,16,1,0,15,30kHz,Re trans.,-,152,
20260725 14:48:06.876,24.825935,102.852654,29.77,1951,3,1,0.00,0.00,,,,,,,1,SA,460,00,中国移动,4456484,6471196684,1579882,12,Normal,-,1,41,100,100,504990,-,238,513000,513000,30kHz,503172,1099,-,ms20,Connected,SA,-0.6,2,2,-60,103,-80.2,-10.7,14.7,2,Not Barred,6,6312,-47.9,504990,238,-77.6;-86.1;-109.8;-73.1,-,2.7;9.9;255;255,9.9;7.3;255;255,-47.9;-55.9,7;0;2;3;4;1;6,496;497;238;238;238;238;532,-93;-86.1;-81.4;-79.4;-88.6;-89.7;-99.4,-15;-11.1;-10.7;-10.6;-11.1;-12.6;-16.8,255;255;255;255;255;255;255,1;0;0;0,504990;504990;504990;504990,238;497;496;532,2;0;7;6,-,4;1;1;1,-80.2;-86.7;-93.4;-99.4,-10.7;-11.7;-15;-16.8,14.7;255;255;255,0.4,1,0,QPSK,-,100,0,0,0,0.00,0.00,0.00,0.00,0,1,Rank 1,16,80,4,69,-,69,12,19.2,31,18,64QAM,0,SMDL,0,0,84.5,0.00,0.00,0.04,0.38,Rank 2,4,284,153,-,2 x 2,HandOver,12049,Free,17,FORMAT_0,7,127,Success,12049,2,-,9,6,14,-,153,-,1,4,-,-,-,-,-,-,-,-,-,-,-,-,-,Registered,Normal Service,9,269,18,6FD266FE,46,8,30kHz,800,-,4,1,-,-,New trans.,0,0,256QAM,151,0,12049,26,3,0,0,Pass,1,QPSK,0,16,1,0,15,30kHz,Re trans.,-,339,
20260725 14:48:07.886,24.825883,102.852594,30.31,1952,3,1,0.00,0.00,,,,,,,1,SA,460,00,中国移动,4456484,6471196684,1579882,12,Normal,-,1,41,100,100,504990,-,238,513000,513000,30kHz,503172,1099,-,ms20,Connected,SA,-0.6,2,2,-60,101,-81.6,-10.8,13.7,2,Not Barred,6,6312,-40.6,504990,238,-77.1;-83.7;-109.6;-83.2,-,12.4;14.1;255;255,9.9;10;255;255,-47.4;-40.6,6;0;2;3;1;7;6,496;497;238;238;238;238;532,-96.3;-82.5;-82.3;-80.3;-90.8;-92.1;-98.9,-17;-10.8;-10.9;-10.7;-14.2;-14.4;-16.5,255;255;255;255;255;255;255,1;0;0;0,504990;504990;504990;504990,238;497;496;532,2;0;6;6,-,4;1;1;1,-81.6;-83.7;-95.6;-99.4,-10.8;-10.9;-15.6;-16.4,13.7;255;255;255,0.4,1,0,QPSK,-,100,0,0,0,0.00,0.00,0.00,0.00,6.3,1,Rank 1,16,80,21,66,-,66,12,19.5,31,19,64QAM,0,SMDL,0,0,66.4,0.00,0.00,0.04,0.77,Rank 2,4,560,139,-,2 x 2,HandOver,12049,Free,17,FORMAT_0,7,127,Success,12049,2,-,9,-3,14,-,139,-,1,20,-,-,-,-,-,-,-,-,-,-,-,-,-,Registered,Normal Service,9,269,18,6FD266FE,149,8,30kHz,736,-,4,1,-,-,New trans.,0,0,64QAM,151,1,12049,148,15,0,0,Pass,0,QPSK,1,16,2,0,15,30kHz,Re trans.,-,339,
20260725 14:48:08.896,24.825829,102.852531,31.57,1952,3,1,0.00,0.00,,,,,,,1,SA,460,00,中国移动,4456484,6471196684,1579882,12,Normal,-,1,41,100,100,504990,-,238,513000,513000,30kHz,503172,1099,-,ms20,Connected,SA,-0.6,2,2,-60,102,-86.1,-10.8,5.9,2,Not Barred,6,6312,-49.4,504990,238,-89.6;-91.1;-86.8;-78.1,-,12.3;11.3;255;255,11.2;8.6;255;255,-59.3;-49.4,7;0;2;3;6;4;6;5;0,496;497;238;238;238;238;532;237;560,-100.7;-88.9;-85.3;-88.4;-97.3;-94.4;-108.8;-116.5;-94.4,-15.4;-11.6;-10.6;-11.3;-12.7;-11.2;-19.7;-23.2;-17.3,255;255;255;255;255;255;255;255;255,1;0;0;0;0;0,504990;504990;504990;504990;504990;504990,238;497;560;496;532;237,2;0;0;7;6;5,-,4;1;1;1;1;1,-86.1;-89.1;-94.4;-102.3;-108.4;-116.5,-10.8;-11.6;-17.3;-16.3;-19.6;-23.2,5.9;255;255;255;255;255,0.4,1,0,QPSK,-,100,0,0,0,0.06,0.08,0.12,0.13,0,1,Rank 1,16,80,21,66,-,66,12,21,31,18,256QAM,0,SMDL,0,0,46.1,0.04,0.04,0.11,0.95,Rank 2,4,660,139,-,2 x 2,HandOver,12049,Free,17,FORMAT_0,7,127,Success,12049,2,-,8,-4,14,-,139,-,1,20,-,-,-,-,-,-,-,-,-,-,-,-,-,Registered,Normal Service,9,269,18,6FD266FE,211,8,30kHz,848,-,4,1,-,-,New trans.,0,0,256QAM,151,1,12049,186,3,0,0,Pass,1,QPSK,1,16,2,0,15,30kHz,Re trans.,-,339,
20260725 14:48:09.910,24.825776,102.852469,30.28,1952,3,1,0.00,0.00,,,,,,,1,SA,460,00,中国移动,4456484,6471196684,1579882,12,Normal,-,1,41,100,100,504990,-,238,513000,513000,30kHz,503172,1099,-,ms20,Connected,SA,-0.6,1,2,-60,103,-85,-11.2,9.8,2,Not Barred,6,6312,-49.1,504990,238,-88.6;-88.3;-94.3;-81.9,-,2.6;7.8;255;255,8.5;8.8;255;255,-49.1;-50.4,7;0;2;3;6;4;6;1;0,496;497;238;238;238;238;532;558;560,-100;-88.3;-84;-88.3;-96.9;-96.4;-103.6;-94.2;-84.6,-16.3;-15.7;-10.7;-13;-13.8;-12.9;-19.7;-15.9;-12.6,255;255;255;255;255;255;255;255;255,1;0;0;0;0;0,504990;504990;504990;504990;504990;504990,238;560;497;558;496;532,2;0;0;1;7;6,-,4;1;1;1;1;1,-85;-85;-89.1;-96.1;-100.8;-103.6,-11.2;-12.9;-13.9;-15.4;-16.8;-19.7,9.8;255;255;255;255;255,4.8,29,1,QPSK,-,71.1,13.3,15.6,0,0.06,0.04,0.06,0.06,0,1,Rank 1,28,1260,24,14,-,14,11,21.4,31,21,256QAM,0,SMDL,0,0,33.3,0.04,0.04,0.16,0.70,Rank 2,4,480,200,-,2 x 2,HandOver,12049,Free,17,FORMAT_0,7,127,Success,12049,2,-,9,-9,14,-,200,-,1,24,-,-,-,-,-,-,-,-,-,-,-,-,-,Registered,Normal Service,9,269,18,6FD266FE,323,8,30kHz,768,-,4,1,-,-,New trans.,0,0,256QAM,103,1,12049,315,12,0,4,Pass,0,QPSK,0,20,1,0,0,30kHz,Re trans.,-,23806,
20260725 14:48:10.924,24.825722,102.852405,29.70,1950,3,1,0.00,0.00,,,,,,,1,SA,460,00,中国移动,4456484,6471196684,1579882,12,Normal,-,1,41,100,100,504990,-,238,513000,513000,30kHz,503172,1099,-,ms20,Connected,SA,-0.6,0,2,-60,105,-85.3,-10.9,10.5,2,Not Barred,6,6312,-49.3,504990,238,-87.5;-87.1;-96;-90.4,-,5.7;8.5;255;255,10.7;11.4;255;255,-49.3;-55.6,7;0;2;3;1;4;6;1;0,496;497;238;238;238;238;532;558;560,-100.9;-88.3;-84.3;-87.4;-94.4;-95.2;-107.4;-98.1;-92.7,-17.9;-12.7;-10.6;-11.3;-13;-11.5;-19.5;-15.3;-15.3,255;255;255;255;255;255;255;255;255,1;0;0;0;0;0,504990;504990;504990;504990;504990;504990,238;497;560;558;496;532,2;0;0;1;7;6,-,4;1;1;1;1;1,-85.3;-88.4;-93.9;-98.8;-102.5;-107.4,-10.9;-12.6;-15.6;-16.6;-18.4;-19.5,10.5;255;255;255;255;255,2.9,15,3,QPSK,-,83.3,11.1,5.6,0,0.06,0.06,0.08,0.09,0,2,Rank 1,27,500,18,69,-,69,11,18.2,31,17,64QAM,0,SMDL,0,0,88.6,0.03,0.03,0.09,1.05,Rank 2,4,816,201,-,2 x 2,HandOver,12049,Free,17,FORMAT_0,7,127,Success,12049,2,-,11,-9,14,-,201,-,1,17,-,-,-,-,-,-,-,-,-,-,-,-,-,Registered,Normal Service,9,269,18,6FD266FE,453,8,30kHz,736,-,4,1,-,-,New trans.,0,0,64QAM,123,1,12049,429,13,0,0,Pass,0,QPSK,0,16,1,0,15,30kHz,Re trans.,-,10929,
20260725 14:48:11.931,24.825675,102.852348,26.24,1950,3,1,0.00,0.00,,,,,,,1,SA,460,00,中国移动,4456484,6471196684,1579882,12,Normal,-,1,41,100,100,504990,-,238,513000,513000,30kHz,503172,1099,-,ms20,Connected,SA,-0.6,0,2,-60,111,-92.5,-12.4,9.5,2,Not Barred,6,6312,-52.9,504990,238,-88.5;-93.8;-92.7;-87.5,-,8.3;7.8;255;255,9.8;9.5;255;255,-52.9;-53.5,7;0;2;3;1;4;6;1;0;5,496;497;238;238;238;238;532;558;560;237,-101.6;-92;-91.7;-92.6;-99.2;-101.4;-103;-96.5;-88.5;-108,-18.4;-13.4;-11.4;-13.5;-15.8;-13.4;-16;-13.6;-11.8;-18.6,255;255;255;255;255;255;255;255;255;255,1;0;0;0;0;0;0,504990;504990;504990;504990;504990;504990;504990,238;560;497;558;496;532;237,2;0;0;1;7;6;5,-,4;1;1;1;1;1;1,-92.5;-89.1;-92.7;-97.6;-101.6;-103;-108,-12.4;-12;-12.8;-14.8;-18.4;-16;-18.6,9.5;255;255;255;255;255;255,0.3,1,0,QPSK,-,100,0,0,0,0.00,0.00,0.00,0.00,0,1,Rank 1,16,48,3,66,-,66,11,20.2,31,19,64QAM,0,SMDL,0,0,70.7,0.00,0.00,0.09,0.76,Rank 2,4,560,140,-,2 x 2,HandOver,12049,Free,17,FORMAT_0,7,127,Success,12049,2,-,9,1,14,-,140,-,1,3,-,-,-,-,-,-,-,-,-,-,-,-,-,Registered,Normal Service,9,269,18,6FD266FE,549,8,30kHz,656,-,4,1,-,-,New trans.,0,0,64QAM,179,1,12049,533,3,0,0,Pass,0,QPSK,1,16,2,0,15,30kHz,Re trans.,-,204,
20260725 14:48:12.944,24.825634,102.852298,22.54,1950,3,1,0.00,0.00,,,,,,,1,SA,460,00,中国移动,4456484,6471196684,1579882,12,Normal,-,1,41,100,100,504990,-,238,513000,513000,30kHz,503172,1099,-,ms20,Connected,SA,-0.6,-1,2,-60,110,-88.7,-11.4,9.1,2,Not Barred,6,6312,-53.8,504990,238,-89.5;-91.7;-87.5;-89.4,-,10.6;6.4;255;255,11;8.6;255;255,-53.8;-54.3,7;7;2;3;1;4;6;1;0;5,496;497;238;238;238;238;532;558;560;237,-99.8;-90.1;-88.7;-88.5;-97.5;-98.7;-104;-99.2;-93.1;-112.7,-20.6;-11.9;-10.9;-11.5;-14.6;-12.8;-18.2;-15.4;-12.7;-22.5,255;255;255;255;255;255;255;255;255;255,1;0;0;0;0;0;0,504990;504990;504990;504990;504990;504990;504990,238;497;560;496;558;532;237,2;7;0;7;1;6;5,-,4;1;1;1;1;1;1,-88.7;-90.9;-94.5;-99.2;-99.2;-105;-112.7,-11.4;-12.3;-14.5;-20.3;-16.8;-17.7;-22.5,9.1;255;255;255;255;255;255,0.5,2,0,QPSK,-,100,0,0,0,0.00,0.00,0.00,0.00,0,1,Rank 1,16,164,8,69,-,69,11,18.7,31,17,64QAM,0,SMDL,0,0,87.8,0.00,0.00,0.03,0.60,Rank 2,4,460,142,-,2 x 2,HandOver,12049,Free,17,FORMAT_0,7,127,Success,12049,2,-,11,-2,14,-,142,-,1,7,-,-,-,-,-,-,-,-,-,-,-,-,-,Registered,Normal Service,9,269,18,6FD266FE,653,18,30kHz,688,-,4,1,-,-,New trans.,0,0,64QAM,103,1,12049,639,13,0,0,Pass,1,QPSK,0,16,1,0,15,30kHz,Re trans.,-,663,
20260725 14:48:13.957,24.825601,102.852257,17.78,1950,3,1,0.00,0.00,,,,,,,1,SA,460,00,中国移动,4456484,6471196684,1579882,12,Normal,-,1,41,100,100,504990,-,238,513000,513000,30kHz,503172,1099,-,ms20,Connected,SA,-0.6,-2,2,-60,115,-95.4,-13.2,2.3,2,Not Barred,6,6312,-58.9,504990,238,-92.9;-98.3;-91.8;-94.2,-,-1.3;4;7.6;-1.4,9.5;9.9;255;255,-58.9;-62,7;7;2;3;1;6;4;1;0;5,496;497;238;238;238;238;532;558;560;237,-104.5;-94.2;-94.6;-95.8;-101.3;-103.6;-107.2;-99.5;-89.2;-105.7,-21.4;-12.6;-12.2;-15;-16.4;-15.8;-17.2;-15.1;-11.2;-15.8,255;255;255;255;255;255;255;255;255;255,1;0;0;0;0;0;0,504990;504990;504990;504990;504990;504990;504990,238;560;497;558;496;237;532,2;0;7;1;7;5;4,-,4;1;1;1;1;1;1,-95.4;-90.7;-94.6;-101.4;-105.7;-105.7;-105.9,-13.2;-11.8;-12.9;-16.2;-19.5;-15.8;-17,2.3;255;255;255;255;255;255,0.5,2,0,QPSK,-,100,0,0,0,0.00,0.00,0.00,0.00,0,1,Rank 1,16,164,4,69,-,69,11,19.3,31,19,64QAM,0,SMDL,0,0,79.3,0.00,0.00,0.03,0.99,Rank 2,4,736,159,-,2 x 2,HandOver,12049,Free,17,FORMAT_0,7,127,Success,12049,2,-,11,5,14,-,159,-,1,4,-,-,-,-,-,-,-,-,-,-,-,-,-,Registered,Normal Service,9,269,18,6FD266FE,754,18,30kHz,656,-,4,1,-,-,New trans.,0,0,64QAM,99,1,12049,729,13,0,0,Pass,0,QPSK,0,16,1,0,15,30kHz,Re trans.,-,663,
20260725 14:48:14.969,24.825574,102.852230,14.11,1949,3,1,0.00,0.00,,,,,,,1,SA,460,00,中国移动,4456484,6471196684,1579882,12,Normal,-,1,41,100,100,504990,-,238,513000,513000,30kHz,503172,1099,-,ms20,Connected,SA,-0.6,-2,2,-60,112,-93.8,-13.7,4.3,2,Not Barred,6,6312,-55.5,504990,238,-92;-100.9;-89.7;-94.5,-,5.7;7.6;255;255,8.4;8.9;255;255,-55.5;-58.8,5;7;2;3;6;1;6;1;0;5;5,496;497;238;238;238;238;532;558;560;237;239,-129.5;-93.8;-92.4;-96.5;-101.6;-99.8;-105.7;-96.4;-86.8;-115.4;-110.3,-30.1;-13.1;-12.1;-16.8;-15.5;-16.3;-17;-14.4;-10.8;-21.3;-20.8,255;255;255;255;255;255;255;255;255;255;255,1;0;0;0;0;0;0;0,504990;504990;504990;504990;504990;504990;504990;504990,238;560;497;558;532;239;237;496,2;0;7;1;6;5;5;5,-,4;1;1;1;1;1;1;1,-93.8;-88.3;-94.8;-98.3;-105.1;-110.3;-115.4;-128.6,-13.7;-11.5;-13.8;-14.9;-15.8;-20.8;-21.3;-29.9,4.3;255;255;255;255;255;255;255,0,0,0,QPSK,-,100,0,0,0,0.00,0.00,0.00,0.00,0,1,Rank 1,16,80,3,69,-,69,11,17.5,31,16,64QAM,0,SMDL,0,0,84.8,0.00,0.00,0.09,0.47,Rank 2,4,396,97,-,2 x 2,HandOver,12049,Free,17,FORMAT_0,7,127,Success,12049,2,-,8,0,14,-,97,-,1,3,-,-,-,-,-,-,-,-,-,-,-,-,-,Registered,Normal Service,9,269,18,6FD266FE,860,9,30kHz,656,-,4,1,-,-,New trans.,0,1,64QAM,147,1,12049,838,3,0,0,Pass,0,QPSK,0,16,1,0,15,30kHz,Re trans.,-,336,
20260725 14:48:15.982,24.825539,102.852191,19.84,1948,3,1,0.00,0.00,,,,,,,1,SA,460,00,中国移动,4456484,6471196684,1579882,12,Normal,-,1,41,100,100,504990,-,238,513000,513000,30kHz,503172,1099,-,ms20,Connected,SA,-0.6,-2,2,-60,107,-87.9,-11.4,11.1,2,Not Barred,6,6312,-50.8,504990,238,-85;-93.2;-99.5;-85.2,-,11.2;10.1;255;255,12.2;11.5;255;255,-50.8;-56.8,5;0;2;3;1;6;4;1;3;5;5,496;497;238;238;238;238;532;558;560;237;239,-116.3;-100;-86.9;-90.3;-96.5;-96.9;-105.8;-99.4;-96.2;-111;-111.8,-23.5;-15.2;-10.9;-12.4;-13.2;-12.3;-17.2;-16;-14.6;-18.2;-21,255;255;255;255;255;255;255;255;255;255;255,1;0;0;0;0;0;0;0,504990;504990;504990;504990;504990;504990;504990;504990,238;560;497;558;532;237;239;496,2;3;0;1;4;5;5;5,-,4;1;1;1;1;1;1;1,-87.9;-96;-99;-100.4;-103.6;-111;-111.8;-116.3,-11.4;-13.8;-14.7;-16.8;-17.1;-18.2;-21;-23.6,11.1;255;255;255;255;255;255;255,0,0,0,QPSK,-,100,0,0,0,0.00,0.00,0.00,0.00,0,1,Rank 1,17,88,5,69,-,69,11,17.7,31,17,64QAM,0,SMDL,0,0,90.7,0.00,0.00,0.02,0.91,Rank 2,4,728,236,-,2 x 2,HandOver,12049,Free,17,FORMAT_0,7,127,Success,12049,2,-,8,0,14,-,236,-,2,3,-,-,-,-,-,-,-,-,-,-,-,-,-,Registered,Normal Service,9,269,18,6FD266FE,957,19,30kHz,736,-,4,1,-,-,New trans.,0,1,64QAM,145,1,12049,951,13,0,0,Pass,1,QPSK,0,16,1,0,15,30kHz,Re trans.,-,235,
20260725 14:48:16.993,24.825495,102.852158,21.85,1948,3,1,0.00,0.00,,,,,,,1,SA,460,00,中国移动,4456484,6471196684,1579882,12,Normal,-,1,41,100,100,504990,-,238,513000,513000,30kHz,503172,1099,-,ms20,Connected,SA,-0.6,-1,2,-60,109,-89.3,-12.7,6.3,2,Not Barred,6,6312,-52.5,504990,238,-90.2;-101.4;-91.6;-97.4,-,8.2;6.6;255;255,14.7;12.8;255;255,-52.5;-66.3,5;1;2;3;6;1;6;1;0;5,239;497;238;238;238;238;532;558;560;237,-113.7;-130.7;-88.1;-92.3;-96.6;-98.5;-108.6;-95.6;-87.4;-108.8,-21.3;-29.8;-11.5;-15.1;-14.2;-16.8;-18.6;-14.2;-11;-20.2,255;255;255;255;255;255;255;255;255;255,1;0;0;0;0;0;0,504990;504990;504990;504990;504990;504990;504990,238;560;558;532;237;239;497,2;0;1;6;5;5;1,-,4;1;1;1;1;1;1,-89.3;-89.1;-96.8;-107.9;-108.8;-113.7;-130.6,-12.7;-11.7;-15.8;-18.2;-20.2;-21.3;-29.7,6.3;255;255;255;255;255;255,0,0,0,QPSK,-,100,0,0,0,0.00,0.00,0.00,0.00,0,1,Rank 1,17,88,14,69,-,69,11,18.1,31,16,64QAM,0,SMDL,0,0,88.8,0.00,0.00,0.05,0.49,Rank 2,4,392,221,-,2 x 2,HandOver,12049,Free,17,FORMAT_0,7,127,Success,12049,2,-,9,0,14,-,221,-,1,13,-,-,-,-,-,-,-,-,-,-,-,-,-,Registered,Normal Service,9,269,18,6FD266FE,37,18,30kHz,736,-,4,1,-,-,New trans.,0,0,64QAM,147,1,12049,15,13,0,0,Pass,1,QPSK,0,16,1,0,15,30kHz,Re trans.,-,235,
20260725 14:48:18.001,24.825452,102.852122,23.51,1947,3,1,0.00,0.00,,,,,,,1,SA,460,00,中国移动,4456484,6471196684,1579882,12,Normal,-,1,41,100,100,504990,-,238,513000,513000,30kHz,503172,1099,-,ms20,Connected,SA,-0.6,-3,2,-60,110,-90.4,-11,9.4,2,Not Barred,6,6312,-52.9,504990,238,-91.7;-112.1;-93.5;-91.6,-,4;9.2;255;255,11.8;10.8;255;255,-52.9;-60.8,4;5;2;3;6;1;4;6;0;4,239;237;238;238;238;238;532;558;560;497,-127.7;-108.7;-89.2;-95;-95.6;-100.5;-108.2;-103.5;-100.2;-110.6,-27.6;-18.5;-10.8;-12.1;-11.8;-13;-18.6;-17.1;-14;-15.4,255;255;255;255;255;255;255;255;255;255,1;0;0;0;0;0;0,504990;504990;504990;504990;504990;504990;504990,238;560;558;497;532;237;239,2;0;6;4;4;5;4,-,4;1;1;1;1;1;1,-90.4;-101.1;-104.2;-105.8;-105.9;-108.7;-127.5,-11;-14.5;-16.4;-15.9;-18.6;-18.5;-27.4,9.4;255;255;255;255;255;255,0.9,5,0,QPSK,-,92.9,7.1,0,0,0.00,0.00,0.01,0.01,0,1,Rank 1,16,228,5,69,-,69,11,19.5,31,16,64QAM,0,SMDL,0,0,79,0.00,0.00,0.17,1.13,Rank 2,4,876,185,-,2 x 2,HandOver,12049,Free,17,FORMAT_0,7,127,Success,12049,2,-,11,-2,14,-,185,-,1,5,-,-,-,-,-,-,-,-,-,-,-,-,-,Registered,Normal Service,9,269,18,6FD266FE,135,8,30kHz,768,-,4,1,-,-,New trans.,0,0,256QAM,179,1,12049,129,13,0,0,Pass,1,QPSK,0,16,1,0,15,30kHz,Re trans.,-,1179,
20260725 14:48:19.010,24.825407,102.852077,25.09,1947,3,1,0.00,0.00,,,,,,,1,SA,460,00,中国移动,4456484,6471196684,1579882,12,Normal,-,1,41,100,100,504990,-,238,513000,513000,30kHz,503172,1099,-,ms20,Connected,SA,-0.6,-3,2,-60,107,-87,-10.5,20.1,2,Not Barred,6,6312,-46.9,504990,238,-83.4;-97.2;-92.3;-97.6,-,14.5;9.1;255;255,17.9;9.1;255;255,-46.9;-51.5,4;5;2;3;1;6;6;1;3,497;237;238;238;238;238;532;558;560,-108.5;-103.4;-85.6;-88.3;-95.3;-96.4;-104.4;-104.3;-102.5,-15.9;-15.6;-10.4;-10.6;-11.1;-11.2;-15.7;-18.1;-15.3,255;255;255;255;255;255;255;255;255,1;0;0;0;0;0,504990;504990;504990;504990;504990;504990,238;237;560;532;558;497,2;5;3;6;1;4,-,4;1;1;1;1;1,-87;-103.4;-103.8;-105.1;-105.6;-108.4,-10.5;-15.6;-14.5;-16;-18.9;-15.8,20.1;255;255;255;255;255,0,0,0,QPSK,-,100,0,0,0,0.00,0.00,0.00,0.00,0,1,Rank 1,16,96,5,69,-,69,12,19,31,16,64QAM,0,SMDL,0,0,67.6,0.00,0.00,0.12,0.92,Rank 2,4,704,132,-,2 x 2,HandOver,12049,Free,17,FORMAT_0,7,127,Success,12049,2,-,5,-3,14,-,132,-,1,5,-,-,-,-,-,-,-,-,-,-,-,-,-,Registered,Normal Service,9,269,18,6FD266FE,232,18,30kHz,848,-,4,1,-,-,New trans.,0,0,256QAM,131,1,12049,207,13,0,0,Pass,1,QPSK,0,16,1,0,15,30kHz,Re trans.,-,414,
20260725 14:48:20.023,24.825360,102.852033,26.10,1947,3,1,0.00,0.00,,,,,,,1,SA,460,00,中国移动,4456484,6471196684,1579882,12,Normal,-,1,41,100,100,504990,-,238,513000,513000,30kHz,503172,1099,-,ms20,Connected,SA,-0.6,-2,2,-60,102,-83.6,-10.5,14.9,2,Not Barred,6,6312,-47.6,504990,238,-83.1;-89.9;-87;-100,-,14.6;14.2;255;255,16.6;12.3;255;255,-47.6;-54.8,4;5;2;3;4;1;6;1;3,497;237;238;238;238;238;532;558;560,-117;-102.6;-82.3;-85.6;-94.1;-94.1;-101.8;-105.4;-117.4,-20.8;-17.6;-10.4;-10.5;-11.3;-10.9;-15;-19.2;-24.3,255;255;255;255;255;255;255;255;255,1;0;0;0;0;0,504990;504990;504990;504990;504990;504990,238;532;237;558;560;497,2;6;5;1;3;4,-,4;1;1;1;1;1,-83.6;-101.9;-102.6;-105.7;-107.2;-116.5,-10.5;-14.7;-17.6;-20.1;-19.2;-20.6,14.9;255;255;255;255;255,0,0,0,QPSK,-,100,0,0,0,0.00,0.00,0.00,0.00,0,1,Rank 1,16,96,5,157,-,157,11,20.7,31,22,256QAM,0,SMDL,0,0,33.3,0.00,0.00,0.09,0.61,Rank 2,4,420,132,-,2 x 2,HandOver,12049,Free,17,FORMAT_0,7,127,Success,12049,2,-,6,-6,14,-,132,-,1,5,-,-,-,-,-,-,-,-,-,-,-,-,-,Registered,Normal Service,9,269,18,6FD266FE,309,19,30kHz,800,-,4,1,-,-,New trans.,0,1,256QAM,159,1,12049,285,0,0,0,Pass,0,QPSK,3,16,2,0,15,30kHz,Re trans.,-,414,
20260725 14:48:21.036,24.825316,102.851976,28.48,1947,3,1,0.00,0.00,,,,,,,1,SA,460,00,中国移动,4456484,6471196684,1579882,12,Normal,-,1,41,100,100,504990,-,238,513000,513000,30kHz,503172,1099,-,ms20,Connected,SA,-0.6,-3,2,-60,101,-79.9,-10.6,21.6,2,Not Barred,6,6312,-41.8,504990,238,-76.6;-74.3;-74.8;-95.1,-,20.9;13.6;255;255,20.6;14.5;255;255,-41.8;-42,4;5;2;3;1;4;6;1;0,497;237;238;238;238;238;532;558;560,-108.1;-95;-78.4;-81.9;-89.8;-90.2;-101;-98.4;-100.1,-23;-14.4;-10.5;-10.6;-11.4;-11.7;-18.6;-18.5;-17.2,255;255;255;255;255;255;255;255;255,1;0;0;0;0;0,504990;504990;504990;504990;504990;504990,238;237;558;560;497;532,2;5;1;0;4;6,-,4;1;1;1;1;1,-79.9;-95.5;-99.2;-100.3;-100.4;-101.3,-10.6;-14.1;-19.2;-18;-20;-18.5,21.6;255;255;255;255;255,1.3,3,2,QPSK,-,100,0,0,0,0.00,0.00,0.00,0.00,0,2,Rank 1,16,112,3,69,-,69,10,21.7,31,22,256QAM,0,SMDL,0,0,4.8,0.00,0.00,0.03,1.06,Rank 2,4,672,175,-,2 x 2,HandOver,12049,Free,17,FORMAT_0,7,127,Success,12049,2,-,1,-12,14,-,175,-,1,3,-,-,-,-,-,-,-,-,-,-,-,-,-,Registered,Normal Service,9,269,18,6FD266FE,438,8,30kHz,688,-,4,1,-,-,New trans.,0,0,64QAM,127,1,12049,438,3,0,0,Pass,1,QPSK,0,16,1,0,15,30kHz,Re trans.,-,682,
20260725 14:48:22.044,24.825254,102.851919,29.70,1946,3,1,0.00,0.00,,,,,,,1,SA,460,00,中国移动,4456484,6471196684,1579882,12,Normal,-,1,41,100,100,504990,-,238,513000,513000,30kHz,503172,1099,-,ms20,Connected,SA,-0.6,-3,2,-60,97,-75.3,-10.5,21.1,2,Not Barred,6,6312,-36.5,504990,238,-80.8;-72.1;-80.3;-88.5,-,20.3;18.1;255;255,20.6;14.7;255;255,-44.5;-36.5,4;6;2;3;4;1;6;1;0,497;237;238;238;238;238;532;558;560,-136.1;-89.3;-73.9;-77.2;-85.1;-85.3;-107.4;-94;-99,-35;-13.9;-10.4;-10.5;-11.4;-11.3;-22.5;-17.9;-15.6,255;255;255;255;255;255;255;255;255,1;0;0;0;0;0,504990;504990;504990;504990;504990;504990,238;237;558;560;532;497,2;6;1;0;6;4,-,4;1;1;1;1;1,-75.3;-89.7;-95.6;-99;-102.9;-136.5,-10.5;-14.4;-19.5;-15.6;-21.2;-34.7,21.1;255;255;255;255;255,1.3,3,2,QPSK,-,100,0,0,0,0.00,0.00,0.00,0.00,0,2,Rank 1,16,112,6,69,-,69,10,21.5,31,20,256QAM,0,SMDL,0,0,29,0.00,0.00,0.25,1.73,Rank 2,4,1172,294,-,2 x 2,HandOver,12049,Free,17,FORMAT_0,7,127,Success,12049,2,-,1,-12,14,-,294,-,1,6,-,-,-,-,-,-,-,-,-,-,-,-,-,Registered,Normal Service,9,269,18,6FD266FE,469,8,30kHz,480,-,4,1,-,-,-,0,0,64QAM,135,1,12049,443,13,0,0,Pass,0,QPSK,0,16,1,0,15,30kHz,Re trans.,-,682,
20260725 14:48:23.055,24.825209,102.851863,28.51,1946,3,1,0.00,0.00,,,,,,,1,SA,460,00,中国移动,4456484,6471196684,1579882,12,Normal,-,1,41,100,100,504990,-,238,513000,513000,30kHz,503172,1099,-,ms20,Connected,SA,-0.6,-2,2,-60,93,-75.7,-10.4,20.5,2,Not Barred,6,6312,-38.9,504990,238,-76.9;-76.6;-81.2;-100.6,-,23.6;24.1;255;255,25.5;25.4;255;255,-41.9;-38.9,4;6;2;3;4;1;0;6,497;237;238;238;238;238;560;558,-140.7;-88.6;-74;-79.3;-84.7;-84.9;-121.4;-95.4,-36.8;-14.6;-10.4;-10.5;-10.9;-10.7;-28.4;-20.9,255;255;255;255;255;255;255;255,1;0;0;0;0,504990;504990;504990;504990;504990,238;237;558;560;497,2;6;6;0;4,-,4;1;1;1;1,-75.7;-88.6;-94.5;-119.7;-140.9,-10.4;-14.4;-20.3;-29.1;-36.9,20.5;255;255;255;255,0.4,2,0,QPSK,-,100,0,0,0,0.00,0.00,0.00,0.00,0,2,Rank 1,16,112,0,106,-,106,12,17.2,30,16,64QAM,0,SMDL,0,0,100,0.00,0.00,0.03,0.24,Rank 2,4,220,54,-,2 x 2,HandOver,12049,Free,17,FORMAT_0,7,127,Success,12049,2,-,6,-10,14,-,54,-,1,6,-,-,-,-,-,-,-,-,-,-,-,-,-,Registered,Normal Service,9,269,18,6FD266FE,639,19,30kHz,992,-,4,1,-,-,New trans.,0,1,256QAM,95,1,12049,616,15,0,0,Pass,1,QPSK,2,16,2,0,15,30kHz,Re trans.,-,517,
20260725 14:48:24.062,24.825161,102.851811,27.00,1946,3,1,0.00,0.00,,,,,,,1,SA,460,00,中国移动,4456484,6471196684,1579882,12,Normal,-,1,41,100,100,504990,-,238,513000,513000,30kHz,503172,1099,-,ms20,Connected,SA,-0.6,-3,2,-60,93,-72.2,-10.4,24.2,2,Not Barred,6,6312,-34.3,504990,238,-73;-70.4;-78;-90.4,-,23.4;24;255;255,25.5;24.1;255;255,-36.8;-34.3,6;6;2;3;4;1;0,558;237;238;238;238;238;560,-91.9;-86;-70.5;-75.1;-80.5;-81.5;-142.2,-21;-13.5;-10.4;-10.4;-10.7;-10.5;-36.9,255;255;255;255;255;255;255,1;0;0;0,504990;504990;504990;504990,238;237;558;560,2;6;6;0,-,4;1;1;1,-72.2;-86;-91.6;-142.2,-10.4;-14.3;-20.6;-36.9,24.2;255;255;255,0.4,2,0,QPSK,-,100,0,0,0,0.00,0.00,0.01,0.01,0,2,Rank 1,16,112,12,106,-,106,12,24.5,31,25,256QAM,0,SMDL,0,0,2,0.00,0.00,0.02,1.86,Rank 2,4,1016,257,-,2 x 2,HandOver,12049,Free,17,FORMAT_0,7,127,Success,12049,2,-,6,-13,14,-,257,-,1,12,-,-,-,-,-,-,-,-,-,-,-,-,-,Registered,Normal Service,9,269,18,6FD266FE,672,8,30kHz,848,-,4,1,-,-,New trans.,0,0,256QAM,103,1,12049,647,4,0,0,Pass,0,QPSK,2,16,2,0,15,30kHz,Re trans.,-,517,
20260725 14:48:25.078,24.825161,102.851811,27.00,1946,3,1,0.00,0.00,,,,,,,1,SA,460,00,中国移动,4456484,6471196684,1579882,12,Normal,-,1,41,100,100,504990,-,238,513000,513000,30kHz,503172,1099,-,ms20,Connected,SA,-0.6,-2,2,-60,90,-76.2,-10.5,21.3,2,Not Barred,6,6312,-39.8,504990,238,-76.6;-75.5;-82.1;-109.1,-,19.7;20.2;255;255,27.2;26.1;255;255,-41.6;-59.3;-44.9;-39.8,1;5;2;3;4;5;0;4;4;6,558;237;238;238;238;238;560;239;497;532,-97.1;-89.9;-74.9;-78;-85.6;-86.9;-101.5;-95.7;-94.3;-95.2,-19.9;-15.2;-10.4;-10.5;-11.3;-12.5;-18.7;-20.7;-20.1;-16.6,255;255;255;255;255;255;255;255;255;255,1;0;0;0;0;0;0,504990;504990;504990;504990;504990;504990;504990,238;237;497;532;558;239;560,2;5;4;6;1;4;0,-,4;1;1;1;1;1;1,-76.2;-91.4;-94.3;-95.2;-97.9;-98.7;-101.5,-10.5;-14.7;-20.1;-16.6;-20.9;-17.7;-18.7,21.3;255;255;255;255;255;255,2.6,6,2,QPSK,-,72.7,27.3,0,0,0.00,0.00,0.00,0.00,0,1,Rank 1,16,176,1,42,-,42,11,25,31,25,256QAM,0,SMDL,0,0,0,0.00,0.00,0.02,0.41,Rank 2,4,220,52,-,2 x 2,HandOver,12049,Free,17,FORMAT_0,7,127,Success,12049,2,-,1,-9,14,-,52,-,1,1,-,-,-,-,-,-,-,-,-,-,-,-,-,Registered,Normal Service,9,269,18,6FD266FE,802,18,30kHz,656,-,4,1,-,-,New trans.,0,0,64QAM,187,1,12049,777,13,0,0,Pass,1,QPSK,0,16,2,0,15,30kHz,Re trans.,-,1637,
20260725 14:48:26.085,24.825065,102.851703,28.26,1946,3,1,0.00,0.00,,,,,,,1,SA,460,00,中国移动,4456484,6471196684,1579882,12,Normal,-,1,41,100,100,504990,-,238,513000,513000,30kHz,503172,1099,-,ms20,Connected,SA,-0.6,-2,2,-60,95,-79.5,-10.5,17.8,2,Not Barred,6,6312,-36.4,504990,238,-80;-79.5;-84.6;-114.1,-,18.8;18.6;255;255,27.6;26.7;255;255,-39.4;-36.4,4;5;2;3;4;6;0;4;4;6;7;5,558;237;238;238;238;238;560;239;497;532;722;496,-102.3;-97.4;-78.2;-82;-87.9;-93.7;-104.5;-96.2;-122.8;-99.8;-125.7;-113.7,-22.4;-17.8;-10.4;-10.6;-11.8;-13.8;-17.3;-19.9;-30.5;-18;-30;-24.9,255;255;255;255;255;255;255;255;255;255;255;255,1;0;0;0;0;0;0;0;0,504990;504990;504990;504990;504990;504990;504990;504990;504990,238;239;237;532;558;560;496;497;722,2;4;5;6;4;0;5;4;7,-,4;1;1;1;1;1;1;1;1,-79.5;-98.1;-98.6;-99.8;-100.3;-104.5;-113.7;-115.2;-125.7,-10.5;-17.7;-16.9;-18;-19.8;-17.3;-24.9;-26.5;-30,17.8;255;255;255;255;255;255;255;255,2.6,6,2,QPSK,-,72.7,27.3,0,0,0.00,0.00,0.00,0.00,0,1,Rank 1,16,176,19,66,-,66,12,20.2,31,30,64QAM,0,SMDL,0,0,84,0.00,0.00,0.04,0.48,Rank 2,4,400,180,-,4 x 4,HandOver,12049,Free,17,FORMAT_0,7,127,Success,12049,2,-,5,-9,14,-,180,-,1,19,-,-,-,-,-,-,-,-,-,-,-,-,-,Registered,Normal Service,9,269,18,6FD266FE,890,19,30kHz,872,-,4,1,-,-,New trans.,0,1,256QAM,95,1,12049,866,0,0,0,Pass,0,QPSK,1,16,2,0,15,30kHz,Re trans.,-,1637,
20260725 14:48:27.096,24.825013,102.851645,28.62,1945,3,1,0.00,0.00,,,,,,,1,SA,460,00,中国移动,4456484,6471196684,1579882,12,Normal,-,1,41,100,100,504990,-,238,513000,513000,30kHz,503172,1099,-,ms20,Connected,SA,-0.6,-3,2,-60,107,-86.3,-11.4,5.8,2,Not Barred,6,6312,-49.5,504990,238,-92.3;-96.6;-97.2;-112.2,-,0.9;7.4;4.5;6.6,21.4;22;255;255,-51.9;-49.5,1;6;2;3;6;1;0;5;4;6;6;5;5,558;237;238;238;238;238;560;239;497;532;722;496;701,-110.1;-97.1;-85.3;-90.3;-94.3;-95.9;-122;-98.1;-96.4;-98.2;-108.9;-108.1;-94.7,-23.1;-17.5;-10.9;-11.8;-15.5;-12.6;-27.9;-16.8;-16.3;-18.7;-23.2;-22.6;-13.4,255;255;255;255;255;255;255;255;255;255;255;255;255,1;0;0;0;0;0;0;0;0;0,504990;504990;504990;504990;504990;504990;504990;504990;504990;504990,238;701;497;237;532;239;722;496;558;560,2;5;4;6;6;5;6;5;1;0,-,4;1;1;1;1;1;1;1;1;1,-86.3;-95.2;-96.3;-96.7;-98.2;-99;-102.2;-108.1;-108.5;-122,-11.4;-14;-16.2;-17.3;-18.7;-17.7;-18.9;-22.6;-22.8;-27.9,5.8;255;255;255;255;255;255;255;255;255,3.3,15,1,QPSK,-,70,25,5,0,0.06,0.06,0.08,0.08,0,1,Rank 1,27,544,1,66,-,66,11,22.5,31,23,256QAM,0,SMDL,0,0,10,0.03,0.03,0.20,1.13,Rank 2,4,696,143,-,2 x 2,HandOver,12049,Free,17,FORMAT_0,7,127,Success,12049,2,-,7,-5,14,-,143,-,1,1,-,-,-,-,-,-,-,-,-,-,-,-,-,Registered,Normal Service,9,269,18,6FD266FE,19,9,30kHz,800,-,4,1,-,-,New trans.,0,1,256QAM,171,1,12049,7,13,0,0,Pass,1,QPSK,1,16,2,0,15,30kHz,Re trans.,-,10743,
20260725 14:48:28.108,24.824962,102.851586,29.27,1944,3,1,0.00,0.00,,,,,,,1,SA,460,00,中国移动,4456484,6471196684,1579882,12,Normal,-,1,41,100,100,504990,-,238,513000,513000,30kHz,503172,1099,-,ms20,Connected,SA,-0.6,-3,2,-60,98,-79.3,-10.6,13.8,2,Not Barred,6,6312,-40.3,504990,238,-79;-78.4;-82.2;-98.1,-,14.6;19.7;255;255,17.3;19.4;255;255,-44.9;-40.3,1;5;2;3;1;6;7;4;4;6;6;5;5;0,558;237;238;238;238;238;495;239;497;532;722;496;701;560,-97.2;-91.4;-78.3;-82.7;-87.6;-90.1;-107.8;-97.4;-100.5;-102.8;-110.5;-133.5;-147.1;-98.9,-18.8;-14.2;-10.6;-10.8;-11.6;-14.7;-21.2;-19.2;-21.1;-22.3;-25.5;-33.6;-39.1;-16.5,255;255;255;255;255;255;255;255;255;255;255;255;255;255,1;0;0;0;0;0;0;0;0;0;0,504990;504990;504990;504990;504990;504990;504990;504990;504990;504990;504990,238;237;558;239;560;532;497;722;495;496;701,2;5;1;4;0;6;4;6;7;5;5,-,4;1;1;1;1;1;1;1;1;1;1,-79.3;-91.2;-97.2;-98.9;-98.9;-99.8;-100.2;-102.8;-107.8;-133.5;-147.1,-10.6;-14.2;-18.8;-20.1;-16.5;-20.4;-21.1;-20.9;-21.2;-33.6;-39.1,13.8;255;255;255;255;255;255;255;255;255;255,0.4,2,0,QPSK,-,100,0,0,0,0.00,0.00,0.00,0.00,0,1,Rank 1,16,176,10,69,-,69,11,20.9,31,21,256QAM,0,SMDL,0,0,37.3,0.00,0.00,0.08,1.39,Rank 2,4,880,222,-,2 x 2,HandOver,12049,Free,17,FORMAT_0,7,127,Success,12049,2,-,0,-16,14,-,222,-,1,10,-,-,-,-,-,-,-,-,-,-,-,-,-,Registered,Normal Service,9,269,18,6FD266FE,126,8,30kHz,608,-,4,1,-,-,New trans.,0,0,64QAM,171,1,12049,125,13,0,0,Pass,0,QPSK,0,16,1,0,15,30kHz,Re trans.,-,790,
20260725 14:48:29.118,24.824910,102.851523,30.56,1943,3,1,0.00,0.00,,,,,,,1,SA,460,00,中国移动,4456484,6471196684,1579882,12,Normal,-,1,41,100,100,504990,-,238,513000,513000,30kHz,503172,1099,-,ms20,Connected,SA,-0.6,-2,2,-60,100,-81.2,-10.5,13.7,2,Not Barred,6,6312,-48.3,504990,238,-82.5;-83.6;-88.8;-95.7,-,14.3;17.4;255;255,20.1;19;255;255,-49.9;-48.3,1;5;2;3;1;5;0;4;4;6;6;7,558;237;238;238;238;238;130;239;497;532;722;494,-98.6;-90.9;-80.5;-82;-88.6;-90.3;-105.9;-97.5;-98;-101.2;-101.9;-128.8,-19.9;-13.6;-10.5;-10.5;-11;-13.2;-19.6;-17;-17.2;-20.9;-22.5;-32.1,255;255;255;255;255;255;255;255;255;255;255;255,1;0;0;0;0;0;0;0;0,504990;504990;504990;504990;504990;504990;504990;504990;504990,238;237;497;239;558;532;722;130;494,2;5;4;4;1;6;6;0;7,-,4;1;1;1;1;1;1;1;1,-81.2;-91.2;-98;-98.2;-98.6;-101.2;-102.2;-105.9;-128.8,-10.5;-13.1;-17.2;-18.6;-19.9;-20.9;-22.6;-19.6;-32.1,13.7;255;255;255;255;255;255;255;255,0.2,2,0,QPSK,-,100,0,0,0,0.00,0.00,0.00,0.00,0,2,Rank 1,16,180,11,357,-,357,12,17.4,30,16,64QAM,0,SMDL,0,0,93.2,0.00,0.00,0.12,1.28,Rank 2,4,292,221,-,2 x 2,HandOver,12049,Free,17,FORMAT_0,7,127,Success,12049,2,-,10,-13,14,-,221,-,1,10,-,-,-,-,-,-,-,-,-,-,-,-,-,Registered,Normal Service,9,269,18,6FD266FE,223,8,30kHz,992,-,4,1,-,-,New trans.,0,0,256QAM,139,2,12049,223,13,0,0,Pass,0,QPSK,2,16,2,0,15,30kHz,Re trans.,-,992,
20260725 14:48:30.129,24.824858,102.851461,31.10,1942,3,1,0.00,0.00,,,,,,,1,SA,460,00,中国移动,4456484,6471196684,1579882,12,Normal,-,1,41,100,100,504990,-,238,513000,513000,30kHz,503172,1099,-,ms20,Connected,SA,-0.6,-3,2,-60,103,-84.7,-10.7,15,2,Not Barred,6,6312,-46.8,504990,238,-86.4;-83.7;-104.7;-97.6,-,12.7;15;255;255,20.7;15.7;255;255,-49.3;-63.1;-54.8;-46.8,1;6;2;1;3;4;7;5;4;3,558;237;238;238;238;238;494;239;497;532,-97.3;-92.3;-83.4;-89.1;-89.4;-94.6;-103.1;-100;-98.3;-98.7,-19;-13.4;-10.5;-11;-11.3;-14.9;-19.1;-20.4;-17;-20.4,255;255;255;255;255;255;255;255;255;255,1;0;0;0;0;0;0,504990;504990;504990;504990;504990;504990;504990,238;237;558;497;532;239;494,2;6;1;4;3;5;7,-,4;1;1;1;1;1;1,-84.7;-92.5;-97.3;-98.3;-98.9;-99.7;-103.1,-10.7;-13.3;-19;-17;-18.9;-18.1;-19.1,15;255;255;255;255;255;255,0.2,2,0,QPSK,-,100,0,0,0,0.00,0.00,0.00,0.00,0,2,Rank 1,16,180,3,357,-,357,12,24.8,31,25,256QAM,0,SMDL,0,0,0,0.00,0.00,0.11,0.35,Rank 2,4,564,74,-,2 x 2,HandOver,12049,Free,17,FORMAT_0,7,127,Success,12049,2,-,6,-3,14,-,74,-,1,3,-,-,-,-,-,-,-,-,-,-,-,-,-,Registered,Normal Service,9,269,18,6FD266FE,328,18,30kHz,848,-,4,1,-,-,New trans.,0,0,256QAM,115,1,12049,324,13,0,0,Pass,0,QPSK,2,16,2,0,15,30kHz,Re trans.,-,992,
20260725 14:48:31.140,24.824805,102.851399,30.78,1942,3,1,0.00,0.00,,,,,,,1,SA,460,00,中国移动,4456484,6471196684,1579882,12,Normal,-,1,41,100,100,504990,-,238,513000,513000,30kHz,503172,1099,-,ms20,Connected,SA,-0.6,-3,2,-60,101,-80.5,-10.4,14.6,2,Not Barred,6,6312,-44.8,504990,238,-82.4;-82.8;-92.8;-101.6,-,13.6;14.8;255;255,19.2;18.2;255;255,-45.6;-44.8,1;6;2;3;1;5;0;5;4;6,558;237;238;238;238;238;130;239;497;532,-97.5;-91.4;-80.2;-87.8;-89.6;-92.1;-120.7;-99.6;-96.5;-96.3,-19.5;-13.9;-10.4;-11;-10.8;-14;-27.4;-20.4;-16.5;-19.5,255;255;255;255;255;255;255;255;255;255,1;0;0;0;0;0;0,504990;504990;504990;504990;504990;504990;504990,238;237;497;532;558;239;130,2;6;4;6;1;5;0,-,4;1;1;1;1;1;1,-80.5;-91.7;-96.5;-97.3;-97.5;-99.9;-120.5,-10.4;-13.7;-16.5;-19;-19.5;-20.1;-27.4,14.6;255;255;255;255;255;255,0.6,2,0,QPSK,-,100,0,0,0,0.00,0.00,0.00,0.00,0,2,Rank 1,16,144,7,69,-,69,11,24.8,31,25,256QAM,0,SMDL,0,0,0,0.00,0.00,0.03,1.03,Rank 2,4,564,139,-,2 x 2,HandOver,12049,Free,17,FORMAT_0,7,127,Success,12049,2,-,8,-4,14,-,139,-,1,7,-,-,-,-,-,-,-,-,-,-,-,-,-,Registered,Normal Service,9,269,18,6FD266FE,422,8,30kHz,800,-,4,1,-,-,New trans.,0,0,256QAM,99,1,12049,403,13,0,0,Pass,1,QPSK,0,16,1,0,15,30kHz,Re trans.,-,943,
20260725 14:48:32.148,24.824753,102.851338,30.35,1942,3,1,0.00,0.00,,,,,,,1,SA,460,00,中国移动,4456484,6471196684,1579882,12,Normal,-,1,41,100,100,504990,-,238,513000,513000,30kHz,503172,1099,-,ms20,Connected,SA,-0.6,-3,2,-60,102,-83,-10.5,12.7,2,Not Barred,6,6312,-47,504990,238,-83.7;-82.8;-94.3;-100.2,-,12.3;10.4;255;255,17.3;11.3;255;255,-47.3;-47,1;6;2;6;3;4;7;5;4;6,558;237;238;238;238;238;494;239;497;532,-108.1;-91.4;-82.9;-90.7;-90.9;-94.4;-128.4;-100.9;-96;-96.6,-20.7;-14.8;-10.5;-14.7;-12.5;-15.1;-30.8;-18.9;-17;-19.6,255;255;255;255;255;255;255;255;255;255,1;0;0;0;0;0;0,504990;504990;504990;504990;504990;504990;504990,238;237;497;532;239;558;494,2;6;4;6;5;1;7,-,4;1;1;1;1;1;1,-83;-92.6;-96;-96.6;-101.1;-108.1;-128.4,-10.5;-13.7;-17;-18;-19.3;-20.7;-30.8,12.7;255;255;255;255;255;255,0,0,0,QPSK,-,100,0,0,0,0.00,0.00,0.01,0.01,0,1,Rank 1,16,80,4,69,-,69,10,20.9,31,21,256QAM,0,SMDL,0,0,24.6,0.00,0.00,0.03,1.09,Rank 2,4,732,142,-,2 x 2,HandOver,12049,Free,17,FORMAT_0,7,127,Success,12049,2,-,6,-2,14,-,142,-,1,4,-,-,-,-,-,-,-,-,-,-,-,-,-,Registered,Normal Service,9,269,18,6FD266FE,517,8,30kHz,800,-,4,1,-,-,-,0,0,256QAM,131,1,12049,491,13,0,0,Pass,1,QPSK,0,16,1,0,15,30kHz,Re trans.,-,345,
20260725 14:48:33.158,24.824702,102.851278,29.59,1941,3,1,0.00,0.00,,,,,,,1,SA,460,00,中国移动,4456484,6471196684,1579882,12,Normal,-,1,41,100,100,504990,-,238,513000,513000,30kHz,503172,1099,-,ms20,Connected,SA,-0.6,-3,2,-60,102,-83.6,-10.8,18.6,2,Not Barred,6,6312,-45.4,504990,238,-84.9;-80.9;-93.3;-115.3,-,17.3;18.8;255;255,8.3;12.2;255;255,-49.4;-45.4,3;5;2;3;4;1;4,532;237;238;238;238;238;497,-92.9;-93.1;-82;-86.4;-92.2;-93;-98.4,-18;-12.8;-10.4;-11.1;-13.7;-11.5;-19.6,255;255;255;255;255;255;255,1;0;0;0,504990;504990;504990;504990,238;237;532;497,2;5;3;4,-,4;1;1;1,-83.6;-93.2;-93.4;-98.4,-10.8;-13.5;-16.5;-19.6,18.6;255;255;255,0,0,0,QPSK,-,100,0,0,0,0.00,0.00,0.00,0.00,0,1,Rank 1,16,80,4,69,-,69,11,21.9,31,21,256QAM,0,SMDL,0,0,2.1,0.00,0.00,0.06,0.58,Rank 2,4,376,161,-,2 x 2,HandOver,12049,Free,17,FORMAT_0,7,127,Success,12049,2,-,6,-2,14,-,161,-,1,4,-,-,-,-,-,-,-,-,-,-,-,-,-,Registered,Normal Service,9,269,18,6FD266FE,607,19,30kHz,688,-,4,1,-,-,New trans.,0,0,64QAM,162,1,12049,580,3,0,0,Pass,0,QPSK,0,16,1,0,15,30kHz,Re trans.,-,345,
20260725 14:48:34.169,24.824656,102.851221,26.57,1941,3,1,0.00,0.00,,,,,,,1,SA,460,00,中国移动,4456484,6471196684,1579882,12,Normal,-,1,41,100,100,504990,-,238,513000,513000,30kHz,503172,1099,-,ms20,Connected,SA,-0.6,-3,2,-60,100,-82.8,-10.5,15.6,2,Not Barred,6,6312,-47.9,504990,238,-86.2;-84.4;-88.9;-110.1,-,11.2;13;255;255,18.2;20.3;255;255,-47.9;-48.3,6;5;2;3;6;4;4;7,532;237;238;238;238;238;497;494,-103.7;-92.2;-82.4;-89.1;-93;-93.7;-96.3;-103.3,-22;-11.7;-10.4;-11.2;-14.6;-13.6;-15.9;-19.1,255;255;255;255;255;255;255;255,1;0;0;0;0,504990;504990;504990;504990;504990,238;237;497;494;532,2;5;4;7;6,-,4;1;1;1;1,-82.8;-92.3;-96.3;-103.3;-104,-10.5;-12.5;-15.9;-19.1;-21.4,15.6;255;255;255;255,0.4,1,0,QPSK,-,100,0,0,0,0.00,0.00,0.00,0.00,0,1,Rank 1,16,80,4,14,-,14,12,16.1,30,16,64QAM,0,SMDL,0,0,100,0.00,0.00,0.08,0.64,Rank 2,4,204,90,-,2 x 2,HandOver,12049,Free,17,FORMAT_0,7,127,Success,12049,2,-,8,-1,14,-,90,-,2,2,-,-,-,-,-,-,-,-,-,-,-,-,-,Registered,Normal Service,9,269,18,6FD266FE,654,19,30kHz,560,-,4,1,-,-,New trans.,0,0,64QAM,131,1,12049,699,12,0,4,Pass,0,QPSK,0,20,1,0,0,30kHz,Re trans.,-,339,
20260725 14:48:35.183,24.824616,102.851169,23.26,1941,3,1,0.00,0.00,,,,,,,1,SA,460,00,中国移动,4456484,6471196684,1579882,12,Normal,-,1,41,100,100,504990,-,238,513000,513000,30kHz,503172,1099,-,ms20,Connected,SA,-0.6,-2,2,-60,103,-85,-10.8,13.5,2,Not Barred,6,6312,-47.3,504990,238,-85.1;-84;-91.8;-107.1,-,13.1;12.7;255;255,12.1;14.9;255;255,-49.4;-47.3,4;5;2;3;4;1;4;7,532;237;238;238;238;238;497;494,-98.2;-92;-83.5;-89.3;-93.3;-94.7;-97.4;-99.3,-17.4;-12.4;-10.5;-11.5;-13.5;-11.9;-17.8;-15.6,255;255;255;255;255;255;255;255,1;0;0;0;0,504990;504990;504990;504990;504990,238;237;497;532;494,2;5;4;4;7,-,4;1;1;1;1,-85;-92.9;-97.4;-98.3;-99.3,-10.8;-13.2;-17.8;-18.4;-15.6,13.5;255;255;255;255,0,0,0,QPSK,-,100,0,0,0,0.00,0.00,0.00,0.00,0,1,Rank 1,18,72,4,69,-,69,9,20.2,31,22,64QAM,0,SMDL,0,0,53.8,0.00,0.00,0.03,0.23,Rank 2,4,580,90,-,2 x 2,HandOver,12049,Free,17,FORMAT_0,7,127,Success,12049,2,-,9,4,14,-,90,-,2,2,-,-,-,-,-,-,-,-,-,-,-,-,-,Registered,Normal Service,9,269,18,6FD266FE,832,18,30kHz,560,-,4,1,-,-,New trans.,0,0,64QAM,115,1,12049,827,13,0,0,Pass,0,QPSK,0,16,1,0,15,30kHz,Re trans.,-,166,
20260725 14:48:36.197,24.824583,102.851125,18.94,1941,3,1,0.00,0.00,,,,,,,1,SA,460,00,中国移动,4456484,6471196684,1579882,12,Normal,-,1,41,100,100,504990,-,238,513000,513000,30kHz,503172,1099,-,ms20,Connected,SA,-0.6,-3,2,-60,111,-93.6,-12.4,8,2,Not Barred,6,6312,-53.8,504990,238,-92.3;-96.8;-105.8;-104.9,-,8.7;11;255;255,10.5;11.2;255;255,-57.3;-53.8,4;5;2;3;6;4;4;3,532;237;238;238;238;238;497;494,-98.6;-92.7;-91.8;-97.8;-98.2;-97;-98.2;-112.8,-16.5;-11.4;-10.8;-14;-16.7;-14.3;-16.7;-23.2,255;255;255;255;255;255;255;255,1;0;0;0;0,504990;504990;504990;504990;504990,238;237;497;532;494,2;5;4;4;3,-,4;1;1;1;1,-93.6;-93.6;-98.2;-99.5;-102.8,-12.4;-11.8;-16.7;-16.7;-17.1,8;255;255;255;255,0,0,0,QPSK,-,100,0,0,0,0.00,0.00,0.00,0.00,0,1,Rank 1,16,64,5,69,-,69,11,20.2,31,25,256QAM,0,SMDL,0,0,49.4,0.00,0.00,0.10,0.78,Rank 2,4,332,160,-,2 x 2,HandOver,12049,Free,17,FORMAT_0,7,127,Success,12049,2,-,16,14,14,-,160,-,2,5,-,-,-,-,-,-,-,-,-,-,-,-,-,Registered,Normal Service,9,269,18,6FD266FE,931,8,30kHz,896,-,4,1,-,-,New trans.,0,0,256QAM,179,1,12049,909,13,0,0,Pass,1,QPSK,0,16,1,0,15,30kHz,Re trans.,-,276,
20260725 14:48:37.207,24.824556,102.851091,14.54,1941,3,1,0.00,0.00,,,,,,,1,SA,460,00,中国移动,4456484,6471196684,1579882,12,Normal,-,1,41,100,100,504990,-,238,513000,513000,30kHz,503172,1099,-,ms20,Connected,SA,-0.6,-2,2,-60,109,-88.5,-10.6,12.6,2,Not Barred,6,6312,-47.1,504990,238,-90.8;-87.1;-100.6;-99.5,-,11;10.2;255;255,5.8;11;255;255,-49.4;-47.1,4;5;2;3;1;4;4;7;0,532;237;238;238;238;238;497;494;129,-97.1;-93.4;-88.4;-96;-97.8;-100.5;-97.9;-102.7;-109.4,-15.1;-11.2;-10.6;-12.7;-12.4;-17.9;-14.8;-16.1;-17.8,255;255;255;255;255;255;255;255;255,1;0;0;0;0;0,504990;504990;504990;504990;504990;504990,238;237;532;497;494;129,2;5;4;4;7;0,-,4;1;1;1;1;1,-88.5;-94.9;-97.2;-97.9;-102.8;-109.4,-10.6;-12.6;-15.1;-14.8;-16;-17.8,12.6;255;255;255;255;255,0,0,0,QPSK,-,100,0,0,0,0.00,0.00,0.00,0.00,0,1,Rank 1,16,64,1,19,-,19,11,21.9,31,20,256QAM,0,SMDL,0,0,35,0.00,0.00,0.10,0.49,Rank 2,4,320,86,-,2 x 2,HandOver,12049,Free,17,FORMAT_0,7,127,Success,12049,2,-,11,10,14,-,86,-,2,1,-,-,-,-,-,-,-,-,-,-,-,-,-,Registered,Normal Service,9,269,18,6FD266FE,973,8,30kHz,688,-,4,1,-,-,-,0,1,64QAM,179,1,12049,1019,12,0,4,Pass,0,QPSK,0,28,1,0,0,30kHz,Re trans.,-,276,
20260725 14:48:38.219,24.824537,102.851062,11.63,1940,3,1,0.00,0.00,,,,,,,1,SA,460,00,中国移动,4456484,6471196684,1579882,12,Normal,-,1,41,100,100,504990,-,238,513000,513000,30kHz,503172,1099,-,ms20,Connected,SA,-0.6,-3,2,-60,105,-87.7,-11.1,9.4,2,Not Barred,6,6312,-48.9,504990,238,-90.2;-90.2;-91.8;-100.4,-,10;11;255;255,7.6;3.6;255;255,-50.5;-48.9,3;6;2;3;1;4;4;7;4,532;237;238;238;238;238;497;494;722,-95.8;-94.8;-86.2;-89.8;-94.3;-97.8;-101;-103.6;-99.7,-17.6;-13.3;-10.6;-11.8;-11.1;-16.1;-19.9;-16.5;-18.6,255;255;255;255;255;255;255;255;255,1;0;0;0;0;0,504990;504990;504990;504990;504990;504990,238;237;532;722;494;497,2;6;3;4;7;4,-,4;1;1;1;1;1,-87.7;-95.4;-95.7;-99.7;-100.9;-101,-11.1;-13.6;-15.8;-18.6;-15.6;-19.9,9.4;255;255;255;255;255,0,0,0,QPSK,-,100,0,0,0,0.00,0.00,0.00,0.00,0,1,Rank 1,20,60,2,69,-,69,8,18.4,30,17,64QAM,0,SMDL,0,0,92.1,0.00,0.00,0.05,0.47,Rank 2,4,356,63,-,2 x 2,HandOver,12049,Free,17,FORMAT_0,7,127,Success,12049,2,-,10,9,14,-,63,-,1,1,-,-,-,-,-,-,-,-,-,-,-,-,-,Registered,Normal Service,9,269,18,6FD266FE,106,9,30kHz,480,-,4,1,-,-,New trans.,0,0,64QAM,155,1,12049,80,14,0,0,Pass,0,QPSK,0,16,1,0,15,30kHz,Re trans.,-,130,
20260725 14:48:39.231,24.824520,102.851035,11.34,1940,3,1,0.00,0.00,,,,,,,1,SA,460,00,中国移动,4456484,6471196684,1579882,12,Normal,-,1,41,100,100,504990,-,238,513000,513000,30kHz,503172,1099,-,ms20,Connected,SA,-0.6,-3,2,-60,105,-84.6,-10.5,13.4,2,Not Barred,6,6312,-48.9,504990,238,-86.4;-88.5;-95.4;-107.5,-,14.1;11.7;2.1;-4.5,17.2;11;255;255,-48.9;-50.6,6;5;2;3;6;5;4;7;4;5;0,532;237;238;238;238;238;497;494;722;720;239,-94.2;-96.7;-84.4;-91.6;-94.9;-95.7;-105.2;-101.2;-101.7;-109.8;-102.7,-14.6;-15.1;-10.5;-11.6;-15.1;-14.4;-21;-15.8;-19.9;-23;-17,255;255;255;255;255;255;255;255;255;255;255,1;0;0;0;0;0;0;0,504990;504990;504990;504990;504990;504990;504990;504990,238;532;237;494;722;239;497;720,2;6;5;7;4;0;4;5,-,4;1;1;1;1;1;1;1,-84.6;-95.5;-98.1;-101.2;-101.7;-102.7;-105.2;-109.8,-10.5;-15.3;-15.6;-15.8;-19.9;-17;-21;-23,13.4;255;255;255;255;255;255;255,0,0,0,QPSK,-,100,0,0,0,0.00,0.00,0.00,0.00,0,1,Rank 1,16,64,4,193,-,193,11,19,30,19,64QAM,0,SMDL,0,0,74.4,0.00,0.00,0.05,0.43,Rank 2,4,156,93,-,2 x 2,HandOver,12049,Free,17,FORMAT_0,7,127,Success,12049,2,-,8,14,14,-,93,-,1,4,-,-,-,-,-,-,-,-,-,-,-,-,-,Registered,Normal Service,9,269,18,6FD266FE,211,19,30kHz,736,-,4,1,-,-,New trans.,0,0,64QAM,155,1,12049,211,14,0,0,Pass,0,QPSK,2,16,1,0,15,30kHz,Re trans.,-,267,
20260725 14:48:40.239,24.824509,102.851009,8.86,1940,3,1,0.00,0.00,,,,,,,1,SA,460,00,中国移动,4456484,6471196684,1579882,12,Normal,-,1,41,100,100,504990,-,238,513000,513000,30kHz,503172,1099,-,ms20,Connected,SA,-0.6,-3,2,-60,108,-90.6,-11,12.7,2,Not Barred,6,6312,-49.1,504990,238,-91.2;-90.1;-107.7;-108.9,-,12.7;11.1;255;255,17.4;16.1;255;255,-50;-49.1,6;5;2;1;3;5;4;7;4;0,532;237;238;238;238;238;497;494;722;239,-98.8;-101.3;-89.1;-95.6;-94.6;-99.9;-101.9;-100.4;-104.1;-111.4,-12.9;-16.4;-10.6;-11.1;-11.7;-14.2;-15.1;-13.7;-18.5;-20.5,255;255;255;255;255;255;255;255;255;255,1;0;0;0;0;0;0,504990;504990;504990;504990;504990;504990;504990,238;532;494;497;237;722;239,2;6;7;4;5;4;0,-,4;1;1;1;1;1;1,-90.6;-99.8;-101.5;-101.9;-103.3;-104.1;-111.4,-11;-14.8;-15.6;-15.1;-16.6;-18.5;-20.5,12.7;255;255;255;255;255;255,4,18,0,QPSK,-,71.9,15.6,12.5,0,0.00,0.00,0.00,0.00,0,1,Rank 1,26,849,32,42,-,42,11,19.9,31,19,64QAM,0,SMDL,0,0,64.1,0.00,0.00,0.04,0.21,Rank 2,4,692,170,-,2 x 2,HandOver,12049,Free,17,FORMAT_0,7,127,Success,12049,2,-,9,14,14,-,170,-,1,32,-,-,-,-,-,-,-,-,-,-,-,-,-,Registered,Normal Service,9,269,18,6FD266FE,313,9,30kHz,608,-,4,1,-,-,New trans.,0,0,64QAM,143,1,12049,302,4,0,0,Pass,0,QPSK,0,16,2,0,15,30kHz,Re trans.,-,17766,
20260725 14:48:41.253,24.824499,102.850988,8.03,1940,3,1,0.00,0.00,,,,,,,1,SA,460,00,中国移动,4456484,6471196684,1579882,12,Normal,-,1,41,100,100,504990,-,238,513000,513000,30kHz,503172,1099,-,ms20,Connected,SA,-0.6,-3,2,-60,113,-95.7,-11.7,6.1,2,Not Barred,6,6312,-58.8,504990,238,-97;-95;-103.5;-107.2,-,7.8;6.5;255;255,4.7;6.3;255;255,-60.8;-58.8,6;6;2;1;3;6;4;7;4;0;7,532;237;238;238;238;238;497;494;722;720;493,-97.6;-106.6;-93.9;-96.4;-98.2;-102.8;-100;-102.6;-101.8;-110.3;-112.7,-12.2;-20.8;-11.1;-11.1;-13.5;-16.7;-15.1;-13.6;-16.1;-19.6;-19.6,255;255;255;255;255;255;255;255;255;255;255,1;0;0;0;0;0;0;0,504990;504990;504990;504990;504990;504990;504990;504990,238;532;497;722;494;237;720;493,2;6;4;4;7;6;0;7,-,4;1;1;1;1;1;1;1,-95.7;-97.7;-100;-101.8;-102.6;-105.5;-110.3;-112.7,-11.7;-13.1;-15.1;-16.2;-13.6;-17.8;-19.6;-19.6,6.1;255;255;255;255;255;255;255,0.3,2,0,QPSK,-,100,0,0,0,0.06,0.09,0.14,0.14,0,1,Rank 1,16,128,8,69,-,69,10,17.3,30,17,64QAM,0,SMDL,0,0.7,99.3,0.06,0.06,0.10,0.96,Rank 2,4,536,165,-,2 x 2,HandOver,12049,Free,17,FORMAT_0,7,127,Success,12049,2,-,13,17,14,-,165,-,1,8,-,-,-,-,-,-,-,-,-,-,-,-,-,Registered,Normal Service,9,269,18,6FD266FE,416,19,30kHz,480,-,4,1,-,-,New trans.,0,0,64QAM,143,1,12049,414,3,0,0,Pass,1,QPSK,0,16,1,0,15,30kHz,Re trans.,-,508,
20260725 14:48:42.263,24.824487,102.850971,7.42,1940,3,1,0.00,0.00,,,,,,,1,SA,460,00,中国移动,4456484,6471196684,1579882,12,Normal,-,1,41,100,100,504990,-,238,513000,513000,30kHz,503172,1099,-,ms20,Connected,SA,-0.6,-3,2,-60,109,-87.6,-10.7,13.5,2,Not Barred,6,6312,-60,504990,238,-87.9;-91.5;-91.6;-110.8,-,-2;1.8;255;255,7.8;2.2;255;255,-61;-60,3;6;2;1;4;3;4;7;7;0;0,532;237;238;238;238;238;497;494;722;720;239,-100.3;-119.2;-87.4;-95.4;-96;-96.7;-102.1;-106.2;-103.3;-109;-111.1,-16.3;-26.8;-10.6;-11;-13.2;-13.3;-17.5;-17.6;-15;-18.3;-18.6,255;255;255;255;255;255;255;255;255;255;255,1;0;0;0;0;0;0;0,504990;504990;504990;504990;504990;504990;504990;504990,238;532;497;722;494;237;720;239,2;3;4;7;7;6;0;0,-,4;1;1;1;1;1;1;1,-87.6;-100.3;-102.3;-103.7;-106.2;-108.3;-108.9;-111.1,-10.7;-16;-17.4;-16.7;-17.6;-21.1;-18.8;-18.6,13.5;255;255;255;255;255;255;255,0.3,2,0,QPSK,-,100,0,0,0,0.03,0.00,0.00,0.00,0,1,Rank 1,16,128,7,69,-,69,9,15.5,30,16,64QAM,0,SMDL,0,1.6,98.4,0.00,0.00,0.08,0.61,Rank 2,4,248,76,-,2 x 2,HandOver,12049,Free,17,FORMAT_0,7,127,Success,12049,2,-,7,19,14,-,76,-,1,6,-,-,-,-,-,-,-,-,-,-,-,-,-,Registered,Normal Service,9,269,18,6FD266FE,515,19,30kHz,372,-,4,1,-,-,New trans.,0,0,16QAM,130,1,12049,507,13,0,0,Pass,0,QPSK,0,16,1,0,15,30kHz,Re trans.,-,508,
20260725 14:48:43.276,24.824481,102.850947,9.94,1940,3,1,0.00,0.00,,,,,,,1,SA,460,00,中国移动,4456484,6471196684,1579882,12,Normal,-,1,41,100,100,504990,-,238,513000,513000,30kHz,503172,1099,-,ms20,Connected,SA,-0.6,-3,2,-60,113,-93.8,-11.9,6.3,2,Not Barred,6,6312,-59,504990,238,-98.5;-95.9;-101.6;-116.7,-,6;6.3;255;255,3.3;1;255;255,-61.6;-59,6;6;2;3;6;1;4;7;6;0,532;237;238;238;238;238;497;494;722;720,-96.6;-104.8;-92.8;-98.3;-109.5;-104.2;-99.2;-99.3;-97.2;-114.9,-13;-19.9;-10.9;-14.8;-21.1;-14.9;-14.9;-14.9;-14.3;-22.6,255;255;255;255;255;255;255;255;255;255,1;0;0;0;0;0;0,504990;504990;504990;504990;504990;504990;504990,238;532;722;497;494;237;720,2;6;6;4;7;6;0,-,4;1;1;1;1;1;1,-93.8;-97.1;-97.5;-99.4;-100;-105;-107.2,-11.9;-13.5;-14.4;-14.9;-15.9;-19.5;-19.1,6.3;255;255;255;255;255;255,1.5,6,0,QPSK,-,87.5,12.5,0,0,0.00,0.00,0.00,0.00,0,1,Rank 1,16,132,3,69,-,69,9,13.8,30,14,64QAM,0,SMDL,0,15.3,84.7,0.00,0.00,0.01,0.25,Rank 2,4,472,117,-,2 x 2,HandOver,12049,Free,17,FORMAT_0,7,127,Success,12049,2,-,16,26,14,-,117,-,1,3,-,-,-,-,-,-,-,-,-,-,-,-,-,Registered,Normal Service,9,269,18,6FD266FE,617,9,30kHz,560,-,4,1,-,-,New trans.,0,0,64QAM,151,1,12049,605,13,0,0,Pass,1,QPSK,0,16,1,0,15,30kHz,Re trans.,-,538,
20260725 14:48:44.288,24.824485,102.850913,13.79,1940,3,1,0.00,0.00,,,,,,,1,SA,460,00,中国移动,4456484,6471196684,1579882,12,Normal,-,1,41,100,100,504990,-,238,513000,513000,30kHz,503172,1099,-,ms20,Connected,SA,-0.6,-3,2,-60,121,-99.5,-12.4,2.7,2,Not Barred,6,6312,-61.4,504990,238,-106;-108.4;-106.3;-128.7,-,6.2;-0.5;255;255,8.9;5.4;255;255,-62.9;-61.4,4;5;2;6;3;1;4;3;7;2;7,532;237;238;238;238;238;497;494;722;720;493,-102.4;-129.1;-98.8;-113.6;-104.3;-109.4;-99.4;-104.8;-96.8;-108.5;-135.1,-16.2;-28.9;-11.6;-21.6;-17;-15.3;-13.3;-16.6;-12.7;-19.8;-33,255;255;255;255;255;255;255;255;255;255;255,1;0;0;0;0;0;0;0,504990;504990;504990;504990;504990;504990;504990;504990,238;722;497;532;494;720;237;493,2;7;4;4;3;2;5;7,-,4;1;1;1;1;1;1;1,-99.5;-97.1;-99.4;-103.5;-103.7;-116.8;-129;-135.1,-12.4;-12.5;-13.3;-15.6;-15.9;-22.6;-28.9;-33,2.7;255;255;255;255;255;255;255,1.5,6,0,QPSK,-,87.5,12.5,0,0,0.00,0.00,0.00,0.00,0,1,Rank 1,16,132,4,69,-,69,9,12.6,30,10,64QAM,0,SMDL,0,40.2,59.8,0.00,0.00,0.02,0.45,Rank 2,4,508,134,-,2 x 2,HandOver,12049,Free,17,FORMAT_0,7,127,Success,12049,2,-,17,26,14,-,134,-,1,4,-,-,-,-,-,-,-,-,-,-,-,-,-,Registered,Normal Service,9,269,18,6FD266FE,716,19,30kHz,437,-,4,1,-,-,New trans.,0,0,64QAM,115,1,12049,691,14,0,0,Pass,1,QPSK,0,16,1,0,15,30kHz,Re trans.,-,538,
20260725 14:48:45.303,24.824501,102.850881,14.22,1940,3,1,0.00,0.00,,,,,,,1,SA,460,00,中国移动,4456484,6443511819,1573123,11,Normal,-,1,41,100,100,504990,-,722,513000,513000,30kHz,503172,1099,-,ms20,Connected,SA,-0.6,0,5,-60,120,-97.6,-12.1,6.7,7,Not Barred,6,6312,-61.6,504990,722,-104.7;-97.9;-117;-111,-,-2.4;8.6;-13.6;-3.7,-6.6;-9.7;-30.1;-18.6,-61.8;-61.6;-63.3;-68.3,6;5;2;4;7;7;6;0;5;4,532;237;238;497;494;722;722;722;722;720,-103.7;-112.7;-107.8;-104.9;-97.8;-98.4;-97.4;-106.6;-105.9;-105.3,-17.8;-20.7;-14.9;-14.7;-14.1;-12.5;-11.8;-13.9;-13.9;-15.8,255;255;255;255;255;255;255;255;255;255,1;0;0;0;0;0;0,504990;504990;504990;504990;504990;504990;504990,722;494;532;497;238;720;237,7;7;6;4;2;4;5,-,4;1;1;1;1;1;1,-97.6;-98.6;-104;-104.9;-107.8;-110.7;-112.7,-12.1;-13.9;-15.4;-14.7;-15.8;-18.9;-20.7,6.7;255;255;255;255;255;255,0,0,0,QPSK,-,100,0,0,0,0.00,0.00,0.00,0.00,0,1,Rank 1,16,96,22,69,-,69,12,16.9,31,10,64QAM,0,SMDL,1.4,33.3,47.8,0.00,0.00,0.02,0.43,Rank 2,5,331,57,-,4 x 4,HandOver,42625,Free,17,FORMAT_0,226,127,Success,42625,5,-,22,26,26,-,57,-,7,15,-,-,-,-,-,-,-,-,-,-,-,-,-,Registered,Normal Service,9,269,18,6FD266FE,819,19,30kHz,752,-,5,1,-,-,New trans.,0,0,64QAM,203,1,42625,820,4,0,0,Pass,1,QPSK,0,16,1,0,15,30kHz,Re trans.,-,414,
20260725 14:48:46.321,24.824519,102.850856,11.92,1940,3,1,0.00,0.00,,,,,,,1,SA,460,00,中国移动,4456484,6471196684,1579882,12,Normal,-,1,41,100,100,504990,-,722,513000,513000,30kHz,503172,1099,-,ms20,Connected,SA,-0.6,0,5,-60,119,-93.7,-11.5,3.1,7,Not Barred,6,6312,-56.6,504990,722,-93.3;-107.3;-107.9;-101.5,-,1.1;-1.7;-4.8;0.7,-13.5;-14.7;-30.1;-14.5,-56.6;-64.6;-65.3;-64.6,4;4;2;4;7;7;6;5;2,532;720;238;497;494;722;722;722;722,-106;-108.1;-104.3;-106.7;-101.3;-93.2;-100.4;-106.2;-110.6,-15.8;-18.5;-13.1;-15.8;-13.8;-11.4;-11.7;-13.3;-18.6,255;255;255;255;255;255;255;255;255,1;0;0;0;0;0,504990;504990;504990;504990;504990;504990,722;494;238;532;497;720,7;7;2;4;4;4,-,4;1;1;1;1;1,-93.7;-102;-105;-106.5;-106.7;-108.5,-11.5;-13.7;-14;-16.7;-15.8;-18.5,3.1;255;255;255;255;255,1,9,0,QPSK,-,100,0,0,0,0.00,0.00,0.02,0.02,0,1,Rank 1,23,588,22,63,-,63,11,21.6,30,17,64QAM,0,SMDL,0,0,100,0.00,0.00,0.01,0.30,Rank 2,5,165,57,-,4 x 4,HandOver,42625,Free,17,FORMAT_0,226,127,Success,42625,5,-,22,26,26,-,57,-,7,15,-,-,-,-,-,-,-,-,-,-,-,-,-,Registered,Normal Service,9,269,18,6FD266FE,881,9,30kHz,816,-,5,1,-,-,New trans.,0,0,64QAM,231,1,42625,828,3,0,0,Pass,0,QPSK,0,16,1,0,15,30kHz,Re trans.,-,2901,
20260725 14:48:47.333,24.824538,102.850831,11.92,1941,3,1,0.00,0.00,,,,,,,1,SA,460,00,中国移动,4456484,6471196684,1579882,12,Normal,-,1,41,100,100,504990,-,722,513000,513000,30kHz,503172,1099,-,ms20,Connected,SA,-0.6,-1,5,-60,122,-100.6,-12.4,-2.3,7,Not Barred,6,6312,-63.6,504990,722,-101.5;-108.2;-111.5;-108.5,-,-2.8;1;-15.5;-4,-19;-15.6;-30.1;-16,-63.6;-66.9;-69.3;-68.5,4;4;2;4;7;7;6;5;0;2,532;720;238;497;494;722;722;722;722;31,-111.6;-108.3;-107.9;-107.4;-107.3;-101;-100.8;-105.2;-107.6;-111.3,-18.6;-17;-13.6;-16.2;-17.2;-12.9;-11.9;-14.2;-15.4;-17.4,255;255;255;255;255;255;255;255;255;255,1;0;0;0;0;0;0,504990;504990;504990;504990;504990;504990;504990,722;494;497;238;720;532;31,7;7;4;2;4;4;2,-,4;1;1;1;1;1;1,-100.6;-106.3;-107.4;-107.9;-108.1;-108.6;-111.3,-12.4;-16.2;-16.2;-13.6;-17;-16.7;-17.4,-2.3;255;255;255;255;255;255,1,9,0,QPSK,-,100,0,0,0,0.00,0.00,0.01,0.01,0,1,Rank 1,23,588,4,69,-,69,11,16.6,30,14,64QAM,0,SMDL,0,0,100,0.00,0.00,0.11,0.20,Rank 2,5,165,26,-,4 x 4,HandOver,42625,Free,17,FORMAT_0,226,127,Success,42625,5,-,22,26,26,-,26,-,1,3,-,-,-,-,-,-,-,-,-,-,-,-,-,Registered,Normal Service,9,269,18,6FD266FE,1018,9,30kHz,544,-,5,1,-,-,New trans.,0,0,64QAM,203,1,42625,1015,3,0,0,Pass,1,QPSK,0,16,1,0,15,30kHz,Re trans.,-,2901,
20260725 14:48:48.342,24.824555,102.850800,13.82,1941,3,1,0.00,0.00,,,,,,,1,SA,460,00,中国移动,4456484,6443511819,1573123,11,Normal,-,1,41,100,100,504990,-,722,513000,513000,30kHz,503172,1099,-,ms20,Connected,SA,-0.6,-1,5,-60,127,-104.6,-13.8,1.8,7,Not Barred,6,6312,-60.5,504990,722,-99.7;-104.1;-119.1;-105,-,-10;-8.5;-9;-2.4,-18.6;-20.6;-24.1;-14.5,-60.5;-65.1;-70;-68.3,4;4;2;4;7;7;5;4;6;2;7;1,532;720;238;497;494;722;722;722;722;31;493;492,-107.9;-104.5;-107.1;-113;-104.9;-105.5;-105;-113.4;-108.6;-120.8;-132.2;-125.7,-16.6;-14.7;-14.1;-19.6;-14.6;-14.9;-13.4;-18.6;-15.3;-24.1;-30;-24.3,255;255;255;255;255;255;255;255;255;255;255;255,1;0;0;0;0;0;0;0;0,504990;504990;504990;504990;504990;504990;504990;504990;504990,722;720;494;238;532;497;31;492;493,7;4;7;2;4;4;2;1;7,-,4;1;1;1;1;1;1;1;1,-104.6;-104.9;-105.6;-107.1;-107.8;-113;-120.8;-125.7;-132.2,-13.8;-15;-14.7;-14.1;-16.7;-19.6;-24.1;-24.3;-30,1.8;255;255;255;255;255;255;255;255,0.1,1,0,QPSK,-,100,0,0,0,0.00,0.00,0.00,0.00,0,1,Rank 1,16,176,10,69,-,69,12,12.4,30,12,64QAM,0,SMDL,0,20.8,79.2,0.00,0.00,0.04,0.18,Rank 2,5,265,41,-,4 x 4,HandOver,42625,Free,17,FORMAT_0,226,127,Success,42625,5,-,24,26,26,-,41,-,1,10,-,-,-,-,-,-,-,-,-,-,-,-,-,Registered,Normal Service,9,269,18,6FD266FE,96,8,30kHz,437,-,5,1,-,-,New trans.,0,0,16QAM,215,1,42625,72,4,0,0,Pass,0,QPSK,0,16,1,0,15,30kHz,Re trans.,-,907,
20260725 14:48:49.355,24.824572,102.850764,15.30,1941,3,1,0.00,0.00,,,,,,,1,SA,460,00,中国移动,4456484,6443511819,1573123,11,Normal,-,1,41,100,100,504990,-,722,513000,513000,30kHz,503172,1099,-,ms20,Connected,SA,-0.6,-2,5,-60,125,-103.3,-13.2,-1.1,5,Not Barred,6,6312,-67.4,504990,722,-106;-113.5;-116.2;-124,-,0.2;-10.1;-9.7;-7.1,-15.8;-19;-24.1;-12.2,-67.4;-72.3;-73.1;-74.4,3;4;2;4;7;5;6;1;7;2;1;1,532;720;238;497;494;722;722;722;722;31;492;86,-107.6;-102.1;-107.9;-110.3;-105.5;-102.3;-109.5;-123.5;-114.3;-111.3;-117.4;-126.1,-16.4;-13.4;-13.1;-17;-15.2;-12.8;-16.4;-25.4;-18.5;-17.7;-21;-25.9,255;255;255;255;255;255;255;255;255;255;255;255,1;0;0;0;0;0;0;0;0,504990;504990;504990;504990;504990;504990;504990;504990;504990,722;720;494;238;532;497;31;492;86,5;4;7;2;3;4;2;1;1,-,4;1;1;1;1;1;1;1;1,-103.3;-103.8;-105.3;-107.9;-108.3;-110.3;-111.2;-117.4;-126.1,-13.2;-14.7;-14.3;-13.1;-16.5;-17;-17.6;-21;-25.9,-1.1;255;255;255;255;255;255;255;255,0.4,3,0,QPSK,-,100,0,0,0,0.00,0.00,0.00,0.00,0,1,Rank 1,17,172,10,40,-,40,9,9.6,12,10,16QAM,0,SMDL,0,97,3,0.00,0.00,0.02,0.21,Rank 2,5,165,60,-,4 x 4,HandOver,42625,Free,17,FORMAT_0,226,127,Success,42625,5,-,24,26,26,-,60,-,1,9,-,-,-,-,-,-,-,-,-,-,-,-,-,Registered,Normal Service,9,269,18,6FD266FE,200,19,30kHz,469,-,5,1,-,-,New trans.,0,0,16QAM,211,1,42625,198,14,0,0,Pass,1,QPSK,0,16,2,0,15,30kHz,Re trans.,-,709,
20260725 14:48:50.370,24.824585,102.850723,16.85,1941,3,1,0.00,0.00,,,,,,,1,SA,460,00,中国移动,4456484,6443511819,1573123,11,Normal,-,1,41,100,100,504990,-,722,513000,513000,30kHz,503172,1099,-,ms20,Connected,SA,-0.6,-3,5,-60,130,-107.3,-15,-3.3,5,Not Barred,6,6312,-67.4,504990,722,-116;-112.9;-115.7;-123,-,-7.4;-1.6;-11.5;-8.6,-19.3;-15.6;-22.3;-16,-67.4;-70.4;-71.3;-71.3,4;4;2;4;7;5;4;6;0;2;1,532;720;238;497;494;722;722;722;722;31;86,-111;-102.5;-111.7;-105.7;-106.8;-107.4;-121.7;-113.5;-125.2;-111.6;-111.1,-17.3;-13.5;-16.8;-16.2;-14.5;-15;-25.7;-17.9;-24.9;-16.8;-15.5,255;255;255;255;255;255;255;255;255;255;255,1;0;0;0;0;0;0;0,504990;504990;504990;504990;504990;504990;504990;504990,722;720;497;494;532;86;31;238,5;4;4;7;4;1;2;2,-,4;1;1;1;1;1;1;1,-107.3;-103.2;-105.7;-106.5;-108.8;-110.7;-111.6;-111.7,-15;-13.9;-16.2;-14.8;-15.6;-15.4;-16.8;-16.8,-3.3;255;255;255;255;255;255;255,3.5,29,0,QPSK,-,81.8,18.2,0,0,0.00,0.00,0.01,0.01,12.5,1,Rank 1,17,192,11,69,-,69,5,9.6,10,10,16QAM,0,SMDL,0,100,0,0.00,0.00,0.02,0.11,Rank 2,5,115,31,-,4 x 4,HandOver,42625,Free,17,FORMAT_0,226,127,Success,42625,5,-,24,26,26,-,31,-,1,11,-,-,-,-,-,-,-,-,-,-,-,-,-,Registered,Normal Service,9,269,18,6FD266FE,300,19,30kHz,437,-,5,1,-,-,New trans.,0,0,16QAM,232,1,42625,300,4,0,0,Pass,1,QPSK,0,16,1,0,14,30kHz,Re trans.,-,1338,
20260725 14:48:51.379,24.824581,102.850670,18.43,1941,3,1,0.00,0.00,,,,,,,1,SA,460,00,中国移动,4456484,6443511819,1573123,11,Normal,-,1,41,100,100,504990,-,497,513000,513000,30kHz,503172,1099,-,ms20,Connected,SA,-0.6,-13,1,-60,130,-106.6,-15.3,-5.5,7,Not Barred,6,6312,-62.5,504990,720,-103.8;-112.3;-150;-123.3,-,-14.9;-5.3;255;255,-2.2;-1.8;-6.3;-5.5,-62.5;-65.8;-67.3;-68.1,4;7;4;3;6;2;4;7;5;2;0,532;720;720;720;720;238;497;494;722;31;86,-112.3;-108.8;-107.5;-107.4;-108.2;-110;-110.2;-104.7;-100.8;-113.3;-111.5,-20.6;-15.6;-15;-16.1;-16.6;-15.5;-18;-14;-12.5;-17.5;-20,255;255;255;255;255;255;255;255;255;255;255,1;0;0;0;0;0;0;0,504990;504990;504990;504990;504990;504990;504990;504990,720;722;494;238;497;532;86;31,7;5;7;2;4;4;0;2,-,4;1;1;1;1;1;1;1,-106.6;-100.8;-106.4;-110;-110.2;-110.9;-111.4;-113.3,-15.3;-12.6;-15.8;-15.5;-18;-19.4;-20;-17.5,-5.5;255;255;255;255;255;255;255,3.5,29,0,QPSK,-,81.8,18.2,0,0,0.00,0.00,0.01,0.01,12.5,1,Rank 1,17,192,15,285,-,285,7,9.6,10,10,16QAM,0,SMDL,0,100,0,0.00,0.00,0.01,0.08,Rank 2,5,115,28,-,4 x 4,HandOver,42169,Free,17,FORMAT_0,222,57,Success,42169,4,-,22,26,22,-,28,-,2,13,-,-,-,-,-,-,-,-,-,-,-,-,-,Registered,Normal Service,9,269,18,6FD266FE,327,8,30kHz,816,-,5,1,-,-,-,0,0,64QAM,87,1,42169,334,17,0,2,Failed,1,QPSK,9,48,1,0,0,30kHz,Re trans.,-,1338,
20260725 14:48:52.392,24.824576,102.850620,18.79,1942,3,1,0.00,0.00,,,,,,,1,SA,460,00,中国移动,4456484,6443511819,1573123,11,Normal,-,1,41,100,100,504990,-,497,513000,513000,30kHz,503172,1099,-,ms20,Connected,SA,-0.6,-8,2,-60,133,-114.5,-18.6,-6.2,4,Not Barred,6,6312,-66.3,504990,720,-112.8;-114.3;-123.3;-115.3,-,-9.9;-30.1;-6.7;-8.1,-13.3;-5;-8.1;-9.8,-71.5;-72.6;-68.6;-66.3,6;2;4;7;3;4;1;4;7;2,722;238;497;494;532;720;86;823;493;31,-110.4;-110.9;-114.5;-111.6;-119;-114.1;-110.5;-112.5;-117.5;-119,-14.3;-13.6;-18.6;-14.2;-20.3;-17.8;-13.7;-16.6;-20;-20.4,255;255;255;255;255;255;255;255;255;255,1;0;0;0;0;0;0;0;0;0,504990;504990;504990;504990;504990;504990;504990;504990;504990;504990,497;722;86;238;494;823;720;532;493;31,4;6;1;2;7;4;4;3;7;2,-,1;1;1;1;1;1;1;1;1;1,-114.5;-110;-110.5;-110.9;-111.6;-112.5;-113.1;-113.8;-117.5;-119,-18.6;-13.9;-13.7;-13.6;-14.2;-16.6;-16;-17.2;-20;-20.4,-6.2;255;255;255;255;255;255;255;255;255,1.6,9,0,QPSK,-,100,0,0,0,0.00,0.00,0.02,0.02,0,1,Rank 1,26,452,5,69,-,69,10,10.1,30,9,16QAM,0,SMDL,10.5,68.4,21.1,0.00,0.00,0.01,0.08,Rank 2,9,96,5,-,4 x 4,Reset,48691,Competition,17,FORMAT_0,801,57,Success,48691,11,-,26,26,26,-,5,-,4,1,-,-,-,-,-,-,-,-,-,-,-,-,-,Registered,Normal Service,9,269,18,3532F96,493,9,30kHz,63,-,9,1,-,-,New trans.,0,1,QPSK,25,1,48691,491,13,0,0,Pass,1,QPSK,0,16,1,0,13,30kHz,Re trans.,-,2299,
20260725 14:48:53.402,24.824569,102.850567,20.41,1942,3,1,0.00,0.00,,,,,,,1,SA,460,00,中国移动,4456484,6443511819,1573123,11,Normal,-,1,41,100,100,504990,-,497,513000,513000,30kHz,503172,1099,-,ms20,Connected,SA,-0.6,-8,2,-60,133,-113.3,-18.1,-8,4,Not Barred,6,6312,-63.8,504990,720,-156;-117.5;-150;-114.3,-,-30.1;-30.1;-19.7;-30.1,-30.1;-9.4;-10.1;-12.6,-85.3;-70.8;-68.9;-63.8,6;2;4;5;2;0;3;5;0;4;7;2,722;238;497;497;497;494;532;720;86;823;493;31,-107.9;-119.9;-113.3;-137.1;-156;-117.8;-117.7;-119.1;-112.3;-111.2;-121.5;-119.6,-13;-19.3;-18.1;-31.1;-43;-19.9;-20;-20.3;-14.8;-16.2;-22.1;-19.2,255;255;255;255;255;255;255;255;255;255;255;255,1;0;0;0;0;0;0;0;0;0,504990;504990;504990;504990;504990;504990;504990;504990;504990;504990,497;722;823;86;720;494;532;31;238;493,4;6;4;0;5;0;3;2;2;7,-,3;1;1;1;1;1;1;1;1;1,-113.3;-106.5;-111.2;-111.3;-113.4;-114.8;-116.2;-119.6;-119.9;-121.5,-18.1;-12.3;-16.2;-14.3;-16.9;-16.9;-18.8;-19.2;-19.3;-22.1,-8;255;255;255;255;255;255;255;255;255,5.6,28,0,QPSK,-,100,0,0,0,0.00,0.00,0.00,0.00,51.6,1,Rank 1,35,1304,35,40,-,40,8,0.9,28,0,QPSK,0,SMSL,100,0,0,0.00,0.00,0.01,0.04,Rank 1,9,326,76,-,4 x 4,UL Data Arrival,48691,Competition,17,FORMAT_0,801,127,Aborted,48691,11,-,26,26,26,-,76,-,3,32,-,-,-,-,-,-,-,-,-,-,-,-,-,Registered,Normal Service,9,269,18,3532F96,493,9,30kHz,63,-,9,1,-,-,New trans.,0,1,QPSK,25,1,48691,553,7,0,0,Pass,0,QPSK,1,48,1,0,0,30kHz,New trans.,-,3795,
20260725 14:48:54.416,24.824556,102.850511,21.20,1942,3,1,0.00,0.00,,,,,,,1,SA,460,00,中国移动,4458714,6443552780,1573133,12,Normal,-,1,41,100,100,504990,-,823,505224,513000,30kHz,503172,1099,-,ms20,Idle,SA,-0.7,-4,2,-60,133,-115.9,-20.6,-0.1,4,Not Barred,6,6312,-65.8,504990,720,-111.7;-118;-113;-108.2,-,-6.8;-30.1;-8.8;-3.2,-30.1;-9.4;-10.1;-12.6,-65.8;-70.5;-71.6;-72.1,7;5;4;2;0;3;0,720;722;823;31;494;532;86,-101;-100;-116;-107;-107.4;-111.3;-119.3,-12.1;-11.7;-20.7;-13.4;-13.4;-16.8;-19.5,255;255;255;255;255;255;255,1;0;0;0;0;0;0,504990;504990;504990;504990;504990;504990;504990,823;722;720;494;31;532;86,4;5;7;0;2;3;0,-,1;1;1;1;1;1;1,-115.9;-100.8;-101.7;-105;-107;-111;-119.3,-20.6;-11.9;-12.6;-13.7;-13.4;-16.4;-19.5,-0.1;255;255;255;255;255;255,1.9,28,1,QPSK,-,100,0,0,0,0.01,0.01,0.00,0.00,0,1,Rank 1,24,464,19,12,-,12,8,0.9,28,0,QPSK,0,SMSL,100,0,0,0.00,0.01,0.01,0.00,Rank 1,9,0,0,-,4 x 4,Connection Request,48691,Competition,17,FORMAT_0,550,57,Msg2 timer expired,48691,62,-,26,26,26,-,76,-,16,3,-,-,-,-,-,-,-,-,-,-,-,-,-,Registered Initiated,Normal Service,9,269,18,3532F96,493,9,30kHz,63,-,9,1,-,-,New trans.,0,1,QPSK,25,1,48691,686,4,0,8,Pass,0,QPSK,0,4,1,0,0,30kHz,Re trans.,-,2055,
20260725 14:48:55.431,24.824543,102.850454,22.14,1942,3,1,0.00,0.00,,,,,,,1,SA,460,00,中国移动,4456484,6443552780,1573133,12,Normal,-,1,41,100,100,504990,-,722,505224,513000,30kHz,503172,1099,-,ms20,Idle,SA,-0.6,0,1,-60,133,-106.8,-11.8,4.4,5,Not Barred,6,6312,-77.5,504990,720,-108.9;-117;0;0,-,5.2;-4.3;255;255,-30.1;-9.4;-10.1;-12.6,-77.8;-77.5,6;5;1;3;0;4,720;722;86;532;494;497,-104.2;-106.6;-145;-113.6;-112.6;-113.5,-12.7;-11.8;-36.5;-17.4;-15.1;-16.1,255;255;255;255;255;255,1;0;0;0;0;0,504990;504990;504990;504990;504990;504990,722;720;494;497;532;86,5;6;0;4;3;1,-,1;1;1;1;1;1,-106.8;-99.4;-112.3;-113.5;-113.6;-145.3,-11.8;-11.8;-15.5;-16.1;-17.3;-36.2,4.4;255;255;255;255;255,1.9,28,1,QPSK,-,100,0,0,0,0.01,0.01,0.00,0.00,16.7,1,Rank 1,24,464,19,269,-,269,8,0.9,28,0,QPSK,0,SMSL,100,0,0,0.00,0.01,0.01,0.00,Rank 1,9,0,0,-,2 x 2,Connection Request,48691,Competition,17,FORMAT_0,550,57,Aborted,48691,62,-,26,26,26,-,76,-,16,3,-,-,-,-,-,-,-,-,-,-,-,-,-,Registered,Normal Service,9,269,18,3532F96,493,9,30kHz,63,-,9,1,-,-,New trans.,0,1,QPSK,25,1,48691,730,15,0,2,Pass,0,QPSK,2,48,1,0,0,30kHz,Re trans.,-,2055,
20260725 14:48:56.445,24.824530,102.850393,22.93,1943,3,1,0.00,0.00,,,,,,,1,SA,460,00,中国移动,4456484,6631772173,1619085,13,Normal,-,1,41,100,100,504990,-,722,513000,513000,30kHz,503172,1099,-,ms20,Connected,SA,-0.6,-4,1,-60,125,-103.4,-11.1,18.1,5,Not Barred,6,6312,-50.3,504990,720,-110;-101.3;-103.9;-85.1,-,7.1;11.9;7.7;9.9,-30.1;-9.4;-10.1;-12.6,-71.5;-65.5;-67.8;-50.3,3;5;6;0;2;0;0;4,720;722;722;722;31;86;494;497,-112;-103.4;-114.7;-116.1;-115.3;-114;-111.7;-153.3,-15.6;-11.1;-16;-16.1;-14.9;-14.9;-13.5;-41.3,255;255;255;255;255;255;255;255,1;0;0;0;0;0,504990;504990;504990;504990;504990;504990,722;494;720;86;31;497,5;0;3;0;2;4,-,3;1;1;1;1;1,-103.4;-109.3;-110.8;-114;-115.3;-153.3,-11.1;-12.8;-15.2;-14.9;-14.9;-41.3,18.1;255;255;255;255;255,0.5,2,0,QPSK,-,100,0,0,0,0.00,0.00,0.00,0.00,0,1,Rank 1,19,216,11,12,-,12,8,0.9,28,0,QPSK,0,SMSL,100,0,0,0.00,0.01,0.00,0.00,Rank 1,15,0,0,-,4 x 4,Connection Request,41556,Competition,17,FORMAT_0,613,127,Success,41556,4,-,24,22,26,-,76,-,11,3,-,-,-,-,-,-,-,-,-,-,-,-,-,Registered,Normal Service,9,269,18,3532F96,911,19,30kHz,101,-,15,0,-,-,New trans.,0,0,QPSK,187,1,41556,913,13,0,0,Pass,1,QPSK,0,4,1,0,0,30kHz,Re trans.,-,999,
20260725 14:48:57.450,24.824518,102.850330,23.65,1943,3,1,0.00,0.00,,,,,,,1,SA,460,00,中国移动,4456484,6631772173,1619085,13,Normal,-,1,41,100,100,504990,-,722,513000,513000,30kHz,503172,1099,-,ms20,Connected,SA,-0.6,-3,1,-60,115,-94.4,-11.2,6.5,5,Not Barred,6,6312,-54.9,504990,720,-99.8;-110.7;-129.2;-102.9,-,2.5;2.8;1.6;4,-13.9;-14;-19;-15.1,-54.9;-68.3;-68.3;-69.8,6;5;4;0;1;2;1;0,720;722;722;722;722;31;86;494,-97.9;-94.4;-105.8;-116.5;-119.9;-107.4;-116.7;-104.3,-12.1;-11.2;-22.3;-20.1;-22.5;-16.1;-17.8;-13.8,255;255;255;255;255;255;255;255,1;0;0;0;0,504990;504990;504990;504990;504990,722;720;494;31;86,5;6;0;2;1,-,4;1;1;1;1,-94.4;-97.6;-103.9;-107.4;-116.6,-11.2;-11.6;-16.1;-17.5;-17.8,6.5;255;255;255;255,1.1,3,0,QPSK,-,100,0,0,0,0.00,0.01,0.04,0.04,15.4,1,Rank 1,19,796,40,672,-,672,9,9.8,30,1,QPSK,0,SMSL,62.1,37.9,0,0.00,0.01,0.00,0.02,Rank 1,4,221,40,-,4 x 4,Connection Request,41556,Competition,17,FORMAT_0,613,127,Success,41556,4,-,25,26,26,-,40,-,3,37,-,-,-,-,-,-,-,-,-,-,-,-,-,Registered,Normal Service,9,269,18,3532F96,1011,9,30kHz,131,-,4,1,-,-,New trans.,0,1,16QAM,59,1,41556,1011,14,0,0,Pass,0,QPSK,4,32,1,0,14,30kHz,Re trans.,-,7236,
20260725 14:48:58.457,24.824507,102.850265,24.12,1943,3,1,0.00,0.00,,,,,,,1,SA,460,00,中国移动,4456484,6443511819,1573123,11,Normal,-,1,41,100,100,504990,-,720,513000,513000,30kHz,503172,1099,-,ms20,Connected,SA,-0.6,-3,0,-60,106,-87.8,-11,12.4,4,Not Barred,6,6312,-53.6,504990,720,-86.2;-99.6;-94.2;-98.2,-,7.4;6.4;255;255,13.5;13.4;255;255,-53.6;-60.5,4;3;7;5;5;2;1;3;7,720;720;720;720;722;31;86;494;493,-87.2;-88.4;-94;-95.9;-93.7;-101.4;-147.7;-95.8;-145.9,-10.9;-11.1;-12.1;-14.6;-11.3;-16.7;-38.5;-16.1;-38.6,255;255;255;255;255;255;255;255;255,1;0;0;0;0;0,504990;504990;504990;504990;504990;504990,720;722;494;31;493;86,4;5;3;2;7;1,-,4;1;1;1;1;1,-87.8;-95.1;-96.4;-101.4;-145.9;-147.7,-11;-12.3;-14.5;-16.8;-38.6;-38.5,12.4;255;255;255;255;255,1.7,29,0,QPSK,-,93.1,6.9,0,0,0.01,0.01,0.06,0.07,14.3,1,Rank 1,31,924,28,69,-,69,11,21.6,31,31,256QAM,0,SMDL,6.3,6.3,33.3,0.01,0.01,0.15,0.32,Rank 2,8,273,64,-,2 x 2,HandOver,42371,Free,17,FORMAT_0,222,57,Success,42371,1,-,11,11,12,-,64,-,9,19,-,-,-,-,-,-,-,-,-,-,-,-,-,Registered,Normal Service,9,269,18,3532F96,85,18,30kHz,784,-,8,1,-,-,New trans.,0,0,64QAM,32,2,42371,82,13,0,0,Pass,0,QPSK,0,16,1,0,15,30kHz,Re trans.,-,6034,
20260725 14:48:59.468,24.824499,102.850198,25.74,1943,3,1,0.00,0.00,,,,,,,1,SA,460,00,中国移动,4456484,6443511819,1573123,11,Normal,-,1,41,100,100,504990,-,720,513000,513000,30kHz,503172,1099,-,ms20,Connected,SA,-0.6,-3,0,-60,101,-84.7,-11,12.7,4,Not Barred,6,6312,-50,504990,720,-82;-89.6;-92.8;-85.7,-,4.9;12;255;255,13.3;17.3;255;255,-50;-54.1,4;7;6;3;5;2;0,720;720;720;720;722;31;494,-83.5;-85.6;-87.7;-87.5;-79.4;-101.4;-94.7,-10.7;-10.8;-11.5;-11.8;-10.9;-19.5;-13.5,255;255;255;255;255;255;255,1;0;0;0,504990;504990;504990;504990,720;722;494;31,4;5;0;2,-,4;1;1;1,-84.7;-79.4;-95.2;-101.6,-11;-10.9;-15.8;-20,12.7;255;255;255,1.7,29,0,QPSK,-,93.1,6.9,0,0,0.00,0.00,0.00,0.00,0,1,Rank 1,31,924,5,106,-,106,12,14.7,22,18,64QAM,0,SMDL,0,22.2,70.4,0.00,0.01,0.15,0.13,Rank 2,4,132,30,-,2 x 2,HandOver,42371,Free,17,FORMAT_0,222,57,Success,42371,1,-,8,8,12,-,30,-,9,5,-,-,-,-,-,-,-,-,-,-,-,-,-,Registered,Normal Service,9,269,18,3532F96,188,9,30kHz,512,-,4,1,-,-,New trans.,0,0,64QAM,92,0,42371,180,13,0,0,Pass,0,QPSK,2,16,2,0,15,30kHz,Re trans.,-,6034,
20260725 14:49:00.479,24.824495,102.850126,26.42,1944,3,1,0.00,0.00,,,,,,,1,SA,460,00,中国移动,4456484,6443511820,1573123,12,Normal,-,1,41,100,100,504990,-,720,513000,513000,30kHz,503172,1099,-,ms20,Connected,SA,-0.6,-3,0,-60,100,-82.5,-10.9,10,4,Not Barred,6,6312,-44.9,504990,720,-80.8;-84.7;-117.2;-93.2,-,12.2;7;255;255,11.3;16.1;255;255,-47.9;-44.9,4;7;6;3;5;2;0;7,720;720;720;720;722;31;494;493,-81.8;-83.1;-86.2;-86.9;-80.3;-99.5;-91.2;-137.8,-10.7;-11;-11.6;-11.6;-10.9;-19.8;-13.3;-36.4,255;255;255;255;255;255;255;255,1;0;0;0;0,504990;504990;504990;504990;504990,720;722;494;31;493,4;5;0;2;7,-,4;1;1;1;1,-82.5;-80.3;-91.2;-99.9;-137.8,-10.9;-10.9;-13.3;-19.9;-36.4,10;255;255;255;255,0.8,2,0,QPSK,-,100,0,0,0,0.00,0.00,0.00,0.00,0,2,Rank 1,16,96,3,157,-,157,12,20.1,30,22,64QAM,0,SMDL,0,0,50,0.00,0.00,0.00,0.00,Rank 2,4,104,26,-,2 x 2,HandOver,42371,Free,17,FORMAT_0,222,57,Success,42371,1,-,7,14,12,-,26,-,9,3,-,-,-,-,-,-,-,-,-,-,-,-,-,Registered,Normal Service,9,269,18,3532F96,292,9,30kHz,848,-,4,1,-,-,New trans.,0,0,256QAM,59,1,42371,291,1,0,0,Pass,0,QPSK,3,16,2,0,15,30kHz,Re trans.,-,485,
20260725 14:49:01.485,24.824483,102.850051,28.15,1944,3,1,0.00,0.00,,,,,,,1,SA,460,00,中国移动,4456484,6443511820,1573123,12,Normal,-,1,41,100,100,504990,-,722,513000,513000,30kHz,503172,1099,-,ms20,Connected,SA,-0.6,2,1,-60,92,-69.2,-10.7,11.9,5,Not Barred,6,6312,-31.1,504990,722,-81.6;-68.4;-108.5;-72.6,-,3.6;6.4;0.6;5.2,-6.9;11;255;255,-41.6;-36.3;-47.9;-31.1,7;5;4;3;2;2;0,720;722;722;722;722;31;494,-72.3;-69.2;-83.7;-103.5;-92.9;-99.1;-99.7,-10.4;-10.7;-14.5;-21.3;-16.5;-17.9;-19.5,255;255;255;255;255;255;255,1;0;0;0,504990;504990;504990;504990,722;720;494;31,5;7;0;2,-,4;1;1;1,-69.2;-73.4;-95.9;-99.1,-10.7;-11;-18.5;-17.9,11.9;255;255;255,2.9,30,0,QPSK,-,92.6,0,7.4,0,0.05,0.01,0.03,0.03,0,4,Rank 1,21,580,26,69,-,69,12,23.7,31,25,256QAM,0,SMDL,1.8,0,5.4,0.00,0.00,0.12,0.45,Rank 2,5,269,55,-,4 x 4,HandOver,41220,Free,17,FORMAT_0,226,127,Success,41220,2,-,19,15,0,-,55,-,2,24,-,-,-,-,-,-,-,-,-,-,-,-,-,Registered,Normal Service,9,269,18,3532F96,389,9,30kHz,1249,-,5,1,-,-,New trans.,0,0,256QAM,215,1,41220,387,11,0,0,Pass,1,QPSK,0,16,1,0,15,30kHz,Re trans.,-,17940,
20260725 14:49:02.491,24.824476,102.849978,27.76,1944,3,1,0.00,0.00,,,,,,,1,SA,460,00,中国移动,4456484,6443511820,1573123,12,Normal,-,1,41,100,100,504990,-,722,513000,513000,30kHz,503172,1099,-,ms20,Connected,SA,-0.6,0,1,-60,99,-75,-10.9,8.1,5,Not Barred,6,6312,-42.1,504990,722,-83.8;-73.7;-117.7;-76.8,-,9.8;8.7;7.1;0.9,-9.2;-0.1;-7.3;-5.2,-44.1;-45.4;-79.8;-42.1,4;5;4;0;2;2;0;0,720;722;722;722;722;31;494;86,-79.2;-74.9;-106.4;-96.1;-106.7;-98.9;-87.8;-118.1,-10.5;-10.9;-26.6;-16.3;-22.5;-20.2;-12;-27,255;255;255;255;255;255;255;255,1;0;0;0;0,504990;504990;504990;504990;504990,722;720;494;31;86,5;4;0;2;0,-,4;1;1;1;1,-75;-78;-89.1;-98.9;-118.5,-10.9;-10.5;-14.1;-20.2;-27.2,8.1;255;255;255;255,2.9,30,0,QPSK,-,92.6,0,7.4,0,0.01,0.05,0.15,0.16,27.8,4,Rank 2,21,580,26,63,-,63,11,25.6,31,25,256QAM,0,SMDL,0,0,0,0.03,0.03,0.12,0.43,Rank 2,5,232,55,-,4 x 4,HandOver,41220,Free,17,FORMAT_0,226,127,Success,41220,2,-,19,18,0,-,55,-,2,24,-,-,-,-,-,-,-,-,-,-,-,-,-,Registered,Normal Service,9,269,18,3532F96,485,9,30kHz,992,-,5,1,-,-,New trans.,0,0,256QAM,215,1,41220,484,3,0,0,Pass,1,QPSK,0,16,1,0,15,30kHz,Re trans.,-,17940,
20260725 14:49:03.503,24.824475,102.849899,29.02,1944,3,1,0.00,0.00,,,,,,,1,SA,460,00,中国移动,4456484,6443511820,1573123,12,Normal,-,1,41,100,100,504990,-,720,513000,513000,30kHz,503172,1099,-,ms20,Connected,SA,-0.6,0,0,-60,104,-76,-10.7,7.4,4,Not Barred,6,6312,-44.4,504990,720,-84.9;-74.7;0;0,-,2.9;7.4;255;255,-30.1;-5;255;255,-44.4;-45,4;3;7;5;5;2;0;0;7,720;720;720;720;722;31;494;86;493,-75.7;-83.9;-84.1;-83.5;-82.1;-108.7;-87.1;-101.4;-129.2,-10.6;-10.9;-10.9;-14.9;-12.3;-21.7;-11.7;-19.5;-31.9,255;255;255;255;255;255;255;255;255,1;0;0;0;0;0,504990;504990;504990;504990;504990;504990,720;722;494;86;31;493,4;5;0;0;2;7,-,4;1;1;1;1;1,-76;-82.1;-89;-100.9;-109;-129.2,-10.7;-12.3;-13.3;-19.4;-22.5;-31.9,7.4;255;255;255;255;255,6.8,30,1,QPSK,-,90.5,0,9.5,0,0.00,0.00,0.01,0.01,8.3,1,Rank 1,20,433,20,560,-,560,10,20.1,22,20,256QAM,0,SMDL,0,0,23.1,0.00,0.00,0.07,0.28,Rank 2,5,195,50,-,2 x 2,HandOver,41579,Free,17,FORMAT_0,222,57,Success,41579,2,-,22,22,1,-,50,-,1,19,-,-,-,-,-,-,-,-,-,-,-,-,-,Registered,Normal Service,9,269,18,3532F96,585,18,30kHz,864,-,5,1,-,-,New trans.,0,0,64QAM,199,1,41220,586,10,0,0,Pass,1,QPSK,4,32,1,0,14,30kHz,Re trans.,-,6660,
20260725 14:49:04.509,24.824475,102.849817,30.24,1944,3,1,0.00,0.00,,,,,,,1,SA,460,00,中国移动,4456484,6443511819,1573123,11,Normal,-,1,41,100,100,504990,-,720,513000,513000,30kHz,503172,1099,-,ms20,Connected,SA,-0.6,-1,0,-60,100,-82.7,-11,19.6,6,Not Barred,6,6312,-51.5,504990,720,-85.9;-81.3;-124.2;-88.8,-,-2.5;6.2;1.3;7.1,5.1;10.9;255;255,-51.5;-55.5,6;7;4;3;5;2;0;7,720;720;720;720;722;31;494;493,-81.5;-84.3;-86.1;-90.2;-86.5;-98.9;-84.3;-99.9,-10.5;-10.7;-11.3;-11.3;-12.9;-19.1;-11.1;-21.4,255;255;255;255;255;255;255;255,1;0;0;0;0,504990;504990;504990;504990;504990,720;494;722;31;493,6;0;5;2;7,-,4;1;1;1;1,-82.7;-86;-86.5;-98.9;-99.9,-11;-12;-12.9;-19.3;-21.4,19.6;255;255;255;255,0.5,4,0,QPSK,-,100,0,0,0,0.00,0.00,0.01,0.02,0,1,Rank 1,23,348,10,69,-,69,12,20.1,22,20,256QAM,0,SMDL,0,0,23.1,0.00,0.00,0.00,0.00,Rank 2,4,195,36,-,2 x 2,HandOver,41579,Free,17,FORMAT_0,222,57,Success,41579,2,-,11,6,1,-,36,-,2,8,-,-,-,-,-,-,-,-,-,-,-,-,-,Registered,Normal Service,9,269,18,3532F96,663,9,30kHz,736,-,4,1,-,-,New trans.,0,0,64QAM,76,1,41579,653,13,0,0,Pass,1,QPSK,0,16,1,0,15,30kHz,Re trans.,-,1583,
20260725 14:49:05.516,24.824477,102.849735,29.52,1944,3,1,0.00,0.00,,,,,,,1,SA,460,00,中国移动,4456484,6443511819,1573123,11,Normal,-,1,41,100,100,504990,-,720,513000,513000,30kHz,503172,1099,-,ms20,Connected,SA,-0.6,3,0,-60,104,-85.5,-10.7,6.2,6,Not Barred,6,6312,-50.6,504990,720,-92.5;-92.5;-96.3;-99.7,-,1.2;10.3;255;255,5.2;7.9;255;255,-50.6;-53.5,6;7;4;2;5;2;0;7,720;720;720;720;722;31;494;721,-90.3;-86.1;-87.4;-91.3;-84.3;-100.5;-84.1;-135.4,-11;-10.9;-10.7;-11.8;-11.7;-22;-11.4;-35.2,255;255;255;255;255;255;255;255,1;0;0;0;0,504990;504990;504990;504990;504990,720;722;494;31;721,6;5;0;2;7,-,4;1;1;1;1,-85.5;-84.3;-86.3;-100.5;-135.4,-10.7;-11.7;-12.5;-22;-35.2,6.2;255;255;255;255,0.4,2,0,QPSK,-,100,0,0,0,0.00,0.00,0.00,0.00,0,1,Rank 1,22,112,10,69,-,69,13,22,31,25,256QAM,0,SMDL,2.4,0,39,0.00,0.00,0.04,0.23,Rank 2,4,167,36,-,2 x 2,HandOver,41579,Free,17,FORMAT_0,222,57,Success,41579,2,-,11,12,1,-,36,-,2,8,-,-,-,-,-,-,-,-,-,-,-,-,-,Registered,Normal Service,9,269,18,3532F96,771,9,30kHz,656,-,4,1,-,-,New trans.,0,0,64QAM,37,1,41579,731,13,0,0,Pass,0,QPSK,0,16,1,0,15,30kHz,Re trans.,-,539,
20260725 14:49:06.528,24.824489,102.849651,29.27,1945,3,1,0.00,0.00,,,,,,,1,SA,460,00,中国移动,4456484,6443511820,1573123,12,Normal,-,1,41,100,100,504990,-,720,513000,513000,30kHz,503172,1099,-,ms20,Connected,SA,-0.6,8,0,-60,110,-86.5,-12.1,2.1,4,Not Barred,6,6312,-52.8,504990,720,-99.2;-92;-101.5;-95.4,-,0.9;2.1;255;255,2.2;9.9;255;255,-52.8;-52.8,4;1;6;7;1;2;0;5;7;7,720;720;720;720;722;31;494;721;868;493,-90.9;-87.1;-90.2;-92.3;-85.7;-115.3;-84.7;-96.2;-98.8;-90.1,-11.5;-14.3;-12.3;-12.7;-13.4;-27.3;-12.3;-19.1;-20.7;-14.9,255;255;255;255;255;255;255;255;255;255,1;0;0;0;0;0;0,504990;504990;504990;504990;504990;504990;504990,720;494;722;493;721;868;31,4;0;1;7;5;7;2,-,4;1;1;1;1;1;1,-86.5;-86.5;-87.6;-90.1;-98;-98.8;-115.3,-12.1;-12.6;-13.2;-14.9;-18.7;-20.7;-27.3,2.1;255;255;255;255;255;255,0.4,2,0,QPSK,-,100,0,0,0,0.00,0.00,0.00,0.00,0,1,Rank 1,22,112,1,69,-,69,11,21.3,31,21,256QAM,0,SMDL,0,0,41.7,0.00,0.00,0.01,0.06,Rank 2,4,48,13,-,2 x 2,HandOver,41579,Free,17,FORMAT_0,222,57,Success,41579,2,-,11,26,1,-,13,-,2,1,-,-,-,-,-,-,-,-,-,-,-,-,-,Registered,Normal Service,9,269,18,3532F96,897,8,30kHz,848,-,4,1,-,-,New trans.,0,0,256QAM,56,1,41579,868,4,0,0,Pass,1,QPSK,0,16,1,0,15,30kHz,Re trans.,-,539,
20260725 14:49:07.538,24.824496,102.849573,27.50,1945,3,1,0.00,0.00,,,,,,,1,SA,460,00,中国移动,4456484,6443511820,1573123,12,Normal,-,1,41,100,100,504990,-,720,513000,513000,30kHz,503172,1099,-,ms20,Connected,SA,-0.6,6,0,-60,114,-92.5,-13.1,1.9,4,Not Barred,6,6312,-56.5,504990,720,-96.5;-92.4;-132.6;-96.8,-,-3.5;-2.1;-9.8;-12.4,-3.9;-0.9;-8.4;-3.1,-56.5;-60.4;-84.6;-57.4,4;3;7;6;5;2;0;5;6;7,720;720;720;720;722;31;494;721;868;493,-96.2;-95.6;-93.2;-94.5;-90.7;-136.6;-90.5;-93.6;-94.3;-135.1,-14.8;-13.7;-12.8;-14.3;-13.4;-34.9;-14.1;-15.7;-15.8;-34.7,255;255;255;255;255;255;255;255;255;255,1;0;0;0;0;0;0,504990;504990;504990;504990;504990;504990;504990,720;722;494;721;868;493;31,4;5;0;5;6;7;2,-,4;1;1;1;1;1;1,-92.5;-90.9;-92.2;-93.7;-95.8;-135.1;-136.6,-13.1;-13.7;-14.4;-15.9;-15.9;-34.7;-34.9,1.9;255;255;255;255;255;255,2.7,28,0,QPSK,-,100,0,0,0,0.00,0.00,0.00,0.00,20,1,Rank 2,18,204,10,69,-,69,10,20.3,31,21,256QAM,0,SMDL,0,0,44.2,0.00,0.00,0.07,0.24,Rank 2,4,172,46,-,4 x 4,HandOver,41579,Free,17,FORMAT_0,222,57,Success,41579,2,-,10,25,1,-,46,-,1,9,-,-,-,-,-,-,-,-,-,-,-,-,-,Registered,Normal Service,9,269,18,3532F96,993,8,30kHz,608,-,4,1,-,-,New trans.,0,0,64QAM,37,1,41579,993,13,0,0,Pass,1,QPSK,0,16,1,0,15,30kHz,Re trans.,-,783,
20260725 14:49:08.552,24.824501,102.849499,26.93,1947,3,1,0.00,0.00,,,,,,,1,SA,460,00,中国移动,4456484,6443511820,1573123,12,Normal,-,1,41,100,100,504990,-,721,513000,513000,30kHz,503172,1099,-,ms20,Connected,SA,-0.6,2,4,-60,108,-86.7,-13,-0.9,1,Not Barred,6,6312,-51,504990,721,-85.4;-89.4;-126.7;-100.7,-,4.8;-2.2;-11.4;-0.9,-0.2;4.5;-3.5;0.3,-51;-52.5;-80.8;-52.8,1;0;2;3;1;5;0;6,720;722;868;494;721;721;721;721,-87.7;-89.4;-98.1;-97.9;-88.7;-92;-86.8;-92.2,-12.5;-14.8;-19.8;-20.3;-15.2;-15.2;-13.1;-14.3,255;255;255;255;255;255;255;255,1;0;0;0;0,504990;504990;504990;504990;504990,721;720;722;868;494,1;1;0;2;3,-,4;1;1;1;1,-86.7;-89;-89.1;-96.1;-98.2,-13;-12.5;-13.7;-19.1;-20.6,-0.9;255;255;255;255,0.7,4,0,QPSK,-,100,0,0,0,0.00,0.00,0.02,0.02,0,1,Rank 2,25,552,8,141,-,141,10,20.6,31,16,64QAM,0,SMDL,0,0,63,0.00,0.00,0.04,0.29,Rank 2,4,224,51,-,4 x 4,HandOver,40789,Free,17,FORMAT_0,219,127,Success,40789,2,-,9,18,5,-,51,-,1,8,-,-,-,-,-,-,-,-,-,-,-,-,-,Registered,Normal Service,9,269,18,3532F96,72,18,30kHz,688,-,4,1,-,-,New trans.,0,0,64QAM,183,1,40789,73,2,0,2,Pass,0,QPSK,0,48,1,0,2,30kHz,Re trans.,-,2637,
20260725 14:49:09.565,24.824507,102.849423,26.28,1947,3,1,0.00,0.00,,,,,,,1,SA,460,00,中国移动,4456484,6443511820,1573123,12,Normal,-,1,41,100,100,504990,-,721,513000,513000,30kHz,503172,1099,-,ms20,Connected,SA,-0.6,3,4,-60,100,-83,-10.8,14.8,7,Not Barred,6,6312,-40.6,504990,721,-83.8;-77.3;-109.6;-83.5,-,6.5;9.1;4.1;8.4,-3.6;7;-6.9;3.6,-44;-46.5;-75;-40.6,1;2;2;3;7;0;6;1,720;722;868;494;721;721;721;721,-96.8;-87.9;-94.5;-97.8;-83.3;-82.5;-85.2;-89.1,-18.8;-12.1;-18.4;-17.1;-10.8;-10.8;-10.8;-12.6,255;255;255;255;255;255;255;255,1;0;0;0;0,504990;504990;504990;504990;504990,721;722;868;494;720,7;2;2;3;1,-,4;1;1;1;1,-83;-88.7;-95.2;-96.3;-97.2,-10.8;-13.3;-18.7;-17.7;-19,14.8;255;255;255;255,0.6,2,0,QPSK,-,100,0,0,0,0.00,0.00,0.00,0.00,0,1,Rank 2,22,224,18,69,-,69,11,21.2,31,25,256QAM,0,SMDL,1.8,0,35.4,0.00,0.00,0.07,0.69,Rank 2,4,469,136,-,4 x 4,HandOver,40789,Free,17,FORMAT_0,219,127,Success,40789,2,-,7,13,5,-,136,-,5,13,-,-,-,-,-,-,-,-,-,-,-,-,-,Registered,Normal Service,9,269,18,3532F96,175,18,30kHz,736,-,4,1,-,-,New trans.,0,0,64QAM,184,2,40789,166,13,0,0,Pass,0,QPSK,0,16,1,0,15,30kHz,Re trans.,-,1378,
20260725 14:49:10.577,24.824516,102.849357,22.61,1947,3,1,0.00,0.00,,,,,,,1,SA,460,00,中国移动,4456484,6443511821,1573123,13,Normal,-,1,41,100,100,504990,-,721,513000,513000,30kHz,503172,1099,-,ms20,Connected,SA,-0.6,4,4,-60,108,-85.8,-11.5,0.9,7,Not Barred,6,6312,-54.8,504990,721,-93.6;-100.6;-119.2;-97.2,-,-3.7;-0.6;-5.9;1.1,-2.6;9.5;-4.9;4.7,-54.8;-60.3;-83.4;-58.8,1;1;2;0;7;0;1;5;2,720;722;868;494;721;721;721;721;31,-97.2;-90.7;-100;-90.1;-88.5;-85.4;-87.6;-88.1;-94.1,-20.2;-14.6;-21.2;-14.6;-11.5;-11.5;-13;-11.9;-16.6,255;255;255;255;255;255;255;255;255,1;0;0;0;0;0,504990;504990;504990;504990;504990;504990,721;722;494;31;720;868,7;1;0;2;1;2,-,4;1;1;1;1;1,-85.8;-91;-91.4;-94.1;-98.3;-100,-11.5;-13.7;-14.6;-16.6;-20.1;-21.2,0.9;255;255;255;255;255,0.6,2,0,QPSK,-,100,0,0,0,0.01,0.01,0.03,0.03,11.1,1,Rank 1,22,224,28,69,-,69,12,19.5,31,21,64QAM,0,SMDL,0,0,63.6,0.00,0.00,0.10,0.30,Rank 2,4,220,122,-,4 x 4,HandOver,40789,Free,17,FORMAT_0,219,127,Success,40789,2,-,9,21,5,-,122,-,5,28,-,-,-,-,-,-,-,-,-,-,-,-,-,Registered,Normal Service,9,269,18,3532F96,270,9,30kHz,848,-,4,1,-,-,New trans.,0,0,256QAM,185,1,40789,267,13,0,0,Pass,1,QPSK,0,16,1,0,15,30kHz,Re trans.,-,1378,
20260725 14:49:11.590,24.824522,102.849300,18.36,1948,3,1,0.00,0.00,,,,,,,1,SA,460,00,中国移动,4456484,6443511821,1573123,13,Normal,-,1,41,100,100,504990,-,721,513000,513000,30kHz,503172,1099,-,ms20,Connected,SA,-0.6,4,4,-60,104,-86,-12,1.9,0,Not Barred,6,6312,-48.8,504990,721,-88.7;-88.8;-123;-87.5,-,4;3.1;-8.4;2.9,3.5;17.2;255;255,-48.8;-50.8,1;1;2;0;0;1;5;6;7,720;722;31;494;721;721;721;721;493,-93.8;-89.5;-100.2;-92.8;-85.2;-87.5;-88.3;-90.5;-100,-16.1;-13.7;-19.5;-17.8;-11.9;-13.5;-12;-12;-20,255;255;255;255;255;255;255;255;255,1;0;0;0;0;0,504990;504990;504990;504990;504990;504990,721;722;494;720;31;493,0;1;0;1;2;7,-,4;1;1;1;1;1,-86;-89.2;-94.2;-97.4;-99.4;-100,-12;-13.2;-17.5;-18.4;-19.2;-20,1.9;255;255;255;255;255,5.5,29,0,QPSK,-,93.3,6.7,0,0,0.00,0.00,0.01,0.01,18.2,1,Rank 1,18,564,10,63,-,63,12,21.3,31,19,256QAM,0,SMDL,0,0,31.3,0.04,0.04,0.02,0.81,Rank 2,4,538,91,-,2 x 2,HandOver,40789,Free,17,FORMAT_0,219,127,Success,40789,2,-,7,17,5,-,91,-,1,9,-,-,-,-,-,-,-,-,-,-,-,-,-,Registered,Normal Service,9,269,18,3532F96,370,19,30kHz,656,-,4,1,-,-,New trans.,0,0,64QAM,24,1,40789,348,3,0,0,Pass,1,QPSK,0,16,1,0,15,30kHz,Re trans.,-,4482,
20260725 14:49:12.602,24.824530,102.849258,13.82,1948,3,1,0.00,0.00,,,,,,,1,SA,460,00,中国移动,4456484,6443511821,1573123,13,Normal,-,1,41,100,100,504990,-,721,513000,513000,30kHz,503172,1099,-,ms20,Connected,SA,-0.6,9,4,-60,105,-87.3,-11.4,12.1,6,Not Barred,6,6312,-50.4,504990,721,-87.6;-88.8;-118.2;-91.5,-,9.2;12.5;0;6.1,10.3;13.5;1.5;6,-50.4;-53.8;-81.1;-52.6,1;1;2;0;6;5;1;0;7,720;722;31;494;721;721;721;721;493,-139.4;-90;-98.2;-87.2;-86.6;-88.7;-91.9;-88.6;-98.7,-36.5;-13;-18.2;-13.2;-10.8;-11.3;-14.7;-14.6;-16.3,255;255;255;255;255;255;255;255;255,1;0;0;0;0;0,504990;504990;504990;504990;504990;504990,721;494;722;31;493;720,6;0;1;2;7;1,-,4;1;1;1;1;1,-87.3;-88.4;-91.4;-98.6;-98.7;-122.9,-11.4;-12.9;-12.8;-19.1;-16.3;-30.2,12.1;255;255;255;255;255,0,0,0,QPSK,-,100,0,0,0,0.00,0.00,0.00,0.00,18.2,1,Rank 2,16,32,4,145,-,145,11,20.6,31,21,256QAM,0,SMDL,0,0,22.9,0.00,0.00,0.02,0.49,Rank 2,4,332,38,-,4 x 4,HandOver,40789,Free,17,FORMAT_0,219,127,Success,40789,2,-,9,16,5,-,38,-,1,4,-,-,-,-,-,-,-,-,-,-,-,-,-,Registered,Normal Service,9,269,18,3532F96,473,19,30kHz,736,-,4,1,-,-,New trans.,0,0,64QAM,183,1,40789,467,3,0,0,Pass,0,QPSK,28,32,3,0,15,30kHz,New trans.,-,132,
20260725 14:49:13.615,24.824535,102.849230,7.34,1949,3,1,0.00,0.00,,,,,,,1,SA,460,00,中国移动,4456484,6443511821,1573123,13,Normal,-,1,41,100,100,504990,-,721,513000,513000,30kHz,503172,1099,-,ms20,Connected,SA,-0.6,8,4,-60,105,-85.8,-11.6,3.1,0,Not Barred,6,6312,-48,504990,721,-86.9;-96.8;-118.9;-92.7,-,2.8;-1.3;255;255,1.3;2.1;255;255,-48;-53.8,1;2;2;0;0;6;7;5;7;5,720;722;31;494;721;721;721;721;493;793,-115.7;-89;-96.7;-88.5;-84.7;-86.7;-90.1;-93.9;-97.9;-108.1,-23.6;-11.6;-18.3;-12;-12.7;-10.9;-10.9;-11.9;-17.6;-18.1,255;255;255;255;255;255;255;255;255;255,1;0;0;0;0;0;0,504990;504990;504990;504990;504990;504990;504990,721;722;494;31;493;793;720,0;2;0;2;7;5;1,-,4;1;1;1;1;1;1,-85.8;-89.3;-89.9;-96.9;-97.9;-108.1;-115.6,-11.6;-12;-12;-18.4;-17.6;-18.1;-23.6,3.1;255;255;255;255;255;255,7.2,28,0,QPSK,-,100,0,0,0,0.00,0.00,0.01,0.01,23.5,1,Rank 1,20,340,14,69,-,69,11,18.7,31,19,64QAM,0,SMDL,0,0,73.6,0.00,0.00,0.04,0.28,Rank 2,4,212,111,-,4 x 4,HandOver,40789,Free,17,FORMAT_0,219,127,Success,40789,2,-,14,16,5,-,111,-,1,13,-,-,-,-,-,-,-,-,-,-,-,-,-,Registered,Normal Service,9,269,18,3532F96,574,9,30kHz,608,-,4,1,-,-,New trans.,0,0,64QAM,183,1,40789,558,3,0,0,Pass,1,QPSK,0,16,1,0,15,30kHz,Re trans.,-,1605,
20260725 14:49:14.629,24.824535,102.849217,1.73,1949,3,1,0.00,0.00,,,,,,,1,SA,460,00,中国移动,4456484,6443511821,1573123,13,Normal,-,1,41,100,100,504990,-,721,513000,513000,30kHz,503172,1099,-,ms20,Connected,SA,-0.6,4,4,-60,107,-87.6,-11.2,8.8,6,Not Barred,6,6312,-52.9,504990,721,-85.5;-100.3;-124.9;-93.1,-,8.8;6.7;255;255,0.9;-3.5;255;255,-52.9;-62.3,7;1;2;0;6;0;5;1,493;722;31;494;721;721;721;721,-95.8;-89.4;-100.3;-92.7;-87.9;-88;-89;-93.7,-14.2;-12.2;-17.7;-12.5;-10.8;-12.1;-10.9;-16.3,255;255;255;255;255;255;255;255,1;0;0;0;0,504990;504990;504990;504990;504990,721;722;494;493;31,6;1;0;7;2,-,4;1;1;1;1,-87.6;-90.9;-94.6;-97;-106.7,-11.2;-13;-12.6;-14;-19.7,8.8;255;255;255;255,0,0,0,QPSK,-,100,0,0,0,0.00,0.00,0.00,0.00,0,1,Rank 1,16,48,3,69,-,69,11,17.7,31,16,64QAM,0,SMDL,0,0,81,0.00,0.00,0.04,0.49,Rank 2,4,400,78,-,2 x 2,HandOver,40789,Free,17,FORMAT_0,219,127,Success,40789,2,-,11,18,5,-,78,-,1,3,-,-,-,-,-,-,-,-,-,-,-,-,-,Registered,Normal Service,9,269,18,3532F96,677,9,30kHz,608,-,4,1,-,-,New trans.,0,0,64QAM,175,1,40789,661,11,0,0,Pass,1,QPSK,0,16,1,0,15,30kHz,Re trans.,-,207,
20260725 14:49:15.639,24.824534,102.849213,0.79,1948,3,1,0.00,0.00,,,,,,,1,SA,460,00,中国移动,4456484,6443511821,1573123,13,Normal,-,1,41,100,100,504990,-,721,513000,513000,30kHz,503172,1099,-,ms20,Connected,SA,-0.6,6,2,-60,104,-86.1,-12.1,12.5,6,Not Barred,6,6312,-50.3,504990,721,-85.3;-98.6;-126.1;-95.6,-,11.9;4.5;-2.3;5.1,8.7;2.3;1.8;4.9,-50.3;-58.9;-58.4;-59.4,7;1;6;1;0;7;0,493;722;721;721;721;721;494,-98.3;-86.3;-84.8;-87.1;-91.1;-92.6;-91,-15.4;-13;-10.5;-13.8;-14.4;-11.3;-13.2,255;255;255;255;255;255;255,1;0;0;0,504990;504990;504990;504990,721;722;494;493,6;1;0;7,-,4;1;1;1,-86.1;-88.8;-92.5;-98.3,-12.1;-13.3;-13;-15.4,12.5;255;255;255,0,0,0,QPSK,-,100,0,0,0,0.00,0.00,0.01,0.01,50,1,Rank 1,16,48,9,185,-,185,12,17.5,30,16,64QAM,0,SMDL,0,0,100,0.00,0.00,0.02,0.33,Rank 2,4,272,93,-,4 x 4,HandOver,40789,Free,17,FORMAT_0,219,127,Success,40789,2,-,13,16,5,-,93,-,1,9,-,-,-,-,-,-,-,-,-,-,-,-,-,Registered,Normal Service,9,269,18,3532F96,773,19,30kHz,688,-,4,1,-,-,New trans.,0,0,64QAM,168,1,40789,749,3,0,0,Pass,0,QPSK,2,16,2,0,15,30kHz,Re trans.,-,207,