"TIME","LATITUDE","LONGITUDE","SPEED(M/s)","ALT(M)","ACCURACY(M)","IS_OUTDOOR","X_POS","Y_POS","EVENT","EVENT_ID","TASK_TYPE","APP_DOWN(Mbps)","APP_UP(Mbps)","PING_DELAY(ms)","ISDATASLOT","NETWORK_TYPE","MCC","MNC","OPERATOR","NR5G TAC","NR5G NCI","NR5G gNodeB ID","NR5G Cell ID","NR5G CP Type","NR5G Duplex Mode","NR5G Numerology","NR5G Band","NR5G BandWidth DL","NR5G Bandwidth UL","NR5G SSB ARFCN DL","NR5G SSB ARFCN UL","NR5G PCI","NR5G Center ARFCN DL","NR5G Center ARFCN UL","NR5G SubCarrierSpacing","NR5G Absolute Frequency PointA","NR5G Init BWP Downlink Location Width","NR5G Init BWP Uplink Location Width","NR5G SSB Periodicity","NR5G RRC State","NR5G Connectivity Mode","NR5G Frequency Offset","NR5G Timing Offset","NR5G ServingCellIndex","NR5G Q_LEX_MIN","NR5G Pathloss DL","NR5G SS RSRP","NR5G SS RSRQ","NR5G SS SINR","NR5G SSB Beam Index","NR5G CellBarred","NR5G SubCarrierOffset","NR5G Serving GSCN","NR5G Carrier RSSI","NR5G Handover Target Arfcn","NR5G Handover Target PCI","NR5G SS RSRP Ant List","NR5G SS RSRQ Ant List","NR5G SS SINR Ant List","NR5G TRS SINR Ant List","NR5G SS RSSI Ant List","NR5G SSB Beam Index List","NR5G SSB Beam PCI List","NR5G SSB Beam RSRP List","NR5G SSB Beam RSRQ List","NR5G SSB Beam SINR List","NR5G ServingType List","NR5G Cells ARFCN List","NR5G Cells PCI List","NR5G Cells SSB Index List","NR5G Cells Band List","NR5G Cells BeamNum List","NR5G Cells RSRP List","NR5G Cells RSRQ List","NR5G Cells SINR List","NR5G MCS Avg DL","NR5G MCS Max DL","NR5G MCS Most DL","NR5G Modulation DL","NR5G Trans.Mode","NR5G DL QPSK Ratio(%)/s","NR5G DL 16QAM Ratio(%)/s","NR5G DL 64QAM Ratio(%)/s","NR5G DL 256QAM Ratio(%)/s","NR5G PDCP Tput DL(Mbps)","NR5G RLC Tput DL(Mbps)","NR5G MAC Tput Dl(Mbps)","NR5G PHY Tput DL(Mbps)","NR5G BLER DL","NR5G Layers Num DL","NR5G Rank DL","NR5G RB Num DL/slot","NR5G Pdsch Num RB/s","NR5G Grant Num DL/s","NR5G Pdsch TB Size/slot","NR5G TB0 Avg Size DL/s","NR5G TB1 Avg Size DL/s","NR5G CQI","NR5G MCS Avg UL","NR5G MCS Max UL","NR5G MCS Most UL","NR5G Modulation UL","NR5G Bler UL","NR5G Tx Mode UL","NR5G UL QPSK Ratio(%)/s","NR5G UL 16QAM Ratio(%)/s","NR5G UL 64QAM Ratio(%)/s","NR5G PDCP Tput UL(Mbps)","NR5G RLC Tput UL(Mbps)","NR5G MAC Tput UL(Mbps)","NR5G PHY Tput UL(Mbps)","NR5G Rank UL","NR5G RB Num UL/slot","NR5G Pusch Num RB/s","NR5G Grant Num UL/s","NR5G Pusch TB Size/s","NR5G MIMO","NR5G Rach Reason","NR5G C-RNTI","NR5G RACH Contention","NR5G PRACH Config","NR5G RACH Preamble Format","NR5G RACH LogicalRoot Index","NR5G RACH RA-RNTI","NR5G RACH Access Result","NR5G RACH T-RNTI","NR5G TA","NR5G Access Delay","NR5G PUSCH TxPower(dBm)","NR5G PUCCH TxPower(dBm)","NR5G PRACH TxPower(dBm)","NR5G DCI Format 0_0 Num/s","NR5G DCI Format 0_1 Num/s","NR5G DCI Format 0_2 Num/s","NR5G DCI Format 1_0 Num/s","NR5G DCI Format 1_1 Num/s","NR5G DCI Format 1_2 Num/s","NR5G DCI Format 2_0 Num/s","NR5G DCI Format 2_1 Num/s","NR5G DCI Format 2_2 Num/s","NR5G DCI Format 2_3 Num/s","NR5G DCI Format 0_0 AggLevel","NR5G DCI Format 0_1 AggLevel","NR5G DCI Format 1_0 AggLevel","NR5G DCI Format 1_1 AggLevel","NR5G DCI Format 2_0 AggLevel","NR5G DCI Format 2_1 AggLevel","NR5G DCI Format 2_2 AggLevel","NR5G DCI Format 2_3 AggLevel","NR5G MM State","NR5G MM Sub State","NR5G AMF Region ID","NR5G AMF SET ID","NR5G AMF Pointer","NR5G TMSI","NR5G Pusch Frame","NR5G Pusch Slot","NR5G Pusch SCS","NR5G Pusch TB Size/slot","NR5G Pusch TBIndex","NR5G Pusch Num RB/slot","NR5G Pusch BWP Id","NR5G Pusch TxPower","NR5G Pusch Actual TxPower","NR5G Pusch TxType","NR5G Pusch Carrier ID","NR5G Pusch HARQ ID","NR5G Pusch Modulation","NR5G Pusch Start RB","NR5G Pusch TPC","NR5G Pusch RNTI","NR5G Pdsch Frame","NR5G Pdsch Slot","NR5G Pdsch TB Index","NR5G Pdsch RNTI Type","NR5G Pdsch CRC Status","NR5G Pdsch NDI","NR5G Pdsch Modulation","NR5G Pdsch MCS","NR5G Pdsch Num RB/slot","NR5G Pdsch Num Layers","NR5G Pdsch Carrier ID","NR5G Pdsch HARQ ID","NR5G Pdsch SCS","NR5G Pdsch TxType","NR5G Pdsch BWP ID","NR5G Pdsch TB Size/s"
0,0,0,0,0,0,0,0,0,0,0,0,0,0,0,0,0,0,0,0,FA4919EA,EC624327,E97D2DB1,9581D094,84B5E45B,73EA1822,B7198906,421ADD10,63B29582,52E6A949,A6E20666,A64DBCCD,747E61BB,B9FEBE7C,6603415F,314EF0D7,96163A2D,F5A6C7A9,49A224C7,8013B21A,45945C1F,34C86FE6,9866E60A,CACA8AB5,854A4DF4,DB9676EE,4ED8C0A1,3E0CF468,70709913,5FA4ACDA,FEEB4C2B,EE1F7FF2,FB73865,BBBBDB47,DD5393B9,280A6C55,5A6E1100,E3B2283E,8FB6CB21,7EEAFEE8,B14E8393,F88BFD1F,264CB3B,F198FF01,813C654C,B3A009F7,A2D43DBE,88C3CD03,77F7E0CA,AA5B8575,A932D243,998FB93C,5F104341,4E447708,80A81BB3,6FDC2F7A,EA11974A,23FC83AD,1330B774,D945AB11,5B027A99,8D661F44,7C9A330B,289ED5EE,17D2E9B5,B7ADF29F,C879DED8,1C753BF6,1BE0D25D,6BCE46D2,3D788ACF,2CACBE96,D8B14178,C30BB7F8,FD2E2F60,9D6616DE,455CD119,3490E4E0,C7E5753F,5E7BF9A8,BF355A56,AE696E1D,41867377,C34322FE,6F47C5E1,D0959028,BFC9A3EF,52525FB0,9E31EB7D,AEFDD7B6,2F934D4,B14E624,A1AB6A8C,D40F0F37,CBBBD2E1,DFA1B9A,DC87BF1A,173E801C,4A368E60,396AA227,E56F4509,D4A378D0,7071D7C,F63B3142,A23FD425,9173E7EC,C3D78C97,B30BA05E,788C4A63,8958369C,2490ED46,4628A5B8,D001268F,7C05C972,6B39FD39,9D9D81E4,8CD1B5AB,1F5A516C,E8E6533,40F209DE,30263DA5,DC2AC087,5DE4A4A,F5127E10,277602BC,16AA3683,C2AED965,B1E2ED2C,E44691D7,D37AA59E,A54A5D28,947E70EF,C6E2159A,B6162961,621ACC44,514EE00B,954A458E,847E7955,B6E21E00,A61631C7,521AD4AA,414EE871,73B28D1C,62E6A0E3,EEB43C6,FE1F778C,30831C38,1FB72FFF,BAEFE6A8,ED538B53,A208491F,913C7CE6,7BCE5E6C,6B027233,8C9A2AA5,389ECD88,27D2E14F,5A3685FA,496AB9C1,F56F5CA3,E4A3706A,17071516,63B28DD,B23FCBBF,A173FF86,D3D78431,888C41FD,5628BD52,
20260725 15:29:16.027,24.830945,102.840464,13.00,1935,3,1,0.00,0.00,,,,,,,1,SA,460,00,中国移动,4456484,6879514665,1679569,41,Normal,-,1,41,-,-,504990,-,489,-,-,30kHz,-,-,-,ms20,-,SA,-0.6,1,3,-,91,-67.2,-10.6,17.6,6,-,-,6312,-29.5,-,-,-70.2;-64.2;-72;-73.3,-,23.5;14.4;255;255,32.5;30.6;255;255,-34.3;-29.5,0;4;7;6;4;5;0,829;945;490;489;489;489;489,-75.2;-79.1;-77.5;-69.1;-67.3;-66.6;-71,-15.8;-19.6;-14.1;-10.8;-10.4;-10.4;-11.2,255;255;255;255;255;255;255,1;0;0;0,504990;504990;504990;504990,489;829;945;490,6;0;4;7,-,4;1;1;1,-67.2;-76.8;-77;-77.5,-10.6;-16.2;-19.4;-14.6,17.6;255;255;255,1.6,7,0,QPSK,-,77.8,22.2,0,0,0.04,0.04,0.01,0.01,0,2,Rank 1,31,280,3,42,-,42,9,24.9,25,25,256QAM,0,SMDL,0,0,0,0.00,0.00,0.00,0.23,Rank 2,4,124,23,-,2 x 2,-,22461,-,-,-,-,-,-,-,-,-,-2,-5,-,-,23,-,1,2,-,-,-,-,-,-,-,-,-,-,-,-,-,-,-,-,-,-,-,132,8,30kHz,992,-,4,1,-,-,New trans.,0,0,256QAM,64,1,22461,127,5,0,0,Pass,1,QPSK,0,16,2,0,15,30kHz,Re trans.,-,3852,
20260725 15:29:17.041,24.830932,102.840425,15.05,1935,3,1,0.00,0.00,,,,,,,1,SA,460,00,中国移动,4456484,6879514665,1679569,41,Normal,-,1,41,-,-,504990,-,489,-,-,30kHz,-,-,-,ms20,-,SA,-0.6,1,3,-,93,-67.1,-10.5,20.6,6,-,-,6312,-30.8,-,-,-68.5;-64.9;-68.4;-71.9,-,19.5;7.2;255;255,29.9;30.5;255;255,-33;-30.8,0;5;7;6;5;4;3,829;945;490;489;489;489;489,-101.4;-80.8;-75.2;-69.8;-66;-67.4;-72.7,-27.2;-21.7;-14.3;-10.6;-10.4;-10.4;-10.5,255;255;255;255;255;255;255,1;0;0;0,504990;504990;504990;504990,489;945;490;829,6;5;7;0,-,4;1;1;1,-67.1;-75.6;-75.6;-86.9,-10.5;-20.4;-14.4;-22.1,20.6;255;255;255,2,9,0,QPSK,-,81.8,18.2,0,0,0.00,0.00,0.02,0.02,0,2,Rank 1,28,624,19,42,-,42,9,24.7,25,25,256QAM,0,SMDL,0,0,0,0.01,0.01,0.01,0.59,Rank 2,4,316,97,-,2 x 2,-,22461,-,-,-,-,-,-,-,-,-,0,-6,-,-,97,-,1,19,-,-,-,-,-,-,-,-,-,-,-,-,-,-,-,-,-,-,-,206,18,30kHz,992,-,4,1,-,-,New trans.,0,0,256QAM,28,1,22461,230,11,0,0,Pass,1,QPSK,2,16,2,0,15,30kHz,Re trans.,-,9505,
20260725 15:29:18.053,24.830928,102.840384,14.15,1934,3,1,0.00,0.00,,,,,,,1,SA,460,00,中国移动,4456484,6879514665,1679569,41,Normal,-,1,41,-,-,504990,-,489,-,-,30kHz,-,-,-,ms20,-,SA,-0.6,2,3,-,80,-58.3,-10.4,21.8,0,-,-,6312,-21.3,-,-,-64.9;-56.8;-73.2;-59.9,-,21.1;21.9;255;255,28.4;24.9;255;255,-28.5;-21.3,1;0;7;0;4;5;3,829;945;490;489;489;489;489,-89.2;-67.8;-71.6;-57.4;-62.9;-62.2;-68.7,-17.9;-19.2;-12.1;-10.4;-10.3;-10.4;-10.4,255;255;255;255;255;255;255,1;0;0;0,504990;504990;504990;504990,489;945;490;829,0;0;7;1,-,4;1;1;1,-58.3;-67.6;-71.6;-89.2,-10.4;-19.2;-12.1;-17.9,21.8;255;255;255,1.8,8,0,QPSK,-,87.5,12.5,0,0,0.05,0.05,0.06,0.06,0,1,Rank 1,24,192,11,42,-,42,9,24.8,31,25,256QAM,0,SMDL,0,0,0,0.01,0.01,0.01,0.50,Rank 2,4,272,72,-,2 x 2,-,22461,-,-,-,-,-,-,-,-,-,-2,-14,-,-,72,-,1,11,-,-,-,-,-,-,-,-,-,-,-,-,-,-,-,-,-,-,-,335,9,30kHz,992,-,4,1,-,-,New trans.,0,0,256QAM,32,1,22461,330,4,0,0,Pass,0,QPSK,0,16,2,0,15,30kHz,Re trans.,-,1927,
20260725 15:29:19.064,24.830929,102.840344,14.29,1934,3,1,0.00,0.00,,,,,,,1,SA,460,00,中国移动,4456484,6879514665,1679569,41,Normal,-,1,41,-,-,504990,-,489,-,-,30kHz,-,-,-,ms20,-,SA,-0.6,2,3,-,80,-57.8,-10.4,18.7,0,-,-,6312,-24,-,-,-60.1;-61.1;-56.7;-65.6,-,20.6;11.3;255;255,25.7;28.4;255;255,-24;-24.9,1;0;7;0;5;4;6,829;945;490;489;489;489;489,-89.6;-66.9;-73.8;-57.5;-57.8;-58.1;-64.5,-19.6;-19.6;-14.3;-10.4;-10.4;-10.4;-10.4,255;255;255;255;255;255;255,1;0;0;0,504990;504990;504990;504990,489;945;490;829,0;0;7;1,-,4;1;1;1,-57.8;-67.7;-73.9;-89.6,-10.4;-20.6;-14.2;-19.6,18.7;255;255;255,1.1,5,0,QPSK,-,88.9,11.1,0,0,0.01,0.01,0.02,0.02,0,1,Rank 1,16,152,9,69,-,69,9,24.2,25,25,256QAM,0,SMDL,0,0,0,0.00,0.00,0.01,0.38,Rank 2,4,212,49,-,2 x 2,-,22461,-,-,-,-,-,-,-,-,-,-9,-15,-,-,49,-,2,7,-,-,-,-,-,-,-,-,-,-,-,-,-,-,-,-,-,-,-,437,9,30kHz,944,-,4,1,-,-,New trans.,0,0,256QAM,40,1,22461,437,3,0,0,Pass,1,QPSK,0,16,1,0,15,30kHz,Re trans.,-,774,
20260725 15:29:20.074,24.830941,102.840302,15.30,1934,3,1,0.00,0.00,,,,,,,1,SA,460,00,中国移动,4456484,6879514665,1679569,41,Normal,-,1,41,-,-,504990,-,489,-,-,30kHz,-,-,-,ms20,-,SA,-0.6,3,3,-,85,-60.8,-10.4,29,5,-,-,6312,-19.6,-,-,-55.3;-70.6;-94.2;-58.3,-,26.3;25.4;255;255,36.7;31.3;255;255,-19.6;-37.6,1;0;7;5;4;0;3,829;945;490;489;489;489;489,-91.5;-72.2;-76.1;-60.3;-60;-62.3;-67.7,-19.6;-20.2;-15.9;-10.3;-10.3;-10.5;-10.4,255;255;255;255;255;255;255,1;0;0;0,504990;504990;504990;504990,489;945;490;829,5;0;7;1,-,4;1;1;1,-60.8;-72;-76.8;-91.5,-10.4;-20;-16.8;-19.6,29;255;255;255,1.1,5,0,QPSK,-,88.9,11.1,0,0,0.00,0.00,0.00,0.00,0,1,Rank 1,16,152,9,42,-,42,9,24.9,31,25,256QAM,0,SMDL,0,0,0,0.00,0.00,0.00,0.20,Rank 2,4,108,49,-,2 x 2,-,22461,-,-,-,-,-,-,-,-,-,-3,-3,-,-,49,-,2,7,-,-,-,-,-,-,-,-,-,-,-,-,-,-,-,-,-,-,-,528,8,30kHz,800,-,4,1,-,-,New trans.,0,0,256QAM,40,0,22461,523,3,0,0,Pass,0,QPSK,0,16,2,0,15,30kHz,Re trans.,-,774,
20260725 15:29:21.084,24.830966,102.840264,17.46,1934,3,1,0.00,0.00,,,,,,,1,SA,460,00,中国移动,4456484,6879514665,1679569,41,Normal,-,1,41,100,100,504990,-,489,513000,513000,30kHz,-,-,-,ms20,Connected,SA,-0.6,4,3,-,85,-62.8,-10.5,23.1,5,-,-,6312,-29.4,-,-,-60.6;-68.3;-93.3;-66.7,-,23.1;21.3;255;255,34.3;32;255;255,-29.4;-32.9,0;3;7;5;4;3;0,829;945;490;489;489;489;489,-97.2;-75.3;-75;-62.5;-61;-66.5;-68.2,-24.8;-19.8;-17.2;-10.4;-10.5;-10.6;-10.8,255;255;255;255;255;255;255,1;0;0;0,504990;504990;504990;504990,489;945;490;829,5;3;7;0,-,4;1;1;1,-62.8;-74.5;-76.1;-83.2,-10.5;-20.1;-18;-18.1,23.1;255;255;255,0,0,0,QPSK,-,100,0,0,0,0.00,0.00,0.00,0.00,0,1,Rank 1,16,100,5,14,-,14,15,23.1,25,25,256QAM,0,SMDL,0,0,2.7,0.00,0.00,0.01,0.26,Rank 2,4,148,44,-,2 x 2,-,22461,-,-,-,-,-,-,-,-,-,-6,-7,-,-,44,-,1,4,-,-,-,-,-,-,-,-,-,-,-,-,-,-,-,-,-,-,-,628,18,30kHz,992,-,4,1,-,-,New trans.,0,0,256QAM,60,1,22461,641,15,0,4,Pass,0,QPSK,0,20,1,0,0,30kHz,Re trans.,-,262,
20260725 15:29:22.090,24.830999,102.840233,18.25,1934,3,1,0.00,0.00,,,,,,,1,SA,460,00,中国移动,4456484,6879514665,1679569,41,Normal,-,1,41,100,100,504990,-,489,513000,513000,30kHz,-,-,-,ms20,Connected,SA,-0.6,3,3,-,85,-60,-10.5,22.4,5,-,-,6312,-23.6,-,-,-58.8;-67.7;-100.5;-67.2,-,22.4;21.9;255;255,29.9;28.4;255;255,-23.6;-32.4,1;0;7;5;0;4;3;2,829;945;490;489;489;489;489;491,-80.7;-68;-71.6;-61.4;-58.4;-61.8;-68.1;-133,-17.4;-20.1;-11.7;-10.5;-10.4;-10.4;-10.8;-35.1,255;255;255;255;255;255;255;255,1;0;0;0;0,504990;504990;504990;504990;504990,489;945;490;829;491,5;0;7;1;2,-,4;1;1;1;1,-60;-69.1;-73;-79.6;-133,-10.5;-20;-13.7;-17.4;-35.1,22.4;255;255;255;255,1.2,5,0,QPSK,-,100,0,0,0,0.00,0.00,0.00,0.00,0,2,Rank 1,16,152,9,106,-,106,9,24.3,25,25,256QAM,0,SMDL,0,0,0,0.00,0.00,0.00,0.40,Rank 2,4,220,57,-,2 x 2,-,22461,-,-,-,-,-,-,-,-,-,-7,-21,-,-,57,-,2,7,-,-,-,-,-,-,-,-,-,-,-,-,-,-,-,-,-,-,-,738,18,30kHz,736,-,4,1,-,-,New trans.,0,0,64QAM,72,1,22461,736,3,0,0,Pass,1,QPSK,2,16,2,0,15,30kHz,Re trans.,-,894,
20260725 15:29:23.097,24.831035,102.840202,18.65,1934,3,1,0.00,0.00,,,,,,,1,SA,460,00,中国移动,4456484,6879514665,1679569,41,Normal,-,1,41,100,100,504990,-,489,513000,513000,30kHz,-,-,-,ms20,Connected,SA,-0.6,4,0,-,88,-63.2,-10.5,21.1,5,-,-,6312,-31.4,-,-,-70.5;-67.6;-94.4;-71.3,-,9.2;13;255;255,33.9;34;255;255,-31.4;-36.6,5;0;4;7;0;6,489;489;489;489;945;490,-64.5;-63.2;-63.1;-67.4;-75.8;-72,-10.4;-10.6;-10.4;-11.5;-20.6;-14.7,255;255;255;255;255;255,1;0;0,504990;504990;504990,489;490;945,5;6;0,-,4;1;1,-63.2;-71.4;-75.8,-10.5;-14;-20.1,21.1;255;255,4.2,19,2,QPSK,-,72.7,18.2,9.1,0,0.00,0.05,0.09,0.09,0,2,Rank 1,22,500,23,42,-,42,9,21.1,31,20,256QAM,0,SMDL,0,0,33.7,0.03,0.04,0.00,0.56,Rank 2,4,368,91,-,2 x 2,-,22461,-,-,-,-,-,-,-,-,-,-7,-19,-,-,91,-,1,22,-,-,-,-,-,-,-,-,-,-,-,-,-,-,-,-,-,-,-,838,18,30kHz,992,-,4,1,-,-,New trans.,0,0,256QAM,92,1,22461,839,3,0,0,Pass,1,QPSK,0,16,2,0,15,30kHz,Re trans.,-,11090,
20260725 15:29:24.108,24.831078,102.840177,19.19,1934,3,1,0.00,0.00,,,,,,,1,SA,460,00,中国移动,4456484,6879514665,1679569,41,Normal,-,1,41,100,100,504990,-,489,513000,513000,30kHz,-,-,-,ms20,Connected,SA,-0.6,4,0,-,89,-65.6,-11.3,17.6,5,-,-,6312,-27.3,-,-,-65.6;-70.2;-100.1;-73.3,-,14.3;13.6;255;255,28.3;34.3;255;255,-27.3;-31.5,5;0;7;6;3;6,489;489;489;489;945;490,-68;-66.2;-65.6;-65.7;-82.8;-69.8,-10.6;-11.1;-11.8;-11.7;-20.1;-15.8,255;255;255;255;255;255,1;0;0,504990;504990;504990,489;490;945,5;6;3,-,4;1;1,-65.6;-70;-82.8,-11.3;-15.8;-20.1,17.6;255;255,0.5,1,1,QPSK,-,100,0,0,0,0.00,0.01,0.00,0.00,0,1,Rank 1,16,64,3,34,-,34,9,24.4,25,25,256QAM,0,SMDL,0,0,3.3,0.00,0.00,0.04,0.22,Rank 2,4,120,35,-,2 x 2,-,22461,-,-,-,-,-,-,-,-,-,-9,-15,-,-,35,-,1,3,-,-,-,-,-,-,-,-,-,-,-,-,-,-,-,-,-,-,-,939,19,30kHz,800,-,4,1,-,-,New trans.,0,0,256QAM,16,1,22461,939,3,0,0,Pass,0,QPSK,1,16,1,0,15,30kHz,Re trans.,-,179,
20260725 15:29:25.116,24.831122,102.840164,18.14,1933,3,1,0.00,0.00,,,,,,,1,SA,460,00,中国移动,4456484,6879514665,1679569,41,Normal,-,1,41,100,100,504990,-,489,513000,513000,30kHz,-,-,-,ms20,Connected,SA,-0.6,2,0,-,91,-68.1,-11.4,4.4,5,-,-,6312,-35.3,-,-,-70;-79.2;-102.6;-67.5,-,1.3;18.5;255;255,30.2;30;255;255,-38.9;-35.3,5;0;7;4;7,489;489;489;489;490,-68.6;-69.2;-71.9;-70.6;-71.1,-10.7;-11.8;-12.9;-10.8;-13,255;255;255;255;255,1;0,504990;504990,489;490,5;7,-,4;1,-68.1;-72.6,-11.4;-13.6,4.4;255,0.5,1,1,QPSK,-,100,0,0,0,0.00,0.00,0.00,0.00,0,1,Rank 1,16,64,5,69,-,69,9,23.9,31,25,256QAM,0,SMDL,0,0,0,0.00,0.00,0.00,0.23,Rank 2,4,132,41,-,2 x 2,-,22461,-,-,-,-,-,-,-,-,-,3,-7,-,-,41,-,1,4,-,-,-,-,-,-,-,-,-,-,-,-,-,-,-,-,-,-,-,20,8,30kHz,992,-,4,1,-,-,New trans.,0,0,256QAM,92,2,22461,15,3,0,0,Pass,1,QPSK,0,16,1,0,15,30kHz,Re trans.,-,179,
20260725 15:29:26.126,24.831163,102.840161,15.62,1933,3,1,0.00,0.00,,,,,,,1,SA,460,00,中国移动,4456484,6879514665,1679569,41,Normal,-,1,41,100,100,504990,-,489,513000,513000,30kHz,-,-,-,ms20,Connected,SA,-0.6,3,0,-,84,-61.6,-11.1,8.6,5,-,-,6312,-27,-,-,-73.5;-68.3;-99;-60,-,8.6;4.8;11.4;17.6,34;32.3;255;255,-31.5;-27,5;0;3;6;7,489;489;489;489;490,-65.5;-60.5;-70.1;-66.1;-66.2,-10.6;-11.3;-11.4;-11.4;-13.2,255;255;255;255;255,1;0,504990;504990,489;490,5;7,-,4;1,-61.6;-67.1,-11.1;-14.2,8.6;255,0,0,0,QPSK,-,100,0,0,0,0.00,0.00,0.00,0.00,0,1,Rank 1,18,92,1,34,-,34,9,20.7,25,22,256QAM,0,SMDL,0,0,30.3,0.00,0.00,0.01,0.20,Rank 2,4,132,19,-,2 x 2,-,22461,-,-,-,-,-,-,-,-,-,-1,-11,-,-,19,-,1,1,-,-,-,-,-,-,-,-,-,-,-,-,-,-,-,-,-,-,-,119,8,30kHz,992,-,4,1,-,-,New trans.,0,0,256QAM,64,1,22461,117,3,0,0,Pass,1,QPSK,1,16,1,0,15,30kHz,Re trans.,-,246,
20260725 15:29:27.138,24.831197,102.840159,11.34,1934,3,1,0.00,0.00,,,,,,,1,SA,460,00,中国移动,4456484,6879514665,1679569,41,Normal,-,1,41,100,100,504990,-,489,513000,513000,30kHz,-,-,-,ms20,Connected,SA,-0.6,3,0,-,83,-60.7,-11.4,6.3,0,-,-,6312,-23.6,-,-,-59.5;-61.6;-60.9;-68.8,-,6.7;4.8;255;255,7.1;19.1;255;255,-23.6;-24.3,0;6;7;5;0;4,489;489;489;489;490;491,-59.3;-61.1;-63.4;-63.1;-65.8;-77.8,-11.3;-11.3;-13.6;-10.8;-16.7;-19.6,255;255;255;255;255;255,1;0;0,504990;504990;504990,489;490;491,0;0;4,-,4;1;1,-60.7;-66;-77.8,-11.4;-14.8;-19.6,6.3;255;255,0,0,0,QPSK,-,100,0,0,0,0.00,0.00,0.00,0.00,0,1,Rank 1,18,92,1,34,-,34,4,25,31,25,256QAM,0,SMDL,0,0,0,0.00,0.00,0.00,0.19,Rank 2,4,100,19,-,2 x 2,-,22461,-,-,-,-,-,-,-,-,-,-4,-10,-,-,19,-,1,1,-,-,-,-,-,-,-,-,-,-,-,-,-,-,-,-,-,-,-,125,9,30kHz,992,-,4,1,-,-,New trans.,0,0,256QAM,16,1,22461,117,3,0,0,Pass,1,QPSK,1,16,1,0,15,30kHz,Re trans.,-,246,
20260725 15:29:28.152,24.831228,102.840159,11.23,1934,3,1,0.00,0.00,,,,,,,1,SA,460,00,中国移动,4456484,6879514665,1679569,41,Normal,-,1,41,100,100,504990,-,489,513000,513000,30kHz,-,-,-,ms20,Connected,SA,-0.6,3,0,-,82,-60.5,-11.8,1.9,0,-,-,6312,-19.6,-,-,-62.9;-63.5;-65.2;-60.5,-,1.9;-1.3;255;255,23.8;27.7;255;255,-19.6;-24.6,0;7;6;4;0;5,489;489;489;489;490;491,-59.2;-63.9;-64;-67.4;-62.6;-70.6,-11.9;-12.5;-12;-11.5;-13.6;-16.9,255;255;255;255;255;255,1;0;0,504990;504990;504990,489;490;491,0;0;5,-,4;1;1,-60.5;-64.3;-71.7,-11.8;-12.6;-15.9,1.9;255;255,0.5,1,1,QPSK,-,100,0,0,0,0.00,0.00,0.00,0.00,0,1,Rank 1,18,36,3,69,-,69,7,25,31,25,256QAM,0,SMDL,0,0,0,0.00,0.00,0.00,0.00,Rank 2,4,0,24,-,2 x 2,-,22461,-,-,-,-,-,-,-,-,-,-3,-9,-,-,24,-,1,2,-,-,-,-,-,-,-,-,-,-,-,-,-,-,-,-,-,-,-,316,8,30kHz,992,-,4,1,-,-,New trans.,0,0,256QAM,79,1,22461,311,3,0,0,Pass,0,QPSK,0,16,1,0,15,30kHz,Re trans.,-,48,
20260725 15:29:29.165,24.831228,102.840159,11.23,1934,3,1,0.00,0.00,,,,,,,1,SA,460,00,中国移动,4456484,6879514665,1679569,41,Normal,-,1,41,100,100,504990,-,489,513000,513000,30kHz,-,-,-,ms20,Connected,SA,-0.6,2,0,-,84,-61.8,-12.8,-5.6,0,-,-,6312,-22.1,-,-,-66.1;-69.1;-70.8;-65.5,-,-7.9;-8.7;-1.8;-6.7,30.1;29.6;30.3;26.7,-25.6;-23.3;-22.1;-23.1,0;6;5;7;0;5,489;489;489;489;490;491,-63;-61.4;-64;-63.8;-59.7;-90.3,-15.1;-11.9;-12.8;-13;-12;-25,255;255;255;255;255;255,1;0;0,504990;504990;504990,489;490;491,0;0;5,-,4;1;1,-61.8;-61;-73.7,-12.8;-12;-17.2,-5.6;255;255,0.5,1,1,QPSK,-,100,0,0,0,0.00,0.00,0.00,0.00,0,1,Rank 3,18,36,3,69,-,69,11,24.2,25,25,256QAM,0,SMDL,0,0,0,0.00,0.00,0.00,0.09,Rank 2,4,48,24,-,4 x 4,-,22461,-,-,-,-,-,-,-,-,-,-4,-6,-,-,24,-,1,2,-,-,-,-,-,-,-,-,-,-,-,-,-,-,-,-,-,-,-,400,9,30kHz,992,-,4,1,-,-,New trans.,0,0,256QAM,80,1,22461,391,3,0,0,Pass,1,QPSK,0,16,1,0,15,30kHz,Re trans.,-,48,
20260725 15:29:30.176,24.831291,102.840156,12.28,1934,3,1,0.00,0.00,,,,,,,1,SA,460,00,中国移动,4456484,6879514665,1679569,41,Normal,-,1,41,100,100,504990,-,489,513000,513000,30kHz,-,-,-,ms20,Connected,SA,-0.6,5,0,-,87,-63.7,-15.5,-0.1,6,-,-,6312,-22.4,-,-,-62;-75.3;-63.2;-69,-,5.7;-1.8;3.6;2.3,30;30.5;9.5;29.7,-22.4;-28.3;-37.9;-29,6;0;1;5;0;4,489;489;489;489;490;491,-62.9;-64.5;-66.6;-67.9;-55.9;-74.5,-13.5;-18.8;-17.7;-13.8;-10.8;-17.2,255;255;255;255;255;255,1;0;0,504990;504990;504990,489;490;491,6;0;4,-,4;1;1,-63.7;-57.5;-74.5,-15.5;-11;-17.2,-0.1;255;255,1.7,5,0,QPSK,-,85.7,14.3,0,0,0.00,0.00,0.00,0.00,0,1,Rank 3,16,116,7,69,-,69,11,24.7,25,25,256QAM,0,SMDL,0,0,0,0.00,0.00,0.00,0.29,Rank 2,4,156,51,-,4 x 4,-,22461,-,-,-,-,-,-,-,-,-,2,-5,-,-,51,-,1,6,-,-,-,-,-,-,-,-,-,-,-,-,-,-,-,-,-,-,-,522,18,30kHz,992,-,4,1,-,-,New trans.,0,0,256QAM,92,1,22461,523,3,0,0,Pass,1,QPSK,1,16,4,0,15,30kHz,Re trans.,-,475,
20260725 15:29:31.184,24.831317,102.840154,10.44,1934,3,1,0.00,0.00,,,,,,,1,SA,460,00,中国移动,4456484,6879514665,1679569,41,Normal,-,1,41,100,100,504990,-,490,513000,513000,30kHz,503172,1099,-,ms20,Connected,SA,-0.6,3,1,-60,76,-56.1,-11.4,10.2,0,Not Barred,6,6312,-19.5,504990,490,-58.5;-59.9;-92.5;-63.9,-,4.3;5.8;2.7;7.1,28.8;26.1;30.2;26,-19.5;-24.3;-55.8;-23.9,7;0;1;7;6;5,489;490;490;490;490;491,-60.1;-54.9;-56.8;-57.1;-64.5;-66.8,-14.7;-10.9;-11;-12.5;-12.9;-13.9,255;255;255;255;255;255,1;0;0,504990;504990;504990,490;489;491,0;7;5,-,4;1;1,-56.1;-60.8;-68.6,-11.4;-14.2;-14.9,10.2;255;255,1.7,5,0,QPSK,-,85.7,14.3,0,0,0.00,0.00,0.00,0.00,6.7,1,Rank 3,16,116,31,123,-,123,13,21.3,25,25,256QAM,0,SMSL,5.3,0,21.1,0.00,0.00,0.00,0.10,Rank 1,4,76,165,-,4 x 4,HandOver,22633,Free,17,FORMAT_0,128,57,Success,22633,1,-,-3,-16,-25,-,165,-,6,25,-,-,-,-,-,-,-,-,-,-,-,-,-,Registered,Normal Service,9,269,18,D4A6D4C1,615,18,30kHz,944,-,4,1,-,-,New trans.,0,0,256QAM,119,1,22633,610,14,0,0,Pass,0,QPSK,1,16,4,0,15,30kHz,Re trans.,-,475,
20260725 15:29:32.196,24.831342,102.840153,10.69,1934,3,1,0.00,0.00,,,,,,,1,SA,460,00,中国移动,4456484,6879514665,1679569,41,Normal,-,1,41,100,100,504990,-,490,513000,513000,30kHz,503172,1099,-,ms20,Connected,SA,-0.6,2,1,-60,77,-55.9,-11.1,12.3,0,Not Barred,6,6312,-19,504990,490,-52;-63.7;-96.5;-61.7,-,16.2;9.7;8.4;6.4,28.4;25.7;30.1;26.1,-19;-25;-55;-24.5,7;0;1;7;6;5,489;490;490;490;490;491,-62.3;-54.7;-56.3;-58.5;-62.4;-70.1,-15.6;-11;-10.7;-11.5;-11.5;-16.4,255;255;255;255;255;255,1;0;0,504990;504990;504990,490;489;491,0;7;5,-,4;1;1,-55.9;-62.2;-70.9,-11.1;-15;-14.6,12.3;255;255,1.7,5,0,QPSK,-,85.7,14.3,0,0,0.00,0.00,0.03,0.04,6.7,1,Rank 1,16,116,0,123,-,123,9,24.4,25,25,256QAM,0,SMDL,0.7,0,0,0.00,0.00,0.01,1.04,Rank 2,4,588,4,-,4 x 4,HandOver,22633,Free,17,FORMAT_0,128,57,Success,22633,1,-,-1,-17,-25,-,4,-,6,25,-,-,-,-,-,-,-,-,-,-,-,-,-,Registered,Normal Service,9,269,18,D4A6D4C1,718,18,30kHz,768,-,4,1,-,-,New trans.,0,0,256QAM,124,2,22633,610,14,0,0,Pass,0,QPSK,1,16,4,0,15,30kHz,Re trans.,-,475,
20260725 15:29:33.210,24.831376,102.840148,10.94,1934,3,1,0.00,0.00,,,,,,,1,SA,460,00,中国移动,4456484,6879514665,1679569,41,Normal,-,1,41,100,100,504990,-,490,513000,513000,30kHz,503172,1099,-,ms20,Connected,SA,-0.6,1,1,-60,80,-59.2,-10.7,9.8,0,Not Barred,6,6312,-25.9,504990,490,-58.7;-60.1;-99.7;-58.6,-,8.6;6.4;255;255,24.4;23.3;255;255,-25.9;-27.6,7;0;1;2;6;4,489;490;490;490;490;491,-68.7;-59.4;-58.3;-61.8;-62.9;-73.5,-16.7;-10.8;-10.6;-10.6;-12;-16,255;255;255;255;255;255,1;0;0,504990;504990;504990,490;489;491,0;7;4,-,4;1;1,-59.2;-66.5;-74.4,-10.7;-13.9;-16.3,9.8;255;255,2.8,28,0,QPSK,-,100,0,0,0,0.00,0.00,0.00,0.00,0,1,Rank 1,21,684,0,66,-,66,9,20,20,20,256QAM,0,SMDL,0,0,0,0.00,0.00,0.00,0.01,Rank 2,4,4,4,-,2 x 2,HandOver,22633,Free,17,FORMAT_0,128,57,Success,22633,1,-,-1,-14,-25,-,4,-,6,25,-,-,-,-,-,-,-,-,-,-,-,-,-,Registered,Normal Service,9,269,18,D4A6D4C1,822,8,30kHz,992,-,4,1,-,-,New trans.,0,0,256QAM,148,1,22633,817,3,0,0,Pass,1,QPSK,1,16,2,0,15,30kHz,Re trans.,-,4648,
20260725 15:29:34.224,24.831425,102.840131,12.06,1934,3,1,0.00,0.00,,,,,,,1,SA,460,00,中国移动,4456484,6879514664,1679569,40,Normal,-,1,41,100,100,504990,-,490,513000,513000,30kHz,503172,1099,-,ms20,Connected,SA,-0.6,2,1,-60,79,-56.8,-11.1,10.3,1,Not Barred,6,6312,-20.9,504990,490,-59.8;-56.1;-94.7;-62,-,7.8;11;255;255,31.8;27.6;255;255,-24.6;-20.9,7;1;0;7;2;4,489;490;490;490;490;491,-62.5;-57.2;-57.2;-59;-58.6;-66.3,-14.3;-10.8;-11;-12.3;-10.7;-13.9,255;255;255;255;255;255,1;0;0,504990;504990;504990,490;489;491,1;7;4,-,4;1;1,-56.8;-63.1;-67.5,-11.1;-13.7;-13.9,10.3;255;255,1.7,5,1,QPSK,-,88.9,11.1,0,0,0.00,0.00,0.01,0.01,14.3,2,Rank 1,16,148,8,66,-,66,9,24.2,25,25,256QAM,0,SMDL,0,0,0,0.00,0.00,0.00,0.63,Rank 2,4,348,88,-,2 x 2,HandOver,22633,Free,17,FORMAT_0,128,57,Success,22633,1,-,-2,-4,-25,-,88,-,1,7,-,-,-,-,-,-,-,-,-,-,-,-,-,Registered,Normal Service,9,269,18,D4A6D4C1,923,8,30kHz,992,-,4,1,-,-,New trans.,0,0,256QAM,99,1,22633,918,3,0,0,Pass,1,QPSK,1,16,2,0,15,30kHz,Re trans.,-,922,
20260725 15:29:35.235,24.831477,102.840086,13.39,1934,3,1,0.00,0.00,,,,,,,1,SA,460,00,中国移动,4456484,6879514664,1679569,40,Normal,-,1,41,100,100,504990,-,490,513000,513000,30kHz,503172,1099,-,ms20,Connected,SA,-0.6,1,1,-60,84,-61.6,-11.8,7.8,1,Not Barred,6,6312,-25,504990,490,-58.8;-66.5;-92.4;-65,-,7.9;3.4;255;255,24;22.5;255;255,-25;-30,0;1;0;2;7;4,489;490;490;490;490;491,-64.5;-61.3;-62.2;-63;-64.8;-66.7,-15;-11.4;-12.6;-10.8;-13.9;-13.4,255;255;255;255;255;255,1;0;0,504990;504990;504990,490;489;491,1;0;4,-,4;1;1,-61.6;-64.9;-67.4,-11.8;-12.8;-13.5,7.8;255;255,1.7,5,1,QPSK,-,88.9,11.1,0,0,0.00,0.00,0.01,0.01,0,2,Rank 1,16,148,9,69,-,69,8,20.8,25,25,256QAM,0,SMDL,0,0,33.9,0.00,0.00,0.00,0.36,Rank 2,4,236,69,-,2 x 2,HandOver,22633,Free,17,FORMAT_0,128,57,Success,22633,1,-,1,-2,-25,-,69,-,1,8,-,-,-,-,-,-,-,-,-,-,-,-,-,Registered,Normal Service,9,269,18,D4A6D4C1,1004,18,30kHz,848,-,4,1,-,-,New trans.,0,0,256QAM,99,1,22633,999,3,0,0,Pass,0,QPSK,0,16,1,0,15,30kHz,Re trans.,-,922,
20260725 15:29:36.244,24.831443,102.840095,10.55,1933,3,1,0.00,0.00,,,,,,,1,SA,460,00,中国移动,4456484,6879514664,1679569,40,Normal,-,1,41,100,100,504990,-,490,513000,513000,30kHz,503172,1099,-,ms20,Connected,SA,-0.6,1,1,-60,80,-58.4,-11.6,11.5,1,Not Barred,6,6312,-20.9,504990,490,-62.1;-61.6;-95.7;-60.6,-,2.1;11.7;255;255,29.4;30.5;255;255,-20.9;-26.4,7;1;2;0;7;4,489;490;490;490;490;491,-57.7;-58.9;-57.4;-60.1;-60.8;-65.2,-12.4;-10.7;-10.5;-13.4;-13.7;-11.9,255;255;255;255;255;255,1;0;0,504990;504990;504990,490;489;491,1;7;4,-,4;1;1,-58.4;-58;-65.7,-11.6;-12.4;-13.1,11.5;255;255,4.1,28,0,QPSK,-,100,0,0,0,0.00,0.00,0.00,0.00,25,2,Rank 1,18,164,2,66,-,66,8,21.1,24,21,256QAM,0,SMDL,0,0,14.3,0.00,0.00,0.00,0.22,Rank 2,4,140,24,-,2 x 2,HandOver,22633,Free,17,FORMAT_0,128,57,Success,22633,1,-,-2,-14,-25,-,24,-,1,2,-,-,-,-,-,-,-,-,-,-,-,-,-,Registered,Normal Service,9,269,18,D4A6D4C1,101,8,30kHz,800,-,4,1,-,-,New trans.,0,0,256QAM,95,0,22633,97,3,0,0,Pass,1,QPSK,1,16,2,0,15,30kHz,Re trans.,-,928,
20260725 15:29:37.256,24.831412,102.840164,6.95,1933,3,1,0.00,0.00,,,,,,,1,SA,460,00,中国移动,4456484,6879514664,1679569,40,Normal,-,1,41,100,100,504990,-,490,513000,513000,30kHz,503172,1099,-,ms20,Connected,SA,-0.6,2,1,-60,78,-53.5,-10.7,14,1,Not Barred,6,6312,-23.6,504990,490,-59.7;-59.9;-92.7;-57.3,-,7.7;14;255;255,30.2;29.6;255;255,-24.4;-23.6,7;1;7;0;2;4,489;490;490;490;490;491,-72.8;-58;-53.2;-53;-57.3;-65.6,-22.8;-10.6;-11;-11.1;-10.5;-12.7,255;255;255;255;255;255,1;0;0,504990;504990;504990,490;489;491,1;7;4,-,4;1;1,-53.5;-63.4;-67.4,-10.7;-16.1;-14.8,14;255;255,7,28,2,QPSK,-,100,0,0,0,0.00,0.00,0.01,0.01,20,2,Rank 1,19,196,10,69,-,69,8,20.7,24,21,256QAM,0,SMDL,0,0,29.5,0.00,0.00,0.00,0.37,Rank 2,4,244,62,-,2 x 2,HandOver,22633,Free,17,FORMAT_0,128,57,Success,22633,1,-,-2,-14,-25,-,62,-,1,9,-,-,-,-,-,-,-,-,-,-,-,-,-,Registered,Normal Service,9,269,18,D4A6D4C1,208,8,30kHz,848,-,4,1,-,-,New trans.,0,0,256QAM,160,1,22633,207,3,0,0,Pass,0,QPSK,0,16,1,0,15,30kHz,Re trans.,-,1289,
20260725 15:29:38.269,24.831415,102.840158,6.70,1933,3,1,0.00,0.00,,,,,,,1,SA,460,00,中国移动,4456484,6879514664,1679569,40,Normal,-,1,41,100,100,504990,-,490,513000,513000,30kHz,503172,1099,-,ms20,Connected,SA,-0.6,2,1,-60,81,-58.8,-10.8,12.8,1,Not Barred,6,6312,-27.8,504990,490,-63.6;-59.2;-94.5;-63.6,-,10.2;12.8;255;255,27.2;29.7;255;255,-27.8;-29.6,0;1;0;7;2;4,489;490;490;490;490;491,-67.2;-62.3;-58;-58.5;-61.7;-74.1,-18.3;-10.6;-10.7;-10.9;-10.6;-14.1,255;255;255;255;255;255,1;0;0,504990;504990;504990,490;489;491,1;0;4,-,4;1;1,-58.8;-64.8;-74.6,-10.8;-16.2;-14.5,12.8;255;255,7,28,2,QPSK,-,100,0,0,0,0.00,0.00,0.00,0.00,0,2,Rank 1,19,196,10,69,-,69,8,21.4,25,25,256QAM,0,SMDL,0,0,23.5,0.00,0.00,0.00,0.21,Rank 2,4,136,62,-,2 x 2,HandOver,22633,Free,17,FORMAT_0,128,57,Success,22633,1,-,0,-6,-25,-,62,-,1,9,-,-,-,-,-,-,-,-,-,-,-,-,-,Registered,Normal Service,9,269,18,D4A6D4C1,254,18,30kHz,848,-,4,1,-,-,New trans.,0,0,256QAM,163,1,22633,249,12,0,0,Pass,0,QPSK,0,16,1,0,15,30kHz,Re trans.,-,1289,
20260725 15:29:39.279,24.831401,102.840097,8.57,1932,3,1,0.00,0.00,,,,,,,1,SA,460,00,中国移动,4456484,6879514664,1679569,40,Normal,-,1,41,100,100,504990,-,490,513000,513000,30kHz,503172,1099,-,ms20,Connected,SA,-0.6,2,1,-60,84,-58.8,-11.1,10.8,1,Not Barred,6,6312,-28.9,504990,490,-62.1;-65.7;-92.9;-62.8,-,7.5;9.8;255;255,24.3;26.4;255;255,-28.9;-29.1,0;1;7;0;2;4,489;490;490;490;490;491,-64.9;-61.5;-58.4;-58.3;-60.7;-67.6,-15.8;-10.8;-11.5;-11.3;-10.6;-12.4,255;255;255;255;255;255,1;0;0,504990;504990;504990,490;489;491,1;0;4,-,4;1;1,-58.8;-64.6;-68.8,-11.1;-15.1;-13.8,10.8;255;255,4.8,28,0,QPSK,-,100,0,0,0,0.00,0.00,0.00,0.00,0,1,Rank 1,18,112,5,14,-,14,8,20.2,24,20,256QAM,0,SMDL,0,0,36,0.00,0.00,0.00,0.15,Rank 2,4,100,59,-,2 x 2,HandOver,22633,Free,17,FORMAT_0,128,57,Success,22633,1,-,0,-6,-25,-,59,-,1,5,-,-,-,-,-,-,-,-,-,-,-,-,-,Registered,Normal Service,9,269,18,D4A6D4C1,381,8,30kHz,992,-,4,1,-,-,New trans.,0,0,256QAM,160,0,22633,385,11,0,4,Pass,0,QPSK,0,20,1,0,0,30kHz,Re trans.,-,456,
20260725 15:29:40.291,24.831363,102.840059,9.50,1932,3,1,0.00,0.00,,,,,,,1,SA,460,00,中国移动,4456484,6879514664,1679569,40,Normal,-,1,41,100,100,504990,-,490,513000,513000,30kHz,503172,1099,-,ms20,Connected,SA,-0.6,3,1,-60,78,-56.4,-10.9,12.3,1,Not Barred,6,6312,-21.6,504990,490,-60.2;-60.1;-93.6;-57.4,-,10.2;13.3;9.6;7.6,25.5;24.3;255;255,-21.6;-23.3,0;1;6;2;0;4,489;490;490;490;490;491,-61.9;-57.6;-56.1;-55.9;-59.5;-69,-14.6;-10.6;-11.3;-10.5;-12;-13.5,255;255;255;255;255;255,1;0;0,504990;504990;504990,490;489;491,1;0;4,-,4;1;1,-56.4;-62;-68.8,-10.9;-14;-14.9,12.3;255;255,1.3,3,3,QPSK,-,100,0,0,0,0.00,0.00,0.00,0.00,0,2,Rank 1,17,52,3,66,-,66,8,24.8,25,25,256QAM,0,SMDL,0,0,0,0.00,0.00,0.00,0.17,Rank 2,4,92,23,-,2 x 2,HandOver,22633,Free,17,FORMAT_0,128,57,Success,22633,1,-,-3,-12,-25,-,23,-,1,2,-,-,-,-,-,-,-,-,-,-,-,-,-,Registered,Normal Service,9,269,18,D4A6D4C1,502,8,30kHz,896,-,4,1,-,-,New trans.,0,0,256QAM,144,1,22633,497,3,0,0,Pass,1,QPSK,1,16,2,0,15,30kHz,Re trans.,-,237,
20260725 15:29:41.302,24.831321,102.840064,10.19,1932,3,1,0.00,0.00,,,,,,,1,SA,460,00,中国移动,4456484,6879514664,1679569,40,Normal,-,1,41,100,100,504990,-,490,513000,513000,30kHz,503172,1099,-,ms20,Connected,SA,-0.6,3,1,-60,78,-59.3,-11.6,10.9,1,Not Barred,6,6312,-23.5,504990,490,-56.6;-56.6;-106.4;-65.6,-,5.9;0.3;255;255,23.9;28;255;255,-25.9;-23.5,0;1;0;7;2;5,489;490;490;490;490;491,-59.4;-59.1;-59;-61.6;-62.8;-68.8,-12.7;-10.8;-12.5;-12.7;-10.7;-15.1,255;255;255;255;255;255,1;0;0,504990;504990;504990,490;489;491,1;0;5,-,4;1;1,-59.3;-60.7;-69.4,-11.6;-12.7;-14.9,10.9;255;255,1.3,3,3,QPSK,-,100,0,0,0,0.00,0.00,0.00,0.00,0,2,Rank 1,17,52,3,66,-,66,8,20.2,23,21,256QAM,0,SMDL,0,0,38.5,0.00,0.00,0.00,0.08,Rank 2,4,0,23,-,2 x 2,HandOver,22633,Free,17,FORMAT_0,128,57,Success,22633,1,-,-3,-10,-25,-,23,-,1,2,-,-,-,-,-,-,-,-,-,-,-,-,-,Registered,Normal Service,9,269,18,D4A6D4C1,502,8,30kHz,896,-,4,1,-,-,New trans.,0,0,256QAM,144,1,22633,497,3,0,0,Pass,1,QPSK,1,16,2,0,15,30kHz,Re trans.,-,237,
20260725 15:29:42.314,24.831280,102.840103,15.62,1932,3,1,0.00,0.00,,,,,,,1,SA,460,00,中国移动,4456484,6879514664,1679569,40,Normal,-,1,41,100,100,504990,-,490,513000,513000,30kHz,503172,1099,-,ms20,Connected,SA,-0.7,3,1,-60,82,-59,-11.9,8.6,1,Not Barred,6,6312,-26.8,504990,490,-57.6;-63.5;-104.2;-69.5,-,2.9;1.4;255;255,26.5;28.8;255;255,-26.8;-32.4,0;1;0;7;6;5,489;490;490;490;490;491,-60.5;-61.3;-58.2;-59.4;-65.5;-71.1,-14.5;-11.3;-12.2;-12.9;-14.7;-17.8,255;255;255;255;255;255,1;0;0,504990;504990;504990,490;489;491,1;0;5,-,4;1;1,-59;-61.7;-72,-11.9;-13.1;-18.4,8.6;255;255,1.3,3,3,QPSK,-,100,0,0,0,0.00,0.00,0.00,0.00,0,2,Rank 1,17,52,1,14,-,14,8,24.7,25,25,256QAM,0,SMDL,0,0,0,0.00,0.00,0.00,0.00,Rank 2,4,24,13,-,2 x 2,HandOver,22633,Free,17,FORMAT_0,128,57,Success,22633,1,-,-1,-7,-25,-,13,-,1,1,-,-,-,-,-,-,-,-,-,-,-,-,-,Registered,Normal Service,9,269,18,D4A6D4C1,698,18,30kHz,992,-,4,1,-,-,New trans.,0,0,256QAM,148,1,22633,705,11,0,4,Pass,0,QPSK,0,20,1,0,0,30kHz,Re trans.,-,237,
20260725 15:29:43.320,24.831179,102.840203,17.60,1932,3,1,0.00,0.00,,,,,,,1,SA,460,00,中国移动,4456484,6879514664,1679569,40,Normal,-,1,41,100,100,504990,-,490,513000,513000,30kHz,503172,1099,-,ms20,Connected,SA,-0.7,1,1,-60,81,-60.5,-12.6,2.6,7,Not Barred,6,6312,-26.6,504990,490,-58.8;-63.1;-101.6;-70.2,-,4.7;-6.9;255;255,21.5;26.6;255;255,-26.8;-26.6,5;7;0;6;1;4,489;490;490;490;490;491,-60.1;-60;-59.8;-66;-63.8;-124.1,-10.7;-12.6;-12.8;-15.9;-11.9;-34,255;255;255;255;255;255,1;0;0,504990;504990;504990,490;489;491,7;5;4,-,4;1;1,-60.5;-60.2;-124.4,-12.6;-11.5;-34.1,2.6;255;255,1.3,3,3,QPSK,-,100,0,0,0,0.00,0.00,0.00,0.00,0,2,Rank 1,17,52,2,66,-,66,8,24.8,25,25,256QAM,0,SMDL,0,0,0,0.00,0.00,0.00,0.04,Rank 2,4,336,14,-,2 x 2,HandOver,22633,Free,17,FORMAT_0,128,57,Success,22633,1,-,-3,-5,-25,-,14,-,1,1,-,-,-,-,-,-,-,-,-,-,-,-,-,Registered,Normal Service,9,269,18,D4A6D4C1,806,8,30kHz,992,-,4,1,-,-,New trans.,0,0,256QAM,143,1,22633,801,4,0,0,Pass,1,QPSK,1,16,2,0,15,30kHz,Re trans.,-,237,
20260725 15:29:44.325,24.831144,102.840233,16.85,1932,3,1,0.00,0.00,,,,,,,1,SA,460,00,中国移动,4456484,6879514664,1679569,40,Normal,-,1,41,100,100,504990,-,490,513000,513000,30kHz,503172,1099,-,ms20,Connected,SA,-0.7,1,1,-60,85,-64.9,-12.5,4.2,7,Not Barred,6,6312,-28.6,504990,490,-66.1;-63.1;-72.4;-66.1,-,1;0.8;1.8;-9.9,26.2;21.2;21.6;22.9,-28.6;-30.8;-32.1;-32.8,0;7;0;1;3;3,489;490;490;490;490;491,-66;-64.9;-64.4;-67;-70.3;-77.9,-14.4;-13.6;-12.6;-11.4;-12.6;-19.1,255;255;255;255;255;255,1;0;0,504990;504990;504990,490;489;491,7;0;3,-,4;1;1,-64.9;-65.3;-77.9,-12.5;-12;-19.1,4.2;255;255,1.4,7,0,QPSK,-,90.9,9.1,0,0,0.00,0.00,0.00,0.00,0,2,Rank 3,16,180,8,106,-,106,12,24.6,25,25,256QAM,0,SMDL,0,0,0,0.00,0.00,0.00,0.63,Rank 2,4,188,76,-,4 x 4,HandOver,22633,Free,17,FORMAT_0,128,57,Success,22633,1,-,2,-5,-25,-,76,-,1,8,-,-,-,-,-,-,-,-,-,-,-,-,-,Registered,Normal Service,9,269,18,D4A6D4C1,904,8,30kHz,944,-,4,1,-,-,New trans.,0,0,256QAM,144,1,22633,899,3,0,0,Pass,0,QPSK,2,16,2,0,15,30kHz,Re trans.,-,1066,
20260725 15:29:45.336,24.831228,102.840119,21.96,1932,3,1,0.00,0.00,,,,,,,1,SA,460,00,中国移动,4456484,6879514664,1679569,40,Normal,-,1,41,100,100,504990,-,490,513000,513000,30kHz,503172,1099,-,ms20,Connected,SA,-0.7,0,1,-60,84,-64.3,-12.4,10.9,7,Not Barred,6,6312,-23.3,504990,490,-59.5;-61.2;-67.7;-58.1,-,5.7;0.5;-6.1;-2.4,23;21.2;29.5;23,-28.4;-23.3;-34.6;-27,5;7;0;6;2;3,489;490;490;490;490;491,-63.1;-63.4;-64.3;-69.4;-72.1;-129.5,-10.5;-12.8;-12.2;-15.7;-13;-33.8,255;255;255;255;255;255,1;0;0,504990;504990;504990,490;489;491,7;5;3,-,4;1;1,-64.3;-63.3;-129.5,-12.4;-11.3;-33.8,10.9;255;255,1.4,7,0,QPSK,-,90.9,9.1,0,0,0.00,0.00,0.00,0.00,0,2,Rank 3,16,180,4,69,-,69,12,22.7,25,22,256QAM,0,SMDL,0,0,0,0.00,0.00,0.00,0.35,Rank 2,4,112,63,-,4 x 4,HandOver,22633,Free,17,FORMAT_0,128,57,Success,22633,1,-,6,-5,-25,-,63,-,1,4,-,-,-,-,-,-,-,-,-,-,-,-,-,Registered,Normal Service,9,269,18,D4A6D4C1,996,18,30kHz,992,-,4,1,-,-,New trans.,0,0,256QAM,100,1,22633,991,12,0,0,Pass,0,QPSK,0,16,1,0,15,30kHz,Re trans.,-,1066,
20260725 15:29:46.347,24.831188,102.840133,16.67,1932,3,1,0.00,0.00,,,,,,,1,SA,460,00,中国移动,4456484,6879514664,1679569,40,Normal,-,1,41,100,100,504990,-,489,513000,513000,30kHz,503172,1099,-,ms20,Connected,SA,-0.7,-3,0,-60,85,-62.4,-10.7,20,5,Not Barred,6,6312,-28.6,504990,489,-72.5;-62.8;-97.5;-67.2,-,10.9;13.7;13.9;9.9,26.5;28.3;16.3;30.2,-32.6;-32.3;-61.6;-28.6,5;6;4;0;7,489;489;489;489;490,-61.5;-63.2;-63.2;-64.9;-66.7,-10.4;-10.6;-10.6;-12;-13.4,255;255;255;255;255,1;0,504990;504990,489;490,5;7,-,4;1,-62.4;-68,-10.7;-14,20;255,0.6,2,0,QPSK,-,100,0,0,0,0.00,0.00,0.00,0.00,0,4,Rank 2,16,80,9,69,-,69,12,22.7,25,22,256QAM,0,SMDL,0,0,0,0.00,0.00,0.00,0.19,Rank 2,4,112,28,-,4 x 4,HandOver,21160,Free,17,FORMAT_0,304,57,Success,21160,1,-,3,-8,-13,-,28,-,1,8,-,-,-,-,-,-,-,-,-,-,-,-,-,Registered,Normal Service,9,269,18,D4A6D4C1,85,9,30kHz,992,-,4,1,-,-,New trans.,0,0,256QAM,28,0,21160,80,4,0,0,Pass,1,QPSK,0,16,1,0,15,30kHz,Re trans.,-,436,
20260725 15:29:47.360,24.831146,102.840139,16.60,1932,3,1,0.00,0.00,,,,,,,1,SA,460,00,中国移动,4456484,6879514664,1679569,40,Normal,-,1,41,100,100,504990,-,489,513000,513000,30kHz,503172,1099,-,ms20,Connected,SA,-0.7,-2,0,-60,86,-64.1,-10.9,20.7,5,Not Barred,6,6312,-25.1,504990,489,-67.5;-60.7;-105.7;-64.8,-,14.8;21.8;10.5;12.3,27.4;27.1;16.8;30.1,-29.8;-26.1;-65.1;-25.1,5;4;6;7;6,489;489;489;489;490,-64.8;-64.4;-65;-65.6;-71.2,-10.5;-10.6;-11.1;-12.1;-14.5,255;255;255;255;255,1;0,504990;504990,489;490,5;6,-,4;1,-64.1;-71.4,-10.9;-13.8,20.7;255,0.6,2,0,QPSK,-,100,0,0,0,0.00,0.00,0.01,0.01,12.5,4,Rank 1,16,80,9,269,-,269,8,24.4,25,25,256QAM,0,SMDL,0,0,0,0.00,0.00,0.00,0.26,Rank 2,4,48,28,-,4 x 4,HandOver,21160,Free,17,FORMAT_0,304,57,Success,21160,1,-,1,-5,-13,-,28,-,1,8,-,-,-,-,-,-,-,-,-,-,-,-,-,Registered,Normal Service,9,269,18,D4A6D4C1,111,8,30kHz,944,-,4,1,-,-,New trans.,0,0,256QAM,76,1,21160,138,15,0,2,Pass,0,QPSK,2,48,1,0,0,30kHz,Re trans.,-,436,
20260725 15:29:48.371,24.831099,102.840151,19.80,1932,3,1,0.00,0.00,,,,,,,1,SA,460,00,中国移动,4456484,6879514664,1679569,40,Normal,-,1,41,100,100,504990,-,489,513000,513000,30kHz,503172,1099,-,ms20,Connected,SA,-0.7,-1,0,-60,77,-57.3,-10.4,22.6,5,Not Barred,6,6312,-22.4,504990,489,-59.9;-56.6;-89.8;-63.8,-,14.3;23;255;255,36;37.2;255;255,-22.4;-24.4,5;4;3;0;7,489;489;489;489;490,-56.1;-57.1;-66.3;-64.7;-70.5,-10.4;-10.4;-10.7;-11.5;-16,255;255;255;255;255,1;0,504990;504990,489;490,5;7,-,4;1,-57.3;-71.3,-10.4;-16.9,22.6;255,2.6,28,0,QPSK,-,100,0,0,0,0.00,0.00,0.01,0.01,12.5,1,Rank 1,23,420,10,69,-,69,8,25.3,31,25,256QAM,0,SMDL,0,0,0,0.00,0.00,0.00,0.09,Rank 2,4,52,35,-,2 x 2,HandOver,21160,Free,17,FORMAT_0,304,57,Success,21160,1,-,-8,-13,-13,-,35,-,2,8,-,-,-,-,-,-,-,-,-,-,-,-,-,Registered,Normal Service,9,269,18,D4A6D4C1,277,8,30kHz,992,-,4,1,-,-,New trans.,0,0,256QAM,40,0,21160,272,3,0,0,Pass,0,QPSK,0,16,1,0,15,30kHz,Re trans.,-,2572,
20260725 15:29:49.385,24.831064,102.840172,15.73,1932,3,1,0.00,0.00,,,,,,,1,SA,460,00,中国移动,4456484,6879514665,1679569,41,Normal,-,1,41,100,100,504990,-,489,513000,513000,30kHz,503172,1099,-,ms20,Connected,SA,-0.7,1,0,-60,83,-60.3,-10.5,23.5,5,Not Barred,6,6312,-24.3,504990,489,-58.9;-58.1;-98.1;-70.6,-,11;28;255;255,28.1;33.2;255;255,-24.3;-25.4,5;4;0;1;0,489;489;489;489;490,-60.3;-58.9;-63;-63.2;-69.8,-10.4;-10.4;-11;-10.5;-17.3,255;255;255;255;255,1;0,504990;504990,489;490,5;0,-,4;1,-60.3;-69.3,-10.5;-14.2,23.5;255,2.6,28,0,QPSK,-,100,0,0,0,0.00,0.00,0.00,0.00,0,1,Rank 1,23,420,1,14,-,14,8,25,25,25,256QAM,0,SMDL,0,0,0,0.00,0.00,0.00,0.10,Rank 2,4,4,13,-,2 x 2,HandOver,21160,Free,17,FORMAT_0,304,57,Success,21160,1,-,-4,-9,-13,-,13,-,2,1,-,-,-,-,-,-,-,-,-,-,-,-,-,Registered,Normal Service,9,269,18,D4A6D4C1,382,18,30kHz,992,-,4,1,-,-,New trans.,0,0,256QAM,76,0,21160,385,15,0,4,Pass,0,QPSK,0,20,1,0,0,30kHz,Re trans.,-,2572,
20260725 15:29:50.399,24.831038,102.840194,13.07,1932,3,1,0.00,0.00,,,,,,,1,SA,460,00,中国移动,4456484,6879514665,1679569,41,Normal,-,1,41,100,100,504990,-,489,513000,513000,30kHz,503172,1099,-,ms20,Connected,SA,-0.7,1,0,-60,78,-56.1,-10.4,26.6,5,Not Barred,6,6312,-20.5,504990,489,-59.3;-58.2;-91.2;-70.8,-,21.8;26.6;255;255,36.1;35.7;255;255,-20.8;-20.5,5;0;4;3;7;1,489;489;489;489;490;829,-56.2;-56.1;-56.8;-63;-68.6;-76.9,-10.4;-10.4;-10.5;-10.6;-13;-19.9,255;255;255;255;255;255,1;0;0,504990;504990;504990,489;490;829,5;7;1,-,4;1;1,-56.1;-68.7;-76.9,-10.4;-13.2;-19.9,26.6;255;255,0.3,1,0,QPSK,-,100,0,0,0,0.00,0.00,0.00,0.00,0,2,Rank 1,17,52,2,66,-,66,8,24.8,25,25,256QAM,0,SMDL,0,0,0,0.00,0.00,0.00,0.01,Rank 2,4,52,14,-,2 x 2,HandOver,21160,Free,17,FORMAT_0,304,57,Success,21160,1,-,-14,-13,-13,-,14,-,1,1,-,-,-,-,-,-,-,-,-,-,-,-,-,Registered,Normal Service,9,269,18,D4A6D4C1,497,18,30kHz,992,-,4,1,-,-,New trans.,0,0,256QAM,63,1,21160,497,3,0,0,Pass,0,QPSK,1,16,2,0,15,30kHz,Re trans.,-,122,
20260725 15:29:51.410,24.831012,102.840229,16.85,1932,3,1,0.00,0.00,,,,,,,1,SA,460,00,中国移动,4456484,6879514665,1679569,41,Normal,-,1,41,100,100,504990,-,489,513000,513000,30kHz,503172,1099,-,ms20,Connected,SA,-0.7,0,0,-60,82,-60.4,-10.5,22.7,5,Not Barred,6,6312,-21.4,504990,489,-58.2;-61.5;-94.7;-63.3,-,23;20.5;255;255,33.4;33.1;255;255,-21.8;-21.4,5;4;3;0;7;1,489;489;489;489;490;829,-60.1;-58.3;-61.6;-64.2;-72.1;-84.7,-10.5;-10.5;-10.5;-10.8;-18.4;-23,255;255;255;255;255;255,1;0;0,504990;504990;504990,489;490;829,5;7;1,-,4;1;1,-60.4;-72.6;-84.7,-10.5;-18.6;-23,22.7;255;255,0.3,1,0,QPSK,-,100,0,0,0,0.00,0.00,0.00,0.00,0,2,Rank 1,17,52,2,69,-,69,8,24.7,25,25,256QAM,0,SMDL,0,0,0,0.00,0.00,0.00,0.10,Rank 2,4,52,18,-,2 x 2,HandOver,21160,Free,17,FORMAT_0,304,57,Success,21160,1,-,-11,-7,-13,-,18,-,1,2,-,-,-,-,-,-,-,-,-,-,-,-,-,Registered,Normal Service,9,269,18,D4A6D4C1,599,19,30kHz,896,-,4,1,-,-,New trans.,0,0,256QAM,36,1,21160,593,3,0,0,Pass,1,QPSK,0,16,1,0,15,30kHz,Re trans.,-,122,
20260725 15:29:52.424,24.830992,102.840266,16.78,1932,3,1,0.00,0.00,,,,,,,1,SA,460,00,中国移动,4456484,6879514665,1679569,41,Normal,-,1,41,100,100,504990,-,489,513000,513000,30kHz,503172,1099,-,ms20,Connected,SA,-0.7,0,0,-60,73,-51,-10.4,31.9,5,Not Barred,6,6312,-13.1,504990,489,-51.7;-47.8;-84.1;-57,-,28.7;31.2;255;255,33.1;32.7;255;255,-16.8;-13.1,5;4;0;6;7;1,489;489;489;489;490;829,-50.4;-51.1;-51.6;-57.6;-70.3;-79.2,-10.4;-10.3;-10.4;-10.4;-18.9;-21.1,255;255;255;255;255;255,1;0;0,504990;504990;504990,489;490;829,5;7;1,-,4;1;1,-51;-70.6;-79.2,-10.4;-19;-21.1,31.9;255;255,0.3,1,0,QPSK,-,100,0,0,0,0.00,0.00,0.00,0.00,0,2,Rank 1,17,52,2,69,-,69,8,23.9,31,24,256QAM,0,SMDL,0,0,0,0.00,0.00,0.00,0.10,Rank 2,4,176,18,-,2 x 2,HandOver,21160,Free,17,FORMAT_0,304,57,Success,21160,1,-,-13,-18,-13,-,18,-,1,2,-,-,-,-,-,-,-,-,-,-,-,-,-,Registered,Normal Service,9,269,18,D4A6D4C1,682,8,30kHz,896,-,4,1,-,-,New trans.,0,0,256QAM,64,1,21160,677,3,0,0,Pass,1,QPSK,0,16,1,0,15,30kHz,Re trans.,-,122,
20260725 15:29:53.435,24.830969,102.840306,18.04,1932,3,1,0.00,0.00,,,,,,,1,SA,460,00,中国移动,4456484,6879514665,1679569,41,Normal,-,1,41,100,100,504990,-,489,513000,513000,30kHz,503172,1099,-,ms20,Connected,SA,-0.7,1,0,-60,76,-50,-10.4,26.8,5,Not Barred,6,6312,-18.5,504990,489,-54.8;-53.7;-89.3;-62.8,-,28.3;31.3;255;255,26.7;27.5;255;255,-19.4;-18.5,5;0;4;3;7;1,489;489;489;489;490;829,-53.8;-48.7;-55.5;-62.5;-73.7;-80.5,-10.3;-10.4;-10.4;-10.5;-17.3;-20.1,255;255;255;255;255;255,1;0;0,504990;504990;504990,489;490;829,5;7;1,-,4;1;1,-50;-73.8;-80.5,-10.4;-17.3;-20.1,26.8;255;255,3.1,11,1,QPSK,-,71.4,14.3,14.3,0,0.00,0.00,0.00,0.00,0,1,Rank 1,16,112,6,34,-,34,8,23.7,25,25,256QAM,0,SMDL,0,0,2.8,0.00,0.00,0.02,0.31,Rank 2,4,144,38,-,2 x 2,HandOver,21160,Free,17,FORMAT_0,304,57,Success,21160,1,-,-6,-14,-13,-,38,-,1,6,-,-,-,-,-,-,-,-,-,-,-,-,-,Registered,Normal Service,9,269,18,D4A6D4C1,784,8,30kHz,992,-,4,1,-,-,New trans.,0,0,256QAM,12,1,21160,779,3,0,0,Pass,1,QPSK,1,16,1,0,15,30kHz,Re trans.,-,682,
20260725 15:29:54.448,24.830955,102.840356,19.84,1932,3,1,0.00,0.00,,,,,,,1,SA,460,00,中国移动,4456484,6879514665,1679569,41,Normal,-,1,41,100,100,504990,-,489,513000,513000,30kHz,503172,1099,-,ms20,Connected,SA,-0.7,0,0,-60,83,-58.6,-10.4,21.2,5,Not Barred,6,6312,-22.4,504990,489,-67.2;-69.1;-97;-65.4,-,20.7;26.6;255;255,31.6;30.5;255;255,-33.9;-22.4,5;0;4;3;7;1;1,489;489;489;489;490;829;127,-61.4;-57.6;-61.1;-66.7;-78.7;-104.6;-84.1,-10.4;-10.4;-10.4;-10.5;-14.6;-25.2;-15.2,255;255;255;255;255;255;255,1;0;0;0,504990;504990;504990;504990,489;490;127;829,5;7;1;1,-,4;1;1;1,-58.6;-79.1;-84.1;-104.6,-10.4;-14.4;-15.2;-25.2,21.2;255;255;255,1,1,1,QPSK,-,100,0,0,0,0.00,0.00,0.00,0.00,0,1,Rank 1,16,64,3,34,-,34,8,24.5,25,25,256QAM,0,SMDL,0,0,0,0.00,0.00,0.02,0.25,Rank 2,4,212,37,-,2 x 2,HandOver,21160,Free,17,FORMAT_0,304,57,Success,21160,1,-,-2,-2,-13,-,37,-,1,3,-,-,-,-,-,-,-,-,-,-,-,-,-,Registered,Normal Service,9,269,18,D4A6D4C1,886,8,30kHz,992,-,4,1,-,-,New trans.,0,0,256QAM,64,1,21160,881,3,0,0,Pass,0,QPSK,1,16,1,0,15,30kHz,Re trans.,-,136,
20260725 15:29:55.460,24.830951,102.840410,20.63,1932,3,1,0.00,0.00,,,,,,,1,SA,460,00,中国移动,4456484,6879514665,1679569,41,Normal,-,1,41,100,100,504990,-,489,513000,513000,30kHz,503172,1099,-,ms20,Connected,SA,-0.7,-1,0,-60,85,-62.3,-10.4,21.7,5,Not Barred,6,6312,-21.8,504990,489,-66.2;-61.8;-99.2;-66.7,-,17.4;24.9;255;255,30;29.5;255;255,-34.8;-21.8,5;4;6;3;7;1;1,489;489;489;489;490;829;127,-61.3;-62.1;-64.5;-68.6;-77.2;-84.6;-108.8,-10.4;-10.3;-10.5;-10.5;-16.5;-18.7;-28.6,255;255;255;255;255;255;255,1;0;0;0,504990;504990;504990;504990,489;490;829;127,5;7;1;1,-,4;1;1;1,-62.3;-77.3;-84.6;-108.8,-10.4;-16.5;-18.7;-28.6,21.7;255;255;255,1.8,5,1,QPSK,-,83.3,16.7,0,0,0.00,0.00,0.00,0.00,0,2,Rank 1,16,96,6,157,-,157,8,24.7,25,25,256QAM,0,SMDL,0,0,0,0.00,0.00,0.00,0.39,Rank 2,4,88,52,-,2 x 2,HandOver,21160,Free,17,FORMAT_0,304,57,Success,21160,1,-,0,-3,-13,-,52,-,1,6,-,-,-,-,-,-,-,-,-,-,-,-,-,Registered,Normal Service,9,269,18,D4A6D4C1,972,18,30kHz,944,-,4,1,-,-,New trans.,0,0,256QAM,36,1,21160,956,2,0,0,Pass,0,QPSK,3,16,2,0,15,30kHz,Re trans.,-,414,
20260725 15:29:56.473,24.830954,102.840465,20.70,1933,3,1,0.00,0.00,,,,,,,1,SA,460,00,中国移动,4456484,6879514665,1679569,41,Normal,-,1,41,100,100,504990,-,489,513000,513000,30kHz,503172,1099,-,ms20,Connected,SA,-0.7,-1,0,-60,85,-62.9,-10.5,21.8,5,Not Barred,6,6312,-24.6,504990,489,-68.4;-70.3;-103;-64.7,-,11;19.1;10.1;27.5,29.4;30.2;255;255,-29.1;-24.6,5;4;6;3;7;0,489;489;489;489;490;829,-62;-63;-64;-67.1;-77.3;-77.5,-10.4;-10.4;-10.5;-10.4;-16.2;-17.9,255;255;255;255;255;255,1;0;0,504990;504990;504990,489;490;829,5;7;0,-,4;1;1,-62.9;-77.8;-78.4,-10.5;-16.4;-17.9,21.8;255;255,1.8,5,1,QPSK,-,83.3,16.7,0,0,0.00,0.00,0.00,0.00,0,2,Rank 1,16,96,3,42,-,42,8,24.6,25,25,256QAM,0,SMDL,0,0,0,0.00,0.00,0.00,0.16,Rank 2,4,144,35,-,2 x 2,HandOver,21160,Free,17,FORMAT_0,304,57,Success,21160,1,-,2,-2,-13,-,35,-,1,2,-,-,-,-,-,-,-,-,-,-,-,-,-,Registered,Normal Service,9,269,18,D4A6D4C1,64,8,30kHz,992,-,4,1,-,-,New trans.,0,0,256QAM,84,1,21160,59,3,0,0,Pass,1,QPSK,0,16,2,0,15,30kHz,Re trans.,-,414,
20260725 15:29:57.478,24.830956,102.840522,21.20,1933,3,1,0.00,0.00,,,,,,,1,SA,460,00,中国移动,4456484,6879514665,1679569,41,Normal,-,1,41,100,100,504990,-,489,513000,513000,30kHz,503172,1099,-,ms20,Connected,SA,-0.7,-1,0,-60,85,-61.9,-10.5,27.6,5,Not Barred,6,6312,-24,504990,489,-63.6;-55.3;-98.5;-63.8,-,19.9;28.4;22.3;20.5,28.2;31.5;255;255,-24;-24.4,5;4;6;0;7;1,489;489;489;489;490;829,-60.4;-64.2;-64.4;-66.9;-75;-81.6,-10.4;-10.4;-10.6;-10.6;-13.6;-17.5,255;255;255;255;255;255,1;0;0,504990;504990;504990,489;490;829,5;7;1,-,4;1;1,-61.9;-74.6;-79.4,-10.5;-15.6;-17.8,27.6;255;255,0,0,0,QPSK,-,100,0,0,0,0.00,0.00,0.00,0.00,0,1,Rank 1,18,92,2,69,-,69,8,24.8,25,25,256QAM,0,SMDL,0,0,0,0.00,0.00,0.00,0.27,Rank 2,4,72,24,-,2 x 2,HandOver,21160,Free,17,FORMAT_0,304,57,Success,21160,1,-,2,-5,-13,-,24,-,1,2,-,-,-,-,-,-,-,-,-,-,-,-,-,Registered,Normal Service,9,269,18,D4A6D4C1,166,8,30kHz,992,-,4,1,-,-,New trans.,0,0,256QAM,40,1,21160,161,3,0,0,Pass,0,QPSK,0,16,1,0,15,30kHz,Re trans.,-,340,
20260725 15:29:58.489,24.830961,102.840579,20.99,1933,3,1,0.00,0.00,,,,,,,1,SA,460,00,中国移动,4456484,6879514665,1679569,41,Normal,-,1,41,100,100,504990,-,489,513000,513000,30kHz,503172,1099,-,ms20,Connected,SA,-0.7,-2,0,-60,86,-64.2,-10.5,25.5,5,Not Barred,6,6312,-27.6,504990,489,-64.1;-62.6;-100.7;-67.5,-,11.5;22.6;255;255,25.9;27.5;255;255,-34.3;-27.6,5;4;0;6;7;1,489;489;489;489;490;829,-63.5;-65.3;-68.4;-67.3;-77;-82,-10.4;-10.4;-10.8;-10.7;-16.9;-15.6,255;255;255;255;255;255,1;0;0,504990;504990;504990,489;490;829,5;7;1,-,4;1;1,-64.2;-77.9;-80.5,-10.5;-16.9;-16.2,25.5;255;255,0,0,0,QPSK,-,100,0,0,0,0.00,0.00,0.00,0.00,0,1,Rank 1,18,92,4,42,-,42,8,24.6,25,25,256QAM,0,SMDL,0,0,0,0.00,0.00,0.00,0.13,Rank 2,4,216,69,-,2 x 2,HandOver,21160,Free,17,FORMAT_0,304,57,Success,21160,1,-,3,0,-13,-,69,-,1,4,-,-,-,-,-,-,-,-,-,-,-,-,-,Registered,Normal Service,9,269,18,D4A6D4C1,276,18,30kHz,944,-,4,1,-,-,New trans.,0,0,256QAM,40,1,21160,231,4,0,0,Pass,1,QPSK,0,16,2,0,15,30kHz,Re trans.,-,340,
20260725 15:29:59.501,24.830970,102.840638,21.53,1933,3,1,0.00,0.00,,,,,,,1,SA,460,00,中国移动,4456484,6879514665,1679569,41,Normal,-,1,41,100,100,504990,-,489,513000,513000,30kHz,503172,1099,-,ms20,Connected,SA,-0.7,-2,0,-60,86,-64.1,-10.5,19.7,5,Not Barred,6,6312,-30.8,504990,489,-67.4;-64.1;-106;-78.4,-,16.2;21.9;255;255,26.1;24.2;255;255,-32.5;-30.8,5;6;4;7;7;1,489;489;489;489;490;829,-64;-62.6;-67.8;-67.7;-74.8;-79.7,-10.5;-10.4;-10.5;-11;-17.2;-17.8,255;255;255;255;255;255,1;0;0,504990;504990;504990,489;490;829,5;7;1,-,4;1;1,-64.1;-75.3;-79,-10.5;-17.1;-16.4,19.7;255;255,0,0,0,QPSK,-,100,0,0,0,0.00,0.00,0.00,0.00,0,1,Rank 1,18,92,4,42,-,42,8,24,24,24,256QAM,0,SMDL,0,0,0,0.00,0.00,0.00,0.40,Rank 2,4,4,69,-,2 x 2,HandOver,21160,Free,17,FORMAT_0,304,57,Success,21160,1,-,3,0,-13,-,69,-,1,4,-,-,-,-,-,-,-,-,-,-,-,-,-,Registered,Normal Service,9,269,18,D4A6D4C1,276,18,30kHz,944,-,4,1,-,-,New trans.,0,0,256QAM,40,1,21160,231,4,0,0,Pass,1,QPSK,0,16,2,0,15,30kHz,Re trans.,-,340,
20260725 15:30:00.508,24.830980,102.840696,21.46,1934,3,1,0.00,0.00,,,,,,,1,SA,460,00,中国移动,4456484,6879514665,1679569,41,Normal,-,1,41,100,100,504990,-,489,513000,513000,30kHz,503172,1099,-,ms20,Connected,SA,-0.7,-2,0,-60,90,-66.5,-10.7,14.6,5,Not Barred,6,6312,-28.4,504990,489,-67.3;-67.5;-107.1;-66.6,-,20.7;12.9;255;255,25.9;25.3;255;255,-31.8;-28.4,5;6;7;0;7;0;4,489;489;489;489;490;829;945,-66.8;-65.6;-68.8;-72.3;-78.4;-80.2;-89.1,-10.5;-10.5;-11.1;-11.3;-17.5;-17.7;-19.6,255;255;255;255;255;255;255,1;0;0;0,504990;504990;504990;504990,489;490;829;945,5;7;0;4,-,4;1;1;1,-66.5;-77;-80.7;-89.1,-10.7;-17.1;-17.7;-19.6,14.6;255;255;255,0.8,3,0,QPSK,-,100,0,0,0,0.00,0.00,0.00,0.00,0,1,Rank 1,16,64,0,42,-,42,8,24.8,25,25,256QAM,0,SMDL,0,0,0,0.00,0.00,0.00,0.01,Rank 2,4,140,4,-,2 x 2,HandOver,21160,Free,17,FORMAT_0,304,57,Success,21160,1,-,5,1,-13,-,4,-,1,4,-,-,-,-,-,-,-,-,-,-,-,-,-,Registered,Normal Service,9,269,18,D4A6D4C1,476,8,30kHz,992,-,4,1,-,-,New trans.,0,0,256QAM,40,1,21160,471,3,0,0,Pass,1,QPSK,0,16,2,0,15,30kHz,Re trans.,-,337,
20260725 15:30:01.520,24.830987,102.840755,21.96,1934,3,1,0.00,0.00,,,,,,,1,SA,460,00,中国移动,4456484,6879514665,1679569,41,Normal,-,1,41,100,100,504990,-,489,513000,513000,30kHz,503172,1099,-,ms20,Connected,SA,-0.7,-2,0,-60,90,-64,-10.8,24.6,5,Not Barred,6,6312,-25,504990,489,-70;-59.4;-104.2;-69.4,-,4.3;11;7.1;8.9,23.5;17.9;255;255,-34.1;-25,5;6;7;0;7;1;0;3,489;489;489;489;490;829;945;843,-64;-62.8;-67.3;-73;-71.1;-76.8;-79.4;-85.7,-10.6;-10.5;-11.7;-12.1;-15.3;-14.1;-21.7;-21.8,255;255;255;255;255;255;255;255,1;0;0;0;0,504990;504990;504990;504990;504990,489;490;829;945;843,5;7;1;0;3,-,4;1;1;1;1,-64;-71.1;-76.8;-81.4;-86,-10.8;-15.3;-14.4;-20.6;-21.6,24.6;255;255;255;255,0.8,3,0,QPSK,-,100,0,0,0,0.00,0.00,0.00,0.00,0,1,Rank 1,16,64,4,42,-,42,8,24.9,25,25,256QAM,0,SMDL,0,0,0,0.00,0.00,0.00,0.26,Rank 2,4,28,41,-,2 x 2,HandOver,21160,Free,17,FORMAT_0,304,57,Success,21160,1,-,5,0,-13,-,41,-,1,4,-,-,-,-,-,-,-,-,-,-,-,-,-,Registered,Normal Service,9,269,18,D4A6D4C1,528,18,30kHz,944,-,4,1,-,-,New trans.,0,0,256QAM,40,1,21160,471,3,0,0,Pass,1,QPSK,0,16,2,0,15,30kHz,Re trans.,-,337,
20260725 15:30:02.532,24.830987,102.840755,21.96,1934,3,1,0.00,0.00,,,,,,,1,SA,460,00,中国移动,4456484,6879514665,1679569,41,Normal,-,1,41,100,100,504990,-,489,513000,513000,30kHz,503172,1099,-,ms20,Connected,SA,-0.7,-2,0,-60,90,-63,-10.8,12.1,6,Not Barred,6,6312,-32.4,504990,489,-74.5;-73;-92.3;-63.2,-,10.5;12.1;255;255,24.1;20.2;255;255,-38.5;-32.4,6;7;5;1;7;0;2;2,489;489;489;489;490;829;945;843,-62.9;-62.5;-66.1;-72.4;-70.6;-74.4;-85.9;-117.4,-10.4;-11.1;-10.6;-12;-17.7;-13.6;-20.9;-30.8,255;255;255;255;255;255;255;255,1;0;0;0;0,504990;504990;504990;504990;504990,489;490;829;945;843,6;7;0;2;2,-,4;1;1;1;1,-63;-70.6;-73.7;-85.5;-116.9,-10.8;-17.7;-13.4;-21.1;-30.8,12.1;255;255;255;255,0.8,3,0,QPSK,-,100,0,0,0,0.00,0.00,0.00,0.00,0,1,Rank 1,16,64,4,42,-,42,8,24.9,25,25,256QAM,0,SMDL,0,0,0,0.00,0.00,0.00,0.05,Rank 2,4,0,41,-,2 x 2,HandOver,21160,Free,17,FORMAT_0,304,57,Success,21160,1,-,5,7,-13,-,41,-,1,4,-,-,-,-,-,-,-,-,-,-,-,-,-,Registered,Normal Service,9,269,18,D4A6D4C1,528,18,30kHz,944,-,4,1,-,-,New trans.,0,0,256QAM,40,1,21160,471,3,0,0,Pass,1,QPSK,0,16,2,0,15,30kHz,Re trans.,-,337,
20260725 15:30:03.543,24.831004,102.840875,22.64,1934,3,1,0.00,0.00,,,,,,,1,SA,460,00,中国移动,4456484,6879514665,1679569,41,Normal,-,1,41,100,100,504990,-,489,513000,513000,30kHz,503172,1099,-,ms20,Connected,SA,-0.7,-1,0,-60,87,-63.7,-10.7,18.6,6,Not Barred,6,6312,-29.6,504990,489,-63.8;-67;-108.2;-59.6,-,18.6;15.9;255;255,29.1;19;255;255,-29.6;-31.6,6;7;5;1;7;0;3,489;489;489;489;490;829;945,-62.8;-63.7;-65.6;-72.1;-74.7;-72.6;-84.6,-10.4;-10.9;-10.5;-13;-18.7;-11.7;-21.2,255;255;255;255;255;255;255,1;0;0;0,504990;504990;504990;504990,489;829;490;945,6;0;7;3,-,4;1;1;1,-63.7;-72.7;-74;-86,-10.7;-12.1;-18.4;-21.4,18.6;255;255;255,0,0,0,QPSK,-,100,0,0,0,0.00,0.00,0.00,0.00,0,1,Rank 1,16,64,4,42,-,42,8,24.9,31,25,256QAM,0,SMDL,0,0,0,0.00,0.00,0.00,0.00,Rank 2,4,152,41,-,2 x 2,HandOver,21160,Free,17,FORMAT_0,304,57,Success,21160,1,-,6,0,-13,-,41,-,1,4,-,-,-,-,-,-,-,-,-,-,-,-,-,Registered,Normal Service,9,269,18,D4A6D4C1,763,19,30kHz,992,-,4,1,-,-,New trans.,0,0,256QAM,59,2,21160,758,4,0,0,Pass,1,QPSK,0,16,2,0,15,30kHz,Re trans.,-,222,
20260725 15:30:04.554,24.831016,102.840935,22.64,1935,3,1,0.00,0.00,,,,,,,1,SA,460,00,中国移动,4456484,6879514665,1679569,41,Normal,-,1,41,100,100,504990,-,489,513000,513000,30kHz,503172,1099,-,ms20,Connected,SA,-0.7,-1,0,-60,88,-66.6,-11,20.7,6,Not Barred,6,6312,-33.1,504990,489,-70;-65.5;-109.2;-69.1,-,24.8;21.2;255;255,18.3;14.1;255;255,-33.1;-33.6,6;7;5;1;7;1;3,489;489;489;489;490;829;945,-66;-65.8;-69.6;-74;-71.3;-77.2;-88.1,-10.5;-11.5;-10.9;-12.1;-13.2;-12.4;-21.9,255;255;255;255;255;255;255,1;0;0;0,504990;504990;504990;504990,489;490;829;945,6;7;1;3,-,4;1;1;1,-66.6;-71.1;-77.7;-87.8,-11;-13;-13.2;-21.8,20.7;255;255;255,0,0,0,QPSK,-,100,0,0,0,0.00,0.00,0.00,0.00,0,2,Rank 1,16,80,4,42,-,42,8,24.1,25,25,256QAM,0,SMDL,0,0,0,0.00,0.00,0.00,0.28,Rank 2,4,144,40,-,2 x 2,HandOver,21160,Free,17,FORMAT_0,304,57,Success,21160,1,-,6,1,-13,-,40,-,1,4,-,-,-,-,-,-,-,-,-,-,-,-,-,Registered,Normal Service,9,269,18,D4A6D4C1,866,19,30kHz,848,-,4,1,-,-,New trans.,0,0,256QAM,36,1,21160,861,3,0,0,Pass,0,QPSK,0,16,2,0,15,30kHz,Re trans.,-,264,
20260725 15:30:05.562,24.831016,102.840996,22.50,1935,3,1,0.00,0.00,,,,,,,1,SA,460,00,中国移动,4456484,6879514665,1679569,41,Normal,-,1,41,100,100,504990,-,489,513000,513000,30kHz,503172,1099,-,ms20,Connected,SA,-0.7,-2,0,-60,95,-70.3,-11.2,14.4,6,Not Barred,6,6312,-35.5,504990,489,-72.1;-73.9;-104.8;-66,-,9.3;10.5;255;255,20.5;16.7;255;255,-35.5;-39.1,6;7;5;1;7;1;3;2;5;7,489;489;489;489;490;829;945;943;743;663,-70.1;-69.4;-76.4;-79.5;-74.4;-80.1;-93.3;-95.8;-82.2;-92.6,-10.6;-11.7;-12.3;-13.7;-15.1;-13;-20.8;-18.3;-15.9;-24.9,255;255;255;255;255;255;255;255;255;255,1;0;0;0;0;0;0,504990;504990;504990;504990;504990;504990;504990,489;490;829;743;663;945;943,6;7;1;5;7;3;2,-,4;1;1;1;1;1;1,-70.3;-74.4;-80.1;-82.2;-92.6;-93.3;-95.8,-11.2;-15.1;-12.8;-15.9;-24.9;-20.8;-18.5,14.4;255;255;255;255;255;255,0,0,0,QPSK,-,100,0,0,0,0.00,0.00,0.00,0.00,0,1,Rank 1,16,84,3,69,-,69,8,24.8,25,25,256QAM,0,SMDL,0,0,0,0.00,0.00,0.01,0.26,Rank 2,4,92,35,-,2 x 2,HandOver,21160,Free,17,FORMAT_0,304,57,Success,21160,1,-,8,9,-13,-,35,-,1,3,-,-,-,-,-,-,-,-,-,-,-,-,-,Registered,Normal Service,9,269,18,D4A6D4C1,990,8,30kHz,992,-,4,1,-,-,New trans.,0,0,256QAM,63,1,21160,985,3,0,0,Pass,0,QPSK,0,16,1,0,15,30kHz,Re trans.,-,263,
20260725 15:30:06.576,24.831016,102.841059,22.64,1935,3,1,0.00,0.00,,,,,,,1,SA,460,00,中国移动,4456484,6879514665,1679569,41,Normal,-,1,41,100,100,504990,-,489,513000,513000,30kHz,503172,1099,-,ms20,Connected,SA,-0.7,-2,0,-60,95,-68.6,-10.8,22.2,6,Not Barred,6,6312,-32.8,504990,489,-76.5;-63.4;-101.9;-71.9,-,10.7;18.8;255;255,25;17.6;255;255,-35;-32.8,6;7;5;1;7;0;3;2;5;4,489;489;489;489;490;829;945;943;743;863,-69.1;-68.8;-76.4;-80.7;-91.4;-78.3;-94.7;-123.8;-95.1;-104.3,-10.6;-10.9;-11.1;-13;-20.8;-11.8;-21.3;-30.8;-21.4;-22.4,255;255;255;255;255;255;255;255;255;255,1;0;0;0;0;0;0,504990;504990;504990;504990;504990;504990;504990,489;829;490;743;945;863;943,6;0;7;5;3;4;2,-,4;1;1;1;1;1;1,-68.6;-79.7;-81.1;-84.4;-94.7;-104.3;-116,-10.8;-12.8;-15.7;-17.7;-21.3;-22.4;-28.2,22.2;255;255;255;255;255;255,0,0,0,QPSK,-,100,0,0,0,0.00,0.00,0.00,0.00,8.3,1,Rank 1,16,84,13,69,-,69,8,23.7,27,23,256QAM,0,SMDL,0,0,0,0.00,0.00,0.00,0.17,Rank 2,4,380,92,-,2 x 2,HandOver,21160,Free,17,FORMAT_0,304,57,Success,21160,1,-,8,2,-13,-,92,-,1,12,-,-,-,-,-,-,-,-,-,-,-,-,-,Registered,Normal Service,9,269,18,D4A6D4C1,54,8,30kHz,896,-,4,1,-,-,New trans.,0,0,256QAM,40,1,21160,49,3,0,0,Pass,1,QPSK,0,16,1,0,15,30kHz,Re trans.,-,263,
20260725 15:30:07.589,24.831014,102.841121,23.11,1935,3,1,0.00,0.00,,,,,,,1,SA,460,00,中国移动,4456484,6879514665,1679569,41,Normal,-,1,41,100,100,504990,-,489,513000,513000,30kHz,503172,1099,-,ms20,Connected,SA,-0.7,-2,0,-60,94,-68.6,-11.3,24.4,6,Not Barred,6,6312,-29.3,504990,489,-68.8;-63.6;-109.6;-68.4,-,13.6;20.4;255;255,22.9;18.7;255;255,-37.6;-29.3,6;7;5;1;7;0;3;4;5,489;489;489;489;490;829;945;863;743,-67.8;-68.6;-75.1;-78.9;-71.4;-75.8;-95;-90.3;-84.6,-10.5;-12.1;-11.6;-15.1;-14.7;-11.7;-22.3;-16;-18.5,255;255;255;255;255;255;255;255;255,1;0;0;0;0;0,504990;504990;504990;504990;504990;504990,489;490;829;743;863;945,6;7;0;5;4;3,-,4;1;1;1;1;1,-68.6;-71.3;-75.4;-84.3;-91;-95,-11.3;-14.7;-11.6;-18.4;-16.3;-22.3,24.4;255;255;255;255;255,3.6,28,0,QPSK,-,83.3,16.7,0,0,0.00,0.00,0.01,0.01,0,1,Rank 1,17,208,3,69,-,69,8,24.4,25,25,256QAM,0,SMDL,0,0,0,0.03,0.03,0.03,0.67,Rank 2,4,104,38,-,2 x 2,HandOver,21160,Free,17,FORMAT_0,304,57,Success,21160,1,-,7,2,-13,-,38,-,1,3,-,-,-,-,-,-,-,-,-,-,-,-,-,Registered,Normal Service,9,269,18,D4A6D4C1,148,19,30kHz,992,-,4,1,-,-,New trans.,0,0,256QAM,52,1,21160,141,3,0,0,Pass,1,QPSK,0,16,1,0,15,30kHz,Re trans.,-,1277,
20260725 15:30:08.601,24.831014,102.841186,23.54,1936,3,1,0.00,0.00,,,,,,,1,SA,460,00,中国移动,4456484,6879514665,1679569,41,Normal,-,1,41,100,100,504990,-,489,513000,513000,30kHz,503172,1099,-,ms20,Connected,SA,-0.7,-2,0,-60,97,-73.2,-11.4,19.8,6,Not Barred,6,6312,-41.1,504990,489,-75.3;-67.8;-112.5;-66.6,-,7.9;19.8;255;255,23.5;20.8;255;255,-49;-41.1,6;7;5;2;7;0;5;3,489;489;489;489;490;829;743;863,-73;-72.4;-80.1;-83.2;-71.7;-73.4;-89.5;-122.4,-10.6;-11.3;-13;-11.6;-13.3;-11.5;-18.1;-28.2,255;255;255;255;255;255;255;255,1;0;0;0;0,504990;504990;504990;504990;504990,489;490;829;743;863,6;7;0;5;3,-,4;1;1;1;1,-73.2;-72.5;-74.3;-83.6;-122.2,-11.4;-13.7;-11.4;-15.9;-28.9,19.8;255;255;255;255,0.8,4,0,QPSK,-,100,0,0,0,0.00,0.00,0.00,0.00,0,1,Rank 1,16,152,9,69,-,69,8,24,25,24,256QAM,0,SMDL,0,0,0,0.00,0.00,0.00,0.19,Rank 2,4,176,53,-,2 x 2,HandOver,21160,Free,17,FORMAT_0,304,57,Success,21160,1,-,10,8,-13,-,53,-,2,7,-,-,-,-,-,-,-,-,-,-,-,-,-,Registered,Normal Service,9,269,18,D4A6D4C1,268,8,30kHz,992,-,4,1,-,-,New trans.,0,0,256QAM,40,1,21160,263,3,0,0,Pass,0,QPSK,0,16,1,0,15,30kHz,Re trans.,-,757,
20260725 15:30:09.606,24.831017,102.841252,24.26,1936,3,1,0.00,0.00,,,,,,,1,SA,460,00,中国移动,4456484,6879514665,1679569,41,Normal,-,1,41,100,100,504990,-,489,513000,513000,30kHz,503172,1099,-,ms20,Connected,SA,-0.7,-2,0,-60,92,-67,-10.9,25.7,6,Not Barred,6,6312,-30.5,504990,489,-70.5;-70.4;-73.3;-79.5,-,26.2;24.8;19.6;22.6,16.5;18.3;255;255,-30.5;-35.5,6;7;4;2;7;0;4;4;4,489;489;489;489;490;829;743;863;664,-67.3;-67.5;-79.5;-79.4;-73.7;-77.8;-119;-146.1;-87.5,-10.4;-11.5;-11.3;-11.7;-16.6;-12.8;-30.5;-39.5;-20,255;255;255;255;255;255;255;255;255,1;0;0;0;0;0,504990;504990;504990;504990;504990;504990,489;490;829;664;743;863,6;7;0;4;4;4,-,4;1;1;1;1;1,-67;-74.9;-78.1;-87.5;-118.7;-143.4,-10.9;-15.9;-12.9;-20;-30.3;-38.1,25.7;255;255;255;255;255,0.8,4,0,QPSK,-,100,0,0,0,0.00,0.05,0.01,0.01,0,1,Rank 1,16,152,18,69,-,69,8,22.7,31,25,256QAM,0,SMDL,0,0,17.2,0.00,0.00,0.00,0.32,Rank 2,4,408,105,-,2 x 2,HandOver,21160,Free,17,FORMAT_0,304,57,Success,21160,1,-,3,-1,-13,-,105,-,2,18,-,-,-,-,-,-,-,-,-,-,-,-,-,Registered,Normal Service,9,269,18,D4A6D4C1,366,9,30kHz,768,-,4,1,-,-,New trans.,0,0,256QAM,212,1,21160,361,3,0,0,Pass,1,QPSK,0,16,1,0,15,30kHz,Re trans.,-,757,
20260725 15:30:10.615,24.831024,102.841318,24.52,1936,3,1,0.00,0.00,,,,,,,1,SA,460,00,中国移动,4456484,6879514665,1679569,41,Normal,-,1,41,100,100,504990,-,489,513000,513000,30kHz,503172,1099,-,ms20,Connected,SA,-0.7,-2,0,-60,92,-69.9,-10.9,17.4,6,Not Barred,6,6312,-36.3,504990,489,-72.1;-77;-83;-92.9,-,24.2;22.1;255;255,21.2;21.7;255;255,-36.3;-40.1,6;7;2;3;7;1;3,489;489;489;489;490;829;664,-71.3;-69.7;-80.3;-82;-76;-82.1;-90,-10.5;-11.3;-11.2;-10.9;-16.2;-12.6;-17.9,255;255;255;255;255;255;255,1;0;0;0,504990;504990;504990;504990,489;490;829;664,6;7;1;3,-,4;1;1;1,-69.9;-76.1;-81.3;-90.1,-10.9;-15.9;-12.6;-18.7,17.4;255;255;255,2.7,12,0,QPSK,-,73.7,21.1,5.3,0,0.06,0.01,0.08,0.09,0,1,Rank 1,24,465,18,42,-,42,8,19,24,19,64QAM,0,SMDL,0,0,68.2,0.03,0.03,0.00,0.68,Rank 2,4,176,105,-,2 x 2,HandOver,21160,Free,17,FORMAT_0,304,57,Success,21160,1,-,6,4,-13,-,105,-,2,18,-,-,-,-,-,-,-,-,-,-,-,-,-,Registered,Normal Service,9,269,18,D4A6D4C1,451,19,30kHz,848,-,4,1,-,-,New trans.,0,0,256QAM,32,1,21160,445,3,0,0,Pass,0,QPSK,0,16,2,0,15,30kHz,Re trans.,-,11012,
20260725 15:30:11.627,24.831034,102.841385,25.20,1936,3,1,0.00,0.00,,,,,,,1,SA,460,00,中国移动,4456484,6879514665,1679569,41,Normal,-,1,41,100,100,504990,-,489,513000,513000,30kHz,503172,1099,-,ms20,Connected,SA,-0.7,-2,0,-60,99,-76.1,-11.1,12,6,Not Barred,6,6312,-38.1,504990,489,-73.6;-81.5;-79.4;-100,-,4.9;5.4;255;255,14.8;16.8;255;255,-38.1;-44.9,6;7;1;4;7;1;4;0;5,489;489;489;489;490;829;664;4;743,-75.8;-76.8;-84.8;-88.5;-81.3;-83.9;-91.1;-97.4;-129.2,-10.6;-11.8;-13.6;-13.1;-14.9;-13.1;-14.9;-22.2;-32.5,255;255;255;255;255;255;255;255;255,1;0;0;0;0;0,504990;504990;504990;504990;504990;504990,489;490;829;664;4;743,6;7;1;4;0;5,-,4;1;1;1;1;1,-76.1;-81.5;-84.5;-92;-97.5;-129.2,-11.1;-14.8;-13.4;-15.8;-21;-32.5,12;255;255;255;255;255,2.7,12,0,QPSK,-,73.7,21.1,5.3,0,0.00,0.00,0.00,0.00,0,1,Rank 1,24,465,4,14,-,14,8,22.5,23,23,256QAM,0,SMDL,0,0,0,0.00,0.00,0.04,0.24,Rank 2,4,8,38,-,2 x 2,HandOver,21160,Free,17,FORMAT_0,304,57,Success,21160,1,-,11,8,-13,-,38,-,1,3,-,-,-,-,-,-,-,-,-,-,-,-,-,Registered,Normal Service,9,269,18,D4A6D4C1,548,18,30kHz,896,-,4,1,-,-,New trans.,0,0,256QAM,63,0,21160,513,16,0,4,Pass,0,QPSK,0,20,1,0,0,30kHz,Re trans.,-,11012,
20260725 15:30:12.640,24.831046,102.841454,25.60,1936,3,1,0.00,0.00,,,,,,,1,SA,460,00,中国移动,4456484,6879514665,1679569,41,Normal,-,1,41,100,100,504990,-,489,513000,513000,30kHz,503172,1099,-,ms20,Connected,SA,-0.7,-3,0,-60,99,-76.9,-10.8,9.7,6,Not Barred,6,6312,-44.8,504990,489,-78.9;-78.4;-78.8;-83.7,-,17.1;10.8;255;255,14.5;16.3;255;255,-44.8;-46.4,6;7;2;4;7;1;2;3;4;7;5,489;489;489;489;490;829;664;4;743;663;742,-78;-75.7;-84.3;-87;-98.7;-86;-90.9;-124.7;-92.5;-99.1;-105,-10.6;-10.9;-11.4;-12.2;-23.9;-13.4;-17.9;-31.2;-16.2;-24.3;-23,255;255;255;255;255;255;255;255;255;255;255,1;0;0;0;0;0;0;0,504990;504990;504990;504990;504990;504990;504990;504990,489;829;490;664;743;663;742;4,6;1;7;2;4;7;5;3,-,4;1;1;1;1;1;1;1,-76.9;-85;-91;-91.9;-92.5;-95.8;-105;-123.6,-10.8;-12.8;-19.6;-17.2;-16.2;-22.5;-23;-30.8,9.7;255;255;255;255;255;255;255,0,0,0,QPSK,-,100,0,0,0,0.00,0.00,0.00,0.00,0,1,Rank 1,17,68,2,69,-,69,8,21.5,24,21,256QAM,0,SMDL,0,0,10,0.00,0.00,0.04,0.01,Rank 2,4,80,12,-,2 x 2,HandOver,21160,Free,17,FORMAT_0,304,57,Success,21160,1,-,7,11,-13,-,12,-,1,1,-,-,-,-,-,-,-,-,-,-,-,-,-,Registered,Normal Service,9,269,18,D4A6D4C1,638,8,30kHz,800,-,4,1,-,-,New trans.,0,0,256QAM,40,1,21160,633,3,0,0,Pass,0,QPSK,0,16,1,0,15,30kHz,Re trans.,-,167,
20260725 15:30:13.647,24.831057,102.841524,26.28,1937,3,1,0.00,0.00,,,,,,,1,SA,460,00,中国移动,4456484,6879514665,1679569,41,Normal,-,1,41,100,100,504990,-,489,513000,513000,30kHz,503172,1099,-,ms20,Connected,SA,-0.7,-3,0,-60,101,-80.7,-11.5,9.7,6,Not Barred,6,6312,-44.1,504990,489,-80.9;-82.4;-84.4;-92.6,-,5.4;2.6;255;255,7.9;12.5;255;255,-48.9;-44.1,6;7;5;2;7;1;2;3;4;7;5,489;489;489;489;490;829;664;4;743;663;742,-80;-80.8;-86.2;-88.3;-85.2;-85.6;-88.5;-95.7;-89.6;-90.1;-121.3,-10.8;-12.3;-12.1;-13.8;-15.6;-13.3;-14.2;-20.1;-15.2;-18.5;-29.1,255;255;255;255;255;255;255;255;255;255;255,1;0;0;0;0;0;0;0,504990;504990;504990;504990;504990;504990;504990;504990,489;829;490;664;743;663;4;742,6;1;7;2;4;7;3;5,-,4;1;1;1;1;1;1;1,-80.7;-85;-85.5;-89.1;-89.6;-91.4;-95.7;-121.3,-11.5;-12.6;-15.7;-15.5;-15.2;-18.8;-20.2;-29.1,9.7;255;255;255;255;255;255;255,0,0,0,QPSK,-,100,0,0,0,0.00,0.00,0.00,0.00,0,1,Rank 1,17,52,4,14,-,14,8,19.2,30,20,64QAM,0,SMDL,0,0,56.5,0.00,0.00,0.00,0.13,Rank 2,4,248,39,-,2 x 2,HandOver,21160,Free,17,FORMAT_0,304,57,Success,21160,1,-,8,13,-13,-,39,-,1,4,-,-,-,-,-,-,-,-,-,-,-,-,-,Registered,Normal Service,9,269,18,D4A6D4C1,756,8,30kHz,736,-,4,1,-,-,New trans.,0,0,64QAM,36,1,21160,769,16,0,4,Pass,0,QPSK,0,20,1,0,0,30kHz,Re trans.,-,152,
20260725 15:30:14.654,24.831069,102.841594,26.24,1937,3,1,0.00,0.00,,,,,,,1,SA,460,00,中国移动,4456484,6443507723,1573122,11,Normal,-,1,41,100,100,504990,-,742,513000,513000,30kHz,503172,1099,-,ms20,Connected,SA,-0.7,-3,7,-58,95,-75.2,-11.5,10.5,5,Not Barred,6,6312,-38.3,504990,742,-71.9;-81.1;-82.6;-107.4,-,6.4;0.9;-7;-2,-8.4;-16;-19.7;-21.1,-38.3;-57.8;-49.5;-45,6;7;0;3;2;4;7;5;7;6;2,489;490;829;664;4;743;663;742;742;742;742,-80.9;-86.3;-85.4;-90.3;-86.2;-74.4;-95.5;-75.2;-106.5;-107.8;-111.5,-11.3;-16.7;-13.7;-16;-15.5;-10.9;-21.4;-11.5;-25.4;-25.9;-27.8,255;255;255;255;255;255;255;255;255;255;255,1;0;0;0;0;0;0;0,504990;504990;504990;504990;504990;504990;504990;504990,742;743;489;829;4;664;490;663,5;4;6;0;2;3;7;7,-,4;1;1;1;1;1;1;1,-75.2;-74.4;-81;-85.4;-87.4;-88.1;-88.4;-88.9,-11.5;-10.9;-11.9;-13.1;-16.6;-16.2;-18.1;-20.5,10.5;255;255;255;255;255;255;255,2.3,28,0,QPSK,-,100,0,0,0,0.00,0.00,0.00,0.00,16.7,2,Rank 3,17,212,12,63,-,63,9,21.6,31,19,256QAM,0,SMSL,2.7,0,38.4,0.00,0.00,0.00,0.34,Rank 1,4,292,73,-,4 x 4,HandOver,15627,Free,17,FORMAT_0,262,57,Success,15627,4,-,7,-3,-13,-,73,-,2,10,-,-,-,-,-,-,-,-,-,-,-,-,-,Registered,Normal Service,9,269,18,D4A6D4C1,871,18,30kHz,800,-,4,1,-,-,-,0,0,256QAM,167,1,15627,867,1,0,0,Pass,0,QPSK,0,16,1,0,15,30kHz,Re trans.,-,665,
20260725 15:30:15.667,24.831084,102.841662,25.09,1937,3,1,0.00,0.00,,,,,,,1,SA,460,00,中国移动,4456484,6879514665,1679569,41,Normal,-,1,41,100,100,504990,-,743,513000,513000,30kHz,503172,1099,-,ms20,Connected,SA,-0.7,2,5,-60,103,-86.8,-14,-2.7,4,Not Barred,6,6312,-52,504990,743,-156;-102.7;-95.7;-100.6,-,-0.8;-3.5;-7.3;-14.7,3.2;-5.5;1.1;-2.4,-52;-59.8;-55.5;-53.8,7;7;1;2;3;4;2;5;7;5,489;490;829;664;4;743;743;743;663;742,-82.1;-87.4;-87.4;-88;-96.6;-86.7;-125.1;-118.4;-86.5;-86.3,-12.2;-17;-13.5;-13.4;-18.2;-14;-31;-28.8;-15.4;-14.3,255;255;255;255;255;255;255;255;255;255,1;0;0;0;0;0;0;0,504990;504990;504990;504990;504990;504990;504990;504990,743;489;664;742;490;829;663;4,4;7;2;5;7;1;7;3,-,3;1;1;1;1;1;1;1,-86.8;-82.9;-85.3;-86.3;-87.4;-87.9;-88.2;-93.1,-14;-11.6;-12.3;-14.3;-17;-13.7;-16.1;-17.8,-2.7;255;255;255;255;255;255;255,2.1,28,0,QPSK,-,100,0,0,0,0.00,0.00,0.01,0.01,0,1,Rank 2,23,992,45,69,-,69,11,14.9,31,10,16QAM,0,SMDL,1,48,36.1,0.00,0.00,0.02,0.43,Rank 2,8,1184,209,-,4 x 4,HandOver,15926,Free,17,FORMAT_0,230,127,Success,15926,4,-,16,1,-3,-,209,-,6,39,-,-,-,-,-,-,-,-,-,-,-,-,-,Registered,Normal Service,9,269,18,D4A6D4C1,972,8,30kHz,544,-,8,1,-,-,-,0,0,16QAM,99,1,15926,966,3,0,0,Pass,0,QPSK,0,16,1,0,15,30kHz,Re trans.,-,6072,
20260725 15:30:16.673,24.831095,102.841727,23.58,1937,3,1,0.00,0.00,,,,,,,1,SA,460,00,中国移动,4456484,6443507723,1573122,11,Normal,-,1,41,100,100,504990,-,489,513000,513000,30kHz,503172,1099,-,ms20,Connected,SA,-0.7,2,0,-60,109,-86.6,-12.8,-0.4,7,Not Barred,6,6312,-46.6,504990,489,-87.6;-93.3;-93.9;-102.7,-,-0.5;4.1;2.9;-0.7,3.2;6.5;3.7;3.4,-46.6;-60.6;-52;-52.5,7;6;5;2;7;1;2;2;4;7;5;2,489;489;489;489;490;829;664;4;743;663;742;940,-85.9;-86.8;-91;-92.8;-87.5;-87.8;-86.8;-105;-91.1;-86.5;-96.8;-96.9,-13.5;-11.3;-13.9;-16.7;-15.9;-13.5;-12.4;-24.9;-13.9;-14.9;-19.1;-20.3,255;255;255;255;255;255;255;255;255;255;255;255,1;0;0;0;0;0;0;0;0,504990;504990;504990;504990;504990;504990;504990;504990;504990,489;663;664;829;490;743;940;742;4,7;7;2;1;7;4;2;5;2,-,4;1;1;1;1;1;1;1;1,-86.6;-86.6;-87.3;-88.2;-88.3;-91.1;-94.2;-96.8;-105,-12.8;-14.9;-12.6;-13.3;-16;-13.9;-18.9;-19.1;-24.9,-0.4;255;255;255;255;255;255;255;255,1.7,28,0,QPSK,-,100,0,0,0,0.00,0.00,0.05,0.05,3.8,1,Rank 3,18,516,25,69,-,69,9,21.5,31,25,256QAM,0,SMDL,2.2,10.1,26.1,0.00,0.00,0.23,0.97,Rank 2,4,608,150,-,4 x 4,HandOver,22487,Free,17,FORMAT_0,304,57,Success,22487,4,-,9,10,3,-,150,-,3,22,-,-,-,-,-,-,-,-,-,-,-,-,-,Registered,Normal Service,9,269,18,D4A6D4C1,46,8,30kHz,736,-,4,1,-,-,New trans.,0,0,64QAM,67,0,22487,41,3,0,0,Pass,1,QPSK,0,16,1,0,15,30kHz,Re trans.,-,2946,
20260725 15:30:17.689,24.831102,102.841793,23.58,1937,3,1,0.00,0.00,,,,,,,1,SA,460,00,中国移动,4456484,6443507723,1573122,11,Normal,-,1,41,100,100,504990,-,489,513000,513000,30kHz,503172,1099,-,ms20,Connected,SA,-0.7,1,0,-60,109,-85.1,-11.5,0.8,7,Not Barred,6,6312,-50.6,504990,489,-92.8;-86.5;-90.3;-98,-,-3.5;1.8;-3.7;-4.6,-8.2;-0.4;-5.6;-3.3,-50.6;-59.8;-52.4;-50.6,7;6;4;5;7;1;3;2;4;7;5,489;489;489;489;490;829;664;940;743;663;742,-85.5;-83.5;-90.2;-86.4;-93.2;-84.2;-86.1;-89.7;-107.8;-91;-144.5,-12;-10.6;-14.5;-11.2;-18.8;-11.9;-12;-14.9;-24.4;-18.7;-38.1,255;255;255;255;255;255;255;255;255;255;255,1;0;0;0;0;0;0;0,504990;504990;504990;504990;504990;504990;504990;504990,489;829;664;940;663;490;743;742,7;1;3;2;7;7;4;5,-,4;1;1;1;1;1;1;1,-85.1;-84.9;-86.6;-89.1;-91.2;-93.2;-107.8;-144.5,-11.5;-12.3;-12.7;-15.2;-18.6;-18.8;-24.4;-38.1,0.8;255;255;255;255;255;255;255,4.2,28,0,QPSK,-,100,0,0,0,0.00,0.00,0.02,0.02,10,1,Rank 2,23,208,8,69,-,69,12,22.4,31,31,256QAM,0,SMDL,0,0,48.5,0.01,0.00,0.14,0.82,Rank 2,4,136,47,-,4 x 4,HandOver,22487,Free,17,FORMAT_0,304,57,Success,22487,4,-,11,12,3,-,47,-,2,6,-,-,-,-,-,-,-,-,-,-,-,-,-,Registered,Normal Service,9,269,18,D4A6D4C1,147,8,30kHz,560,-,4,1,-,-,New trans.,0,0,64QAM,76,1,22487,142,3,0,0,Pass,1,QPSK,0,16,1,0,15,30kHz,Re trans.,-,840,
20260725 15:30:18.701,24.831107,102.841861,24.30,1937,3,1,0.00,0.00,,,,,,,1,SA,460,00,中国移动,4456484,6443507723,1573122,11,Normal,-,1,41,100,100,504990,-,489,513000,513000,30kHz,503172,1099,-,ms20,Connected,SA,-0.7,1,0,-60,108,-85.8,-12.2,0.4,7,Not Barred,6,6312,-51.4,504990,489,-88;-89.5;-97.8;-100,-,1.1;5.8;-3;-2.5,-0.9;8.4;2.6;-0.8,-52;-62.6;-59.6;-51.4,7;4;6;3;5;0;3;1;6;7;3,489;489;489;489;490;829;664;940;301;663;4,-84.9;-86.9;-85.3;-87.8;-112;-83.1;-84.2;-94.3;-91.3;-92.7;-121,-11.9;-13.3;-11.4;-13.8;-25.1;-11.9;-12;-20;-15.8;-17;-28.9,255;255;255;255;255;255;255;255;255;255;255,1;0;0;0;0;0;0;0,504990;504990;504990;504990;504990;504990;504990;504990,489;664;829;301;663;940;490;4,7;3;0;6;7;1;5;3,-,4;1;1;1;1;1;1;1,-85.8;-84.4;-84.5;-91.5;-92.8;-92.8;-96.9;-125,-12.2;-12.2;-12.7;-16;-17.1;-18.7;-19.2;-31.9,0.4;255;255;255;255;255;255;255,10.2,28,28,QPSK,-,100,0,0,0,0.00,0.00,0.01,0.01,30.8,4,Rank 2,21,576,24,123,-,123,11,15.8,30,14,64QAM,0,SMDL,0,0,98.1,0.00,0.00,0.05,0.19,Rank 2,4,508,124,-,4 x 4,HandOver,22487,Free,17,FORMAT_0,304,57,Success,22487,4,-,13,6,3,-,124,-,2,24,-,-,-,-,-,-,-,-,-,-,-,-,-,Registered,Normal Service,9,269,18,D4A6D4C1,255,8,30kHz,656,-,4,1,-,-,New trans.,0,0,64QAM,67,1,22487,254,3,0,0,Pass,1,QPSK,1,16,4,0,15,30kHz,Re trans.,-,4553,
20260725 15:30:19.713,24.831115,102.841928,24.37,1936,3,1,0.00,0.00,,,,,,,1,SA,460,00,中国移动,4456484,6879514665,1679569,41,Normal,-,1,41,100,100,504990,-,489,513000,513000,30kHz,503172,1099,-,ms20,Connected,SA,-0.8,1,0,-60,107,-85.4,-11.5,6.8,7,Not Barred,6,6312,-49.8,504990,489,-93;-85.4;-95.2;-101.2,-,0.9;6.3;255;255,-0.4;9.7;255;255,-50.9;-49.8,7;6;5;3;7;1;3;1;6;7;0,489;489;489;489;490;829;664;940;301;663;8,-84.9;-84.5;-90;-90.3;-97.8;-89.6;-85.2;-110.6;-94.7;-93.2;-100.6,-11.4;-10.9;-13.1;-15.1;-19.9;-14.9;-11.5;-26.6;-20.4;-18.8;-20.3,255;255;255;255;255;255;255;255;255;255;255,1;0;0;0;0;0;0;0,504990;504990;504990;504990;504990;504990;504990;504990,489;664;829;663;301;490;940;8,7;3;1;7;6;7;1;0,-,4;1;1;1;1;1;1;1,-85.4;-86.8;-89.4;-94;-94.7;-98.1;-98.6;-100.6,-11.5;-11.9;-13.8;-19.3;-20;-19.8;-21.1;-20.3,6.8;255;255;255;255;255;255;255,10.2,28,28,QPSK,-,100,0,0,0,0.00,0.00,0.01,0.02,25,4,Rank 1,21,576,12,69,-,69,6,17.2,31,17,64QAM,0,SMDL,1,1,81.8,0.00,0.00,0.03,0.54,Rank 2,4,396,84,-,4 x 4,HandOver,22487,Free,17,FORMAT_0,304,57,Success,22487,4,-,13,8,3,-,84,-,1,11,-,-,-,-,-,-,-,-,-,-,-,-,-,Registered,Normal Service,9,269,18,D4A6D4C1,346,8,30kHz,512,-,4,1,-,-,New trans.,0,0,64QAM,67,1,22487,341,3,0,0,Pass,0,QPSK,0,16,1,0,15,30kHz,Re trans.,-,4553,
20260725 15:30:20.727,24.831126,102.841995,25.02,1936,3,1,0.00,0.00,,,,,,,1,SA,460,00,中国移动,4456484,6443503628,1573121,12,Normal,-,1,41,100,100,504990,-,664,513000,513000,30kHz,503172,1099,-,ms20,Connected,SA,-0.7,0,3,-58,102,-84,-11,17.1,3,Not Barred,6,6312,-42,504990,664,-81;-90.2;-88.9;-87.2,-,16.7;2.8;10.7;4.6,2.4;2.1;2.9;2.8,-42;-56.6;-46.6;-47.3,3;7;1;3;2;5;4;0;6;7,489;490;829;664;664;664;664;8;301;663,-89.6;-94.9;-91.8;-83.2;-88.3;-86.7;-86;-95.1;-100.6;-92.6,-18;-18.3;-14.4;-11.1;-11.5;-11.1;-11.1;-17.5;-19.4;-14.9,255;255;255;255;255;255;255;255;255;255,1;0;0;0;0;0;0,504990;504990;504990;504990;504990;504990;504990,664;489;663;829;490;8;301,3;3;7;1;7;0;6,-,4;1;1;1;1;1;1,-84;-89.2;-92.6;-92.8;-94.9;-95.4;-100.6,-11;-14.7;-15;-14.8;-18.3;-18.4;-19.4,17.1;255;255;255;255;255;255,0.7,3,0,QPSK,-,100,0,0,0,0.00,0.00,0.03,0.03,10,1,Rank 3,16,164,19,14,-,14,10,18.9,31,19,64QAM,0,SMDL,1.5,0,65.7,0.00,0.01,0.00,0.49,Rank 2,4,268,89,-,4 x 4,HandOver,44884,Free,17,FORMAT_0,418,57,Success,44884,2,-,7,0,2,-,89,-,3,16,-,-,-,-,-,-,-,-,-,-,-,-,-,Registered,Normal Service,9,269,18,D4A6D4C1,457,19,30kHz,768,-,4,1,-,-,New trans.,0,0,256QAM,128,2,44884,449,13,0,4,Pass,0,QPSK,0,20,1,0,0,30kHz,Re trans.,-,1143,
20260725 15:30:21.739,24.831141,102.842062,24.23,1935,3,1,0.00,0.00,,,,,,,1,SA,460,00,中国移动,4456484,6879514665,1679569,41,Normal,-,1,41,100,100,504990,-,664,513000,513000,30kHz,503172,1099,-,ms20,Connected,SA,-0.7,-1,3,-58,99,-81.9,-10.7,19.1,3,Not Barred,6,6312,-41.8,504990,664,-75;-96.6;-86.9;-94.9,-,1.4;3.1;255;255,6.3;5.1;255;255,-41.8;-46.3,3;7;0;3;4;2;5;1;6;7,489;490;829;664;664;664;664;8;301;663,-87.3;-95;-94;-80.5;-83.8;-86.9;-85.8;-89.2;-116.7;-93.6,-19.1;-17.2;-14.5;-10.6;-10.6;-11;-11;-14.1;-27.4;-16,255;255;255;255;255;255;255;255;255;255,1;0;0;0;0;0;0,504990;504990;504990;504990;504990;504990;504990,664;489;8;829;663;490;301,3;3;1;0;7;7;6,-,4;1;1;1;1;1;1,-81.9;-88.1;-89.7;-93.5;-94.4;-96.2;-116.7,-10.7;-16.4;-14.5;-14.7;-16.5;-17.6;-27.4,19.1;255;255;255;255;255;255,1.8,28,0,QPSK,-,100,0,0,0,0.00,0.00,0.01,0.01,5.3,2,Rank 1,19,476,8,69,-,69,7,21.9,31,21,256QAM,0,SMDL,0.6,0,16.1,0.00,0.00,0.09,0.34,Rank 2,4,696,158,-,2 x 2,HandOver,44884,Free,17,FORMAT_0,418,57,Success,44884,2,-,8,0,2,-,158,-,1,7,-,-,-,-,-,-,-,-,-,-,-,-,-,Registered,Normal Service,9,269,18,D4A6D4C1,563,9,30kHz,848,-,4,1,-,-,New trans.,0,0,256QAM,131,1,44884,546,13,0,0,Pass,1,QPSK,0,16,1,0,15,30kHz,Re trans.,-,2947,
20260725 15:30:22.746,24.831155,102.842128,24.37,1935,3,1,0.00,0.00,,,,,,,1,SA,460,00,中国移动,4456484,6879514665,1679569,41,Normal,-,1,41,100,100,504990,-,664,513000,513000,30kHz,503172,1099,-,ms20,Connected,SA,-0.7,-1,3,-58,95,-78.5,-10.5,19.2,3,Not Barred,6,6312,-39,504990,664,-75.7;-79.4;-81.6;-86.5,-,17.6;12.3;255;255,7.2;7.1;255;255,-39;-49.1,3;7;1;3;5;4;1;0;7;4,489;490;829;664;664;664;664;8;663;665,-87.5;-123;-92.5;-78;-81.6;-80.2;-94.9;-99.4;-92.6;-110.7,-19.8;-30.5;-14.8;-10.5;-10.6;-10.6;-15.9;-20.3;-16.7;-26.7,255;255;255;255;255;255;255;255;255;255,1;0;0;0;0;0;0,504990;504990;504990;504990;504990;504990;504990,664;489;829;663;8;665;490,3;3;1;7;0;4;7,-,4;1;1;1;1;1;1,-78.5;-86.6;-92.3;-92.6;-99.4;-110.7;-123,-10.5;-15.3;-14.6;-16.7;-20.3;-26.7;-30.5,19.2;255;255;255;255;255;255,0,0,0,QPSK,-,100,0,0,0,0.00,0.00,0.02,0.02,0,1,Rank 1,16,64,4,69,-,69,8,22.7,31,22,256QAM,0,SMDL,0,0,0.8,0.00,0.00,0.03,1.09,Rank 2,4,520,147,-,2 x 2,HandOver,44884,Free,17,FORMAT_0,418,57,Success,44884,2,-,6,3,2,-,147,-,1,3,-,-,-,-,-,-,-,-,-,-,-,-,-,Registered,Normal Service,9,269,18,D4A6D4C1,657,8,30kHz,896,-,4,1,-,-,New trans.,0,0,256QAM,131,1,44884,653,13,0,0,Pass,1,QPSK,0,16,1,0,15,30kHz,Re trans.,-,249,
20260725 15:30:23.760,24.831170,102.842189,22.07,1935,3,1,0.00,0.00,,,,,,,1,SA,460,00,中国移动,4456484,6443503628,1573121,12,Normal,-,1,41,100,100,504990,-,664,513000,513000,30kHz,503172,1099,-,ms20,Connected,SA,-0.7,0,3,-58,97,-79.2,-10.7,18.3,3,Not Barred,6,6312,-45.5,504990,664,-72.8;-86.2;-83.4;-83.5,-,9.3;4.8;12.3;19.3,6.5;4.7;255;255,-45.5;-48.5,3;7;1;3;4;5;7;0;7;1,489;490;829;664;664;664;664;8;663;665,-83;-99.2;-92.9;-77.9;-79.5;-82;-90.9;-128;-92.2;-97.8,-18.6;-20.6;-13.5;-10.6;-10.7;-10.7;-16.7;-31.4;-16.9;-20.4,255;255;255;255;255;255;255;255;255;255,1;0;0;0;0;0;0,504990;504990;504990;504990;504990;504990;504990,664;489;663;829;490;665;8,3;3;7;1;7;1;0,-,4;1;1;1;1;1;1,-79.2;-84.1;-92.3;-93.7;-99.2;-100.3;-128,-10.7;-15.7;-17.1;-13.7;-20.6;-19.8;-31.4,18.3;255;255;255;255;255;255,0.5,1,1,QPSK,-,100,0,0,0,0.00,0.00,0.00,0.00,0,2,Rank 1,16,100,4,66,-,66,8,23.4,31,23,256QAM,0,SMDL,0,0,0,0.00,0.00,0.06,0.85,Rank 2,4,660,159,-,2 x 2,HandOver,44884,Free,17,FORMAT_0,418,57,Success,44884,2,-,7,5,2,-,159,-,1,4,-,-,-,-,-,-,-,-,-,-,-,-,-,Registered,Normal Service,9,269,18,D4A6D4C1,756,18,30kHz,848,-,4,1,-,-,New trans.,0,0,256QAM,131,1,44884,753,13,0,0,Pass,0,QPSK,1,16,2,0,15,30kHz,Re trans.,-,509,
20260725 15:30:24.771,24.831183,102.842241,18.72,1934,3,1,0.00,0.00,,,,,,,1,SA,460,00,中国移动,4456484,6443503628,1573121,12,Normal,-,1,41,100,100,504990,-,664,513000,513000,30kHz,503172,1099,-,ms20,Connected,SA,-0.7,2,3,-58,96,-77.9,-10.7,11.6,3,Not Barred,6,6312,-39.9,504990,664,-78.2;-75.5;-80.7;-86.1,-,9.4;8;255;255,10.4;10.4;255;255,-39.9;-42,4;6;0;3;4;5;6;3;7,489;490;829;664;664;664;664;665;663,-84.5;-137.9;-97.3;-78.1;-76.6;-80.7;-91.1;-91.2;-93.2,-18.5;-36.1;-19.3;-10.9;-10.5;-10.8;-17.2;-21.4;-19.1,255;255;255;255;255;255;255;255;255,1;0;0;0;0;0,504990;504990;504990;504990;504990;504990,664;489;665;663;829;490,3;4;3;7;0;6,-,4;1;1;1;1;1,-77.9;-84.4;-88.9;-93.2;-97.3;-135.9,-10.7;-13.8;-19;-19.1;-18.9;-35.5,11.6;255;255;255;255;255,0.5,1,1,QPSK,-,100,0,0,0,0.00,0.05,0.00,0.00,0,2,Rank 1,16,100,4,66,-,66,8,23.5,31,23,256QAM,0,SMDL,0,0,0,0.00,0.00,0.03,1.13,Rank 2,4,808,159,-,2 x 2,HandOver,44884,Free,17,FORMAT_0,418,57,Success,44884,2,-,6,8,2,-,159,-,1,4,-,-,-,-,-,-,-,-,-,-,-,-,-,Registered,Normal Service,9,269,18,D4A6D4C1,843,19,30kHz,992,-,4,1,-,-,New trans.,0,0,256QAM,131,1,44884,819,3,0,0,Pass,1,QPSK,1,16,2,0,15,30kHz,Re trans.,-,509,
20260725 15:30:25.781,24.831194,102.842284,14.87,1934,3,1,0.00,0.00,,,,,,,1,SA,460,00,中国移动,4456484,6443503628,1573121,12,Normal,-,1,41,100,100,504990,-,664,513000,513000,30kHz,503172,1099,-,ms20,Connected,SA,-0.7,2,3,-58,91,-74.2,-10.6,20.6,3,Not Barred,6,6312,-34.4,504990,664,-74.5;-69.4;-74.1;-82.3,-,22.6;11.7;9.5;8.8,12.1;12.6;255;255,-40.4;-34.4,3;7;0;3;4;5;7;2,489;663;829;664;664;664;664;665,-82.1;-94.4;-97.8;-73.8;-73.6;-78.1;-88.6;-95.9,-19.5;-18.4;-18.6;-10.6;-10.5;-10.6;-14.1;-17.3,255;255;255;255;255;255;255;255,1;0;0;0;0,504990;504990;504990;504990;504990,664;489;665;663;829,3;3;2;7;0,-,4;1;1;1;1,-74.2;-82;-93.7;-94.4;-97.6,-10.6;-17.6;-17.8;-18.4;-18.4,20.6;255;255;255;255,2.4,11,1,QPSK,-,81,14.3,4.8,0,0.06,0.01,0.08,0.08,0,1,Rank 1,30,640,21,14,-,14,8,26.5,31,27,256QAM,0,SMDL,0,0,0,0.03,0.03,0.07,1.40,Rank 2,4,552,200,-,2 x 2,HandOver,44884,Free,17,FORMAT_0,418,57,Success,44884,2,-,7,1,2,-,200,-,1,21,-,-,-,-,-,-,-,-,-,-,-,-,-,Registered,Normal Service,9,269,18,D4A6D4C1,939,19,30kHz,1024,-,4,1,-,-,New trans.,0,0,256QAM,127,1,44884,961,13,0,4,Pass,0,QPSK,0,20,1,0,0,30kHz,Re trans.,-,10313,
20260725 15:30:26.793,24.831205,102.842330,16.74,1934,3,1,0.00,0.00,,,,,,,1,SA,460,00,中国移动,4456484,6443503628,1573121,12,Normal,-,1,41,100,100,504990,-,664,513000,513000,30kHz,503172,1099,-,ms20,Connected,SA,-0.7,1,3,-58,91,-75.1,-10.6,12.7,4,Not Barred,6,6312,-39.5,504990,664,-75.9;-75.6;-76.7;-81.5,-,12.7;11.9;255;255,12.5;13.3;255;255,-39.5;-45.4,4;7;1;4;5;3;2;2,489;663;829;664;664;664;664;665,-84.4;-94.2;-99.2;-73.5;-78.8;-80.3;-87.9;-94.5,-20.4;-17.7;-20.5;-10.5;-10.6;-11.2;-11.9;-15.8,255;255;255;255;255;255;255;255,1;0;0;0;0,504990;504990;504990;504990;504990,664;489;665;663;829,4;4;2;7;1,-,4;1;1;1;1,-75.1;-86.7;-93.2;-95;-99.1,-10.6;-17.5;-14.8;-17.9;-19.9,12.7;255;255;255;255,0.2,1,0,QPSK,-,100,0,0,0,0.00,0.00,0.00,0.00,0,2,Rank 1,16,84,5,69,-,69,8,26.7,31,27,256QAM,0,SMDL,0,0,0,0.00,0.00,0.07,1.07,Rank 2,4,328,126,-,2 x 2,HandOver,44884,Free,17,FORMAT_0,418,57,Success,44884,2,-,6,7,2,-,126,-,1,4,-,-,-,-,-,-,-,-,-,-,-,-,-,Registered,Normal Service,9,269,18,D4A6D4C1,21,9,30kHz,1024,-,4,1,-,-,New trans.,0,0,256QAM,127,1,44884,12,12,0,0,Pass,0,QPSK,0,16,1,0,15,30kHz,Re trans.,-,244,
20260725 15:30:27.808,24.831219,102.842382,20.23,1934,3,1,0.00,0.00,,,,,,,1,SA,460,00,中国移动,4456484,6443503628,1573121,12,Normal,-,1,41,100,100,504990,-,664,513000,513000,30kHz,503172,1099,-,ms20,Connected,SA,-0.7,3,3,-58,89,-70.6,-10.4,20.8,4,Not Barred,6,6312,-36.6,504990,664,-74.2;-76.9;-79;-71.6,-,20.8;14.7;17.8;19.6,12.1;13.2;8.6;12.1,-36.6;-45.1;-38.9;-40,5;7;0;4;5;3;7;6,489;663;829;664;664;664;664;665,-83.6;-88.4;-124.1;-69.7;-75.2;-78;-88.3;-94,-18.9;-13.1;-30.7;-10.5;-10.4;-10.8;-13.4;-14.9,255;255;255;255;255;255;255;255,1;0;0;0;0,504990;504990;504990;504990;504990,664;489;663;665;829,4;5;7;6;0,-,4;1;1;1;1,-70.6;-83.9;-88.7;-93.9;-123.5,-10.4;-19.8;-13.4;-16.4;-30.4,20.8;255;255;255;255,1.3,5,1,QPSK,-,83.3,16.7,0,0,0.00,0.00,0.00,0.00,0,1,Rank 2,16,96,4,69,-,69,12,26.8,31,27,256QAM,0,SMDL,0,0,0,0.00,0.00,0.08,0.65,Rank 2,4,280,93,-,4 x 4,HandOver,44884,Free,17,FORMAT_0,418,57,Success,44884,2,-,4,1,2,-,93,-,1,4,-,-,-,-,-,-,-,-,-,-,-,-,-,Registered,Normal Service,9,269,18,D4A6D4C1,127,18,30kHz,992,-,4,1,-,-,New trans.,0,0,256QAM,128,1,44884,122,13,0,0,Pass,1,QPSK,0,16,1,0,14,30kHz,Re trans.,-,597,
20260725 15:30:28.818,24.831232,102.842436,21.35,1934,3,1,0.00,0.00,,,,,,,1,SA,460,00,中国移动,4456484,6443503628,1573121,12,Normal,-,1,41,100,100,504990,-,664,513000,513000,30kHz,503172,1099,-,ms20,Connected,SA,-0.7,-2,3,-58,91,-68.9,-10.4,18.8,4,Not Barred,6,6312,-36.4,504990,664,-67.9;-72.3;-78.3;-69.5,-,18.3;18.8;14;15.5,12.7;10.7;11.5;10.9,-41.4;-49;-36.4;-37.9,4;0;0;4;3;5;2;3,489;663;829;664;664;664;664;665,-76.3;-88.5;-134.9;-67.4;-73.7;-72.8;-80.8;-86.2,-20.1;-14.7;-35.6;-10.4;-10.5;-10.6;-11.3;-20.4,255;255;255;255;255;255;255;255,1;0;0;0;0,504990;504990;504990;504990;504990,664;489;665;663;829,4;4;3;0;0,-,4;1;1;1;1,-68.9;-77.8;-86.8;-88.7;-135,-10.4;-19.8;-18.1;-14.8;-35.6,18.8;255;255;255;255,1.3,5,1,QPSK,-,83.3,16.7,0,0,0.00,0.00,0.00,0.00,0,1,Rank 1,16,96,4,69,-,69,8,25.4,27,25,256QAM,0,SMDL,0,0,0,0.00,0.00,0.02,0.56,Rank 2,4,180,93,-,4 x 4,HandOver,44884,Free,17,FORMAT_0,418,57,Success,44884,2,-,5,-3,2,-,93,-,1,4,-,-,-,-,-,-,-,-,-,-,-,-,-,Registered,Normal Service,9,269,18,D4A6D4C1,153,8,30kHz,992,-,4,1,-,-,New trans.,0,0,256QAM,128,1,44884,148,4,0,0,Pass,0,QPSK,0,16,1,0,14,30kHz,New trans.,-,597,
20260725 15:30:29.829,24.831246,102.842491,20.81,1933,3,1,0.00,0.00,,,,,,,1,SA,460,00,中国移动,4456484,6443503628,1573121,12,Normal,-,1,41,100,100,504990,-,664,513000,513000,30kHz,503172,1099,-,ms20,Connected,SA,-0.7,2,3,-58,91,-69.3,-10.6,16.7,4,Not Barred,6,6312,-29.9,504990,664,-70.1;-70.8;-74.4;-68,-,13.5;13.6;16.7;11,12.7;10.7;11.5;10.9,-29.9;-30.3,4;7;3;4;5;3;2,489;663;665;664;664;664;664,-77.3;-89;-83.9;-67.9;-75;-77.9;-82.2,-19.8;-13.8;-16.7;-10.4;-10.8;-11.6;-11.1,255;255;255;255;255;255;255,1;0;0;0,504990;504990;504990;504990,664;489;665;663,4;4;3;7,-,4;1;1;1,-69.3;-78.5;-85.2;-89.9,-10.6;-19.4;-14.8;-15.4,16.7;255;255;255,1.3,5,1,QPSK,-,83.3,16.7,0,0,0.00,0.00,0.01,0.01,0,1,Rank 1,16,96,4,69,-,69,7,25.4,27,25,256QAM,0,SMDL,0,0,0,0.00,0.00,0.02,0.34,Rank 2,4,0,93,-,4 x 4,HandOver,44884,Free,17,FORMAT_0,418,57,Success,44884,2,-,5,-6,2,-,93,-,1,4,-,-,-,-,-,-,-,-,-,-,-,-,-,Registered,Normal Service,9,269,18,D4A6D4C1,153,8,30kHz,992,-,4,1,-,-,New trans.,0,0,256QAM,128,1,44884,148,4,0,0,Pass,0,QPSK,0,16,1,0,14,30kHz,New trans.,-,597,
20260725 15:30:30.841,24.831262,102.842543,18.79,1933,3,1,0.00,0.00,,,,,,,1,SA,460,00,中国移动,4456484,6443503628,1573121,12,Normal,-,1,41,100,100,504990,-,664,513000,513000,30kHz,503172,1099,-,ms20,Connected,SA,-0.7,3,3,-58,84,-65.8,-10.5,21.3,4,Not Barred,6,6312,-27,504990,664,-66.5;-73.7;-82.7;-67.4,-,19.3;7.9;15;12.5,18.2;17.1;16.6;16.1,-27;-47.5;-34.5;-31.4,4;7;2;4;5;3;6,489;663;665;664;664;664;664,-74.7;-90.2;-83.4;-65;-67;-77.7;-85.9,-19.4;-15.5;-13;-10.4;-10.5;-10.9;-12.6,255;255;255;255;255;255;255,1;0;0;0,504990;504990;504990;504990,664;489;665;663,4;4;2;7,-,4;1;1;1,-65.8;-74.7;-84.4;-90.8,-10.5;-19.4;-14.4;-16.3,21.3;255;255;255,0,0,0,QPSK,-,100,0,0,0,0.00,0.00,0.00,0.00,0,2,Rank 3,16,160,12,69,-,69,10,24.9,31,25,256QAM,0,SMDL,0,0,0,0.00,0.00,0.02,0.00,Rank 2,4,68,95,-,4 x 4,HandOver,44884,Free,17,FORMAT_0,418,57,Success,44884,2,-,2,-4,2,-,95,-,1,12,-,-,-,-,-,-,-,-,-,-,-,-,-,Registered,Normal Service,9,269,18,D4A6D4C1,434,8,30kHz,992,-,4,1,-,-,New trans.,0,0,256QAM,100,1,44884,429,13,0,0,Pass,0,QPSK,0,16,1,0,15,30kHz,Re trans.,-,620,
20260725 15:30:31.855,24.831273,102.842585,14.76,1933,3,1,0.00,0.00,,,,,,,1,SA,460,00,中国移动,4456484,6443503628,1573121,12,Normal,-,1,41,100,100,504990,-,664,513000,513000,30kHz,503172,1099,-,ms20,Connected,SA,-0.7,2,3,-58,84,-59.1,-10.4,31.7,4,Not Barred,6,6312,-24.1,504990,664,-55.9;-70.3;-71.2;-67.9,-,32;25.7;24;12.9,17.1;15.8;14.1;12.8,-24.1;-39.8;-31;-31.8,4;7;2;4;5;1;2,489;663;665;664;664;664;664,-69.3;-92.3;-81.1;-58.4;-64.6;-76;-76.4,-19.4;-18.9;-15.8;-10.4;-10.5;-11.3;-11.6,255;255;255;255;255;255;255,1;0;0;0,504990;504990;504990;504990,664;489;665;663,4;4;2;7,-,4;1;1;1,-59.1;-70;-82.6;-92.4,-10.4;-19.3;-15.8;-19,31.7;255;255;255,0,0,0,QPSK,-,100,0,0,0,0.00,0.00,0.00,0.00,0,2,Rank 1,16,160,12,69,-,69,6,24.9,25,25,256QAM,0,SMDL,0,0,0,0.00,0.00,0.01,0.12,Rank 2,4,96,95,-,4 x 4,HandOver,44884,Free,17,FORMAT_0,418,57,Success,44884,2,-,2,-11,2,-,95,-,1,12,-,-,-,-,-,-,-,-,-,-,-,-,-,Registered,Normal Service,9,269,18,D4A6D4C1,434,8,30kHz,992,-,4,1,-,-,New trans.,0,0,256QAM,100,1,44884,429,13,0,0,Pass,0,QPSK,0,16,1,0,15,30kHz,Re trans.,-,620,
20260725 15:30:32.863,24.831286,102.842620,11.95,1933,3,1,0.00,0.00,,,,,,,1,SA,460,00,中国移动,4456484,6443503628,1573121,12,Normal,-,1,41,100,100,504990,-,664,513000,513000,30kHz,503172,1099,-,ms20,Connected,SA,-0.7,2,3,-58,84,-60.5,-10.4,23.1,4,Not Barred,6,6312,-24.1,504990,664,-61.4;-77.9;-75.9;-71,-,18.7;19;10.7;6.6,14.5;14.9;255;255,-24.1;-35.6,4;7;0;4;5;3;1,489;663;665;664;664;664;664,-68.6;-101.6;-82.9;-59.8;-64.8;-77.4;-77,-19.4;-24.3;-15.8;-10.4;-10.4;-11.6;-11.4,255;255;255;255;255;255;255,1;0;0;0,504990;504990;504990;504990,664;489;665;663,4;4;0;7,-,4;1;1;1,-60.5;-69.3;-81.6;-101.6,-10.4;-19.3;-14.7;-24.3,23.1;255;255;255,0,0,0,QPSK,-,100,0,0,0,0.00,0.00,0.00,0.00,0,2,Rank 1,16,160,12,69,-,69,6,24.9,25,25,256QAM,0,SMDL,0,0,0,0.00,0.00,0.01,0.18,Rank 2,4,0,95,-,4 x 4,HandOver,44884,Free,17,FORMAT_0,418,57,Success,44884,2,-,2,-7,2,-,95,-,1,12,-,-,-,-,-,-,-,-,-,-,-,-,-,Registered,Normal Service,9,269,18,D4A6D4C1,434,8,30kHz,992,-,4,1,-,-,New trans.,0,0,256QAM,100,1,44884,429,13,0,0,Pass,0,QPSK,0,16,1,0,15,30kHz,Re trans.,-,620,
20260725 15:30:33.874,24.831297,102.842647,9.54,1933,3,1,0.00,0.00,,,,,,,1,SA,460,00,中国移动,4456484,6443503628,1573121,12,Normal,-,1,41,100,100,504990,-,664,513000,513000,30kHz,503172,1099,-,ms20,Connected,SA,-0.8,5,1,-58,84,-67,-10.4,14.2,4,Not Barred,6,6312,-39.6,504990,664,-69.7;-78.6;-82.5;-72.4,-,9.9;13.9;255;255,18.3;16.7;255;255,-39.6;-40.5,5;4;5;3;6;3,489;664;664;664;664;665,-77.9;-70.8;-66.7;-78;-82.6;-83.6,-20.8;-10.6;-10.4;-11.4;-11.9;-17.5,255;255;255;255;255;255,1;0;0,504990;504990;504990,664;489;665,4;5;3,-,4;1;1,-67;-77.8;-85.3,-10.4;-20.8;-14.4,14.2;255;255,0.3,1,0,QPSK,-,100,0,0,0,0.00,0.00,0.00,0.00,0,2,Rank 1,16,96,6,42,-,42,8,25.1,31,25,256QAM,0,SMDL,0,0,0,0.00,0.00,0.01,0.00,Rank 2,4,88,41,-,2 x 2,HandOver,44884,Free,17,FORMAT_0,418,57,Success,44884,2,-,0,0,2,-,41,-,1,6,-,-,-,-,-,-,-,-,-,-,-,-,-,Registered,Normal Service,9,269,18,D4A6D4C1,707,8,30kHz,992,-,4,1,-,-,New trans.,0,0,256QAM,171,1,44884,702,13,0,0,Pass,0,QPSK,0,16,2,0,15,30kHz,Re trans.,-,426,
20260725 15:30:34.881,24.831308,102.842668,8.03,1933,3,1,0.00,0.00,,,,,,,1,SA,460,00,中国移动,4456484,6443503628,1573121,12,Normal,-,1,41,100,100,504990,-,664,513000,513000,30kHz,503172,1099,-,ms20,Connected,SA,-0.8,5,1,-58,81,-61.6,-10.4,19.5,4,Not Barred,6,6312,-28.3,504990,664,-63.5;-74.4;-74.6;-75.6,-,21.1;13.5;255;255,14.6;13.8;255;255,-28.3;-41,4;4;5;1;0;1,489;664;664;664;664;665,-69.3;-60.4;-64.9;-77.8;-78.1;-83.7,-19.3;-10.4;-10.4;-11.9;-11.3;-14.5,255;255;255;255;255;255,1;0;0,504990;504990;504990,664;489;665,4;4;1,-,4;1;1,-61.6;-70.5;-83.6,-10.4;-18.9;-14.3,19.5;255;255,0.3,1,0,QPSK,-,100,0,0,0,0.00,0.00,0.00,0.00,0,2,Rank 1,16,48,3,66,-,66,8,24.9,25,25,256QAM,0,SMDL,0,0,0,0.00,0.00,0.01,0.16,Rank 2,4,84,24,-,2 x 2,HandOver,44884,Free,17,FORMAT_0,418,57,Success,44884,2,-,-4,-6,2,-,24,-,1,3,-,-,-,-,-,-,-,-,-,-,-,-,-,Registered,Normal Service,9,269,18,D4A6D4C1,809,8,30kHz,992,-,4,1,-,-,New trans.,0,0,256QAM,168,1,44884,804,13,0,0,Pass,0,QPSK,1,16,2,0,15,30kHz,Re trans.,-,150,
20260725 15:30:35.897,24.831316,102.842684,5.40,1933,3,1,0.00,0.00,,,,,,,1,SA,460,00,中国移动,4456484,6443503628,1573121,12,Normal,-,1,41,100,100,504990,-,664,513000,513000,30kHz,503172,1099,-,ms20,Connected,SA,-0.8,5,1,-58,81,-61.8,-10.3,24.8,4,Not Barred,6,6312,-24.6,504990,664,-58.7;-65.8;-77.9;-69.4,-,25.7;19.4;255;255,15.7;28.1;255;255,-24.6;-34.3,4;4;5;0;1;7;7,489;664;664;664;664;665;663,-70;-60.9;-63.6;-78.5;-78.4;-86.1;-95.8,-19.4;-10.3;-10.3;-11.5;-11.5;-17.1;-22.4,255;255;255;255;255;255;255,1;0;0;0,504990;504990;504990;504990,664;489;665;663,4;4;7;7,-,4;1;1;1,-61.8;-71.4;-84.4;-95.8,-10.3;-19.9;-15.9;-22.4,24.8;255;255;255,0.3,1,0,QPSK,-,100,0,0,0,0.00,0.00,0.00,0.00,0,2,Rank 1,16,48,3,66,-,66,8,24.9,25,25,256QAM,0,SMDL,0,0,0,0.00,0.00,0.00,0.16,Rank 2,4,0,24,-,2 x 2,HandOver,44884,Free,17,FORMAT_0,418,57,Success,44884,2,-,-4,-8,2,-,24,-,1,3,-,-,-,-,-,-,-,-,-,-,-,-,-,Registered,Normal Service,9,269,18,D4A6D4C1,809,8,30kHz,992,-,4,1,-,-,New trans.,0,0,256QAM,168,1,44884,804,13,0,0,Pass,0,QPSK,1,16,2,0,15,30kHz,Re trans.,-,150,
20260725 15:30:36.910,24.831321,102.842701,6.77,1933,3,1,0.00,0.00,,,,,,,1,SA,460,00,中国移动,4456484,6443503628,1573121,12,Normal,-,1,41,100,100,504990,-,664,513000,513000,30kHz,503172,1099,-,ms20,Connected,SA,-0.8,6,1,-58,79,-60.3,-10.4,29,5,Not Barred,6,6312,-25.4,504990,664,-66.7;-61.8;-70.8;-64.4,-,26.7;27.7;255;255,18.4;23.7;255;255,-31.6;-25.4,5;5;4;3;2;0,489;664;664;664;664;665,-70.5;-60.3;-66.5;-73.8;-76;-83.4,-20.6;-10.4;-10.4;-10.7;-11.2;-13.6,255;255;255;255;255;255,1;0;0,504990;504990;504990,664;489;665,5;5;0,-,4;1;1,-60.3;-70.7;-82.9,-10.4;-20.1;-15.1,29;255;255,0.3,1,0,QPSK,-,100,0,0,0,0.00,0.00,0.00,0.00,0,2,Rank 1,16,48,1,66,-,66,8,25,31,25,256QAM,0,SMDL,0,0,0,0.00,0.00,0.00,0.00,Rank 2,4,84,19,-,2 x 2,HandOver,44884,Free,17,FORMAT_0,418,57,Success,44884,2,-,-9,-1,2,-,19,-,1,1,-,-,-,-,-,-,-,-,-,-,-,-,-,Registered,Normal Service,9,269,18,D4A6D4C1,1011,8,30kHz,992,-,4,1,-,-,New trans.,0,0,256QAM,151,1,44884,1006,13,0,0,Pass,0,QPSK,1,16,2,0,15,30kHz,Re trans.,-,150,
20260725 15:30:37.919,24.831317,102.842730,11.95,1933,3,1,0.00,0.00,,,,,,,1,SA,460,00,中国移动,4456484,6443503628,1573121,12,Normal,-,1,41,100,100,504990,-,664,513000,513000,30kHz,503172,1099,-,ms20,Connected,SA,-0.8,6,1,-58,79,-62.3,-10.4,26.2,5,Not Barred,6,6312,-28.5,504990,664,-64.3;-65.5;-78.7;-70.9,-,19.6;21.5;255;255,17.4;21.5;255;255,-29;-28.5,5;5;4;3;2;1,489;664;664;664;664;665,-72.7;-63.1;-63.2;-78.4;-78.4;-81.6,-19.7;-10.3;-10.5;-11.2;-11.7;-14.2,255;255;255;255;255;255,1;0;0,504990;504990;504990,664;489;665,5;5;1,-,4;1;1,-62.3;-71.9;-82,-10.4;-19.8;-14,26.2;255;255,0.3,1,0,QPSK,-,100,0,0,0,0.00,0.00,0.00,0.00,0,2,Rank 1,16,48,2,66,-,66,8,25,25,25,256QAM,0,SMDL,0,0,0,0.00,0.00,0.00,0.16,Rank 2,4,4,21,-,2 x 2,HandOver,44884,Free,17,FORMAT_0,418,57,Success,44884,2,-,-6,0,2,-,21,-,1,2,-,-,-,-,-,-,-,-,-,-,-,-,-,Registered,Normal Service,9,269,18,D4A6D4C1,104,18,30kHz,992,-,4,1,-,-,New trans.,0,0,256QAM,147,1,44884,1006,13,0,0,Pass,0,QPSK,1,16,2,0,15,30kHz,Re trans.,-,150,
20260725 15:30:38.930,24.831313,102.842767,14.58,1933,3,1,0.00,0.00,,,,,,,1,SA,460,00,中国移动,4456484,6443503628,1573121,12,Normal,-,1,41,100,100,504990,-,664,513000,513000,30kHz,503172,1099,-,ms20,Connected,SA,-0.8,6,1,-58,79,-63.2,-10.5,27.5,5,Not Barred,6,6312,-28,504990,664,-64.7;-67;-74.9;-75.9,-,25;27.5;255;255,18.6;22.8;255;255,-28;-29.1,5;5;4;3;1;1,489;664;664;664;664;665,-71.9;-62.5;-64.9;-78.1;-79.2;-76.1,-20;-10.3;-10.7;-11.5;-12.8;-12.4,255;255;255;255;255;255,1;0;0,504990;504990;504990,664;489;665,5;5;1,-,4;1;1,-63.2;-73.1;-77.2,-10.5;-19.8;-12.3,27.5;255;255,0.7,1,1,QPSK,-,100,0,0,0,0.00,0.00,0.00,0.00,0,1,Rank 1,17,52,3,66,-,66,8,24.8,25,25,256QAM,0,SMDL,0,0,0,0.00,0.00,0.00,0.01,Rank 2,4,48,12,-,2 x 2,HandOver,44884,Free,17,FORMAT_0,418,57,Success,44884,2,-,-10,0,2,-,12,-,1,2,-,-,-,-,-,-,-,-,-,-,-,-,-,Registered,Normal Service,9,269,18,D4A6D4C1,235,8,30kHz,992,-,4,1,-,-,New trans.,0,0,256QAM,148,1,44884,234,0,0,0,Pass,1,QPSK,1,16,2,0,15,30kHz,Re trans.,-,146,
20260725 15:30:39.936,24.831302,102.842801,13.86,1933,3,1,0.00,0.00,,,,,,,1,SA,460,00,中国移动,4456484,6443503628,1573121,12,Normal,-,1,41,100,100,504990,-,664,513000,513000,30kHz,503172,1099,-,ms20,Connected,SA,-0.8,6,1,-58,81,-66.6,-10.5,20.8,5,Not Barred,6,6312,-33.9,504990,664,-66.8;-66.3;-79.9;-68.6,-,22.2;18.2;255;255,13.9;20.1;255;255,-34.9;-33.9,5;5;4;1;0;4;0,489;664;664;664;664;665;663,-74.3;-66.3;-68.9;-81.8;-82.3;-80.8;-88.9,-19.4;-10.4;-10.9;-14.2;-14;-17.9;-18.2,255;255;255;255;255;255;255,1;0;0;0,504990;504990;504990;504990,664;489;665;663,5;5;4;0,-,4;1;1;1,-66.6;-74.5;-79.7;-88.9,-10.5;-19.6;-13;-18.2,20.8;255;255;255,1.5,5,1,QPSK,-,87.5,12.5,0,0,0.00,0.00,0.00,0.00,0,1,Rank 1,16,132,3,14,-,14,8,24.4,25,25,256QAM,0,SMDL,0,0,0,0.00,0.00,0.00,0.09,Rank 2,4,136,12,-,2 x 2,HandOver,44884,Free,17,FORMAT_0,418,57,Success,44884,2,-,-6,2,2,-,12,-,1,2,-,-,-,-,-,-,-,-,-,-,-,-,-,Registered,Normal Service,9,269,18,D4A6D4C1,246,18,30kHz,944,-,4,1,-,-,New trans.,0,0,256QAM,155,1,44884,321,15,0,4,Pass,0,QPSK,0,20,1,0,0,30kHz,Re trans.,-,754,
20260725 15:30:40.951,24.831287,102.842833,13.14,1933,3,1,0.00,0.00,,,,,,,1,SA,460,00,中国移动,4456484,6443503628,1573121,12,Normal,-,1,41,100,100,504990,-,664,513000,513000,30kHz,503172,1099,-,ms20,Connected,SA,-0.8,6,1,-58,83,-64.9,-10.8,11.7,5,Not Barred,6,6312,-29.8,504990,664,-65;-81.6;-72.6;-66.4,-,11.7;4.4;255;255,9.3;14;255;255,-29.8;-40;-39.1;-30.1,5;5;4;1;3;2;0,489;664;664;664;664;665;663,-72.9;-64.5;-71.9;-77;-77.3;-69;-117.2,-19.4;-10.6;-14;-16.4;-14.8;-10.7;-28.9,255;255;255;255;255;255;255,1;0;0;0,504990;504990;504990;504990,664;665;489;663,5;2;5;0,-,4;1;1;1,-64.9;-70.4;-73.1;-117.2,-10.8;-10.8;-19.5;-28.9,11.7;255;255;255,1.5,5,1,QPSK,-,87.5,12.5,0,0,0.00,0.00,0.01,0.01,0,1,Rank 1,16,132,6,69,-,69,8,25,31,25,256QAM,0,SMDL,0,0,0,0.00,0.00,0.00,0.25,Rank 2,4,136,35,-,2 x 2,HandOver,44884,Free,17,FORMAT_0,418,57,Success,44884,2,-,-12,0,2,-,35,-,1,5,-,-,-,-,-,-,-,-,-,-,-,-,-,Registered,Normal Service,9,269,18,D4A6D4C1,428,8,30kHz,944,-,4,1,-,-,New trans.,0,0,256QAM,171,1,44884,427,13,0,0,Pass,0,QPSK,0,16,1,0,15,30kHz,Re trans.,-,754,
20260725 15:30:41.965,24.831264,102.842862,15.08,1933,3,1,0.00,0.00,,,,,,,1,SA,460,00,中国移动,4456484,6443503628,1573121,12,Normal,-,1,41,100,100,504990,-,664,513000,513000,30kHz,503172,1099,-,ms20,Connected,SA,-0.8,6,1,-58,87,-70.3,-12.4,12.7,5,Not Barred,6,6312,-31.8,504990,664,-67.9;-69.2;-76.3;-82.7,-,2.6;12.9;255;255,19.1;16.3;255;255,-31.8;-35.1,5;5;4;1;3;1;7,489;664;664;664;664;665;663,-79.9;-69.7;-70.6;-79;-81;-68.8;-83.8,-20.3;-11;-14;-19.9;-16.6;-10.8;-19.7,255;255;255;255;255;255;255,1;0;0;0,504990;504990;504990;504990,664;665;489;663,5;1;5;7,-,4;1;1;1,-70.3;-69.1;-79.9;-84.2,-12.4;-11.4;-20.3;-19.8,12.7;255;255;255,1.5,5,1,QPSK,-,87.5,12.5,0,0,0.00,0.00,0.00,0.00,0,1,Rank 1,16,132,6,69,-,69,8,24.1,25,24,256QAM,0,SMDL,0,0,0,0.00,0.00,0.00,0.25,Rank 2,4,64,49,-,2 x 2,HandOver,44884,Free,17,FORMAT_0,418,57,Success,44884,2,-,-6,1,2,-,49,-,1,6,-,-,-,-,-,-,-,-,-,-,-,-,-,Registered,Normal Service,9,269,18,D4A6D4C1,500,8,30kHz,992,-,4,1,-,-,New trans.,0,0,256QAM,159,1,44884,429,13,0,0,Pass,1,QPSK,0,16,1,0,15,30kHz,Re trans.,-,754,
20260725 15:30:42.977,24.831232,102.842883,15.08,1933,3,1,0.00,0.00,,,,,,,1,SA,460,00,中国移动,4456484,6443503628,1573121,12,Normal,-,1,41,100,100,504990,-,664,513000,513000,30kHz,503172,1099,-,ms20,Connected,SA,-0.8,6,1,-58,88,-69.7,-12.3,10.2,5,Not Barred,6,6312,-26.5,504990,664,-64.8;-71.3;-76.6;-85.9,-,7.3;11.2;6.9;7.4,22.7;16;255;255,-26.5;-26.5,5;5;4;1;0;1;7,489;664;664;664;664;665;663,-76.7;-68.5;-73.6;-82.9;-81.6;-68.1;-117.4,-19.6;-11;-15.1;-20.9;-18.3;-10.8;-31.1,255;255;255;255;255;255;255,1;0;0;0,504990;504990;504990;504990,664;665;489;663,5;1;5;7,-,4;1;1;1,-69.7;-67.6;-76.7;-117.4,-12.3;-10.8;-19.6;-31.1,10.2;255;255;255,0.6,2,0,QPSK,-,100,0,0,0,0.00,0.00,0.00,0.00,0,2,Rank 1,16,112,6,14,-,14,8,22.3,25,22,256QAM,0,SMDL,0,0,0,0.00,0.00,0.01,0.11,Rank 2,4,36,49,-,2 x 2,HandOver,44884,Free,17,FORMAT_0,418,57,Success,44884,2,-,-2,-1,2,-,49,-,1,6,-,-,-,-,-,-,-,-,-,-,-,-,-,Registered,Normal Service,9,269,18,D4A6D4C1,539,18,30kHz,992,-,4,1,-,-,New trans.,0,0,256QAM,156,2,44884,577,15,0,4,Pass,0,QPSK,0,20,1,0,0,30kHz,Re trans.,-,514,
20260725 15:30:43.993,24.831198,102.842900,15.01,1934,3,1,0.00,0.00,,,,,,,1,SA,460,00,中国移动,4456484,6443503628,1573121,12,Normal,-,1,41,100,100,504990,-,664,513000,513000,30kHz,503172,1099,-,ms20,Connected,SA,-0.8,6,1,-58,80,-60.8,-10.5,18.1,5,Not Barred,6,6312,-24.1,504990,664,-59;-65.6;-74.3;-81.6,-,14.1;11.7;255;255,21.9;20.4;255;255,-24.1;-28.1,5;5;4;1;3;2;7,489;664;664;664;664;665;663,-70.8;-60.7;-70.1;-74.3;-78.8;-68.3;-80.3,-20.3;-10.5;-12.8;-14.8;-16.2;-10.5;-17.9,255;255;255;255;255;255;255,1;0;0;0,504990;504990;504990;504990,664;665;489;663,5;2;5;7,-,4;1;1;1,-60.8;-69.4;-70.8;-80.3,-10.5;-10.7;-20.3;-17.9,18.1;255;255;255,0.5,1,1,QPSK,-,100,0,0,0,0.00,0.00,0.00,0.00,0,2,Rank 1,18,72,3,66,-,66,8,24.8,25,25,256QAM,0,SMDL,0,0,0,0.00,0.00,0.01,0.06,Rank 2,4,76,9,-,2 x 2,HandOver,44884,Free,17,FORMAT_0,418,57,Success,44884,2,-,-8,-10,2,-,9,-,2,1,-,-,-,-,-,-,-,-,-,-,-,-,-,Registered,Normal Service,9,269,18,D4A6D4C1,683,8,30kHz,992,-,4,1,-,-,New trans.,0,0,256QAM,139,1,44884,678,13,0,0,Pass,0,QPSK,1,16,2,0,15,30kHz,Re trans.,-,160,
20260725 15:30:45.009,24.831163,102.842913,14.72,1934,3,1,0.00,0.00,,,,,,,1,SA,460,00,中国移动,4456484,6443503628,1573121,12,Normal,-,1,41,100,100,504990,-,664,513000,513000,30kHz,503172,1099,-,ms20,Connected,SA,-0.8,6,1,-58,85,-67.7,-10.7,13,5,Not Barred,6,6312,-24.6,504990,664,-76.5;-67.3;-82.8;-82.9,-,14.7;19;255;255,12.6;13.8;255;255,-24.6;-29.1,5;5;4;3;1;2;7;4,489;664;664;664;664;665;663;742,-74.7;-67.4;-75.1;-85.4;-82.5;-76.2;-88.9;-110.1,-20.2;-10.6;-12.2;-16.6;-15.8;-11.8;-19.5;-27.4,255;255;255;255;255;255;255;255,1;0;0;0;0,504990;504990;504990;504990;504990,664;489;665;663;742,5;5;2;7;4,-,4;1;1;1;1,-67.7;-74.7;-76.9;-88.9;-105.1,-10.7;-20.2;-11.9;-19.5;-24.7,13;255;255;255;255,0.5,1,1,QPSK,-,100,0,0,0,0.00,0.00,0.00,0.00,0,2,Rank 1,18,72,2,66,-,66,8,24.9,25,25,256QAM,0,SMDL,0,0,0,0.00,0.00,0.00,0.14,Rank 2,4,84,20,-,2 x 2,HandOver,44884,Free,17,FORMAT_0,418,57,Success,44884,2,-,-4,-3,2,-,20,-,2,2,-,-,-,-,-,-,-,-,-,-,-,-,-,Registered,Normal Service,9,269,18,D4A6D4C1,783,8,30kHz,992,-,4,1,-,-,New trans.,0,0,256QAM,155,1,44884,778,13,0,0,Pass,0,QPSK,1,16,2,0,15,30kHz,Re trans.,-,160,
20260725 15:30:46.022,24.831126,102.842921,15.59,1934,3,1,0.00,0.00,,,,,,,1,SA,460,00,中国移动,4456484,6443503628,1573121,12,Normal,-,1,41,100,100,504990,-,664,513000,513000,30kHz,503172,1099,-,ms20,Connected,SA,-0.8,6,1,-58,85,-63.4,-10.5,23,5,Not Barred,6,6312,-22.9,504990,664,-61.7;-69;-69.9;-71.2,-,23;13.9;18;21.4,13.3;4.4;255;255,-22.9;-44.6,5;5;4;1;0;6;7;3,489;664;664;664;664;665;663;742,-75.3;-63.3;-72.2;-77.9;-78.7;-80.3;-91.3;-86.9,-20.2;-10.4;-11.5;-12.8;-13.5;-11.6;-18.1;-17.1,255;255;255;255;255;255;255;255,1;0;0;0;0,504990;504990;504990;504990;504990,664;489;665;742;663,5;5;6;3;7,-,4;1;1;1;1,-63.4;-75.3;-79.6;-86.9;-91.3,-10.5;-20.2;-12.7;-17.1;-18.1,23;255;255;255;255,0.7,1,1,QPSK,-,100,0,0,0,0.00,0.00,0.00,0.00,0,1,Rank 1,16,48,2,14,-,14,8,24.9,25,25,256QAM,0,SMDL,0,0,0,0.00,0.00,0.00,0.16,Rank 2,4,44,21,-,2 x 2,HandOver,44884,Free,17,FORMAT_0,418,57,Success,44884,2,-,-4,-4,2,-,21,-,2,2,-,-,-,-,-,-,-,-,-,-,-,-,-,Registered,Normal Service,9,269,18,D4A6D4C1,861,18,30kHz,992,-,4,1,-,-,New trans.,0,0,256QAM,151,1,44884,897,15,0,4,Pass,0,QPSK,0,20,1,0,0,30kHz,Re trans.,-,201,
20260725 15:30:47.034,24.831086,102.842924,16.06,1934,3,1,0.00,0.00,,,,,,,1,SA,460,00,中国移动,4456484,6443503628,1573121,12,Normal,-,1,41,100,100,504990,-,664,513000,513000,30kHz,503172,1099,-,ms20,Connected,SA,-0.8,6,1,-58,83,-66.5,-10.6,17.6,5,Not Barred,6,6312,-31.3,504990,664,-69.8;-79.2;-74.5;-81.1,-,25.1;11.6;17.8;16.5,9.9;1.2;255;255,-31.3;-38.6,5;5;4;3;0;2;7;3;1;7,489;664;664;664;664;665;663;742;8;741,-77.7;-66.1;-75.4;-83;-82.6;-82.4;-92.1;-83.8;-86.9;-90.6,-20.2;-10.5;-11.9;-14.8;-13.8;-13.2;-17.4;-13;-16.2;-17.3,255;255;255;255;255;255;255;255;255;255,1;0;0;0;0;0;0,504990;504990;504990;504990;504990;504990;504990,664;489;665;742;8;741;663,5;5;2;3;1;7;7,-,4;1;1;1;1;1;1,-66.5;-77.7;-83;-84.4;-86.9;-90.6;-92.1,-10.6;-20.2;-13.8;-14.5;-16.2;-17.3;-17.4,17.6;255;255;255;255;255;255,0.1,1,0,QPSK,-,100,0,0,0,0.00,0.00,0.00,0.00,0,1,Rank 1,17,120,4,69,-,69,8,20.4,24,17,256QAM,0,SMDL,0,0,45.7,0.00,0.00,0.00,0.08,Rank 2,4,140,20,-,2 x 2,HandOver,44884,Free,17,FORMAT_0,418,57,Success,44884,2,-,2,0,2,-,20,-,1,3,-,-,-,-,-,-,-,-,-,-,-,-,-,Registered,Normal Service,9,269,18,D4A6D4C1,1022,8,30kHz,992,-,4,1,-,-,New trans.,0,0,256QAM,127,1,44884,1017,12,0,0,Pass,0,QPSK,0,16,1,0,15,30kHz,Re trans.,-,343,
20260725 15:30:48.050,24.831044,102.842923,16.92,1934,3,1,0.00,0.00,,,,,,,1,SA,460,00,中国移动,4456484,6443503628,1573121,12,Normal,-,1,41,100,100,504990,-,664,513000,513000,30kHz,503172,1099,-,ms20,Connected,SA,-0.8,5,1,-58,84,-66.6,-10.5,12.8,5,Not Barred,6,6312,-33.1,504990,664,-70.3;-76.1;-69.6;-78.4,-,12.8;9;255;255,2.7;1.8;255;255,-33.1;-33.4,5;5;4;3;2;3;7;3;1;7,489;664;664;664;664;665;663;742;8;741,-75.3;-66.4;-69.5;-83.7;-85.2;-83.4;-91.1;-79.4;-87.2;-107.5,-20;-10.5;-10.8;-15.7;-14.2;-16.6;-18.7;-12;-14.9;-25.8,255;255;255;255;255;255;255;255;255;255,1;0;0;0;0;0;0,504990;504990;504990;504990;504990;504990;504990,664;489;742;665;8;663;741,5;5;3;3;1;7;7,-,4;1;1;1;1;1;1,-66.6;-75.3;-80.9;-84.4;-87.2;-90.7;-107.5,-10.5;-20;-13.1;-14.5;-14.9;-18.6;-25.8,12.8;255;255;255;255;255;255,0.1,1,0,QPSK,-,100,0,0,0,0.00,0.00,0.00,0.00,0,1,Rank 1,17,120,4,42,-,42,8,24.7,31,25,256QAM,0,SMDL,0,0,0,0.00,0.00,0.00,0.21,Rank 2,4,220,37,-,2 x 2,HandOver,44884,Free,17,FORMAT_0,418,57,Success,44884,2,-,2,-2,2,-,37,-,1,3,-,-,-,-,-,-,-,-,-,-,-,-,-,Registered,Normal Service,9,269,18,D4A6D4C1,87,18,30kHz,992,-,4,1,-,-,New trans.,0,0,256QAM,148,1,44884,82,14,0,0,Pass,1,QPSK,0,16,2,0,15,30kHz,Re trans.,-,343,
20260725 15:30:49.057,24.830997,102.842912,19.08,1934,3,1,0.00,0.00,,,,,,,1,SA,460,00,中国移动,4456484,6443503628,1573121,12,Normal,-,1,41,100,100,504990,-,664,513000,513000,30kHz,503172,1099,-,ms20,Connected,SA,-0.8,5,1,-58,84,-65.4,-10.5,29.3,5,Not Barred,6,6312,-32.4,504990,664,-59.3;-73.7;-78.1;-75.9,-,29.3;11.7;255;255,6.9;-2.2;255;255,-33.5;-32.4,5;5;4;3;2;3;7;3;1;7,489;664;664;664;664;665;663;742;8;741,-70.3;-65.1;-69.1;-79;-82.6;-84.4;-88.7;-86;-89.3;-124.4,-19.5;-10.4;-10.8;-12.5;-12.6;-13.7;-19;-15.8;-15.5;-30.8,255;255;255;255;255;255;255;255;255;255,1;0;0;0;0;0;0,504990;504990;504990;504990;504990;504990;504990,664;489;742;665;663;8;741,5;5;3;3;7;1;7,-,4;1;1;1;1;1;1,-65.4;-70.3;-83.2;-85.2;-88.7;-89.3;-124.4,-10.5;-19.5;-15.4;-14;-19;-15.5;-30.8,29.3;255;255;255;255;255;255,0.9,4,0,QPSK,-,100,0,0,0,0.00,0.00,0.00,0.00,0,1,Rank 1,16,144,8,19,-,19,8,24.8,25,25,256QAM,0,SMDL,0,0,0,0.00,0.00,0.01,0.40,Rank 2,4,16,48,-,2 x 2,HandOver,44884,Free,17,FORMAT_0,418,57,Success,44884,2,-,4,-5,2,-,48,-,1,8,-,-,-,-,-,-,-,-,-,-,-,-,-,Registered,Normal Service,9,269,18,D4A6D4C1,197,18,30kHz,992,-,4,1,-,-,New trans.,0,0,256QAM,152,1,44884,193,15,0,4,Pass,0,QPSK,0,28,1,0,0,30kHz,Re trans.,-,789,
20260725 15:30:50.072,24.830951,102.842912,19.12,1934,3,1,0.00,0.00,,,,,,,1,SA,460,00,中国移动,4456484,6443503628,1573121,12,Normal,-,1,41,100,100,504990,-,664,513000,513000,30kHz,503172,1099,-,ms20,Connected,SA,-0.8,5,1,-58,84,-63.9,-10.5,21.6,5,Not Barred,6,6312,-28.6,504990,664,-68.9;-63.4;-80;-75.2,-,23.1;21.5;255;255,4.7;3.5;255;255,-28.6;-36.6,5;5;4;1;2;2;7;3;1;7,489;664;664;664;664;665;663;742;8;741,-72;-63.4;-71.6;-80.6;-80.7;-81.2;-117.5;-82.1;-86.5;-101.2,-20.6;-10.4;-11.3;-12.4;-13;-14.7;-29;-15.9;-17.2;-22.2,255;255;255;255;255;255;255;255;255;255,1;0;0;0;0;0;0,504990;504990;504990;504990;504990;504990;504990,664;489;665;742;8;741;663,5;5;2;3;1;7;7,-,4;1;1;1;1;1;1,-63.9;-72;-81.1;-82.6;-86.5;-101.2;-117.5,-10.5;-20.6;-14.2;-15.9;-17.2;-22.2;-29,21.6;255;255;255;255;255;255,0.9,4,0,QPSK,-,100,0,0,0,0.00,0.00,0.00,0.01,0,1,Rank 1,16,144,8,19,-,19,8,23.7,25,25,256QAM,0,SMDL,0,0,0,0.00,0.00,0.01,0.03,Rank 2,4,44,48,-,2 x 2,HandOver,44884,Free,17,FORMAT_0,418,57,Success,44884,2,-,4,-6,2,-,48,-,1,8,-,-,-,-,-,-,-,-,-,-,-,-,-,Registered,Normal Service,9,269,18,D4A6D4C1,197,18,30kHz,992,-,4,1,-,-,New trans.,0,0,256QAM,152,1,44884,193,15,0,4,Pass,0,QPSK,0,28,1,0,0,30kHz,Re trans.,-,789,
20260725 15:30:51.084,24.830899,102.842912,20.84,1934,3,1,0.00,0.00,,,,,,,1,SA,460,00,中国移动,4456484,6443503628,1573121,12,Normal,-,1,41,100,100,504990,-,664,513000,513000,30kHz,503172,1099,-,ms20,Connected,SA,-0.8,3,1,-58,82,-66.2,-10.7,11.6,5,Not Barred,6,6312,-31,504990,664,-72.8;-74;-75.9;-72.3,-,13.9;11.8;255;255,1.2;-1.5;255;255,-31;-37.3,5;5;4;3;6;2;7;3;1,489;664;664;664;664;665;741;742;8,-76.7;-66;-76.3;-83.2;-85.3;-84.5;-107.9;-79.4;-87.7,-20.8;-10.6;-13.6;-15.2;-12.9;-14.5;-24;-12;-16.9,255;255;255;255;255;255;255;255;255,1;0;0;0;0;0,504990;504990;504990;504990;504990;504990,664;489;742;665;8;741,5;5;3;2;1;7,-,4;1;1;1;1;1,-66.2;-76.7;-77;-84.5;-87.7;-107.9,-10.7;-20.8;-11.9;-15.3;-16.9;-24,11.6;255;255;255;255;255,0.5,1,1,QPSK,-,100,0,0,0,0.00,0.00,0.00,0.00,0,2,Rank 1,22,44,2,66,-,66,8,24.7,25,25,256QAM,0,SMDL,0,0,0,0.00,0.00,0.01,0.08,Rank 2,4,96,11,-,2 x 2,HandOver,44884,Free,17,FORMAT_0,418,57,Success,44884,2,-,2,-1,2,-,11,-,1,1,-,-,-,-,-,-,-,-,-,-,-,-,-,Registered,Normal Service,9,269,18,D4A6D4C1,374,18,30kHz,896,-,4,1,-,-,New trans.,0,0,256QAM,167,1,44884,370,0,0,0,Pass,1,QPSK,1,16,2,0,15,30kHz,Re trans.,-,85,
20260725 15:30:52.097,24.830846,102.842913,21.42,1934,3,1,0.00,0.00,,,,,,,1,SA,460,00,中国移动,4456484,6443503628,1573121,12,Normal,-,1,41,100,100,504990,-,664,513000,513000,30kHz,503172,1099,-,ms20,Connected,SA,-0.8,2,1,-58,82,-63.7,-10.5,23.2,5,Not Barred,6,6312,-26.8,504990,664,-57.1;-70.1;-82.5;-83.3,-,13.4;15;255;255,-0.2;-5.5;255;255,-26.8;-36.5,5;5;4;3;2;6;7;4;1,489;664;664;664;664;665;741;742;8,-71.9;-63.5;-73.7;-77.4;-81.2;-88.5;-115.5;-74.1;-83.3,-19.6;-10.4;-14.2;-13.5;-13.6;-16.5;-27.4;-11.4;-15.1,255;255;255;255;255;255;255;255;255,1;0;0;0;0;0,504990;504990;504990;504990;504990;504990,664;489;742;8;665;741,5;5;4;1;6;7,-,4;1;1;1;1;1,-63.7;-71.9;-75.2;-83.3;-87.6;-115.5,-10.5;-19.6;-11.5;-15.1;-16.8;-27.4,23.2;255;255;255;255;255,0.2,1,0,QPSK,-,100,0,0,0,0.00,0.00,0.00,0.00,0,1,Rank 1,18,92,5,69,-,69,7,24.9,25,25,256QAM,0,SMDL,0,0,0,0.00,0.00,0.00,0.18,Rank 2,4,52,36,-,2 x 2,HandOver,44884,Free,17,FORMAT_0,418,57,Success,44884,2,-,4,-6,2,-,36,-,1,5,-,-,-,-,-,-,-,-,-,-,-,-,-,Registered,Normal Service,9,269,18,D4A6D4C1,522,8,30kHz,944,-,4,1,-,-,New trans.,0,0,256QAM,176,1,44884,517,11,0,0,Pass,0,QPSK,0,16,1,0,15,30kHz,Re trans.,-,292,
20260725 15:30:53.110,24.830789,102.842919,23.58,1934,3,1,0.00,0.00,,,,,,,1,SA,460,00,中国移动,4456484,6443503628,1573121,12,Normal,-,1,41,100,100,504990,-,664,513000,513000,30kHz,503172,1099,-,ms20,Connected,SA,-0.8,2,1,-58,79,-62.3,-10.5,24.1,5,Not Barred,6,6312,-26.5,504990,664,-58.6;-66.9;-71.1;-74.2,-,23.3;11.9;255;255,-2.9;-6.5;255;255,-26.5;-31.8,5;5;4;3;2;2;6;3;1,489;664;664;664;664;665;741;742;8,-72.4;-62.2;-71.3;-81.3;-79.4;-84.4;-95.7;-74.6;-85.2,-19.7;-10.4;-12.4;-16.7;-13.5;-16.5;-21.2;-11.3;-18.4,255;255;255;255;255;255;255;255;255,1;0;0;0;0;0,504990;504990;504990;504990;504990;504990,664;489;742;8;665;741,5;5;3;1;2;6,-,4;1;1;1;1;1,-62.3;-72.4;-74.3;-85.2;-85.6;-90.4,-10.5;-19.7;-11.9;-18.4;-16.5;-18.2,24.1;255;255;255;255;255,0.2,1,0,QPSK,-,100,0,0,0,0.00,0.00,0.00,0.00,0,1,Rank 1,18,92,5,66,-,66,8,24.6,27,25,256QAM,0,SMDL,0,0,0,0.00,0.00,0.00,0.10,Rank 2,4,252,36,-,2 x 2,HandOver,44884,Free,17,FORMAT_0,418,57,Success,44884,2,-,0,-8,2,-,36,-,1,5,-,-,-,-,-,-,-,-,-,-,-,-,-,Registered,Normal Service,9,269,18,D4A6D4C1,602,18,30kHz,944,-,4,1,-,-,New trans.,0,0,256QAM,179,1,44884,598,0,0,0,Pass,0,QPSK,1,16,2,0,15,30kHz,Re trans.,-,292,
20260725 15:30:54.123,24.830730,102.842919,24.34,1934,3,1,0.00,0.00,,,,,,,1,SA,460,00,中国移动,4456484,6443503628,1573121,12,Normal,-,1,41,100,100,504990,-,664,513000,513000,30kHz,503172,1099,-,ms20,Connected,SA,-0.8,2,1,-58,86,-67.2,-11.5,10.5,5,Not Barred,6,6312,-30.4,504990,664,-67.5;-68.7;-81.8;-82.8,-,2.2;-0.5;255;255,-12.5;-25.3;255;255,-30.4;-31.8,5;5;4;1;2;2;1;3,489;664;664;664;664;665;741;742,-74.5;-67;-87.7;-106;-107.1;-84.2;-83.5;-62.2,-20.5;-11.3;-22.1;-25.5;-26.5;-20.7;-19.1;-10.4,255;255;255;255;255;255;255;255,1;0;0;0;0,504990;504990;504990;504990;504990,664;742;489;665;741,5;3;5;2;1,-,4;1;1;1;1,-67.2;-63;-74.5;-85.3;-86.3,-11.5;-10.5;-20.5;-20.7;-18.7,10.5;255;255;255;255,2.2,10,0,QPSK,-,81.3,18.8,0,0,0.01,0.00,0.07,0.07,5,2,Rank 1,31,497,17,106,-,106,8,24.7,31,25,256QAM,0,SMDL,0,0,0,0.00,0.00,0.03,0.52,Rank 2,4,288,90,-,2 x 2,HandOver,44884,Free,17,FORMAT_0,418,57,Success,44884,2,-,8,-2,2,-,90,-,1,16,-,-,-,-,-,-,-,-,-,-,-,-,-,Registered,Normal Service,9,269,18,D4A6D4C1,714,18,30kHz,944,-,4,1,-,-,New trans.,0,0,256QAM,180,1,44884,709,14,0,0,Pass,0,QPSK,2,16,2,0,15,30kHz,Re trans.,-,8371,
20260725 15:30:55.137,24.830602,102.842907,25.31,1934,3,1,0.00,0.00,,,,,,,1,SA,460,00,中国移动,4456484,6443503628,1573121,12,Normal,-,1,41,100,100,504990,-,742,513000,513000,30kHz,503172,1099,-,ms20,Connected,SA,-0.8,3,4,-58,78,-60.5,-10.5,20.3,3,Not Barred,6,6312,-24.4,504990,742,-58.6;-62.3;-71.8;-74.9,-,18.6;20.3;255;255,13.5;12.3;255;255,-24.4;-39.5;-36.3;-26.1,5;5;2;1;3;4;2;5,489;664;665;741;742;742;742;742,-93.5;-62.9;-81.9;-82.2;-59.6;-62;-69.5;-71.3,-26.3;-11.3;-20.3;-18.7;-10.4;-10.6;-10.8;-15.7,255;255;255;255;255;255;255;255,1;0;0;0;0,504990;504990;504990;504990;504990,742;664;741;489;665,3;5;1;5;2,-,4;1;1;1;1,-60.5;-62.9;-81.1;-93.5;-107.3,-10.5;-11.3;-18.2;-26.3;-28.2,20.3;255;255;255;255,4.3,28,0,QPSK,-,94.4,5.6,0,0,0.01,0.00,0.02,0.02,5,1,Rank 1,19,344,16,63,-,63,8,24.3,31,25,256QAM,0,SMDL,1.5,0,1.5,0.00,0.00,0.03,0.96,Rank 2,4,544,66,-,2 x 2,HandOver,13929,Free,17,FORMAT_0,262,127,Success,13929,4,-,-6,-19,-18,-,66,-,2,14,-,-,-,-,-,-,-,-,-,-,-,-,-,Registered,Normal Service,9,269,18,D4A6D4C1,803,19,30kHz,944,-,4,1,-,-,New trans.,0,0,256QAM,148,1,13929,778,14,0,0,Pass,0,QPSK,0,16,1,0,15,30kHz,Re trans.,-,2026,
20260725 15:30:56.153,24.830542,102.842903,23.00,1934,3,1,0.00,0.00,,,,,,,1,SA,460,00,中国移动,4456484,6443507723,1573122,11,Normal,-,1,41,100,100,504990,-,742,513000,513000,30kHz,503172,1099,-,ms20,Connected,SA,-0.8,2,4,-58,82,-66.6,-11,13.7,3,Not Barred,6,6312,-26.3,504990,742,-71.7;-65.3;-70.6;-81.7,-,7.1;20.4;255;255,2.1;13.5;255;255,-31.4;-49.6;-35.8;-26.3,5;5;4;1;3;4;2;6;7,489;664;665;741;742;742;742;742;663,-72;-62.6;-79.1;-85.5;-65.3;-68.7;-75.5;-79.6;-91.9,-19.8;-10.4;-21.7;-18.9;-10.6;-11.3;-11.6;-12;-22.4,255;255;255;255;255;255;255;255;255,1;0;0;0;0;0,504990;504990;504990;504990;504990;504990,742;664;489;665;741;663,3;5;5;4;1;7,-,4;1;1;1;1;1,-66.6;-62.6;-72;-83.7;-84.5;-91.4,-11;-10.4;-19.8;-20.8;-18.6;-21.3,13.7;255;255;255;255;255,0.8,4,0,QPSK,-,100,0,0,0,0.00,0.00,0.01,0.01,0,1,Rank 1,22,352,17,63,-,63,8,23.9,31,25,256QAM,0,SMDL,0,0,12.1,0.00,0.00,0.05,0.69,Rank 2,4,396,141,-,4 x 4,HandOver,13929,Free,17,FORMAT_0,262,127,Success,13929,4,-,-3,-9,-18,-,141,-,4,13,-,-,-,-,-,-,-,-,-,-,-,-,-,Registered,Normal Service,9,269,18,D4A6D4C1,932,9,30kHz,992,-,4,1,-,-,New trans.,0,1,256QAM,103,1,13929,925,3,0,0,Pass,0,QPSK,0,16,1,0,15,30kHz,Re trans.,-,1650,
20260725 15:30:57.159,24.830487,102.842904,20.92,1934,3,1,0.00,0.00,,,,,,,1,SA,460,00,中国移动,4456484,6443507723,1573122,11,Normal,-,1,41,100,100,504990,-,742,513000,513000,30kHz,503172,1099,-,ms20,Connected,SA,-0.8,2,4,-58,87,-68.8,-10.9,11.2,3,Not Barred,6,6312,-29.9,504990,742,-76.1;-72.5;-76.4;-94.1,-,4.8;10.7;11.2;-2.4,0.9;4.9;2.5;5,-29.9;-50.5;-44.3;-40.8,5;5;6;7;3;4;2;6;0,489;664;665;741;742;742;742;742;663,-79.2;-68.7;-98.6;-98.4;-68.1;-73.3;-79.7;-85.4;-93.4,-19.8;-10.7;-21;-19.5;-10.6;-11.5;-11.9;-12.7;-17.4,255;255;255;255;255;255;255;255;255,1;0;0;0;0;0,504990;504990;504990;504990;504990;504990,742;664;489;741;663;665,3;5;5;7;0;6,-,4;1;1;1;1;1,-68.8;-68.7;-79.2;-92.5;-93.5;-96,-10.9;-10.7;-19.8;-17.5;-17.8;-19.1,11.2;255;255;255;255;255,8.8,28,0,QPSK,-,100,0,0,0,0.00,0.05,0.01,0.01,30.8,3,Rank 1,20,272,13,145,-,145,8,24.4,31,25,256QAM,0,SMDL,0,0,0,0.04,0.04,0.07,1.08,Rank 2,4,600,138,-,4 x 4,HandOver,13929,Free,17,FORMAT_0,262,127,Success,13929,4,-,7,-13,-18,-,138,-,4,13,-,-,-,-,-,-,-,-,-,-,-,-,-,Registered,Normal Service,9,269,18,D4A6D4C1,4,19,30kHz,992,-,4,1,-,-,New trans.,0,0,256QAM,148,1,13929,1014,0,0,0,Pass,1,QPSK,2,16,3,0,15,30kHz,Re trans.,-,1022,
20260725 15:30:58.170,24.830436,102.842912,19.58,1934,3,1,0.00,0.00,,,,,,,1,SA,460,00,中国移动,4456484,6443507723,1573122,11,Normal,-,1,41,100,100,504990,-,742,513000,513000,30kHz,503172,1099,-,ms20,Connected,SA,-0.8,-1,4,-58,87,-68.6,-10.8,14.2,3,Not Barred,6,6312,-34.4,504990,742,-69.6;-80.7;-70;-87.4,-,-1;0.6;6.7;7.1,-1.6;-3.6;-0.8;-1.8,-34.4;-52.5;-38.4;-38.6,5;5;2;0;3;4;2;1;0,489;664;665;741;742;742;742;742;663,-73.3;-64;-105;-94;-68.2;-77.4;-79.5;-85.2;-90.5,-19.4;-10.5;-25.6;-18.4;-10.6;-12.9;-13.2;-15.8;-17,255;255;255;255;255;255;255;255;255,1;0;0;0;0;0,504990;504990;504990;504990;504990;504990,742;664;489;741;663;665,3;5;5;0;0;2,-,4;1;1;1;1;1,-68.6;-64;-73.3;-90.6;-91.8;-91.8,-10.8;-10.5;-19.4;-16.8;-17.1;-21.2,14.2;255;255;255;255;255,5.1,28,2,QPSK,-,85.7,9.5,4.8,0,0.06,0.01,0.09,0.09,9.5,1,Rank 1,24,516,21,63,-,63,8,24.7,27,25,256QAM,0,SMDL,0,0,0,0.00,0.00,0.06,1.20,Rank 2,4,648,234,-,4 x 4,HandOver,13929,Free,17,FORMAT_0,262,127,Success,13929,4,-,4,-10,-18,-,234,-,4,21,-,-,-,-,-,-,-,-,-,-,-,-,-,Registered,Normal Service,9,269,18,D4A6D4C1,105,18,30kHz,992,-,4,1,-,-,New trans.,0,0,256QAM,147,1,13929,103,3,0,0,Pass,0,QPSK,0,16,1,0,15,30kHz,Re trans.,-,11630,
20260725 15:30:59.185,24.830391,102.842929,18.47,1934,3,1,0.00,0.00,,,,,,,1,SA,460,00,中国移动,4456484,6443507723,1573122,11,Normal,-,1,41,100,100,504990,-,664,513000,513000,30kHz,503172,1099,-,ms20,Connected,SA,-0.8,-5,1,-58,79,-64.2,-10.4,26.1,5,Not Barred,6,6312,-31.6,504990,664,-68.6;-66.6;-64.7;-76.8,-,8;27.2;255;255,-9.6;0.3;255;255,-31.6;-33.8,5;5;2;4;1;2;0;3;0;1,489;664;664;664;664;665;741;742;663;8,-73.4;-64.2;-80.6;-76.5;-82.7;-117.9;-96.3;-66.9;-93.8;-107.1,-19.4;-10.4;-13;-11.9;-12.2;-30.4;-18.3;-10.6;-21.5;-26.6,255;255;255;255;255;255;255;255;255;255,1;0;0;0;0;0;0,504990;504990;504990;504990;504990;504990;504990,664;742;489;663;741;8;665,5;3;5;0;0;1;2,-,4;1;1;1;1;1;1,-64.2;-67.3;-73.4;-93.8;-94.5;-107.1;-118.7,-10.4;-10.8;-19.4;-19.3;-18.1;-26.6;-29.5,26.1;255;255;255;255;255;255,5.1,28,2,QPSK,-,85.7,9.5,4.8,0,0.06,0.01,0.02,0.02,18.8,1,Rank 1,24,516,22,69,-,69,7,21.7,31,25,256QAM,0,SMDL,1.4,4.3,18.8,0.00,0.00,0.01,0.79,Rank 2,4,552,108,-,2 x 2,HandOver,45016,Free,17,FORMAT_0,418,127,Success,45016,2,-,1,-17,-22,-,108,-,3,19,-,-,-,-,-,-,-,-,-,-,-,-,-,Registered,Normal Service,9,269,18,D4A6D4C1,173,19,30kHz,688,-,4,1,-,-,New trans.,0,1,64QAM,104,2,45016,169,4,0,0,Pass,1,QPSK,0,16,1,0,15,30kHz,Re trans.,-,11630,
20260725 15:31:00.197,24.830355,102.842964,20.09,1934,3,1,0.00,0.00,,,,,,,1,SA,460,00,中国移动,4456484,6443503628,1573121,12,Normal,-,1,41,100,100,504990,-,742,513000,513000,30kHz,503172,1099,-,ms20,Connected,SA,-0.8,1,4,-58,81,-65.2,-10.6,17.2,3,Not Barred,6,6312,-20.9,504990,742,-67.3;-73.2;-74.8;-87.5,-,24.7;13;255;255,10.7;9.9;255;255,-20.9;-34,5;5;6;7;3;4;2;1;0;3,489;664;665;741;742;742;742;742;663;743,-78.2;-69.1;-106.7;-85.6;-65.2;-77.9;-77.1;-83.4;-95.2;-132.1,-19.1;-10.5;-26;-13.4;-10.6;-11.9;-11.2;-13.6;-21.8;-34.1,255;255;255;255;255;255;255;255;255;255,1;0;0;0;0;0;0,504990;504990;504990;504990;504990;504990;504990,742;664;489;741;663;665;743,3;5;5;7;0;6;3,-,4;1;1;1;1;1;1,-65.2;-69.1;-78.2;-86.9;-95.3;-96.6;-131.8,-10.6;-10.5;-19.1;-15.1;-20.4;-21.6;-34.2,17.2;255;255;255;255;255;255,3.5,29,0,QPSK,-,90.3,9.7,0,0,0.06,0.01,0.01,0.01,0,1,Rank 1,21,664,10,63,-,63,8,22,31,25,256QAM,0,SMDL,2.9,0,27.5,0.00,0.00,0.03,0.40,Rank 2,4,276,56,-,2 x 2,HandOver,13708,Free,17,FORMAT_0,262,127,Success,13708,2,-,-3,-12,-15,-,56,-,2,8,-,-,-,-,-,-,-,-,-,-,-,-,-,Registered,Normal Service,9,269,18,D4A6D4C1,309,8,30kHz,992,-,4,1,-,-,New trans.,0,0,256QAM,179,1,13708,297,13,0,0,Pass,0,QPSK,0,16,1,0,15,30kHz,Re trans.,-,4230,
20260725 15:31:01.210,24.830333,102.843011,21.06,1934,3,1,0.00,0.00,,,,,,,1,SA,460,00,中国移动,4456484,6443503628,1573121,12,Normal,-,1,41,100,100,504990,-,742,513000,513000,30kHz,503172,1099,-,ms20,Connected,SA,-0.8,3,4,-58,73,-52.9,-10.4,23.8,3,Not Barred,6,6312,-17.5,504990,742,-52.3;-67.8;-63.4;-72.9,-,21.7;6.7;20.3;14,19.2;8.7;10.5;18,-17.5;-37.3;-28.9;-37,5;5;2;7;3;4;2;5;7;0,489;664;743;741;742;742;742;742;663;665,-88.8;-72.3;-84.7;-77.7;-52.9;-72.1;-73.6;-75.4;-104.1;-93.5,-22.2;-11.1;-18.2;-13.2;-10.4;-11.3;-11.3;-14.9;-27.5;-19.5,255;255;255;255;255;255;255;255;255;255,1;0;0;0;0;0;0,504990;504990;504990;504990;504990;504990;504990,742;664;741;743;489;663;665,3;5;7;2;5;7;0,-,4;1;1;1;1;1;1,-52.9;-72.3;-79.3;-84.7;-88.8;-88.8;-93.5,-10.4;-11.1;-14.7;-18.1;-22.2;-22.4;-19.5,23.8;255;255;255;255;255;255,3.1,28,0,QPSK,-,94.9,0,5.1,0,0.01,0.01,0.05,0.06,5.6,4,Rank 1,19,772,37,608,-,608,8,23.9,31,25,256QAM,0,SMDL,0,0,9.1,0.11,0.11,0.14,2.22,Rank 2,4,1268,292,-,4 x 4,HandOver,13708,Free,17,FORMAT_0,262,127,Success,13708,2,-,1,-17,-15,-,292,-,3,34,-,-,-,-,-,-,-,-,-,-,-,-,-,Registered,Normal Service,9,269,18,D4A6D4C1,407,8,30kHz,848,-,4,1,-,-,New trans.,0,0,256QAM,179,1,13708,406,0,0,0,Pass,1,16QAM,7,16,4,0,15,30kHz,Re trans.,-,7576,
20260725 15:31:02.219,24.830330,102.843065,20.45,1934,3,1,0.00,0.00,,,,,,,1,SA,460,00,中国移动,4456484,6443507723,1573122,11,Normal,-,1,41,100,100,504990,-,742,513000,513000,30kHz,503172,1099,-,ms20,Connected,SA,-0.8,2,4,-58,86,-68.2,-10.5,21,3,Not Barred,6,6312,-43.3,504990,742,-70.5;-73.7;-76.4;-95.6,-,20.4;10.9;255;255,12.9;6.7;255;255,-43.3;-49.6;-43.5;-49.5,5;5;0;1;3;2;0;4;0;0,489;664;743;741;742;742;742;742;663;665,-85.9;-76.4;-129.5;-112.5;-67.7;-75.7;-86.8;-80.8;-98.1;-154.9,-20;-10.7;-33;-24.7;-10.5;-10.6;-13;-11.4;-22.2;-42.6,255;255;255;255;255;255;255;255;255;255,1;0;0;0;0;0;0,504990;504990;504990;504990;504990;504990;504990,742;664;489;741;663;743;665,3;5;5;1;0;0;0,-,4;1;1;1;1;1;1,-68.2;-76.4;-85.9;-90.4;-96.3;-129.5;-154.9,-10.5;-10.7;-20;-14.2;-21.6;-33;-42.6,21;255;255;255;255;255;255,2.2,12,0,QPSK,-,77.1,20,2.9,0,0.06,0.06,0.10,0.10,0,1,Rank 1,17,612,36,63,-,63,15,24.1,31,25,256QAM,0,SMDL,0,0,1.5,0.02,0.02,0.19,1.53,Rank 2,4,872,234,-,4 x 4,HandOver,13708,Free,17,FORMAT_0,262,127,Success,13708,2,-,4,-11,-15,-,234,-,1,35,-,-,-,-,-,-,-,-,-,-,-,-,-,Registered,Normal Service,9,269,18,D4A6D4C1,511,8,30kHz,896,-,4,1,-,-,New trans.,0,0,256QAM,139,1,13708,505,13,0,0,Pass,1,QPSK,0,16,1,0,15,30kHz,Re trans.,-,12538,
20260725 15:31:03.230,24.830337,102.843117,19.55,1934,3,1,0.00,0.00,,,,,,,1,SA,460,00,中国移动,4456484,6443507723,1573122,11,Normal,-,1,41,100,100,504990,-,742,513000,513000,30kHz,503172,1099,-,ms20,Connected,SA,-0.8,1,4,-58,84,-63.5,-10.4,19.5,3,Not Barred,6,6312,-35.5,504990,742,-64.1;-66.8;-70.2;-76.1,-,18.4;13.4;18.1;4.1,9;10.2;8.8;5.2,-35.5;-52.3;-46;-45.1,5;5;0;1;3;2;4;1;0,489;664;8;741;742;742;742;742;663,-115.6;-80.1;-123;-86;-63.1;-72.4;-76.5;-77.9;-92.4,-29.6;-13.9;-29.4;-17.9;-10.4;-10.9;-11.2;-12.4;-21,255;255;255;255;255;255;255;255;255,1;0;0;0;0;0,504990;504990;504990;504990;504990;504990,742;664;741;663;489;8,3;5;1;0;5;0,-,4;1;1;1;1;1,-63.5;-80.1;-86.6;-92.4;-115.6;-123,-10.4;-13.9;-17.6;-21;-29.6;-29.4,19.5;255;255;255;255;255,3.1,19,0,QPSK,-,86.7,6.7,6.7,0,0.01,0.01,0.02,0.02,0,1,Rank 3,16,240,15,241,-,241,11,24.6,31,25,256QAM,0,SMDL,0,0,0.6,0.00,0.00,0.10,1.13,Rank 2,4,624,195,-,4 x 4,HandOver,13708,Free,17,FORMAT_0,262,127,Success,13708,2,-,0,-14,-15,-,195,-,1,15,-,-,-,-,-,-,-,-,-,-,-,-,-,Registered,Normal Service,9,269,18,D4A6D4C1,613,9,30kHz,944,-,4,1,-,-,New trans.,0,0,256QAM,139,1,13708,611,4,0,0,Pass,0,QPSK,28,64,4,0,15,30kHz,New trans.,-,2619,
20260725 15:31:04.242,24.830354,102.843169,20.66,1934,3,1,0.00,0.00,,,,,,,1,SA,460,00,中国移动,4456484,6443507723,1573122,11,Normal,-,1,41,100,100,504990,-,742,513000,513000,30kHz,503172,1099,-,ms20,Connected,SA,-0.8,1,4,-58,89,-71.1,-10.5,21.7,3,Not Barred,6,6312,-35.8,504990,742,-67.5;-74.1;-72.5;-83.9,-,13.6;15.7;255;255,10.1;10.6;255;255,-35.8;-39.5,1;5;0;7;3;2;1;4,834;664;663;741;742;742;742;742,-79.6;-80.5;-141.8;-88.6;-70.3;-75.9;-81;-82.5,-13.4;-11.4;-37.6;-13.7;-10.4;-10.8;-13.6;-11.5,255;255;255;255;255;255;255;255,1;0;0;0;0,504990;504990;504990;504990;504990,742;834;664;741;663,3;1;5;7;0,-,4;1;1;1;1,-71.1;-80.4;-80.5;-88.4;-141.8,-10.5;-13.5;-11.4;-16.4;-37.6,21.7;255;255;255;255,7.3,28,0,QPSK,-,100,0,0,0,0.00,0.00,0.01,0.01,25,1,Rank 1,28,228,8,66,-,66,8,24.8,31,25,256QAM,0,SMDL,0,0,0,0.00,0.00,0.03,1.01,Rank 2,4,552,121,-,2 x 2,HandOver,13708,Free,17,FORMAT_0,262,127,Success,13708,2,-,0,-5,-15,-,121,-,1,7,-,-,-,-,-,-,-,-,-,-,-,-,-,Registered,Normal Service,9,269,18,D4A6D4C1,713,8,30kHz,992,-,4,1,-,-,New trans.,0,0,256QAM,176,1,13708,710,3,0,0,Pass,0,QPSK,1,16,2,0,15,30kHz,Re trans.,-,1032,
20260725 15:31:05.256,24.830379,102.843222,22.03,1934,3,1,0.00,0.00,,,,,,,1,SA,460,00,中国移动,4456484,6443507723,1573122,11,Normal,-,1,41,100,100,504990,-,742,513000,513000,30kHz,503172,1099,-,ms20,Connected,SA,-0.8,2,2,-58,93,-74.4,-10.6,11.8,3,Not Barred,6,6312,-43.5,504990,742,-78;-81.9;-79.6;-83.1,-,19.5;12.8;255;255,6.7;7.9;255;255,-43.5;-46.6,1;5;3;2;0;4;7;0;1,834;664;742;742;742;742;741;806;8,-89.6;-81.5;-74.2;-75.5;-85.7;-84.3;-87.4;-139.6;-91.5,-16.4;-11.3;-10.6;-10.6;-12.9;-11.9;-14.1;-37;-15.5,255;255;255;255;255;255;255;255;255,1;0;0;0;0;0,504990;504990;504990;504990;504990;504990,742;664;741;834;8;806,3;5;7;1;1;0,-,4;1;1;1;1;1,-74.4;-81.5;-88.5;-89.4;-91.5;-139.6,-10.6;-11.3;-14.8;-17.3;-15.5;-37,11.8;255;255;255;255;255,7.3,28,0,QPSK,-,100,0,0,0,0.00,0.00,0.00,0.00,0,1,Rank 1,28,228,5,63,-,63,8,23.9,31,25,256QAM,0,SMDL,0,0,5.3,0.00,0.00,0.05,0.94,Rank 2,4,532,116,-,2 x 2,HandOver,13708,Free,17,FORMAT_0,262,127,Success,13708,2,-,3,-4,-15,-,116,-,1,5,-,-,-,-,-,-,-,-,-,-,-,-,-,Registered,Normal Service,9,269,18,D4A6D4C1,817,9,30kHz,992,-,4,1,-,-,New trans.,0,0,256QAM,116,1,13708,805,13,0,0,Pass,1,QPSK,0,16,1,0,15,30kHz,Re trans.,-,1032,
20260725 15:31:06.268,24.830403,102.843277,22.79,1934,3,1,0.00,0.00,,,,,,,1,SA,460,00,中国移动,4456484,6443507723,1573122,11,Normal,-,1,41,100,100,504990,-,742,513000,513000,30kHz,503172,1099,-,ms20,Connected,SA,-0.8,2,2,-58,94,-75.2,-10.7,11.3,3,Not Barred,6,6312,-41.8,504990,742,-76.9;-78.6;-92.5;-88.6,-,11.6;16.8;11;12.2,13.1;11.3;255;255,-41.8;-44.6,1;5;3;2;1;4;1;0;2,834;664;742;742;742;742;741;806;475,-83.8;-85.5;-74.9;-76.8;-83.7;-86;-90.2;-92.5;-108.7,-15.5;-12.4;-10.5;-10.7;-13.5;-12.3;-18.4;-18.1;-27.1,255;255;255;255;255;255;255;255;255,1;0;0;0;0;0,504990;504990;504990;504990;504990;504990,742;834;664;741;806;475,3;1;5;1;0;2,-,4;1;1;1;1;1,-75.2;-84.1;-85.6;-88.1;-92.5;-108.7,-10.7;-15.4;-12.5;-14.6;-18.1;-27.1,11.3;255;255;255;255;255,0.3,1,0,QPSK,-,100,0,0,0,0.00,0.00,0.00,0.00,0,1,Rank 1,16,116,3,42,-,42,8,24.7,31,25,256QAM,0,SMDL,0,0,0,0.00,0.00,0.01,0.63,Rank 2,4,340,104,-,2 x 2,HandOver,13708,Free,17,FORMAT_0,262,127,Success,13708,2,-,0,6,-15,-,104,-,1,2,-,-,-,-,-,-,-,-,-,-,-,-,-,Registered,Normal Service,9,269,18,D4A6D4C1,917,8,30kHz,896,-,4,1,-,-,New trans.,0,0,256QAM,140,1,13708,912,11,0,0,Pass,0,QPSK,0,16,2,0,15,30kHz,Re trans.,-,398,
20260725 15:31:07.275,24.830430,102.843334,23.76,1934,3,1,0.00,0.00,,,,,,,1,SA,460,00,中国移动,4456484,6443507723,1573122,11,Normal,-,1,41,100,100,504990,-,742,513000,513000,30kHz,503172,1099,-,ms20,Connected,SA,-0.8,2,2,-58,100,-81.4,-11,8.7,3,Not Barred,6,6312,-43.8,504990,742,-82.4;-90.6;-93;-99.5,-,12.9;8.9;255;255,9.6;11.2;255;255,-43.8;-47.6,0;5;3;2;1;4;1;0;2;3;0,834;664;742;742;742;742;741;873;475;743;8,-91.6;-88;-82.8;-81.1;-86.1;-86.5;-87.8;-112;-92.1;-105.8;-106.6,-15.5;-12.9;-11.7;-10.6;-11.7;-11.3;-15.5;-23.2;-21.3;-22.7;-22.3,255;255;255;255;255;255;255;255;255;255;255,1;0;0;0;0;0;0;0,504990;504990;504990;504990;504990;504990;504990;504990,742;664;741;834;475;743;8;873,3;5;1;0;2;3;0;0,-,4;1;1;1;1;1;1;1,-81.4;-88;-90.9;-91.8;-92.5;-105.8;-106.6;-112,-11;-12.9;-14.5;-15.8;-21.5;-22.7;-22.3;-23.2,8.7;255;255;255;255;255;255;255,0,0,0,QPSK,-,100,0,0,0,0.00,0.00,0.00,0.00,0,1,Rank 1,16,160,9,63,-,63,8,23.7,31,25,256QAM,0,SMDL,0,0,7.9,0.00,0.00,0.05,1.35,Rank 2,4,764,192,-,2 x 2,HandOver,13708,Free,17,FORMAT_0,262,127,Success,13708,2,-,6,6,-15,-,192,-,1,9,-,-,-,-,-,-,-,-,-,-,-,-,-,Registered,Normal Service,9,269,18,D4A6D4C1,1012,8,30kHz,896,-,4,1,-,-,New trans.,0,0,256QAM,180,1,13708,1011,13,0,0,Pass,1,QPSK,0,16,1,0,15,30kHz,Re trans.,-,588,
20260725 15:31:08.287,24.830456,102.843389,22.00,1934,3,1,0.00,0.00,,,,,,,1,SA,460,00,中国移动,4456484,6443507723,1573122,11,Normal,-,1,41,100,100,504990,-,742,513000,513000,30kHz,503172,1099,-,ms20,Connected,SA,-0.8,2,2,-58,99,-84.2,-11.2,12.4,3,Not Barred,6,6312,-45.1,504990,742,-80.9;-84.1;-88.3;-111.3,-,12.4;7.1;255;255,12.2;17.7;255;255,-45.1;-53.9,0;5;3;2;6;4;7;0;1;1;7;3,834;664;742;742;742;742;741;873;475;944;8;743,-122.3;-90.5;-84.2;-85.8;-90.9;-92.7;-93.3;-99.7;-92.7;-94.5;-94.5;-94.3,-28.6;-12.8;-11.2;-11.5;-12.1;-13.4;-14.2;-19.4;-16.7;-18.2;-15.3;-14.5,255;255;255;255;255;255;255;255;255;255;255;255,1;0;0;0;0;0;0;0;0,504990;504990;504990;504990;504990;504990;504990;504990;504990,742;664;475;743;8;741;944;873;834,3;5;1;3;7;7;1;0;0,-,4;1;1;1;1;1;1;1;1,-84.2;-90.9;-93.9;-94.3;-94.3;-94.3;-94.5;-99.7;-122.3,-11.2;-13.3;-17.2;-14.5;-15.1;-14.5;-18.2;-19.4;-28.6,12.4;255;255;255;255;255;255;255;255,0,0,0,QPSK,-,100,0,0,0,0.00,0.00,0.00,0.00,0,1,Rank 1,16,160,6,63,-,63,8,24,31,25,256QAM,0,SMDL,0,0,0,0.03,0.03,0.10,1.11,Rank 2,4,616,144,-,2 x 2,HandOver,13708,Free,17,FORMAT_0,262,127,Success,13708,2,-,8,1,-15,-,144,-,1,6,-,-,-,-,-,-,-,-,-,-,-,-,-,Registered,Normal Service,9,269,18,D4A6D4C1,80,18,30kHz,992,-,4,1,-,-,New trans.,0,0,256QAM,139,1,13708,54,3,0,0,Pass,0,QPSK,0,16,1,0,15,30kHz,Re trans.,-,588,
20260725 15:31:09.299,24.830478,102.843443,21.46,1935,3,1,0.00,0.00,,,,,,,1,SA,460,00,中国移动,4456484,6443507723,1573122,11,Normal,-,1,41,100,100,504990,-,742,513000,513000,30kHz,503172,1099,-,ms20,Connected,SA,-0.8,2,2,-58,101,-82.8,-10.6,13.7,3,Not Barred,6,6312,-48.4,504990,742,-85.2;-85.1;-88.3;-96.1,-,14;13;255;255,10.2;12.3;255;255,-48.4;-49.6,0;5;3;6;2;4;7;0;0;1;7,834;664;742;742;742;742;741;873;475;944;8,-137.6;-88.4;-82.5;-89.3;-85.6;-91.6;-97.5;-91.1;-96.5;-95.5;-90.5,-36.2;-12.9;-10.5;-11.1;-11.3;-12.1;-18.5;-14.4;-18.5;-19;-12.2,255;255;255;255;255;255;255;255;255;255;255,1;0;0;0;0;0;0;0,504990;504990;504990;504990;504990;504990;504990;504990,742;664;873;8;944;475;741;834,3;5;0;7;1;0;7;0,-,4;1;1;1;1;1;1;1,-82.8;-88.4;-91;-91.2;-95.5;-95.9;-98.4;-137.6,-10.6;-12.9;-14.4;-13.5;-19;-18.9;-19.4;-36.2,13.7;255;255;255;255;255;255;255,1.1,9,0,QPSK,-,91.7,8.3,0,0,0.00,0.00,0.01,0.01,0,2,Rank 1,16,192,8,63,-,63,8,24.5,31,25,256QAM,0,SMDL,0,0,0,0.00,0.00,0.04,0.75,Rank 2,4,416,122,-,2 x 2,HandOver,13708,Free,17,FORMAT_0,262,127,Success,13708,2,-,7,1,-15,-,122,-,1,8,-,-,-,-,-,-,-,-,-,-,-,-,-,Registered,Normal Service,9,269,18,D4A6D4C1,194,19,30kHz,944,-,4,1,-,-,New trans.,0,0,256QAM,108,1,13708,170,3,0,0,Pass,0,QPSK,0,16,1,0,15,30kHz,Re trans.,-,1169,
20260725 15:31:10.310,24.830496,102.843499,20.84,1935,3,1,0.00,0.00,,,,,,,1,SA,460,00,中国移动,4456484,6443507723,1573122,11,Normal,-,1,41,100,100,504990,-,742,513000,513000,30kHz,503172,1099,-,ms20,Connected,SA,-0.8,2,2,-58,101,-85,-10.9,13.6,3,Not Barred,6,6312,-44.8,504990,742,-83.3;-85;-89.4;-96.2,-,21;3.9;255;255,6;11.4;255;255,-44.8;-48.6,7;5;3;2;4;6;7;0;2;1;1;4,8;664;742;742;742;742;741;873;475;944;872;743,-91.5;-95;-84.1;-86.9;-93;-95.7;-106.9;-91.6;-95.8;-121.6;-95.9;-102,-12.2;-14.2;-10.6;-11.1;-12.4;-12.2;-20.9;-13.5;-19.5;-29.8;-15.6;-18.4,255;255;255;255;255;255;255;255;255;255;255;255,1;0;0;0;0;0;0;0;0,504990;504990;504990;504990;504990;504990;504990;504990;504990,742;873;8;475;664;872;743;741;944,3;0;7;2;5;1;4;7;1,-,4;1;1;1;1;1;1;1;1,-85;-92.1;-92.7;-95.7;-95.8;-95.9;-102;-103;-121.6,-10.9;-13.9;-13.8;-18.2;-14.7;-15.6;-18.4;-19.3;-29.8,13.6;255;255;255;255;255;255;255;255,0,0,0,QPSK,-,100,0,0,0,0.00,0.00,0.00,0.00,0,1,Rank 1,16,96,4,42,-,42,8,22,31,21,256QAM,0,SMDL,0,0,15.8,0.00,0.00,0.08,0.91,Rank 2,4,584,154,-,2 x 2,HandOver,13708,Free,17,FORMAT_0,262,127,Success,13708,2,-,6,6,-15,-,154,-,1,4,-,-,-,-,-,-,-,-,-,-,-,-,-,Registered,Normal Service,9,269,18,D4A6D4C1,297,19,30kHz,768,-,4,1,-,-,New trans.,0,1,256QAM,180,1,13708,291,13,0,0,Pass,0,QPSK,0,16,2,0,15,30kHz,Re trans.,-,357,
20260725 15:31:11.322,24.830513,102.843555,21.13,1935,3,1,0.00,0.00,,,,,,,1,SA,460,00,中国移动,4456484,6443507723,1573122,11,Normal,-,1,41,100,100,504990,-,742,513000,513000,30kHz,503172,1099,-,ms20,Connected,SA,-0.8,1,2,-58,102,-84.2,-10.7,20.2,3,Not Barred,6,6312,-46.5,504990,742,-88.8;-82.3;-89.2;-106.5,-,13.5;18.5;255;255,7.9;7.9;255;255,-50.4;-46.5,7;5;3;2;6;4;6;0;1;1,8;664;742;742;742;742;741;873;475;872,-90.2;-94.4;-83.6;-91.7;-95;-95.4;-137.9;-97.7;-94.7;-106.1,-11.5;-12.1;-10.6;-11.8;-12;-12.9;-34.2;-16.4;-15.4;-22.6,255;255;255;255;255;255;255;255;255;255,1;0;0;0;0;0;0,504990;504990;504990;504990;504990;504990;504990,742;8;664;873;475;872;741,3;7;5;0;1;1;6,-,4;1;1;1;1;1;1,-84.2;-91.1;-95.8;-96.4;-97.6;-106.1;-143.3,-10.7;-12.2;-13.2;-16;-16.5;-22.6;-37.3,20.2;255;255;255;255;255;255,0,0,0,QPSK,-,100,0,0,0,0.00,0.00,0.00,0.00,0,1,Rank 1,16,96,8,63,-,63,7,21.2,31,24,256QAM,0,SMDL,0,0,32.7,0.00,0.00,0.05,0.97,Rank 2,4,636,176,-,2 x 2,HandOver,13708,Free,17,FORMAT_0,262,127,Success,13708,2,-,6,8,-15,-,176,-,1,7,-,-,-,-,-,-,-,-,-,-,-,-,-,Registered,Normal Service,9,269,18,D4A6D4C1,394,19,30kHz,656,-,4,1,-,-,New trans.,0,0,64QAM,95,1,13708,369,14,0,0,Pass,1,QPSK,0,16,1,0,15,30kHz,Re trans.,-,357,
20260725 15:31:12.328,24.830530,102.843610,20.81,1935,3,1,0.00,0.00,,,,,,,1,SA,460,00,中国移动,4456484,6443507723,1573122,11,Normal,-,1,41,100,100,504990,-,742,513000,513000,30kHz,503172,1099,-,ms20,Connected,SA,-0.8,1,2,-58,103,-87.1,-11.1,12.7,3,Not Barred,6,6312,-47.3,504990,742,-85.1;-86.8;-92.4;-106.5,-,12.5;19.7;255;255,12.6;16;255;255,-49.4;-70.6;-56.8;-47.3,7;5;3;2;4;1;0;0;2;1;1,8;664;742;742;742;742;872;873;475;741;944,-87.4;-91.9;-86.4;-89.3;-92.2;-95.7;-94.6;-107;-95.5;-115.1;-98.6,-11.1;-11.9;-10.8;-11.7;-12.1;-16;-14;-21.9;-17.5;-25;-20.6,255;255;255;255;255;255;255;255;255;255;255,1;0;0;0;0;0;0;0,504990;504990;504990;504990;504990;504990;504990;504990,742;8;664;872;475;873;944;741,3;7;5;0;2;0;1;1,-,4;1;1;1;1;1;1;1,-87.1;-88.6;-91.9;-94.8;-95.7;-97.4;-98.6;-115.1,-11.1;-12;-11.9;-15.2;-17.5;-18;-20.6;-25,12.7;255;255;255;255;255;255;255,0,0,0,QPSK,-,100,0,0,0,0.00,0.00,0.00,0.00,0,1,Rank 1,16,164,4,63,-,63,8,20.9,31,20,256QAM,0,SMDL,0,0,36.8,0.00,0.00,0.07,0.84,Rank 2,4,576,126,-,2 x 2,HandOver,13708,Free,17,FORMAT_0,262,127,Success,13708,2,-,12,12,-15,-,126,-,1,4,-,-,-,-,-,-,-,-,-,-,-,-,-,Registered,Normal Service,9,269,18,D4A6D4C1,500,19,30kHz,944,-,4,1,-,-,New trans.,0,0,256QAM,115,1,13708,485,13,0,0,Pass,0,QPSK,0,16,1,0,15,30kHz,Re trans.,-,539,
20260725 15:31:13.339,24.830546,102.843665,20.88,1935,3,1,0.00,0.00,,,,,,,1,SA,460,00,中国移动,4456484,6443507723,1573122,11,Normal,-,1,41,100,100,504990,-,742,513000,513000,30kHz,503172,1099,-,ms20,Connected,SA,-0.8,1,2,-58,104,-85.4,-10.7,12.6,3,Not Barred,6,6312,-49.1,504990,742,-85.4;-89;-86.6;-93.6,-,4.6;15;255;255,14.6;11.3;255;255,-49.1;-57.4,7;5;3;2;4;1;1;0;1;4;7,8;664;742;742;742;742;872;873;475;743;741,-83.9;-95.9;-84.7;-92.4;-95.1;-98.6;-100.4;-115.9;-92.6;-104.4;-117.3,-11;-13.1;-10.5;-12.8;-12.8;-19.2;-19.6;-27.2;-13.1;-18.6;-27,255;255;255;255;255;255;255;255;255;255;255,1;0;0;0;0;0;0;0,504990;504990;504990;504990;504990;504990;504990;504990,742;8;664;475;872;743;873;741,3;7;5;1;1;4;0;7,-,4;1;1;1;1;1;1;1,-85.4;-84.9;-96;-96.2;-96.7;-104.4;-116.2;-117.3,-10.7;-11.3;-13.3;-16.5;-18.3;-18.6;-27.3;-27,12.6;255;255;255;255;255;255;255,0.3,2,0,QPSK,-,100,0,0,0,0.00,0.00,0.00,0.00,0,1,Rank 1,16,112,5,42,-,42,8,22.8,31,25,256QAM,0,SMDL,0,0,16.7,0.00,0.00,0.06,0.96,Rank 2,4,576,150,-,2 x 2,HandOver,13708,Free,17,FORMAT_0,262,127,Success,13708,2,-,7,17,-15,-,150,-,1,5,-,-,-,-,-,-,-,-,-,-,-,-,-,Registered,Normal Service,9,269,18,D4A6D4C1,605,9,30kHz,944,-,4,1,-,-,New trans.,0,0,256QAM,187,1,13708,592,11,0,0,Pass,1,QPSK,0,16,2,0,15,30kHz,Re trans.,-,463,
20260725 15:31:14.345,24.830565,102.843717,19.84,1935,3,1,0.00,0.00,,,,,,,1,SA,460,00,中国移动,4456484,6443507723,1573122,11,Normal,-,1,41,100,100,504990,-,8,513000,513000,30kHz,503172,1099,-,ms20,Connected,SA,-0.8,3,0,-60,82,-65,-10.4,28.8,7,Not Barred,6,6312,-23.9,504990,8,-58.9;-74.1;-87;-69.6,-,27.3;24.6;13.9;23.2,30.5;27;17.8;21,-23.9;-49;-36.1;-33,7;0;6;1;5;3;1;2,8;8;8;8;664;742;872;475,-64.9;-65.2;-73.5;-74.1;-134.2;-83.6;-89.3;-96.8,-10.4;-10.4;-10.5;-10.8;-32.2;-12.4;-22.1;-19.2,255;255;255;255;255;255;255;255,1;0;0;0;0,504990;504990;504990;504990;504990,8;742;872;475;664,7;3;1;2;5,-,4;1;1;1;1,-65;-84.7;-89.1;-97.9;-134.3,-10.4;-14.2;-22.2;-18;-32.3,28.8;255;255;255;255,0.3,2,0,QPSK,-,100,0,0,0,0.00,0.00,0.00,0.00,0,1,Rank 1,16,112,14,69,-,69,8,22.9,31,24,256QAM,0,SMDL,0,0,19,0.00,0.00,0.10,0.74,Rank 2,4,464,129,-,4 x 4,HandOver,46146,Free,17,FORMAT_0,726,127,Success,46146,10,-,2,-16,-6,-,129,-,2,12,-,-,-,-,-,-,-,-,-,-,-,-,-,Registered,Normal Service,9,269,18,D4A6D4C1,691,18,30kHz,848,-,4,1,-,-,New trans.,0,0,256QAM,251,1,46146,665,3,0,0,Pass,0,QPSK,0,16,1,0,15,30kHz,Re trans.,-,463,
20260725 15:31:15.356,24.830588,102.843764,19.30,1935,3,1,0.00,0.00,,,,,,,1,SA,460,00,中国移动,4456484,6443507723,1573122,11,Normal,-,1,41,100,100,504990,-,8,513000,513000,30kHz,503172,1099,-,ms20,Connected,SA,-0.8,3,0,-60,83,-70.6,-10.4,23.5,7,Not Barred,6,6312,-31.3,504990,8,-70.7;-75.3;-82;-76.4,-,20.1;23.5;255;255,22.2;25.8;255;255,-31.3;-39.6,7;0;6;1;5;3;1;1,8;8;8;8;664;742;872;475,-69.6;-70.6;-74.3;-74.8;-141.9;-85.8;-88.5;-140.9,-10.4;-10.4;-10.5;-10.7;-37;-12.4;-22.8;-37.9,255;255;255;255;255;255;255;255,1;0;0;0;0,504990;504990;504990;504990;504990,8;742;872;475;664,7;3;1;1;5,-,4;1;1;1;1,-70.6;-87.1;-87.6;-140.7;-141.9,-10.4;-13.9;-22.9;-37.8;-37,23.5;255;255;255;255,2.2,28,0,QPSK,-,100,0,0,0,0.00,0.00,0.02,0.02,5.6,2,Rank 1,22,468,14,106,-,106,8,22.6,31,20,256QAM,0,SMDL,1.2,0,9.9,0.00,0.00,0.10,1.02,Rank 2,4,644,129,-,2 x 2,HandOver,46146,Free,17,FORMAT_0,726,127,Success,46146,10,-,8,-9,-6,-,129,-,2,12,-,-,-,-,-,-,-,-,-,-,-,-,-,Registered,Normal Service,9,269,18,D4A6D4C1,749,8,30kHz,768,-,4,1,-,-,-,0,0,256QAM,251,1,46146,723,15,0,0,Pass,0,QPSK,2,16,2,0,15,30kHz,Re trans.,-,3109,
20260725 15:31:16.366,24.830612,102.843811,18.97,1936,3,1,0.00,0.00,,,,,,,1,SA,460,00,中国移动,4456484,6677397517,1630224,13,Normal,-,1,41,100,100,504990,-,8,513000,513000,30kHz,503172,1099,-,ms20,Connected,SA,-0.8,3,0,-60,90,-74,-10.5,22,7,Not Barred,6,6312,-44.6,504990,8,-72.2;-84.9;-94.3;-83.6,-,7;12.3;255;255,10.7;11.5;255;255,-44.6;-57.1,7;0;6;1;5;3;1;1,8;8;8;8;664;742;872;475,-72;-74.5;-79.9;-80.3;-102.6;-84.5;-102.5;-85,-10.4;-10.7;-10.8;-11.9;-20.1;-13.7;-21.6;-16.1,255;255;255;255;255;255;255;255,1;0;0;0;0,504990;504990;504990;504990;504990,8;475;742;872;664,7;1;3;1;5,-,4;1;1;1;1,-74;-85;-85.9;-102.5;-102.6,-10.5;-16.1;-14.8;-21.6;-20.1,22;255;255;255;255,1,2,2,QPSK,-,100,0,0,0,0.00,0.00,0.00,0.00,0,2,Rank 1,16,32,9,42,-,42,8,22,22,22,256QAM,0,SMDL,0,0,0,0.00,0.00,0.10,0.01,Rank 2,4,4,143,-,2 x 2,HandOver,46146,Free,17,FORMAT_0,726,127,Success,46146,10,-,18,-4,-6,-,143,-,2,9,-,-,-,-,-,-,-,-,-,-,-,-,-,Registered,Normal Service,9,269,18,D4A6D4C1,905,8,30kHz,848,-,4,1,-,-,New trans.,0,0,256QAM,251,1,46146,903,5,0,0,Pass,1,QPSK,0,16,2,0,15,30kHz,Re trans.,-,148,
20260725 15:31:17.373,24.830633,102.843860,20.02,1936,3,1,0.00,0.00,,,,,,,1,SA,460,00,中国移动,4456484,6677397517,1630224,13,Normal,-,1,41,100,100,504990,-,8,513000,513000,30kHz,503172,1099,-,ms20,Connected,SA,-0.8,3,0,-60,106,-87.8,-12.3,10.9,7,Not Barred,6,6312,-53.5,504990,8,-81.1;-95.4;-94.9;-98.7,-,6;5.9;3.4;8.4,14.2;9.2;11.4;5.6,-53.5;-70.6;-54.8;-54.6,7;0;1;6;5;3;1;1;1;5,8;8;8;8;664;742;872;475;944;476,-87.2;-88.6;-104.7;-100.7;-98.6;-86.8;-98;-87.3;-121.7;-120.3,-11.3;-13.7;-23.2;-17.4;-15.2;-10.7;-20.4;-12.4;-28.3;-27.7,255;255;255;255;255;255;255;255;255;255,1;0;0;0;0;0;0,504990;504990;504990;504990;504990;504990;504990,8;742;475;872;664;476;944,7;3;1;1;5;5;1,-,4;1;1;1;1;1;1,-87.8;-88.1;-89.1;-98;-100.1;-107.6;-121.7,-12.3;-11.6;-13.3;-20.4;-16.3;-22.2;-28.3,10.9;255;255;255;255;255;255,1,2,2,QPSK,-,100,0,0,0,0.00,0.00,0.00,0.00,0,2,Rank 1,16,32,13,19,-,19,6,19.2,31,17,64QAM,0,SMDL,0,0,80,0.00,0.00,0.04,0.49,Rank 2,5,370,116,-,4 x 4,HandOver,46146,Free,17,FORMAT_0,726,127,Success,46146,10,-,22,17,-6,-,116,-,1,12,-,-,-,-,-,-,-,-,-,-,-,-,-,Registered,Normal Service,9,269,18,D4A6D4C1,1005,18,30kHz,816,-,5,1,-,-,New trans.,0,0,64QAM,231,1,46146,961,17,0,4,Pass,0,QPSK,0,28,1,0,0,30kHz,Re trans.,-,148,
20260725 15:31:18.381,24.830651,102.843912,20.74,1936,3,1,0.00,0.00,,,,,,,1,SA,460,00,中国移动,4456484,6677397517,1630224,13,Normal,-,1,41,100,100,504990,-,8,513000,513000,30kHz,503172,1099,-,ms20,Connected,SA,-0.8,3,0,-60,106,-88.2,-11.8,10.9,7,Not Barred,6,6312,-52.4,504990,8,-88.7;-89.1;-92.8;-105.5,-,9.2;8.5;3;10.6,9;7.7;6.5;2.3,-52.4;-67.9;-57;-54.3,7;0;6;1;5;2;0;1;1;4,8;8;8;8;664;742;872;475;944;476,-87.1;-89.7;-97.6;-101.7;-99.8;-91.3;-99.3;-88.3;-95.4;-111.4,-10.8;-13.2;-14.8;-21.7;-15.5;-11.9;-20.5;-12.8;-18.4;-23.3,255;255;255;255;255;255;255;255;255;255,1;0;0;0;0;0;0,504990;504990;504990;504990;504990;504990;504990,8;475;742;944;872;664;476,7;1;2;1;0;5;4,-,4;1;1;1;1;1;1,-88.2;-90.1;-90.6;-95.4;-98.8;-100.8;-107.8,-11.8;-13.5;-11.7;-18.4;-20;-16.1;-22,10.9;255;255;255;255;255;255,0.5,4,0,QPSK,-,100,0,0,0,0.00,0.05,0.01,0.01,0,2,Rank 1,16,220,13,60,-,60,11,16.9,18,17,64QAM,0,SMDL,0,0,100,0.03,0.04,0.04,0.34,Rank 2,5,284,116,-,4 x 4,HandOver,46146,Free,17,FORMAT_0,726,127,Success,46146,10,-,22,20,-6,-,116,-,1,12,-,-,-,-,-,-,-,-,-,-,-,-,-,Registered,Normal Service,9,269,18,D4A6D4C1,80,9,30kHz,816,-,5,1,-,-,New trans.,0,1,64QAM,239,1,46146,60,11,0,0,Pass,1,QPSK,0,16,1,0,15,30kHz,Re trans.,-,1026,
20260725 15:31:19.392,24.830670,102.843966,20.99,1936,3,1,0.00,0.00,,,,,,,1,SA,460,00,中国移动,4456484,6677397517,1630224,13,Normal,-,1,41,100,100,504990,-,475,513000,513000,30kHz,503172,1099,-,ms20,Connected,SA,-0.8,0,4,-60,109,-88.9,-12.6,2.5,1,Not Barred,6,6312,-56.9,504990,475,-86.4;-90.9;0;0,-,1.4;2.5;255;255,4.2;3.8;255;255,-56.9;-60.8,7;5;3;1;1;0;2;4;0;2,8;664;742;872;475;475;475;475;944;476,-91.2;-101.1;-88.3;-91.5;-87.5;-89.6;-93.7;-96.6;-96.9;-101.8,-11.8;-16.3;-10.6;-15;-12.2;-13.4;-12.3;-13.6;-18.2;-19.2,255;255;255;255;255;255;255;255;255;255,1;0;0;0;0;0;0,504990;504990;504990;504990;504990;504990;504990,475;742;8;872;944;476;664,1;3;7;1;0;2;5,-,4;1;1;1;1;1;1,-88.9;-88.3;-91.6;-91.6;-96.4;-101.4;-101.8,-12.6;-10.6;-13.1;-15.6;-18.2;-17.8;-17.1,2.5;255;255;255;255;255;255,3,12,2,QPSK,-,83.3,8.3,8.3,0,0.06,0.01,0.08,0.08,0,1,Rank 1,38,465,11,864,-,864,5,17.4,30,17,64QAM,0,SMDL,0,0,100,0.00,0.00,0.03,0.56,Rank 2,5,455,84,-,2 x 2,HandOver,46146,Free,17,FORMAT_0,726,127,Success,46146,10,-,22,22,-6,-,84,-,1,11,-,-,-,-,-,-,-,-,-,-,-,-,-,Registered,Normal Service,9,269,18,D4A6D4C1,177,19,30kHz,704,-,5,1,-,-,New trans.,0,0,64QAM,199,1,46146,178,0,0,0,Pass,0,QPSK,4,48,1,0,14,30kHz,Re trans.,-,10370,
20260725 15:31:20.405,24.830689,102.844018,20.81,1936,3,1,0.00,0.00,,,,,,,1,SA,460,00,中国移动,4456484,6453981196,1575679,12,Normal,-,1,41,100,100,504990,-,475,513000,513000,30kHz,503172,1099,-,ms20,Connected,SA,-0.8,-6,4,-60,108,-90.8,-13,3.8,1,Not Barred,6,6312,-48.3,504990,475,-97;-89.5;-89;-98.2,-,-2.2;3.7;3.6;3.8,10.4;13.2;14.1;9.6,-48.3;-59.5;-50.6;-48.5,7;5;3;0;1;0;2;7;0;2,8;664;742;872;475;475;475;475;944;476,-94;-100.4;-95.2;-87.2;-89.4;-90.9;-93.8;-100.1;-108.3;-100.7,-12.1;-14.8;-11.4;-11.9;-12.9;-14.4;-12.1;-16.1;-24.2;-17.5,255;255;255;255;255;255;255;255;255;255,1;0;0;0;0;0;0,504990;504990;504990;504990;504990;504990;504990,475;872;8;742;944;476;664,1;0;7;3;0;2;5,-,4;1;1;1;1;1;1,-90.8;-86.6;-94.1;-97.1;-98.9;-101.5;-102,-13;-11.9;-14.1;-13.2;-19.8;-16;-16.6,3.8;255;255;255;255;255;255,3,12,2,QPSK,-,83.3,8.3,8.3,0,0.06,0.01,0.01,0.01,0,1,Rank 2,38,465,20,269,-,269,11,20.7,31,31,64QAM,0,SMDL,1.6,0,59.8,0.00,0.00,0.22,0.82,Rank 2,5,606,121,-,4 x 4,HandOver,26096,Free,17,FORMAT_0,249,127,Success,26096,5,-,19,5,4,-,121,-,2,18,-,-,-,-,-,-,-,-,-,-,-,-,-,Registered,Normal Service,9,269,18,D4A6D4C1,246,18,30kHz,992,-,5,1,-,-,-,0,0,256QAM,175,1,26096,258,11,0,2,Pass,0,QPSK,2,48,1,0,0,30kHz,Re trans.,-,10370,
20260725 15:31:21.417,24.830709,102.844072,21.02,1936,3,1,0.00,0.00,,,,,,,1,SA,460,00,中国移动,4456484,6677397517,1630224,13,Normal,-,1,41,100,100,504990,-,475,513000,513000,30kHz,503172,1099,-,ms20,Connected,SA,-0.8,-4,4,-60,104,-88,-12.9,2.2,1,Not Barred,6,6312,-47.6,504990,475,-85.6;-90.3;-97.1;-110.2,-,-0.8;-4.3;-7.7;-2.8,7.1;11.9;9.8;8.7,-48.8;-64.5;-47.6;-49,7;5;3;0;1;0;2;4;1;6,8;664;742;872;475;475;475;475;944;476,-93.6;-97.5;-94.9;-85;-86.7;-89.6;-92.6;-96.4;-87;-102.4,-12.2;-12.9;-11.4;-12.3;-12.7;-13.9;-11.5;-12.4;-13.3;-15.8,255;255;255;255;255;255;255;255;255;255,1;0;0;0;0;0;0,504990;504990;504990;504990;504990;504990;504990,475;872;944;8;742;664;476,1;0;1;7;3;5;6,-,4;1;1;1;1;1;1,-88;-85.7;-87;-94.1;-95.8;-97.9;-102.7,-12.9;-12.9;-13.3;-14.6;-13;-13.4;-17.5,2.2;255;255;255;255;255;255,0.6,4,0,QPSK,-,100,0,0,0,0.00,0.00,0.02,0.02,5.6,1,Rank 2,21,532,10,69,-,69,11,22.2,31,20,256QAM,0,SMDL,0,0,13.4,0.00,0.00,0.06,0.52,Rank 2,5,335,83,-,4 x 4,HandOver,26096,Free,17,FORMAT_0,249,127,Success,26096,5,-,22,3,4,-,83,-,1,9,-,-,-,-,-,-,-,-,-,-,-,-,-,Registered,Normal Service,9,269,18,D4A6D4C1,363,8,30kHz,704,-,5,1,-,-,New trans.,0,0,64QAM,175,1,26096,358,3,0,0,Pass,0,QPSK,0,16,1,0,14,30kHz,Re trans.,-,3389,
20260725 15:31:22.430,24.830727,102.844126,20.84,1936,3,1,0.00,0.00,,,,,,,1,SA,460,00,中国移动,4456485,6677397517,1630224,13,Normal,-,1,41,100,100,504990,-,872,513000,513000,30kHz,503172,1099,-,ms20,Connected,SA,-0.8,-2,3,-60,109,-85.6,-12,2.6,1,Not Barred,6,6312,-44.4,504990,872,-90.8;-85.5;-95.6;-85,-,-2.2;2.6;-0.9;-1.5,7.1;3.4;-0;1,-47.9;-61.8;-48.9;-44.4,7;5;3;1;0;1;1;4,8;664;742;872;872;475;944;476,-94.2;-100.7;-93.2;-85.9;-86.1;-88;-96.3;-103.5,-13.4;-17.4;-11.2;-12.3;-12;-13.3;-17.7;-17.8,255;255;255;255;255;255;255;255,1;0;0;0;0;0;0,504990;504990;504990;504990;504990;504990;504990,872;475;742;944;8;664;476,1;1;3;1;7;5;4,-,2;1;1;1;1;1;1,-85.6;-89.4;-94;-94.3;-94.8;-102.2;-103.6,-12;-13.8;-12.2;-17.4;-15.3;-17;-18,2.6;255;255;255;255;255;255,2.8,28,0,QPSK,-,100,0,0,0,0.00,0.00,0.00,0.00,0,1,Rank 1,17,196,14,169,-,169,12,20.3,31,25,256QAM,0,SMSL,1.3,3.9,42.1,0.00,0.00,0.06,0.40,Rank 1,4,355,67,-,4 x 4,HandOver,56774,Free,17,FORMAT_0,256,127,Success,56774,2,-,17,9,6,-,67,-,3,11,-,-,-,-,-,-,-,-,-,-,-,-,-,Registered,Normal Service,9,269,18,E777F060,445,18,30kHz,912,-,4,1,-,-,-,0,1,256QAM,199,1,56774,465,2,0,2,Pass,0,QPSK,0,48,1,0,2,30kHz,Re trans.,-,908,
20260725 15:31:23.441,24.830741,102.844181,21.10,1936,3,1,0.00,0.00,,,,,,,1,SA,460,00,中国移动,4456485,6453981196,1575679,12,Normal,-,1,41,100,100,504990,-,872,513000,513000,30kHz,503172,1099,-,ms20,Connected,SA,-0.8,3,3,-60,102,-78.6,-11.5,6.9,1,Not Barred,6,6312,-38.4,504990,872,-78.3;-83.5;-95;-83.5,-,7.4;7;-0.2;-1.9,14.3;12.1;9.1;-0.7,-38.4;-56.8;-44;-43.4,6;6;4;1;0;1;1;5,8;664;742;872;872;475;944;476,-116.9;-98.4;-96.7;-80.9;-78.7;-86.9;-105.2;-101.7,-23.7;-13;-14.9;-12.3;-11.1;-17.3;-23.9;-18,255;255;255;255;255;255;255;255,1;0;0;0;0;0;0,504990;504990;504990;504990;504990;504990;504990,872;475;742;664;8;476;944,1;1;4;6;6;5;1,-,2;1;1;1;1;1;1,-78.6;-87.9;-97.9;-99.4;-100.4;-102.2;-105.6,-11.5;-14.7;-15.1;-14.4;-15.9;-17.7;-24.2,6.9;255;255;255;255;255;255,0.8,4,0,QPSK,-,100,0,0,0,0.00,0.00,0.02,0.02,0,1,Rank 1,22,520,16,14,-,14,12,25.9,31,31,256QAM,0,SMDL,0,0,36.7,0.00,0.00,0.06,0.38,Rank 2,4,304,92,-,4 x 4,HandOver,56774,Free,17,FORMAT_0,256,127,Success,56774,2,-,9,4,6,-,92,-,3,13,-,-,-,-,-,-,-,-,-,-,-,-,-,Registered,Normal Service,9,269,18,E777F060,576,19,30kHz,512,-,4,1,-,-,New trans.,0,1,64QAM,199,1,56774,577,11,0,4,Pass,0,QPSK,0,20,1,0,0,30kHz,Re trans.,-,2974,
20260725 15:31:24.455,24.830757,102.844238,21.71,1936,3,1,0.00,0.00,,,,,,,1,SA,460,00,中国移动,4456485,6453981196,1575679,12,Normal,-,1,41,100,100,504990,-,872,513000,513000,30kHz,503172,1099,-,ms20,Connected,SA,-0.8,2,3,-60,109,-86.5,-13.1,2.7,1,Not Barred,6,6312,-48.4,504990,872,-87.5;-92;-105.1;-92.8,-,0.9;-10.2;-2.7;-6.9,9.6;4.3;5.6;-1,-48.4;-65.6;-49.6;-50.3,7;5;3;1;0;1;1;4,8;664;742;872;872;475;944;476,-98.4;-101.4;-94.5;-86.3;-89.8;-86.4;-94.1;-102.6,-13.6;-17.1;-12.3;-13.2;-13.9;-12.8;-18.4;-17.6,255;255;255;255;255;255;255;255,1;0;0;0;0;0;0,504990;504990;504990;504990;504990;504990;504990,872;475;742;944;8;476;664,1;1;3;1;7;4;5,-,2;1;1;1;1;1;1,-86.5;-87.4;-94.9;-95.1;-98.6;-102.1;-102.5,-13.1;-12.6;-13.4;-18.6;-13.9;-16.8;-17.4,2.7;255;255;255;255;255;255,0.4,2,0,QPSK,-,100,0,0,0,0.00,0.00,0.00,0.00,0,1,Rank 1,16,148,8,69,-,69,11,18.7,30,30,64QAM,0,SMDL,0,1,95.9,0.00,0.00,0.29,0.59,Rank 2,34,588,115,-,4 x 4,HandOver,56774,Free,17,FORMAT_0,256,127,Success,56774,2,-,22,13,6,-,115,-,1,7,-,-,-,-,-,-,-,-,-,-,-,-,-,Registered,Normal Service,9,269,18,E777F060,681,8,30kHz,2178,-,34,1,-,-,New trans.,0,0,64QAM,127,1,56774,676,3,0,0,Pass,1,QPSK,0,16,1,0,15,30kHz,Re trans.,-,640,
20260725 15:31:25.467,24.830779,102.844293,21.56,1937,3,1,0.00,0.00,,,,,,,1,SA,460,00,中国移动,4456485,6679580732,1630757,60,Normal,-,1,41,100,100,504990,-,872,513000,513000,30kHz,503172,1099,-,ms20,Connected,SA,-0.8,1,3,-60,111,-88.3,-15.4,-6,1,Not Barred,6,6312,-46.9,504990,872,-97;-156;-108.1;-104.4,-,2.9;-17.8;-1.1;-30.1,8.5;-0.1;2;-1.6,-49.6;-65.1;-50.6;-46.9,7;4;4;1;0;1;1;5,8;664;742;872;872;475;944;476,-95.4;-118.7;-100.1;-89.3;-90.1;-87.2;-100;-101.6,-12.1;-26.8;-15.5;-17.1;-15.4;-11.6;-21.1;-15.8,255;255;255;255;255;255;255;255,1;0;0;0;0;0;0,504990;504990;504990;504990;504990;504990;504990,872;475;8;944;742;476;664,1;1;7;1;4;5;4,-,2;1;1;1;1;1;1,-88.3;-88.4;-96.6;-97.1;-98.3;-100.9;-107.1,-15.4;-11.7;-12.7;-20;-14;-14.5;-21.5,-6;255;255;255;255;255;255,0.4,2,0,QPSK,-,100,0,0,0,0.00,0.00,0.01,0.01,0,1,Rank 1,16,148,8,60,-,60,11,14.4,30,12,64QAM,0,SMSL,0,16.1,83.2,0.00,0.00,0.29,1.43,Rank 1,20,2782,115,-,4 x 4,HandOver,56774,Free,17,FORMAT_0,256,127,Success,56774,2,-,20,16,6,-,115,-,1,7,-,-,-,-,-,-,-,-,-,-,-,-,-,Registered,Normal Service,9,269,18,E777F060,745,18,30kHz,1185,-,20,1,-,-,New trans.,0,0,64QAM,147,1,56774,740,11,0,0,Pass,1,QPSK,0,16,1,0,15,30kHz,Re trans.,-,640,
20260725 15:31:26.479,24.830812,102.844338,20.88,1937,3,1,0.00,0.00,,,,,,,1,SA,460,00,中国移动,4456485,6679580732,1630757,60,Normal,-,1,41,100,100,504990,-,872,513000,513000,30kHz,503172,1099,-,ms20,Connected,SA,-0.8,2,3,-60,115,-89.2,-15.5,-7.7,1,Not Barred,6,6312,-48.9,504990,872,-92.1;-115.9;-150;-92.3,-,-12.5;-2.3;-4.4;-12,11.4;6.9;3.1;6.8,-48.9;-72.1;-57.1;-50.6,7;6;3;1;0;1;1;2,8;664;742;872;872;475;944;476,-96.6;-143.1;-103.1;-91.2;-88.3;-85.9;-125.3;-98.1,-15.7;-37.7;-16;-17.1;-14.5;-11.4;-26.2;-18.2,255;255;255;255;255;255;255;255,1;0;0;0;0;0;0,504990;504990;504990;504990;504990;504990;504990,872;475;8;476;742;944;664,1;1;7;2;3;1;6,-,2;1;1;1;1;1;1,-89.2;-87.1;-98.1;-98.3;-103.2;-125.1;-141.8,-15.5;-11.7;-16.1;-16.9;-16.3;-26.1;-37,-7.7;255;255;255;255;255;255,0.3,2,0,QPSK,-,100,0,0,0,0.00,0.00,0.00,0.00,0,1,Rank 1,16,192,13,69,-,69,11,7.9,10,8,16QAM,0,SMSL,0,100,0,0.00,0.00,0.05,0.22,Rank 1,28,743,119,-,4 x 4,HandOver,56774,Free,17,FORMAT_0,256,127,Success,56774,2,-,23,25,6,-,119,-,1,13,-,-,-,-,-,-,-,-,-,-,-,-,-,Registered,Normal Service,9,269,18,E777F060,882,18,30kHz,453,-,28,1,-,-,New trans.,0,0,QPSK,147,1,56774,877,13,0,0,Pass,0,QPSK,0,16,1,0,14,30kHz,Re trans.,-,886,
20260725 15:31:27.491,24.830812,102.844338,20.88,1937,3,1,0.00,0.00,,,,,,,1,SA,460,00,中国移动,4456484,6679580732,1630757,60,Normal,-,1,41,100,100,504990,-,475,513000,513000,30kHz,503172,1099,-,ms20,Connected,SA,-0.8,3,4,-60,100,-84,-11.2,17.1,1,Not Barred,6,6312,-44.4,504990,475,-76.5;-81.9;-92.9;-107.6,-,-0.7;11.5;7.3;7.9,14.3;16.9;13.8;6,-45.6;-72.9;-44.4;-52.8,7;5;0;1;1;0;2;5;1;5,8;476;742;872;475;475;475;475;944;664,-91.3;-97.1;-88.8;-104;-82.7;-83.8;-87.1;-90;-107;-156,-14.2;-14.6;-15;-22.5;-11.1;-11.5;-10.8;-11.8;-22.8;-43,255;255;255;255;255;255;255;255;255;255,1;0;0;0;0;0;0,504990;504990;504990;504990;504990;504990;504990,475;742;8;476;872;944;664,1;0;7;5;1;1;5,-,4;1;1;1;1;1;1,-84;-91;-92.8;-97.8;-104;-107;-147.2,-11.2;-14.4;-14;-15.2;-22.5;-22.8;-39,17.1;255;255;255;255;255;255,0.7,2,0,QPSK,-,100,0,0,0,0.00,0.00,0.00,0.00,0,1,Rank 2,16,96,6,69,-,69,10,7.3,25,2,QPSK,0,SMSL,73.1,2.6,1.3,0.00,0.00,0.00,0.22,Rank 1,4,1771,50,-,4 x 4,HandOver,24962,Free,17,FORMAT_0,249,127,Success,24962,5,-,12,0,-1,-,50,-,1,6,-,-,-,-,-,-,-,-,-,-,-,-,-,Registered,Normal Service,9,269,18,10A34B1D,984,8,30kHz,768,-,4,1,-,-,New trans.,0,0,256QAM,140,1,24962,979,3,0,0,Pass,1,QPSK,0,16,1,0,15,30kHz,Re trans.,-,488,
20260725 15:31:28.496,24.830906,102.844381,21.64,1937,3,1,0.00,0.00,,,,,,,1,SA,460,00,中国移动,4456484,6679580732,1630757,60,Normal,-,1,41,100,100,504990,-,475,513000,513000,30kHz,503172,1099,-,ms20,Connected,SA,-0.8,4,3,-60,100,-79.1,-10.6,14.4,1,Not Barred,6,6312,-48,504990,475,-75.6;-84;-86.4;-102.8,-,14.4;11.9;13.7;10.3,14.8;13.5;255;255,-48;-68.1;-55;-50.1,7;5;0;1;0;2;4,8;476;742;475;475;475;475,-95;-88.9;-91.4;-78.4;-79.6;-84.5;-86.8,-14;-12.9;-20.9;-10.6;-10.5;-11.4;-12.1,255;255;255;255;255;255;255,1;0;0;0,504990;504990;504990;504990,475;476;742;8,1;5;0;7,-,4;1;1;1,-79.1;-90.2;-91.8;-95.3,-10.6;-13.2;-20.5;-14.5,14.4;255;255;255,0.7,2,0,QPSK,-,100,0,0,0,0.00,0.00,0.03,0.03,3.6,1,Rank 1,16,96,28,69,-,69,8,23.4,31,25,256QAM,0,SMDL,1.8,0,15.8,0.00,0.00,0.00,0.36,Rank 2,4,228,107,-,4 x 4,HandOver,24962,Free,17,FORMAT_0,249,127,Success,24962,5,-,12,-2,-1,-,107,-,2,26,-,-,-,-,-,-,-,-,-,-,-,-,-,Registered,Normal Service,9,269,18,10A34B1D,6,18,30kHz,736,-,4,1,-,-,New trans.,0,0,64QAM,148,1,24962,1,13,0,0,Pass,0,QPSK,0,16,1,0,15,30kHz,Re trans.,-,488,
20260725 15:31:29.507,24.830961,102.844375,23.04,1937,3,1,0.00,0.00,,,,,,,1,SA,460,00,中国移动,4456484,6453981196,1575679,12,Normal,-,1,41,100,100,504990,-,475,513000,513000,30kHz,503172,1099,-,ms20,Connected,SA,-0.8,1,3,-60,103,-88.1,-11.4,10.8,1,Not Barred,6,6312,-47.4,504990,475,-84.3;-88.3;-89.4;-103.2,-,8.9;7.5;10.5;14.2,11.6;10.4;12;4.5,-47.4;-67.5;-52;-53,6;2;0;1;0;4;2;4,8;476;742;475;475;475;475;614,-88.5;-91.9;-96.4;-86.3;-88.5;-92.8;-91.8;-95.4,-11.5;-14.9;-21.8;-11;-11.3;-12.1;-11.7;-18.1,255;255;255;255;255;255;255;255,1;0;0;0;0,504990;504990;504990;504990;504990,475;8;476;614;742,1;6;2;4;0,-,4;1;1;1;1,-88.1;-88.9;-92.7;-95.4;-96.9,-11.4;-11.7;-16.6;-18.1;-21.2,10.8;255;255;255;255,2,29,0,QPSK,-,92.9,7.1,0,0,0.00,0.00,0.00,0.00,0,1,Rank 1,19,532,3,69,-,69,11,20.3,31,20,64QAM,0,SMDL,0,0,64.3,0.00,0.00,0.05,0.14,Rank 2,4,112,30,-,4 x 4,HandOver,24962,Free,17,FORMAT_0,249,127,Success,24962,5,-,14,9,-1,-,30,-,1,2,-,-,-,-,-,-,-,-,-,-,-,-,-,Registered,Normal Service,9,269,18,10A34B1D,161,18,30kHz,768,-,4,1,-,-,New trans.,0,0,256QAM,140,1,24962,156,13,0,0,Pass,1,QPSK,0,16,1,0,15,30kHz,Re trans.,-,3905,
20260725 15:31:30.520,24.831015,102.844356,23.80,1937,3,1,0.00,0.00,,,,,,,1,SA,460,00,中国移动,4456484,6453981196,1575679,12,Normal,-,1,41,100,100,504990,-,475,513000,513000,30kHz,503172,1099,-,ms20,Connected,SA,-0.8,1,3,-60,100,-83.7,-10.8,12.9,1,Not Barred,6,6312,-47.3,504990,475,-82.5;-84.4;-84.9;-101.3,-,12.1;6.2;3.5;7.8,14.4;9.9;14.6;7.4,-47.3;-70.1;-54.3;-51.3,7;2;0;1;0;2;4;4,8;476;742;475;475;475;475;614,-89.5;-90.6;-100.4;-82.8;-84.8;-90.8;-91;-115.5,-11.7;-13.8;-22.6;-10.8;-10.7;-11.7;-11.9;-27,255;255;255;255;255;255;255;255,1;0;0;0;0,504990;504990;504990;504990;504990,475;8;476;742;614,1;7;2;0;4,-,4;1;1;1;1,-83.7;-90.1;-92;-100.4;-115.5,-10.8;-11.4;-15.4;-22.6;-27,12.9;255;255;255;255,0,0,0,QPSK,-,100,0,0,0,0.00,0.00,0.00,0.00,0,1,Rank 1,16,116,8,92,-,92,8,20.2,31,19,64QAM,0,SMDL,0,0,69.6,0.00,0.00,0.02,0.03,Rank 2,4,276,70,-,4 x 4,HandOver,24962,Free,17,FORMAT_0,249,127,Success,24962,5,-,12,9,-1,-,70,-,1,8,-,-,-,-,-,-,-,-,-,-,-,-,-,Registered,Normal Service,9,269,18,10A34B1D,265,18,30kHz,656,-,4,1,-,-,New trans.,0,0,64QAM,139,1,24962,266,0,0,0,Pass,0,QPSK,1,16,3,0,15,30kHz,Re trans.,-,428,
20260725 15:31:31.531,24.831071,102.844331,24.55,1937,3,1,0.00,0.00,,,,,,,1,SA,460,00,中国移动,4456484,6453981196,1575679,12,Normal,-,1,41,100,100,504990,-,475,513000,513000,30kHz,503172,1099,-,ms20,Connected,SA,-0.8,3,3,-60,99,-82.4,-10.7,13.1,1,Not Barred,6,6312,-42,504990,475,-80.9;-96.3;-85.3;-102.9,-,8;6.5;8.9;12.1,12.7;8.9;11.5;7.9,-42;-48.4,7;4;0;1;0;3;7,8;476;742;475;475;475;475,-86.9;-94.9;-92.9;-81.5;-81.4;-87.7;-88.8,-11.2;-17.2;-18;-10.7;-10.6;-10.6;-14.8,255;255;255;255;255;255;255,1;0;0;0,504990;504990;504990;504990,475;8;742;476,1;7;0;4,-,4;1;1;1,-82.4;-88.1;-92.9;-94.2,-10.7;-11.2;-18;-15.9,13.1;255;255;255,7.9,28,2,QPSK,-,100,0,0,0,0.00,0.00,0.00,0.01,33.3,1,Rank 2,20,160,8,69,-,69,9,18.6,31,17,64QAM,0,SMDL,0,0,92.5,0.00,0.00,0.02,0.34,Rank 2,4,268,78,-,4 x 4,HandOver,24962,Free,17,FORMAT_0,249,127,Success,24962,5,-,11,9,-1,-,78,-,1,8,-,-,-,-,-,-,-,-,-,-,-,-,-,Registered,Normal Service,9,269,18,10A34B1D,364,18,30kHz,736,-,4,1,-,-,New trans.,0,0,64QAM,140,1,24962,359,13,0,0,Pass,0,QPSK,0,16,1,0,15,30kHz,Re trans.,-,920,
20260725 15:31:32.544,24.831126,102.844302,25.16,1937,3,1,0.00,0.00,,,,,,,1,SA,460,00,中国移动,4456484,6453981196,1575679,12,Normal,-,1,41,100,100,504990,-,475,513000,513000,30kHz,503172,1099,-,ms20,Connected,SA,-0.8,2,3,-60,100,-84.4,-11.4,4,1,Not Barred,6,6312,-44.6,504990,475,-86.4;-87.7;-85.7;-114.4,-,11.7;8.1;255;255,13.6;15.4;255;255,-44.6;-49.8,7;2;0;1;0;4;2;4,8;476;742;475;475;475;475;614,-91;-86.3;-96;-84;-83.4;-89.8;-92.9;-108.2,-15.1;-11.5;-21.1;-11.6;-10.7;-13.4;-15.8;-21.6,255;255;255;255;255;255;255;255,1;0;0;0;0,504990;504990;504990;504990;504990,475;476;8;742;614,1;2;7;0;4,-,4;1;1;1;1,-84.4;-86.9;-92.6;-96;-108.2,-11.4;-12.1;-15.1;-21.1;-21.6,4;255;255;255;255,7.9,28,2,QPSK,-,100,0,0,0,0.00,0.00,0.00,0.00,0,1,Rank 1,20,160,3,69,-,69,12,19.3,31,19,64QAM,0,SMDL,0,0,76.9,0.00,0.00,0.04,0.35,Rank 2,4,208,41,-,4 x 4,HandOver,24962,Free,17,FORMAT_0,249,127,Success,24962,5,-,12,10,-1,-,41,-,1,2,-,-,-,-,-,-,-,-,-,-,-,-,-,Registered,Normal Service,9,269,18,10A34B1D,466,18,30kHz,800,-,4,1,-,-,New trans.,0,0,256QAM,152,1,24962,429,3,0,0,Pass,0,QPSK,0,16,1,0,15,30kHz,Re trans.,-,920,
20260725 15:31:33.553,24.831184,102.844270,26.10,1937,3,1,0.00,0.00,,,,,,,1,SA,460,00,中国移动,4456484,6453981196,1575679,12,Normal,-,1,41,100,100,504990,-,475,513000,513000,30kHz,503172,1099,-,ms20,Connected,SA,-0.8,3,3,-60,99,-81.4,-11,12.5,1,Not Barred,6,6312,-42.5,504990,475,-81.8;-92.1;-82.4;-102.8,-,8.6;5.3;8;9.7,12.4;13.3;17;8.5,-42.5;-66.9;-50.5;-53,6;5;0;1;0;5;7;1,8;476;742;475;475;475;475;944,-95.1;-92.3;-95.1;-81.7;-80.3;-86.6;-86.2;-120.2,-11.9;-15.9;-22.8;-11;-10.6;-12;-11.8;-27.8,255;255;255;255;255;255;255;255,1;0;0;0;0,504990;504990;504990;504990;504990,475;476;8;742;944,1;5;6;0;1,-,4;1;1;1;1,-81.4;-90.8;-94.3;-95.1;-120.2,-11;-14.3;-13.4;-22.8;-27.8,12.5;255;255;255;255,0,0,0,QPSK,-,100,0,0,0,0.00,0.00,0.00,0.00,0,1,Rank 1,16,116,3,145,-,145,11,19.8,31,19,64QAM,0,SMDL,0,0,55,0.00,0.00,0.02,0.28,Rank 2,4,240,41,-,4 x 4,HandOver,24962,Free,17,FORMAT_0,249,127,Success,24962,5,-,11,9,-1,-,41,-,1,2,-,-,-,-,-,-,-,-,-,-,-,-,-,Registered,Normal Service,9,269,18,10A34B1D,572,18,30kHz,736,-,4,1,-,-,New trans.,0,0,64QAM,140,1,24962,574,11,0,0,Pass,1,QPSK,2,16,3,0,15,30kHz,Re trans.,-,428,
20260725 15:31:34.564,24.831243,102.844243,25.60,1937,3,1,0.00,0.00,,,,,,,1,SA,460,00,中国移动,4456484,6453981196,1575679,12,Normal,-,1,41,100,100,504990,-,475,513000,513000,30kHz,503172,1099,-,ms20,Connected,SA,-0.8,2,3,-60,99,-80.9,-11,13.4,1,Not Barred,6,6312,-44,504990,475,-87;-90.8;-82;-103.9,-,8;9.7;7;3,18;14.4;18.2;12.4,-44;-70.3;-51.5;-51.6,6;2;0;1;0;7;5,8;476;742;475;475;475;475,-93;-84.1;-93.4;-83.3;-79.6;-82.8;-84.3,-12.3;-10.8;-21;-11.7;-10.7;-11;-11,255;255;255;255;255;255;255,1;0;0;0,504990;504990;504990;504990,475;476;742;8,1;2;0;6,-,4;1;1;1,-80.9;-85.6;-93.4;-93.6,-11;-11.8;-21;-13.9,13.4;255;255;255,11.6,28,2,QPSK,-,100,0,0,0,0.00,0.00,0.01,0.01,37.5,3,Rank 1,22,176,8,92,-,92,12,19.4,30,19,64QAM,0,SMDL,0,0,90.3,0.00,0.00,0.02,0.34,Rank 2,4,124,71,-,4 x 4,HandOver,24962,Free,17,FORMAT_0,249,127,Success,24962,5,-,11,10,-1,-,71,-,1,8,-,-,-,-,-,-,-,-,-,-,-,-,-,Registered,Normal Service,9,269,18,10A34B1D,656,19,30kHz,712,-,4,1,-,-,New trans.,0,1,64QAM,140,1,24962,652,0,0,0,Pass,0,QPSK,1,16,3,0,15,30kHz,Re trans.,-,1107,
20260725 15:31:35.576,24.831303,102.844219,24.91,1937,3,1,0.00,0.00,,,,,,,1,SA,460,00,中国移动,4456484,6453981196,1575679,12,Normal,-,1,41,100,100,504990,-,475,513000,513000,30kHz,503172,1099,-,ms20,Connected,SA,-0.8,2,2,-60,98,-81.8,-11.5,9.1,0,Not Barred,6,6312,-51.1,504990,475,-89.4;-89.5;-82.9;-95.6,-,9.3;4.7;255;255,12.5;12.1;255;255,-51.1;-54.4,7;2;0;5;1;4;1,8;476;475;475;475;475;944,-100.1;-83.5;-80.4;-85.6;-85.5;-88.5;-93.4,-17.3;-11.1;-10.7;-11.6;-12.3;-11.8;-14.5,255;255;255;255;255;255;255,1;0;0;0,504990;504990;504990;504990,475;476;8;944,0;2;7;1,-,4;1;1;1,-81.8;-85.4;-93.1;-93.4,-11.5;-12.6;-12.5;-14.5,9.1;255;255;255,0.2,1,0,QPSK,-,100,0,0,0,0.00,0.00,0.00,0.00,0,1,Rank 1,19,96,2,69,-,69,10,19.8,31,17,64QAM,0,SMDL,0,0,63.6,0.00,0.00,0.04,0.17,Rank 2,4,176,38,-,2 x 2,HandOver,24962,Free,17,FORMAT_0,249,127,Success,24962,5,-,14,14,-1,-,38,-,1,2,-,-,-,-,-,-,-,-,-,-,-,-,-,Registered,Normal Service,9,269,18,10A34B1D,774,18,30kHz,608,-,4,1,-,-,New trans.,0,0,64QAM,135,1,24962,774,11,0,0,Pass,0,QPSK,0,16,1,0,15,30kHz,Re trans.,-,333,
20260725 15:31:36.588,24.831359,102.844196,23.76,1937,3,1,0.00,0.00,,,,,,,1,SA,460,00,中国移动,4456484,6453981196,1575679,12,Normal,-,1,41,100,100,504990,-,475,513000,513000,30kHz,503172,1099,-,ms20,Connected,SA,-0.8,3,2,-60,99,-82.1,-11.1,19.5,0,Not Barred,6,6312,-42.3,504990,475,-85.7;-88;-101.5;-82,-,11.5;5.2;9.1;6.1,13.9;13.3;7.8;10.8,-42.3;-68.9;-51.9;-55.3,7;2;0;7;5;1;1;3,8;476;475;475;475;475;944;665,-100.1;-90.9;-81.4;-81.8;-85;-85.6;-109.2;-103,-19.8;-12;-10.7;-11.2;-11.4;-11.6;-24.5;-17.3,255;255;255;255;255;255;255;255,1;0;0;0;0,504990;504990;504990;504990;504990,475;476;8;665;944,0;2;7;3;1,-,4;1;1;1;1,-82.1;-92.1;-93.1;-103;-109.2,-11.1;-14.2;-14.4;-17.3;-24.5,19.5;255;255;255;255,0.2,1,0,QPSK,-,100,0,0,0,0.00,0.00,0.00,0.00,0,1,Rank 2,19,96,4,92,-,92,10,18.3,30,18,64QAM,0,SMDL,0,0,100,0.00,0.00,0.04,0.24,Rank 2,4,136,38,-,4 x 4,HandOver,24962,Free,17,FORMAT_0,249,127,Success,24962,5,-,15,16,-1,-,38,-,1,3,-,-,-,-,-,-,-,-,-,-,-,-,-,Registered,Normal Service,9,269,18,10A34B1D,860,18,30kHz,736,-,4,1,-,-,New trans.,0,0,64QAM,140,1,24962,855,14,0,0,Pass,0,QPSK,28,32,3,0,15,30kHz,New trans.,-,333,
20260725 15:31:37.599,24.831412,102.844170,22.93,1937,3,1,0.00,0.00,,,,,,,1,SA,460,00,中国移动,4456484,6453981196,1575679,12,Normal,-,1,41,100,100,504990,-,475,513000,513000,30kHz,503172,1099,-,ms20,Connected,SA,-0.8,3,2,-60,98,-81.9,-10.9,23.5,0,Not Barred,6,6312,-42.6,504990,475,-73.7;-82;-100.4;-93.8,-,12.3;7.2;255;255,13;14.7;255;255,-42.6;-51.6,6;1;0;7;5;1;1;4;4;6,8;476;475;475;475;475;944;665;614;664,-96.6;-94.5;-81;-81.8;-85.6;-87.5;-101.8;-104;-131.8;-108.6,-13.4;-18.4;-10.6;-11.1;-11.2;-12.1;-18.2;-20.7;-32.3;-19.4,255;255;255;255;255;255;255;255;255;255,1;0;0;0;0;0;0,504990;504990;504990;504990;504990;504990;504990,475;476;8;944;665;664;614,0;1;6;1;4;6;4,-,4;1;1;1;1;1;1,-81.9;-93.3;-96.2;-101.8;-102.9;-108.6;-131.8,-10.9;-14.6;-13.9;-18.2;-16.3;-19.4;-32.3,23.5;255;255;255;255;255;255,8.4,28,0,QPSK,-,100,0,0,0,0.00,0.00,0.00,0.00,33.3,1,Rank 1,21,148,7,69,-,69,11,20.1,31,20,64QAM,0,SMDL,0,0,55.9,0.00,0.00,0.01,0.17,Rank 2,4,136,45,-,2 x 2,HandOver,24962,Free,17,FORMAT_0,249,127,Success,24962,5,-,14,13,-1,-,45,-,1,6,-,-,-,-,-,-,-,-,-,-,-,-,-,Registered,Normal Service,9,269,18,10A34B1D,978,19,30kHz,824,-,4,1,-,-,New trans.,0,1,256QAM,228,1,24962,977,3,0,0,Pass,1,QPSK,0,16,1,0,15,30kHz,Re trans.,-,534,
20260725 15:31:38.610,24.831463,102.844150,20.56,1937,3,1,0.00,0.00,,,,,,,1,SA,460,00,中国移动,4456484,6453981196,1575679,12,Normal,-,1,41,100,100,504990,-,475,513000,513000,30kHz,503172,1099,-,ms20,Connected,SA,-0.8,3,2,-60,98,-83.9,-11.1,9.9,0,Not Barred,6,6312,-41.5,504990,475,-87.7;-93.3;-106.7;-92.5,-,9.9;6;255;255,13.1;7;255;255,-41.5;-54.4,6;2;0;7;1;4;1;3;6;2,8;476;475;475;475;475;944;665;664;511,-99.4;-88.4;-85.1;-83.8;-91;-92.2;-103;-101.1;-106.9;-132.5,-14;-11.5;-11;-10.9;-13.3;-11.8;-18.2;-16.6;-17.9;-32.2,255;255;255;255;255;255;255;255;255;255,1;0;0;0;0;0;0,504990;504990;504990;504990;504990;504990;504990,475;476;8;665;944;664;511,0;2;6;3;1;6;2,-,4;1;1;1;1;1;1,-83.9;-89;-99.5;-101.1;-103;-106.4;-125.9,-11.1;-12;-14.5;-16.7;-18.2;-17.8;-28.9,9.9;255;255;255;255;255;255,8.4,28,0,QPSK,-,100,0,0,0,0.00,0.00,0.00,0.00,0,1,Rank 1,21,148,7,69,-,69,11,23.9,31,21,256QAM,0,SMDL,0,0,0,0.00,0.00,0.04,0.19,Rank 2,4,60,45,-,2 x 2,HandOver,24962,Free,17,FORMAT_0,249,127,Success,24962,5,-,14,14,-1,-,45,-,1,6,-,-,-,-,-,-,-,-,-,-,-,-,-,Registered,Normal Service,9,269,18,10A34B1D,982,18,30kHz,768,-,4,1,-,-,New trans.,0,0,256QAM,228,1,24962,977,3,0,0,Pass,1,QPSK,0,16,1,0,15,30kHz,Re trans.,-,534,
20260725 15:31:39.618,24.831507,102.844133,17.86,1937,3,1,0.00,0.00,,,,,,,1,SA,460,00,中国移动,4456484,6453981196,1575679,12,Normal,-,1,41,100,100,504990,-,475,513000,513000,30kHz,503172,1099,-,ms20,Connected,SA,-0.8,2,2,-60,103,-83.4,-11,14.6,0,Not Barred,6,6312,-48.6,504990,475,-78.7;-91;-104.4;-90.1,-,7.5;6.9;6.9;10.3,12.1;9.1;255;255,-48.6;-51.9,6;2;0;7;4;5;1;3;4,8;476;475;475;475;475;944;665;664,-106.7;-86.3;-83.1;-83.2;-90.7;-91.1;-98.9;-101;-117,-18.6;-11.2;-10.9;-10.9;-11.5;-12.5;-16.8;-14.4;-26,255;255;255;255;255;255;255;255;255,1;0;0;0;0;0,504990;504990;504990;504990;504990;504990,475;476;944;665;664;8,0;2;1;3;4;6,-,4;1;1;1;1;1,-83.4;-87.2;-98.9;-101.8;-104.1;-104.7,-11;-12;-16.8;-15.5;-17.3;-19.9,14.6;255;255;255;255;255,1,2,2,QPSK,-,100,0,0,0,0.00,0.00,0.00,0.00,0,2,Rank 1,16,32,2,69,-,69,11,22.4,31,21,256QAM,0,SMDL,0,0,17.5,0.00,0.00,0.02,0.09,Rank 2,4,228,25,-,2 x 2,HandOver,24962,Free,17,FORMAT_0,249,127,Success,24962,5,-,18,18,-1,-,25,-,1,2,-,-,-,-,-,-,-,-,-,-,-,-,-,Registered,Normal Service,9,269,18,10A34B1D,157,8,30kHz,848,-,4,1,-,-,New trans.,0,0,256QAM,119,1,24962,155,3,0,0,Pass,0,QPSK,0,16,1,0,15,30kHz,Re trans.,-,175,
20260725 15:31:40.630,24.831547,102.844115,16.49,1936,3,1,0.00,0.00,,,,,,,1,SA,460,00,中国移动,4456484,6453981196,1575679,12,Normal,-,1,41,100,100,504990,-,475,513000,513000,30kHz,503172,1099,-,ms20,Connected,SA,-0.8,2,2,-60,102,-85,-11.6,10,0,Not Barred,6,6312,-49.3,504990,475,-88.8;-86.1;-101;-96,-,3.3;5.7;7.4;3.9,6.7;8.8;255;255,-49.3;-54.6,7;2;0;7;1;2;1;3;5;4,8;476;475;475;475;475;944;665;664;614,-108.6;-85.6;-85.1;-84.6;-93.6;-97.8;-96.4;-98.6;-116.7;-100.1,-22.4;-11.6;-11.4;-11.4;-15.7;-18.5;-16.4;-13.3;-24.9;-16.9,255;255;255;255;255;255;255;255;255;255,1;0;0;0;0;0;0,504990;504990;504990;504990;504990;504990;504990,475;476;8;944;665;614;664,0;2;7;1;3;4;5,-,4;1;1;1;1;1;1,-85;-86.6;-93.4;-96.4;-99.8;-100.1;-103.5,-11.6;-12.4;-14.7;-16.4;-15;-16.9;-18.5,10;255;255;255;255;255;255,7.7,30,0,QPSK,-,80,6.7,13.3,0,0.00,0.05,0.01,0.01,20,3,Rank 1,36,544,14,69,-,69,12,21.4,31,21,256QAM,0,SMDL,0,0,38,0.03,0.03,0.09,0.35,Rank 2,4,537,91,-,2 x 2,HandOver,24962,Free,17,FORMAT_0,249,127,Success,24962,5,-,17,17,-1,-,91,-,1,14,-,-,-,-,-,-,-,-,-,-,-,-,-,Registered,Normal Service,9,269,18,10A34B1D,259,18,30kHz,800,-,4,1,-,-,New trans.,0,0,256QAM,115,1,24962,257,3,0,0,Pass,1,QPSK,0,16,1,0,15,30kHz,Re trans.,-,16089,
20260725 15:31:41.642,24.831591,102.844109,16.99,1936,3,1,0.00,0.00,,,,,,,1,SA,460,00,中国移动,4456484,6453981196,1575679,12,Normal,-,1,41,100,100,504990,-,475,513000,513000,30kHz,503172,1099,-,ms20,Connected,SA,-0.8,2,2,-60,105,-87.5,-11.8,10.9,0,Not Barred,6,6312,-49.3,504990,475,-83.9;-90.2;-104.7;-93,-,9.3;10.1;255;255,10.5;8.5;255;255,-49.3;-57.4,7;2;0;7;1;5;1;3;6;4,8;476;475;475;475;475;944;665;664;614,-98.4;-89.5;-87.7;-87;-93.9;-95.1;-98.1;-100.5;-103.8;-100.5,-19.7;-11.6;-11.4;-12;-14.7;-13.5;-16.4;-14;-17.3;-15.4,255;255;255;255;255;255;255;255;255;255,1;0;0;0;0;0;0,504990;504990;504990;504990;504990;504990;504990,475;476;8;944;614;665;664,0;2;7;1;4;3;6,-,4;1;1;1;1;1;1,-87.5;-91.1;-96.1;-98.1;-100.5;-100.8;-103.7,-11.8;-13.2;-16.3;-16.4;-15.4;-15.7;-16.7,10.9;255;255;255;255;255;255,1.2,7,0,QPSK,-,90,10,0,0,0.06,0.01,0.13,0.14,7.1,1,Rank 1,19,192,10,14,-,14,12,20.7,31,20,256QAM,0,SMDL,0,0,27.4,0.00,0.00,0.11,0.79,Rank 2,4,248,136,-,2 x 2,HandOver,24962,Free,17,FORMAT_0,249,127,Success,24962,5,-,19,18,-1,-,136,-,1,10,-,-,-,-,-,-,-,-,-,-,-,-,-,Registered,Normal Service,9,269,18,10A34B1D,354,18,30kHz,944,-,4,1,-,-,New trans.,0,0,256QAM,112,1,24962,313,10,0,4,Pass,0,QPSK,0,20,1,0,0,30kHz,Re trans.,-,2071,
20260725 15:31:42.656,24.831632,102.844116,17.35,1936,3,1,0.00,0.00,,,,,,,1,SA,460,00,中国移动,4456484,6453981196,1575679,12,Normal,-,1,41,100,100,504990,-,475,513000,513000,30kHz,503172,1099,-,ms20,Connected,SA,-0.8,2,2,-60,106,-88.5,-11.8,4.1,0,Not Barred,6,6312,-52.4,504990,475,-88.3;-96.2;-104.5;-93.1,-,7.7;6.8;255;255,10.8;10.4;255;255,-52.4;-56,7;2;0;7;4;5;1;3;6;4,8;476;475;475;475;475;944;665;664;614,-101.6;-90.4;-88.2;-88.6;-96.5;-96.5;-94.7;-100.8;-103.8;-107.9,-19;-11.5;-11.4;-12;-14;-14.2;-14.3;-15.2;-16.6;-21.6,255;255;255;255;255;255;255;255;255;255,1;0;0;0;0;0;0,504990;504990;504990;504990;504990;504990;504990,475;476;944;8;665;664;614,0;2;1;7;3;6;4,-,4;1;1;1;1;1;1,-88.5;-92;-94.7;-98.5;-101.3;-101.6;-107.9,-11.8;-12.7;-14.3;-16.4;-16.8;-16.6;-21.6,4.1;255;255;255;255;255;255,0,0,0,QPSK,-,100,0,0,0,0.00,0.00,0.00,0.00,0,1,Rank 1,16,100,5,69,-,69,12,21.9,31,21,256QAM,0,SMDL,0,0,3.2,0.00,0.00,0.03,0.36,Rank 2,4,124,41,-,2 x 2,HandOver,24962,Free,17,FORMAT_0,249,127,Success,24962,5,-,19,18,-1,-,41,-,1,4,-,-,-,-,-,-,-,-,-,-,-,-,-,Registered,Normal Service,9,269,18,10A34B1D,451,18,30kHz,848,-,4,1,-,-,New trans.,0,0,256QAM,156,1,24962,446,11,0,0,Pass,1,QPSK,0,16,1,0,15,30kHz,Re trans.,-,359,
20260725 15:31:43.668,24.831670,102.844143,18.76,1936,3,1,0.00,0.00,,,,,,,1,SA,460,00,中国移动,4456484,6453981196,1575679,12,Normal,-,1,41,100,100,504990,-,475,513000,513000,30kHz,503172,1099,-,ms20,Connected,SA,-0.8,2,2,-60,106,-88.6,-12.3,0.3,0,Not Barred,6,6312,-50.3,504990,475,-89.6;-101.3;-111.6;-95,-,9.2;7;255;255,10.6;10.5;255;255,-50.3;-59.4,7;2;0;7;5;4;1;3;4;4,8;476;475;475;475;475;944;665;664;614,-95.5;-86.1;-89.8;-87.4;-96.3;-97;-92.9;-102.9;-99.3;-108.4,-18.7;-11.4;-12;-12.4;-15;-15.1;-13.7;-16;-15;-22.4,255;255;255;255;255;255;255;255;255;255,1;0;0;0;0;0;0,504990;504990;504990;504990;504990;504990;504990,475;476;944;8;664;665;614,0;2;1;7;4;3;4,-,4;1;1;1;1;1;1,-88.6;-87.7;-92.9;-95.2;-99.9;-102;-108.4,-12.3;-12.5;-13.7;-18.1;-15.6;-17;-22.4,0.3;255;255;255;255;255;255,3,8,2,QPSK,-,75,25,0,0,0.00,0.00,0.00,0.00,0,2,Rank 1,20,80,3,106,-,106,13,22.8,31,21,256QAM,0,SMDL,0,0,4.3,0.00,0.00,0.01,0.19,Rank 2,4,188,31,-,2 x 2,HandOver,24962,Free,17,FORMAT_0,249,127,Success,24962,5,-,19,21,-1,-,31,-,1,3,-,-,-,-,-,-,-,-,-,-,-,-,-,Registered,Normal Service,9,269,18,10A34B1D,556,19,30kHz,992,-,4,1,-,-,New trans.,0,1,256QAM,115,1,24962,556,0,0,0,Pass,0,QPSK,2,16,2,0,15,30kHz,Re trans.,-,1033,
20260725 15:31:44.678,24.831700,102.844181,19.08,1936,3,1,0.00,0.00,,,,,,,1,SA,460,00,中国移动,4456484,6453981196,1575679,12,Normal,-,1,41,100,100,504990,-,475,513000,513000,30kHz,503172,1099,-,ms20,Connected,SA,-0.8,3,2,-60,106,-88,-12.2,7.8,0,Not Barred,6,6312,-51,504990,475,-97.5;-92.5;-109.7;-96.3,-,11.1;6.9;3.3;12,12.5;5.3;4.3;10.2,-51;-58.8,7;2;0;7;2;5;1;4;5;4;2,8;476;475;475;475;475;944;665;664;614;511,-98.2;-84.6;-89.8;-86.8;-93.9;-97.9;-93.2;-101.5;-97;-110.7;-129.6,-19.9;-11.1;-11.8;-12.4;-15.5;-15.1;-12.4;-16.9;-16.4;-23.7;-32.2,255;255;255;255;255;255;255;255;255;255;255,1;0;0;0;0;0;0;0,504990;504990;504990;504990;504990;504990;504990;504990,475;476;8;944;664;665;614;511,0;2;7;1;5;4;4;2,-,4;1;1;1;1;1;1;1,-88;-86.1;-92.1;-93.2;-97.2;-101.7;-110.7;-129.6,-12.2;-11.8;-15.3;-12.4;-16.2;-17;-23.7;-32.2,7.8;255;255;255;255;255;255;255,3,8,2,QPSK,-,75,25,0,0,0.00,0.00,0.01,0.01,28.6,2,Rank 2,20,80,6,92,-,92,11,23.4,31,25,256QAM,0,SMDL,0,0,0,0.00,0.00,0.01,0.31,Rank 2,5,265,81,-,4 x 4,HandOver,24962,Free,17,FORMAT_0,249,127,Success,24962,5,-,19,18,-1,-,81,-,1,5,-,-,-,-,-,-,-,-,-,-,-,-,-,Registered,Normal Service,9,269,18,10A34B1D,664,18,30kHz,1249,-,5,1,-,-,-,0,0,256QAM,115,1,24962,658,14,0,0,Pass,0,QPSK,28,32,3,0,15,30kHz,New trans.,-,1033,
20260725 15:31:45.683,24.831727,102.844222,18.32,1937,3,1,0.00,0.00,,,,,,,1,SA,460,00,中国移动,4456484,6453981196,1575679,12,Normal,-,1,41,100,100,504990,-,475,513000,513000,30kHz,503172,1099,-,ms20,Connected,SA,-0.8,2,2,-60,107,-90.4,-12.6,7.4,0,Not Barred,6,6312,-54.4,504990,475,-91.1;-97.8;-106.5;-92.4,-,8.3;4.6;255;255,13.7;4.6;255;255,-54.4;-62.6,7;2;0;5;7;4;1;3;5;4;3,8;476;475;475;475;475;944;665;664;614;511,-91.6;-88.5;-90.9;-96.7;-90.1;-100.7;-90.9;-98.9;-101.5;-103;-121,-14.5;-11.4;-11.8;-14.9;-12.8;-16.8;-11.8;-13.8;-14.3;-19.5;-27.5,255;255;255;255;255;255;255;255;255;255;255,1;0;0;0;0;0;0;0,504990;504990;504990;504990;504990;504990;504990;504990,475;476;944;8;664;665;614;511,0;2;1;7;5;3;4;3,-,4;1;1;1;1;1;1;1,-90.4;-89.9;-90.9;-91.6;-98.3;-99.7;-103;-121,-12.6;-12.8;-11.8;-14.5;-13.6;-15.5;-19.5;-27.5,7.4;255;255;255;255;255;255;255,7.4,28,0,QPSK,-,100,0,0,0,0.00,0.00,0.00,0.00,28.6,1,Rank 1,20,164,6,69,-,69,11,24.6,31,25,256QAM,0,SMDL,0,0,0,0.00,0.00,0.03,0.45,Rank 2,5,215,81,-,4 x 4,HandOver,24962,Free,17,FORMAT_0,249,127,Success,24962,5,-,19,21,-1,-,81,-,1,5,-,-,-,-,-,-,-,-,-,-,-,-,-,Registered,Normal Service,9,269,18,10A34B1D,726,18,30kHz,1057,-,5,1,-,-,New trans.,0,0,256QAM,176,1,24962,721,3,0,0,Pass,1,QPSK,0,16,1,0,15,30kHz,Re trans.,-,603,
20260725 15:31:46.693,24.831755,102.844262,18.22,1937,3,1,0.00,0.00,,,,,,,1,SA,460,00,中国移动,4456484,6453981196,1575679,12,Normal,-,1,41,100,100,504990,-,475,513000,513000,30kHz,503172,1099,-,ms20,Connected,SA,-0.8,4,2,-60,106,-87.4,-11.8,4.3,0,Not Barred,6,6312,-49.9,504990,475,-86.6;-97.8;-110.9;-96.6,-,1.4;7.8;255;255,8.7;2.9;255;255,-49.9;-58.8,7;2;0;7;2;4;1;3;5;4,8;476;475;475;475;475;944;665;664;614,-89.8;-86.5;-89.2;-85.7;-94.8;-97.2;-94.7;-98.2;-100.5;-105.7,-15;-11.5;-11.9;-11.7;-16.8;-14.2;-14.1;-13.2;-17;-21,255;255;255;255;255;255;255;255;255;255,1;0;0;0;0;0;0,504990;504990;504990;504990;504990;504990;504990,475;476;8;944;664;665;614,0;2;7;1;5;3;4,-,4;1;1;1;1;1;1,-87.4;-87.9;-90.1;-94.7;-99.5;-99.6;-105.7,-11.8;-12.1;-14.5;-14.1;-16.1;-14.9;-21,4.3;255;255;255;255;255;255,7.4,28,0,QPSK,-,100,0,0,0,0.00,0.00,0.00,0.00,0,1,Rank 1,20,164,5,106,-,106,11,24.2,31,24,256QAM,0,SMDL,0,0,9.5,0.00,0.00,0.02,0.38,Rank 2,5,105,57,-,2 x 2,HandOver,24962,Free,17,FORMAT_0,249,127,Success,24962,5,-,19,21,-1,-,57,-,1,5,-,-,-,-,-,-,-,-,-,-,-,-,-,Registered,Normal Service,9,269,18,10A34B1D,843,18,30kHz,1057,-,5,1,-,-,New trans.,0,0,256QAM,176,1,24962,838,11,0,0,Pass,1,QPSK,2,16,2,0,15,30kHz,Re trans.,-,603,
20260725 15:31:47.707,24.831784,102.844305,19.12,1937,3,1,0.00,0.00,,,,,,,1,SA,460,00,中国移动,4456484,6453981196,1575679,12,Normal,-,1,41,100,100,504990,-,475,513000,513000,30kHz,503172,1099,-,ms20,Connected,SA,-0.8,2,2,-60,107,-88,-12.4,4.1,0,Not Barred,6,6312,-49.4,504990,475,-86;-92.8;-97.8;-109.8,-,0.6;3.2;9.6;0.7,11.6;4.9;255;255,-49.4;-56.8,7;2;0;7;2;4;1;3;5;4;2,8;476;475;475;475;475;944;665;664;614;511,-91.7;-89.6;-89.1;-87.5;-102.3;-95.8;-97.9;-99.6;-100.8;-106.5;-98.5,-16.3;-11.9;-12.2;-12.6;-20.7;-14.4;-15.7;-14.7;-16;-21.4;-17.3,255;255;255;255;255;255;255;255;255;255;255,1;0;0;0;0;0;0;0,504990;504990;504990;504990;504990;504990;504990;504990,475;476;8;944;511;665;664;614,0;2;7;1;2;3;5;4,-,4;1;1;1;1;1;1;1,-88;-90.7;-92.4;-97.9;-98.6;-100.4;-101.5;-106.5,-12.4;-12.8;-14.6;-15.7;-17;-16.1;-16.9;-21.4,4.1;255;255;255;255;255;255;255,1,2,2,QPSK,-,100,0,0,0,0.00,0.00,0.00,0.00,0,1,Rank 1,16,64,3,69,-,69,11,23.1,31,21,256QAM,0,SMDL,0,0,0,0.00,0.00,0.06,0.18,Rank 2,5,165,43,-,2 x 2,HandOver,24962,Free,17,FORMAT_0,249,127,Success,24962,5,-,19,17,-1,-,43,-,1,3,-,-,-,-,-,-,-,-,-,-,-,-,-,Registered,Normal Service,9,269,18,10A34B1D,935,8,30kHz,992,-,5,1,-,-,New trans.,0,0,256QAM,159,1,24962,930,3,0,0,Pass,1,QPSK,0,16,1,0,15,30kHz,Re trans.,-,350,
20260725 15:31:48.723,24.831811,102.844348,18.65,1937,3,1,0.00,0.00,,,,,,,1,SA,460,00,中国移动,4456484,6453981196,1575679,12,Normal,-,1,41,100,100,504990,-,475,513000,513000,30kHz,503172,1099,-,ms20,Connected,SA,-0.8,3,2,-60,106,-87.6,-11.7,2.7,0,Not Barred,6,6312,-54.4,504990,475,-95.1;-92.8;-94.5;-114.8,-,2.1;0.4;255;255,6.1;4.5;255;255,-55.1;-73.5;-54.4;-56.9,7;2;0;7;4;2;2;3;5;4,8;476;475;475;475;475;511;665;664;614,-108.9;-88.2;-89.6;-87.4;-96.2;-96.2;-97.2;-98.7;-98.9;-103,-24;-12.5;-11.8;-11.5;-14.1;-16.6;-18.7;-13.9;-15.3;-20,255;255;255;255;255;255;255;255;255;255,1;0;0;0;0;0;0,504990;504990;504990;504990;504990;504990;504990,475;476;8;511;665;664;614,0;2;7;2;3;5;4,-,4;1;1;1;1;1;1,-87.6;-88.3;-96.4;-97.3;-99.3;-100.2;-103,-11.7;-12.2;-16.2;-18.5;-14.7;-16.9;-20,2.7;255;255;255;255;255;255,1,2,2,QPSK,-,100,0,0,0,0.00,0.00,0.00,0.00,0,1,Rank 1,16,64,9,69,-,69,11,20.6,31,20,256QAM,0,SMDL,0,0,8.1,0.00,0.00,0.06,0.27,Rank 2,5,341,74,-,2 x 2,HandOver,24962,Free,17,FORMAT_0,249,127,Success,24962,5,-,19,17,-1,-,74,-,1,9,-,-,-,-,-,-,-,-,-,-,-,-,-,Registered,Normal Service,9,269,18,10A34B1D,14,18,30kHz,960,-,5,1,-,-,New trans.,0,0,256QAM,160,1,24962,9,3,0,0,Pass,1,QPSK,0,16,1,0,15,30kHz,Re trans.,-,350,
20260725 15:31:49.739,24.831834,102.844391,18.25,1938,3,1,0.00,0.00,,,,,,,1,SA,460,00,中国移动,4456484,6453981196,1575679,12,Normal,-,1,41,100,100,504990,-,475,513000,513000,30kHz,503172,1099,-,ms20,Connected,SA,-0.8,4,2,-60,106,-89,-12.1,5.6,0,Not Barred,6,6312,-51.6,504990,475,-85.8;-95.8;-88.9;-108.7,-,7.3;3.5;255;255,6.1;2.1;255;255,-51.6;-57.9,7;2;0;7;2;4;3;3;4;4;1,8;476;475;475;475;475;511;665;664;614;944,-109.6;-92.3;-89.5;-86.9;-93.1;-94.7;-104.7;-99;-102.9;-108.7;-99.4,-23.7;-12.6;-11.9;-11.5;-15.5;-13.2;-17.8;-14.9;-17;-21.1;-17.2,255;255;255;255;255;255;255;255;255;255;255,1;0;0;0;0;0;0;0,504990;504990;504990;504990;504990;504990;504990;504990,475;476;511;8;944;665;664;614,0;2;3;7;1;3;4;4,-,4;1;1;1;1;1;1;1,-89;-92.4;-96.3;-97.1;-99.4;-100;-101.4;-108.7,-12.1;-12.9;-15.9;-16.9;-17.2;-15.8;-16.2;-21.1,5.6;255;255;255;255;255;255;255,0.9,2,0,QPSK,-,100,0,0,0,0.00,0.00,0.01,0.01,0,1,Rank 1,16,176,3,69,-,69,11,20.5,31,20,256QAM,0,SMDL,0,0,29.2,0.00,0.00,0.01,0.51,Rank 2,5,120,35,-,2 x 2,HandOver,24962,Free,17,FORMAT_0,249,127,Success,24962,5,-,19,19,-1,-,35,-,1,3,-,-,-,-,-,-,-,-,-,-,-,-,-,Registered,Normal Service,9,269,18,10A34B1D,116,18,30kHz,1057,-,5,1,-,-,New trans.,0,0,256QAM,179,1,24962,62,11,0,0,Pass,1,QPSK,0,16,1,0,15,30kHz,Re trans.,-,1195,
20260725 15:31:50.755,24.831855,102.844435,18.18,1938,3,1,0.00,0.00,,,,,,,1,SA,460,00,中国移动,4456484,6453981196,1575679,12,Normal,-,1,41,100,100,504990,-,475,513000,513000,30kHz,503172,1099,-,ms20,Connected,SA,-0.8,3,2,-60,108,-90.4,-13,1,0,Not Barred,6,6312,-53.4,504990,475,-95.6;-96.1;-98.3;-109.9,-,0.8;2.8;5.6;5.5,8.3;0.7;6.9;0.5,-53.4;-72.4;-57.6;-54.8,7;2;0;7;5;4;2;3;5;4;1,8;476;475;475;475;475;511;665;664;614;944,-98.4;-85.2;-91.1;-88.9;-98.6;-97.9;-92;-95.4;-101.3;-105.6;-139.7,-17.4;-11.3;-13.6;-12.1;-14.6;-15.2;-16.4;-11.8;-16.6;-21;-35.7,255;255;255;255;255;255;255;255;255;255;255,1;0;0;0;0;0;0;0,504990;504990;504990;504990;504990;504990;504990;504990,475;476;511;665;8;664;614;944,0;2;2;3;7;5;4;1,-,4;1;1;1;1;1;1;1,-90.4;-86.1;-92;-97.1;-99.1;-101.5;-105.6;-139.7,-13;-11.4;-16.2;-13.5;-17.6;-16.8;-21;-35.7,1;255;255;255;255;255;255;255,0.9,2,0,QPSK,-,100,0,0,0,0.00,0.00,0.00,0.00,0,1,Rank 1,16,176,7,106,-,106,13,21,31,20,256QAM,0,SMDL,0,0,4.7,0.00,0.00,0.01,0.17,Rank 2,5,320,86,-,4 x 4,HandOver,24962,Free,17,FORMAT_0,249,127,Success,24962,5,-,22,22,-1,-,86,-,1,7,-,-,-,-,-,-,-,-,-,-,-,-,-,Registered,Normal Service,9,269,18,10A34B1D,246,19,30kHz,936,-,5,1,-,-,New trans.,0,1,64QAM,140,1,24962,242,0,0,0,Pass,0,QPSK,2,16,2,0,15,30kHz,Re trans.,-,1195,
20260725 15:31:51.770,24.831883,102.844479,19.30,1938,3,1,0.00,0.00,,,,,,,1,SA,460,00,中国移动,4456484,6453981197,1575679,13,Normal,-,1,41,100,100,504990,-,476,513000,513000,30kHz,503172,1099,-,ms20,Connected,SA,-0.8,0,1,-60,106,-85.8,-11.9,6,2,Not Barred,6,6312,-46.9,504990,476,-86.5;-83.2;-94.5;-103.9,-,5.9;-1.1;-2.2;-6.2,11;8.8;9.9;8,-46.9;-72.1;-53.6;-48,7;2;1;0;7;0;2;3;4;1,8;476;476;476;476;475;511;665;664;944,-106.8;-85.1;-84.8;-89.8;-93.8;-90;-90.5;-96.1;-101.7;-124.7,-22.6;-12.2;-10.8;-13.2;-15.8;-13;-16.1;-13.3;-18.9;-30.2,255;255;255;255;255;255;255;255;255;255,1;0;0;0;0;0;0,504990;504990;504990;504990;504990;504990;504990,476;475;511;665;8;664;944,2;0;2;3;7;4;1,-,4;1;1;1;1;1;1,-85.8;-90.3;-90.6;-96.8;-100.7;-102.1;-124.7,-11.9;-13.2;-16;-14.6;-18.3;-18.7;-30.2,6;255;255;255;255;255;255,0.8,2,0,QPSK,-,100,0,0,0,0.00,0.00,0.00,0.00,0,2,Rank 2,16,128,7,153,-,153,8,20.4,31,20,256QAM,0,SMSL,1.3,0,18.2,0.00,0.00,0.02,0.48,Rank 1,5,376,86,-,4 x 4,HandOver,26111,Free,17,FORMAT_0,375,57,Success,26111,5,-,19,7,2,-,86,-,1,7,-,-,-,-,-,-,-,-,-,-,-,-,-,Registered,Normal Service,9,269,18,10A34B1D,337,8,30kHz,1057,-,5,1,-,-,New trans.,0,0,256QAM,211,1,26111,339,1,0,2,Pass,0,QPSK,0,48,1,0,2,30kHz,Re trans.,-,663,
20260725 15:31:52.784,24.831913,102.844521,19.26,1938,3,1,0.00,0.00,,,,,,,1,SA,460,00,中国移动,4456484,6453981196,1575679,12,Normal,-,1,41,100,100,504990,-,476,513000,513000,30kHz,503172,1099,-,ms20,Connected,SA,-0.8,0,1,-60,107,-85.7,-11.7,5.3,2,Not Barred,6,6312,-47.8,504990,476,-85.9;-86.8;-95.1;-110.5,-,-2.2;1.6;-9.3;4.8,11.7;6.8;5.9;7.7,-47.8;-70.3;-53.8;-54.8,6;2;1;0;4;7;2;3;4,8;476;476;476;476;475;511;665;664,-102.9;-85.7;-84;-91.2;-94.7;-85.5;-89.7;-92.9;-99.4,-18.6;-12.1;-10.9;-13.5;-16.3;-11.4;-14.2;-13;-17.7,255;255;255;255;255;255;255;255;255,1;0;0;0;0;0,504990;504990;504990;504990;504990;504990,476;475;511;665;664;8,2;7;2;3;4;6,-,4;1;1;1;1;1,-85.7;-87.1;-89.9;-94.1;-100.9;-101.7,-11.7;-12.8;-14;-14.2;-17.7;-19,5.3;255;255;255;255;255,0.5,4,0,QPSK,-,100,0,0,0,0.00,0.00,0.02,0.02,0,1,Rank 1,22,520,17,69,-,69,11,23.1,31,22,256QAM,0,SMDL,1.1,0,3.3,0.00,0.00,0.04,0.54,Rank 2,5,442,80,-,4 x 4,HandOver,26111,Free,17,FORMAT_0,375,57,Success,26111,5,-,19,8,2,-,80,-,4,13,-,-,-,-,-,-,-,-,-,-,-,-,-,Registered,Normal Service,9,269,18,10A34B1D,444,18,30kHz,992,-,5,1,-,-,New trans.,0,0,256QAM,211,1,26111,419,3,0,0,Pass,0,QPSK,0,16,1,0,15,30kHz,Re trans.,-,2609,
20260725 15:31:53.802,24.831939,102.844560,17.03,1939,3,1,0.00,0.00,,,,,,,1,SA,460,00,中国移动,4456484,6453981197,1575679,13,Normal,-,1,41,100,100,504990,-,476,513000,513000,30kHz,503172,1099,-,ms20,Connected,SA,-0.8,0,1,-60,108,-86.3,-12.4,1.9,2,Not Barred,6,6312,-46.1,504990,476,-82.3;-90.4;-94;-110.3,-,-2.5;-14.2;-9;-0.7,10.5;3.9;6.7;5.1,-47.4;-71;-52.3;-46.1,7;2;0;1;3;7;2;3;6,8;476;476;476;476;475;511;665;664,-112.7;-86.3;-92;-85.6;-94.9;-89.5;-86.8;-93.3;-126.4,-26.6;-13.1;-13.2;-10.9;-16.7;-11.7;-13.6;-14.5;-30.1,255;255;255;255;255;255;255;255;255,1;0;0;0;0;0,504990;504990;504990;504990;504990;504990,476;511;475;665;8;664,2;2;7;3;7;6,-,4;1;1;1;1;1,-86.3;-87.9;-90.3;-94.5;-102.2;-120.1,-12.4;-13.9;-12.4;-14.4;-19.9;-27.4,1.9;255;255;255;255;255,1,2,2,QPSK,-,100,0,0,0,0.00,0.00,0.01,0.01,25,3,Rank 2,28,144,10,92,-,92,9,22.3,31,21,256QAM,0,SMDL,0,0,0,0.00,0.00,0.10,0.67,Rank 2,5,190,77,-,4 x 4,HandOver,26111,Free,17,FORMAT_0,375,57,Success,26111,5,-,19,12,2,-,77,-,3,7,-,-,-,-,-,-,-,-,-,-,-,-,-,Registered,Normal Service,9,269,18,10A34B1D,542,19,30kHz,960,-,5,1,-,-,New trans.,0,1,256QAM,211,1,26111,538,0,0,0,Pass,1,QPSK,1,16,3,0,15,30kHz,Re trans.,-,768,
20260725 15:31:54.811,24.831964,102.844595,15.34,1938,3,1,0.00,0.00,,,,,,,1,SA,460,00,中国移动,4456484,6453981197,1575679,13,Normal,-,1,41,100,100,504990,-,476,513000,513000,30kHz,503172,1099,-,ms20,Connected,SA,-0.8,-2,1,-60,107,-85.8,-11.6,9,2,Not Barred,6,6312,-46.4,504990,476,-80.3;-91.1;-92.6;-112.3,-,10;1.6;1.2;3.1,18.4;14.2;16;12.2,-46.4;-66.4;-50.5;-52.3,6;2;1;0;4;0;2;3;5,8;476;476;476;476;475;511;665;664,-99.4;-85;-86.2;-91.3;-94.3;-92.9;-88;-91.3;-104.8,-17.8;-12.2;-11.1;-12.9;-13.8;-16.2;-16.9;-13.2;-18.3,255;255;255;255;255;255;255;255;255,1;0;0;0;0;0,504990;504990;504990;504990;504990;504990,476;511;665;475;8;664,2;2;3;0;6;5,-,4;1;1;1;1;1,-85.8;-88.7;-92.7;-93.1;-99.4;-104.8,-11.6;-16.7;-13.3;-14.5;-17.8;-18.3,9;255;255;255;255;255,1.8,28,0,QPSK,-,100,0,0,0,0.00,0.00,0.00,0.00,0,1,Rank 2,19,552,11,69,-,69,9,22.3,31,31,256QAM,0,SMSL,2.8,0,18.6,0.00,0.00,0.08,0.30,Rank 1,5,672,87,-,4 x 4,HandOver,25068,Free,17,FORMAT_0,375,127,Success,25068,5,-,19,9,3,-,87,-,3,11,-,-,-,-,-,-,-,-,-,-,-,-,-,Registered,Normal Service,9,269,18,E7767060,654,18,30kHz,1185,-,5,1,-,-,New trans.,0,0,256QAM,219,1,25068,650,3,0,0,Pass,0,QPSK,0,16,1,0,15,30kHz,Re trans.,-,4034,
20260725 15:31:55.824,24.831982,102.844630,14.11,1939,3,1,0.00,0.00,,,,,,,1,SA,460,00,中国移动,4456484,6453981197,1575679,13,Normal,-,1,41,100,100,504990,-,476,513000,513000,30kHz,503172,1099,-,ms20,Connected,SA,-0.8,-2,1,-60,104,-79.5,-10.7,11.7,2,Not Barred,6,6312,-43.6,504990,476,-78.6;-79.8;-90;-93.2,-,12.7;10.8;-0.5;13.4,22.9;20.4;17.4;20.4,-43.6;-57.9;-52;-44.5,6;2;1;0;4;7;2;3;5;3,8;476;476;476;476;475;511;665;664;474,-112.4;-79.9;-78.1;-83.7;-87.6;-88.6;-93;-93.3;-126.8;-97.6,-24.1;-10.8;-10.6;-10.9;-11.8;-12.6;-21.4;-13.6;-31.7;-18.4,255;255;255;255;255;255;255;255;255;255,1;0;0;0;0;0;0,504990;504990;504990;504990;504990;504990;504990,476;475;511;665;474;8;664,2;7;2;3;3;6;5,-,4;1;1;1;1;1;1,-79.5;-89;-93.3;-93.4;-97.6;-112.4;-126.8,-10.7;-13.4;-21.3;-13.7;-18.4;-24.1;-31.7,11.7;255;255;255;255;255;255,1.8,28,0,QPSK,-,100,0,0,0,0.00,0.00,0.04,0.04,12.5,1,Rank 1,19,552,36,69,-,69,13,25.3,31,25,256QAM,0,SMDL,0.8,0,0.8,0.01,0.00,0.29,0.99,Rank 2,5,595,171,-,4 x 4,HandOver,25068,Free,17,FORMAT_0,375,127,Success,25068,5,-,19,0,3,-,171,-,5,31,-,-,-,-,-,-,-,-,-,-,-,-,-,Registered,Normal Service,9,269,18,E7767060,723,8,30kHz,1249,-,5,1,-,-,New trans.,0,0,256QAM,99,1,25068,718,3,0,0,Pass,1,QPSK,0,16,1,0,15,30kHz,Re trans.,-,4034,
20260725 15:31:56.834,24.831987,102.844671,16.06,1938,3,1,0.00,0.00,,,,,,,1,SA,460,00,中国移动,4456484,6453981197,1575679,13,Normal,-,1,41,100,100,504990,-,476,513000,513000,30kHz,503172,1099,-,ms20,Connected,SA,-0.8,-1,1,-60,92,-71.8,-10.5,10.7,2,Not Barred,6,6312,-35,504990,476,-72.6;-70.3;-86.2;-90.2,-,13.1;12.3;255;255,25;30.6;255;255,-37.3;-35,6;2;1;0;4;7;3;3,8;476;476;476;476;475;474;665,-107.3;-71.1;-70.6;-75.7;-80.3;-76.5;-142;-90.7,-25.8;-10.5;-10.5;-10.6;-11.3;-11.6;-37.9;-15.7,255;255;255;255;255;255;255;255,1;0;0;0;0,504990;504990;504990;504990;504990,476;475;665;8;474,2;7;3;6;3,-,4;1;1;1;1,-71.8;-76.6;-90.8;-107.3;-142,-10.5;-11.7;-15.8;-25.8;-37.9,10.7;255;255;255;255,2,28,0,QPSK,-,100,0,0,0,0.00,0.00,0.01,0.01,0,2,Rank 1,19,432,4,106,-,106,13,24.9,25,25,256QAM,0,SMDL,0,0,0,0.00,0.00,0.29,1.05,Rank 2,4,67,44,-,4 x 4,HandOver,25068,Free,17,FORMAT_0,375,127,Success,25068,5,-,4,-6,3,-,44,-,5,4,-,-,-,-,-,-,-,-,-,-,-,-,-,Registered,Normal Service,9,269,18,E7767060,843,8,30kHz,992,-,4,1,-,-,New trans.,0,0,256QAM,196,1,25068,838,3,0,0,Pass,0,QPSK,2,16,2,0,15,30kHz,Re trans.,-,2383,
20260725 15:31:57.847,24.831983,102.844717,17.64,1939,3,1,0.00,0.00,,,,,,,1,SA,460,00,中国移动,4456484,6453981197,1575679,13,Normal,-,1,41,100,100,504990,-,476,513000,513000,30kHz,503172,1099,-,ms20,Connected,SA,-0.8,-1,1,-60,94,-76.4,-10.6,12.1,2,Not Barred,6,6312,-39.8,504990,476,-79;-76.1;-80.7;-97.7,-,11.4;12.8;255;255,18.9;25.5;255;255,-42.6;-39.8,3;2;1;0;4;7,665;476;476;476;476;475,-96.2;-76.4;-74.8;-79.3;-82.5;-84.3,-20.7;-10.6;-10.6;-10.6;-11;-12.3,255;255;255;255;255;255,1;0;0,504990;504990;504990,476;475;665,2;7;3,-,4;1;1,-76.4;-85.5;-92.7,-10.6;-15.2;-19.7,12.1;255;255,2,28,0,QPSK,-,100,0,0,0,0.00,0.00,0.00,0.00,0,2,Rank 1,19,432,4,69,-,69,12,24.5,31,25,256QAM,0,SMDL,0,0,0,0.00,0.00,0.03,0.13,Rank 2,4,156,48,-,2 x 2,HandOver,25068,Free,17,FORMAT_0,375,127,Success,25068,5,-,9,-1,3,-,48,-,5,4,-,-,-,-,-,-,-,-,-,-,-,-,-,Registered,Normal Service,9,269,18,E7767060,934,18,30kHz,944,-,4,1,-,-,New trans.,0,0,256QAM,231,1,25068,857,3,0,0,Pass,1,QPSK,0,16,1,0,15,30kHz,Re trans.,-,2383,
20260725 15:31:58.856,24.831969,102.844762,17.93,1939,3,1,0.00,0.00,,,,,,,1,SA,460,00,中国移动,4456484,6453981197,1575679,13,Normal,-,1,41,100,100,504990,-,476,513000,513000,30kHz,503172,1099,-,ms20,Connected,SA,-0.8,-1,1,-60,100,-80.7,-10.9,13.5,2,Not Barred,6,6312,-48.1,504990,476,-86.6;-81.6;-88.2;-103.9,-,5.9;13.5;255;255,13.7;14.2;255;255,-48.1;-48.6,3;2;1;3;0;7;6,665;476;476;476;476;475;8,-88.3;-80.3;-79.7;-86;-85;-87;-95.5,-15.2;-10.7;-10.7;-12.3;-11.4;-12.3;-18.7,255;255;255;255;255;255;255,1;0;0;0,504990;504990;504990;504990,476;475;665;8,2;7;3;6,-,4;1;1;1,-80.7;-88.5;-89;-95.5,-10.9;-13.6;-15.4;-18.7,13.5;255;255;255,0.5,2,0,QPSK,-,100,0,0,0,0.00,0.00,0.00,0.00,0,1,Rank 1,16,64,4,69,-,69,13,23.3,24,24,256QAM,0,SMDL,0,0,0,0.00,0.00,0.02,0.27,Rank 2,4,56,48,-,2 x 2,HandOver,25068,Free,17,FORMAT_0,375,127,Success,25068,5,-,14,4,3,-,48,-,5,4,-,-,-,-,-,-,-,-,-,-,-,-,-,Registered,Normal Service,9,269,18,E7767060,10,18,30kHz,848,-,4,1,-,-,New trans.,0,0,256QAM,199,1,25068,1005,4,0,0,Pass,0,QPSK,0,16,1,0,15,30kHz,Re trans.,-,313,
20260725 15:31:59.868,24.831947,102.844802,17.71,1939,3,1,0.00,0.00,,,,,,,1,SA,460,00,中国移动,4456484,6453981197,1575679,13,Normal,-,1,41,100,100,504990,-,476,513000,513000,30kHz,503172,1099,-,ms20,Connected,SA,-0.8,-1,1,-60,101,-80.3,-10.9,9.9,2,Not Barred,6,6312,-44.6,504990,476,-79.9;-87.2;-81.1;-102.7,-,7.8;10.3;255;255,22.1;15.7;255;255,-44.6;-47.8,3;2;1;6;0;7;6,665;476;476;476;476;475;8,-93.9;-80.2;-79.5;-87;-83.7;-88.1;-113,-17.8;-10.9;-10.7;-11.7;-10.9;-12.8;-27.6,255;255;255;255;255;255;255,1;0;0;0,504990;504990;504990;504990,476;475;665;8,2;7;3;6,-,4;1;1;1,-80.3;-89.5;-94.4;-113,-10.9;-13.4;-17.3;-27.6,9.9;255;255;255,0.5,2,0,QPSK,-,100,0,0,0,0.00,0.00,0.00,0.00,0,1,Rank 1,16,64,4,69,-,69,13,22.5,23,23,256QAM,0,SMDL,0,0,0,0.00,0.00,0.00,0.10,Rank 2,4,8,48,-,2 x 2,HandOver,25068,Free,17,FORMAT_0,375,127,Success,25068,5,-,14,4,3,-,48,-,5,4,-,-,-,-,-,-,-,-,-,-,-,-,-,Registered,Normal Service,9,269,18,E7767060,50,18,30kHz,896,-,4,1,-,-,New trans.,0,0,256QAM,199,1,25068,1005,4,0,0,Pass,0,QPSK,0,16,1,0,15,30kHz,Re trans.,-,313,
20260725 15:32:00.880,24.831923,102.844840,16.38,1939,3,1,0.00,0.00,,,,,,,1,SA,460,00,中国移动,4456484,6453981197,1575679,13,Normal,-,1,41,100,100,504990,-,476,513000,513000,30kHz,503172,1099,-,ms20,Connected,SA,-0.8,-1,1,-60,103,-81.5,-10.9,14.3,2,Not Barred,6,6312,-44,504990,476,-74.7;-81.3;-88.2;-101.7,-,10;11.3;255;255,16.9;17.3;255;255,-51.6;-44,3;2;1;0;4;7;1;4,665;476;476;476;476;475;511;614,-90.8;-80.9;-81;-86.6;-90.4;-89.1;-132.5;-136,-15.1;-10.9;-10.7;-12.1;-13;-12.9;-34.7;-34.4,255;255;255;255;255;255;255;255,1;0;0;0;0,504990;504990;504990;504990;504990,476;475;665;511;614,2;7;3;1;4,-,4;1;1;1;1,-81.5;-90.5;-90.9;-130;-136,-10.9;-13.5;-15;-32.9;-34.4,14.3;255;255;255;255,0.5,2,0,QPSK,-,100,0,0,0,0.00,0.00,0.00,0.00,0,1,Rank 1,16,64,1,106,-,106,13,24.7,25,25,256QAM,0,SMDL,0,0,0,0.00,0.00,0.00,0.01,Rank 2,4,60,16,-,2 x 2,HandOver,25068,Free,17,FORMAT_0,375,127,Success,25068,5,-,16,8,3,-,16,-,5,1,-,-,-,-,-,-,-,-,-,-,-,-,-,Registered,Normal Service,9,269,18,E7767060,220,18,30kHz,992,-,4,1,-,-,New trans.,0,0,256QAM,191,1,25068,215,3,0,0,Pass,1,QPSK,2,16,2,0,15,30kHz,Re trans.,-,313,
20260725 15:32:01.892,24.831901,102.844874,14.98,1939,3,1,0.00,0.00,,,,,,,1,SA,460,00,中国移动,4456484,6453981197,1575679,13,Normal,-,1,41,100,100,504990,-,476,513000,513000,30kHz,503172,1099,-,ms20,Connected,SA,-0.8,-2,1,-60,100,-78.7,-10.8,11.4,2,Not Barred,6,6312,-48.6,504990,476,-78.3;-85.9;-81.7;-101.1,-,10.3;9;255;255,18.6;15.5;255;255,-48.6;-50,3;2;1;0;4;7;3,665;476;476;476;476;475;474,-111.4;-80.5;-77.1;-84;-85;-88.2;-96.4,-26.1;-10.9;-10.5;-11;-11.2;-12.9;-20.5,255;255;255;255;255;255;255,1;0;0;0,504990;504990;504990;504990,476;475;474;665,2;7;3;3,-,4;1;1;1,-78.7;-89.6;-96.4;-100.6,-10.8;-14.1;-20.5;-20.8,11.4;255;255;255,0.5,2,0,QPSK,-,100,0,0,0,0.00,0.00,0.00,0.00,0,1,Rank 1,16,64,5,69,-,69,13,25,31,25,256QAM,0,SMDL,0,0,0,0.00,0.00,0.00,0.11,Rank 2,4,236,73,-,2 x 2,HandOver,25068,Free,17,FORMAT_0,375,127,Success,25068,5,-,14,10,3,-,73,-,5,5,-,-,-,-,-,-,-,-,-,-,-,-,-,Registered,Normal Service,9,269,18,E7767060,282,18,30kHz,848,-,4,1,-,-,New trans.,0,0,256QAM,219,1,25068,245,3,0,0,Pass,1,QPSK,0,16,1,0,15,30kHz,Re trans.,-,313,
20260725 15:32:02.899,24.831877,102.844912,16.96,1939,3,1,0.00,0.00,,,,,,,1,SA,460,00,中国移动,4456484,6453981197,1575679,13,Normal,-,1,41,100,100,504990,-,476,513000,513000,30kHz,503172,1099,-,ms20,Connected,SA,-0.8,-1,1,-60,99,-77.9,-10.6,14.2,2,Not Barred,6,6312,-43.9,504990,476,-75.9;-82.4;-85.9;-103.6,-,9.2;13;255;255,18.1;16.3;255;255,-43.9;-44,4;2;1;0;3;7,665;476;476;476;476;475,-136;-77.6;-76.7;-82.4;-83.1;-87,-36;-10.5;-10.5;-10.8;-10.9;-13.2,255;255;255;255;255;255,1;0;0,504990;504990;504990,476;475;665,2;7;4,-,4;1;1,-77.9;-87.6;-120.9,-10.6;-13.5;-30.4,14.2;255;255,0.3,2,0,QPSK,-,100,0,0,0,0.00,0.00,0.00,0.00,0,1,Rank 1,16,96,5,69,-,69,14,23.4,24,24,256QAM,0,SMDL,0,0,0,0.00,0.00,0.03,0.43,Rank 2,4,52,73,-,2 x 2,HandOver,25068,Free,17,FORMAT_0,375,127,Success,25068,5,-,13,13,3,-,73,-,5,5,-,-,-,-,-,-,-,-,-,-,-,-,-,Registered,Normal Service,9,269,18,E7767060,434,8,30kHz,944,-,4,1,-,-,New trans.,0,0,256QAM,215,1,25068,429,3,0,0,Pass,1,QPSK,0,16,1,0,15,30kHz,Re trans.,-,451,
20260725 15:32:03.911,24.831851,102.844949,16.99,1939,3,1,0.00,0.00,,,,,,,1,SA,460,00,中国移动,4456484,6453981197,1575679,13,Normal,-,1,41,100,100,504990,-,476,513000,513000,30kHz,503172,1099,-,ms20,Connected,SA,-0.8,-1,1,-60,100,-78.6,-10.6,13.6,2,Not Barred,6,6312,-44,504990,476,-79.4;-86.7;-91;-100.8,-,7.9;12.9;-0.5;0.4,13.8;14.3;255;255,-47.1;-44,4;2;1;0;3;7,665;476;476;476;476;475,-95.7;-79.3;-77.3;-83.6;-84.4;-91.4,-18.5;-10.6;-10.5;-10.7;-11.1;-13.2,255;255;255;255;255;255,1;0;0,504990;504990;504990,476;475;665,2;7;4,-,4;1;1,-78.6;-93.3;-114.8,-10.6;-15.1;-27.1,13.6;255;255,0.7,2,0,QPSK,-,100,0,0,0,0.00,0.00,0.00,0.00,0,2,Rank 1,16,96,5,106,-,106,13,22.6,31,22,256QAM,0,SMDL,0,0,1.4,0.00,0.00,0.00,0.09,Rank 2,4,284,67,-,2 x 2,HandOver,25068,Free,17,FORMAT_0,375,127,Success,25068,5,-,14,11,3,-,67,-,5,5,-,-,-,-,-,-,-,-,-,-,-,-,-,Registered,Normal Service,9,269,18,E7767060,522,8,30kHz,896,-,4,1,-,-,New trans.,0,0,256QAM,215,1,25068,517,3,0,0,Pass,0,QPSK,2,16,2,0,15,30kHz,Re trans.,-,445,
20260725 15:32:04.921,24.831824,102.844985,16.92,1940,3,1,0.00,0.00,,,,,,,1,SA,460,00,中国移动,4456484,6453981197,1575679,13,Normal,-,1,41,100,100,504990,-,476,513000,513000,30kHz,503172,1099,-,ms20,Connected,SA,-0.8,-1,1,-60,103,-82.3,-10.7,9.2,2,Not Barred,6,6312,-45.9,504990,476,-85.2;-87.7;-84.3;-98.2,-,9.2;8.9;255;255,14.9;13.8;255;255,-45.9;-53.5,3;2;1;6;0;6;6,665;476;476;476;476;475;511,-97.1;-81.4;-83.1;-90.7;-90;-93.3;-114.2,-16;-10.6;-10.6;-11.9;-11.9;-14.7;-27.4,255;255;255;255;255;255;255,1;0;0;0,504990;504990;504990;504990,476;475;665;511,2;6;3;6,-,4;1;1;1,-82.3;-91.7;-97.3;-100,-10.7;-13.9;-16.2;-21.6,9.2;255;255;255,0.7,2,0,QPSK,-,100,0,0,0,0.00,0.00,0.00,0.00,0,2,Rank 1,16,96,2,106,-,106,13,24.4,31,25,256QAM,0,SMDL,0,0,0,0.00,0.00,0.01,0.47,Rank 2,4,216,30,-,2 x 2,HandOver,25068,Free,17,FORMAT_0,375,127,Success,25068,5,-,16,11,3,-,30,-,5,2,-,-,-,-,-,-,-,-,-,-,-,-,-,Registered,Normal Service,9,269,18,E7767060,635,9,30kHz,968,-,4,1,-,-,New trans.,0,1,256QAM,239,1,25068,631,14,0,0,Pass,0,QPSK,2,16,2,0,15,30kHz,Re trans.,-,445,
20260725 15:32:05.935,24.831798,102.845019,15.95,1940,3,1,0.00,0.00,,,,,,,1,SA,460,00,中国移动,4456484,6453981197,1575679,13,Normal,-,1,41,100,100,504990,-,476,513000,513000,30kHz,503172,1099,-,ms20,Connected,SA,-0.8,-1,1,-60,103,-81.8,-10.7,10.7,2,Not Barred,6,6312,-44.6,504990,476,-80.7;-87.3;-80.1;-95.8,-,12.4;12.7;-3.5;12,15.7;15.5;255;255,-45;-44.6,3;2;1;0;4;7;3,665;476;476;476;476;475;511,-97.2;-82.4;-80.2;-85.1;-89.7;-88;-100.1,-16.1;-10.7;-10.5;-10.9;-11.9;-11.9;-18.9,255;255;255;255;255;255;255,1;0;0;0,504990;504990;504990;504990,476;475;665;511,2;7;3;3,-,4;1;1;1,-81.8;-89;-97.8;-99.1,-10.7;-12.3;-17.3;-20.4,10.7;255;255;255,2.4,7,2,QPSK,-,85.7,14.3,0,0,0.00,0.00,0.01,0.01,0,1,Rank 1,16,224,13,69,-,69,13,25,31,24,256QAM,0,SMDL,0,0,0,0.00,0.01,0.01,0.38,Rank 2,4,480,147,-,2 x 2,HandOver,25068,Free,17,FORMAT_0,375,127,Success,25068,5,-,16,10,3,-,147,-,5,13,-,-,-,-,-,-,-,-,-,-,-,-,-,Registered,Normal Service,9,269,18,E7767060,738,18,30kHz,944,-,4,1,-,-,New trans.,0,0,256QAM,215,1,25068,709,3,0,0,Pass,1,QPSK,0,16,1,0,15,30kHz,Re trans.,-,1964,
20260725 15:32:06.941,24.831775,102.845054,15.23,1940,3,1,0.00,0.00,,,,,,,1,SA,460,00,中国移动,4456484,6453981197,1575679,13,Normal,-,1,41,100,100,504990,-,476,513000,513000,30kHz,503172,1099,-,ms20,Connected,SA,-0.8,1,1,-60,98,-77.7,-10.5,18.1,2,Not Barred,6,6312,-42.1,504990,476,-76.3;-80.5;-83.2;-96.1,-,12.3;9.8;255;255,20.5;19.4;255;255,-42.1;-44.8,3;2;1;3;4;6;3,665;476;476;476;476;475;511,-114.1;-77;-80;-85;-86.2;-92.6;-123.3,-27.8;-10.5;-10.6;-11;-11;-12.9;-31.7,255;255;255;255;255;255;255,1;0;0;0,504990;504990;504990;504990,476;475;665;511,2;6;3;3,-,4;1;1;1,-77.7;-92.4;-112.1;-123.3,-10.5;-14.2;-26.9;-31.7,18.1;255;255;255,4.9,29,2,QPSK,-,80,20,0,0,0.00,0.00,0.01,0.01,9.1,2,Rank 1,17,176,9,1505,-,1505,12,23.7,31,24,256QAM,0,SMDL,0,0,1.1,0.00,0.00,0.13,0.87,Rank 2,4,380,91,-,2 x 2,HandOver,25068,Free,17,FORMAT_0,375,127,Success,25068,5,-,12,10,3,-,91,-,5,9,-,-,-,-,-,-,-,-,-,-,-,-,-,Registered,Normal Service,9,269,18,E7767060,836,19,30kHz,848,-,4,1,-,-,New trans.,0,1,256QAM,227,1,25068,835,13,0,0,Pass,0,16QAM,8,64,2,0,15,30kHz,Re trans.,-,1453,
20260725 15:32:07.948,24.831755,102.845090,15.23,1941,3,1,0.00,0.00,,,,,,,1,SA,460,00,中国移动,4456484,6453981197,1575679,13,Normal,-,1,41,100,100,504990,-,476,513000,513000,30kHz,503172,1099,-,ms20,Connected,SA,-0.8,1,1,-60,102,-81.4,-10.9,13.6,2,Not Barred,6,6312,-44.5,504990,476,-91.2;-80.6;-88.2;-92.5,-,22.5;6.2;255;255,21.5;16.9;255;255,-44.5;-46,7;2;1;0;4,475;476;476;476;476,-86.3;-81.8;-80.1;-85.3;-87.4,-11.7;-10.9;-10.6;-11.4;-11.7,255;255;255;255;255,1;0,504990;504990,476;475,2;7,-,4;1,-81.4;-87.1,-10.9;-12.6,13.6;255,4.8,15,3,QPSK,-,70.6,11.8,17.6,0,0.00,0.05,0.01,0.01,0,2,Rank 1,31,529,19,106,-,106,13,23.5,31,23,256QAM,0,SMDL,0,0,0.8,0.03,0.03,0.04,0.66,Rank 2,4,540,149,-,2 x 2,HandOver,25068,Free,17,FORMAT_0,375,127,Success,25068,5,-,14,14,3,-,149,-,5,19,-,-,-,-,-,-,-,-,-,-,-,-,-,Registered,Normal Service,9,269,18,E7767060,933,18,30kHz,992,-,4,1,-,-,New trans.,0,0,256QAM,219,1,25068,928,14,0,0,Pass,0,QPSK,2,16,2,0,15,30kHz,Re trans.,-,13300,
20260725 15:32:08.955,24.831738,102.845126,14.51,1941,3,1,0.00,0.00,,,,,,,1,SA,460,00,中国移动,4456484,6453981197,1575679,13,Normal,-,1,41,100,100,504990,-,476,513000,513000,30kHz,503172,1099,-,ms20,Connected,SA,-0.8,1,1,-60,95,-74.5,-10.5,14.9,2,Not Barred,6,6312,-42.1,504990,476,-78.9;-76.6;-83.3;-103.1,-,20.5;14.3;255;255,22.6;18.8;255;255,-42.1;-43.4,7;2;1;3;0,475;476;476;476;476,-88.9;-73.8;-74.4;-80.6;-79.9,-14.8;-10.4;-10.4;-10.7;-10.7,255;255;255;255;255,1;0,504990;504990,476;475,2;7,-,4;1,-74.5;-89.5,-10.5;-14.8,14.9;255,0.8,2,0,QPSK,-,100,0,0,0,0.06,0.01,0.10,0.10,0,1,Rank 1,17,88,4,69,-,69,13,24.8,25,25,256QAM,0,SMDL,0,0,0,0.00,0.00,0.10,0.91,Rank 2,4,92,24,-,2 x 2,HandOver,25068,Free,17,FORMAT_0,375,127,Success,25068,5,-,8,6,3,-,24,-,2,2,-,-,-,-,-,-,-,-,-,-,-,-,-,Registered,Normal Service,9,269,18,E7767060,12,18,30kHz,848,-,4,1,-,-,New trans.,0,0,256QAM,203,1,25068,7,3,0,0,Pass,1,QPSK,0,16,1,0,15,30kHz,Re trans.,-,309,
20260725 15:32:09.968,24.831726,102.845163,13.90,1942,3,1,0.00,0.00,,,,,,,1,SA,460,00,中国移动,4456484,6453981197,1575679,13,Normal,-,1,41,100,100,504990,-,476,513000,513000,30kHz,503172,1099,-,ms20,Connected,SA,-0.8,1,1,-60,98,-78,-10.6,20.2,2,Not Barred,6,6312,-40.3,504990,476,-73.3;-78.5;-76.4;-95.8,-,21.7;18.1;255;255,24.6;20.4;255;255,-40.3;-40.3,7;2;1;3;0;3,475;476;476;476;476;474,-88.4;-78.8;-76.9;-84;-83.7;-94,-14.3;-10.6;-10.6;-11.1;-11.2;-19.8,255;255;255;255;255;255,1;0;0,504990;504990;504990,476;475;474,2;7;3,-,4;1;1,-78;-89.3;-94,-10.6;-15.3;-19.8,20.2;255;255,0.8,2,0,QPSK,-,100,0,0,0,0.00,0.00,0.00,0.00,9.1,1,Rank 1,17,88,12,106,-,106,12,23.4,31,22,256QAM,0,SMDL,0,0,0,0.00,0.00,0.00,0.17,Rank 2,4,148,115,-,2 x 2,HandOver,25068,Free,17,FORMAT_0,375,127,Success,25068,5,-,7,5,3,-,115,-,2,12,-,-,-,-,-,-,-,-,-,-,-,-,-,Registered,Normal Service,9,269,18,E7767060,117,18,30kHz,992,-,4,1,-,-,New trans.,0,0,256QAM,215,1,25068,112,14,0,0,Pass,0,QPSK,2,16,2,0,15,30kHz,Re trans.,-,309,
20260725 15:32:10.982,24.831714,102.845199,13.86,1942,3,1,0.00,0.00,,,,,,,1,SA,460,00,中国移动,4456484,6453981197,1575679,13,Normal,-,1,41,100,100,504990,-,476,513000,513000,30kHz,503172,1099,-,ms20,Connected,SA,-0.8,1,1,-60,98,-78.3,-10.6,13.9,2,Not Barred,6,6312,-39.8,504990,476,-81.5;-79.5;-75.1;-98.8,-,13.9;10.7;255;255,16.3;16.3;255;255,-42.5;-59.3;-43;-39.8,6;2;1;0;3;3,475;476;476;476;476;474,-89;-77.5;-77.8;-80.8;-83.5;-94.7,-13;-10.5;-10.7;-10.6;-11.1;-18.5,255;255;255;255;255;255,1;0;0,504990;504990;504990,476;475;474,2;6;3,-,4;1;1,-78.3;-87.9;-94.9,-10.6;-13.6;-18.6,13.9;255;255,3.7,29,2,QPSK,-,78.9,21.1,0,0,0.00,0.01,0.01,0.01,0,1,Rank 1,17,324,13,201,-,201,12,24.3,31,25,256QAM,0,SMDL,0,0,13,0.04,0.04,0.12,0.25,Rank 2,4,544,98,-,2 x 2,HandOver,25068,Free,17,FORMAT_0,375,127,Success,25068,5,-,7,7,3,-,98,-,1,12,-,-,-,-,-,-,-,-,-,-,-,-,-,Registered,Normal Service,9,269,18,E7767060,219,8,30kHz,848,-,4,1,-,-,New trans.,0,0,256QAM,215,1,25068,219,7,0,0,Pass,0,QPSK,3,16,2,0,15,30kHz,Re trans.,-,2795,
20260725 15:32:11.994,24.831702,102.845234,13.57,1942,3,1,0.00,0.00,,,,,,,1,SA,460,00,中国移动,4456484,6453981197,1575679,13,Normal,-,1,41,100,100,504990,-,476,513000,513000,30kHz,503172,1099,-,ms20,Connected,SA,-0.8,1,1,-60,99,-78.4,-10.6,19.4,2,Not Barred,6,6312,-38.3,504990,476,-73.6;-83.5;-84.4;-98.2,-,17.6;10.1;255;255,15;16.2;255;255,-39.9;-38.3,7;2;1;4;0;5,475;476;476;476;476;474,-90.5;-78;-77.7;-82.9;-83.8;-98.7,-13.5;-10.5;-10.5;-10.8;-11.3;-19.2,255;255;255;255;255;255,1;0;0,504990;504990;504990,476;475;474,2;7;5,-,4;1;1,-78.4;-89.5;-95,-10.6;-13.7;-17.3,19.4;255;255,3.7,29,2,QPSK,-,78.9,21.1,0,0,0.01,0.00,0.01,0.01,0,1,Rank 1,17,324,13,14,-,14,12,22.3,31,22,256QAM,0,SMDL,0,0,8.3,0.00,0.00,0.06,0.95,Rank 2,4,288,98,-,2 x 2,HandOver,25068,Free,17,FORMAT_0,375,127,Success,25068,5,-,8,7,3,-,98,-,1,12,-,-,-,-,-,-,-,-,-,-,-,-,-,Registered,Normal Service,9,269,18,E7767060,278,18,30kHz,688,-,4,1,-,-,New trans.,0,0,64QAM,203,1,25068,255,12,0,4,Pass,0,QPSK,0,20,1,0,0,30kHz,Re trans.,-,2795,
20260725 15:32:13.002,24.831689,102.845268,13.57,1942,3,1,0.00,0.00,,,,,,,1,SA,460,00,中国移动,4456484,6453981197,1575679,13,Normal,-,1,41,100,100,504990,-,476,513000,513000,30kHz,503172,1099,-,ms20,Connected,SA,-0.8,2,1,-60,85,-66.5,-10.4,25.2,2,Not Barred,6,6312,-30,504990,476,-65;-64.9;-72.8;-85.9,-,22.7;19.7;18.3;19.5,24.6;28.4;255;255,-30;-30,6;2;1;0;3,475;476;476;476;476,-81.1;-65.6;-65.7;-70.2;-70.7,-17.2;-10.4;-10.4;-10.6;-10.5,255;255;255;255;255,1;0,504990;504990,476;475,2;6,-,4;1,-66.5;-81.9,-10.4;-18,25.2;255,1.3,3,0,QPSK,-,100,0,0,0,0.00,0.00,0.01,0.01,0,1,Rank 1,16,148,3,141,-,141,12,21.9,24,22,256QAM,0,SMDL,0,0,14.3,0.00,0.00,0.02,0.44,Rank 2,4,56,28,-,2 x 2,HandOver,25068,Free,17,FORMAT_0,375,127,Success,25068,5,-,2,-7,3,-,28,-,1,2,-,-,-,-,-,-,-,-,-,-,-,-,-,Registered,Normal Service,9,269,18,E7767060,420,9,30kHz,992,-,4,1,-,-,New trans.,0,0,256QAM,215,1,25068,415,7,0,0,Pass,0,QPSK,2,16,2,0,15,30kHz,Re trans.,-,854,
20260725 15:32:14.014,24.831676,102.845304,14.76,1942,3,1,0.00,0.00,,,,,,,1,SA,460,00,中国移动,4456484,6453981197,1575679,13,Normal,-,1,41,100,100,504990,-,476,513000,513000,30kHz,503172,1099,-,ms20,Connected,SA,-0.8,2,1,-60,89,-68.1,-10.6,19.4,2,Not Barred,6,6312,-35.3,504990,476,-65.5;-69.3;-69.1;-77.9,-,26.4;11.5;255;255,21.8;18.1;255;255,-35.3;-35.6,6;2;1;0;3,475;476;476;476;476,-75.3;-67.4;-67;-72.2;-73.8,-12.6;-10.4;-10.5;-10.9;-10.6,255;255;255;255;255,1;0,504990;504990,476;475,2;6,-,4;1,-68.1;-77.1,-10.6;-13.2,19.4;255,1.3,3,0,QPSK,-,100,0,0,0,0.00,0.00,0.00,0.00,0,1,Rank 1,16,148,3,106,-,106,12,23.7,25,24,256QAM,0,SMDL,0,0,0,0.00,0.00,0.02,0.09,Rank 2,4,160,40,-,2 x 2,HandOver,25068,Free,17,FORMAT_0,375,127,Success,25068,5,-,5,0,3,-,40,-,1,3,-,-,-,-,-,-,-,-,-,-,-,-,-,Registered,Normal Service,9,269,18,E7767060,504,18,30kHz,992,-,4,1,-,-,New trans.,0,0,256QAM,235,1,25068,499,3,0,0,Pass,1,QPSK,2,16,2,0,15,30kHz,Re trans.,-,854,
20260725 15:32:15.020,24.831665,102.845344,15.55,1943,3,1,0.00,0.00,,,,,,,1,SA,460,00,中国移动,4456484,6453981197,1575679,13,Normal,-,1,41,100,100,504990,-,476,513000,513000,30kHz,503172,1099,-,ms20,Connected,SA,-0.8,2,1,-60,85,-65.2,-10.5,23.1,2,Not Barred,6,6312,-25.6,504990,476,-62.2;-65.8;-63.6;-79.7,-,23.9;17.9;255;255,25.2;18.4;255;255,-25.6;-33,6;2;1;3;0,475;476;476;476;476,-72.2;-64;-64.8;-67.8;-69.1,-13.5;-10.4;-10.5;-10.4;-10.7,255;255;255;255;255,1;0,504990;504990,476;475,2;6,-,4;1,-65.2;-73.1,-10.5;-14.3,23.1;255,1.2,2,2,QPSK,-,100,0,0,0,0.00,0.00,0.00,0.00,0,1,Rank 1,16,80,7,106,-,106,12,25.3,31,25,256QAM,0,SMDL,0,0,0,0.00,0.00,0.00,0.28,Rank 2,4,288,76,-,2 x 2,HandOver,25068,Free,17,FORMAT_0,375,127,Success,25068,5,-,0,-10,3,-,76,-,1,7,-,-,-,-,-,-,-,-,-,-,-,-,-,Registered,Normal Service,9,269,18,E7767060,618,18,30kHz,944,-,4,1,-,-,New trans.,0,0,256QAM,215,1,25068,601,3,0,0,Pass,0,QPSK,2,16,2,0,15,30kHz,Re trans.,-,491,
20260725 15:32:16.030,24.831655,102.845386,16.20,1943,3,1,0.00,0.00,,,,,,,1,SA,460,00,中国移动,4456484,6453981197,1575679,13,Normal,-,1,41,100,100,504990,-,476,513000,513000,30kHz,503172,1099,-,ms20,Connected,SA,-0.8,2,1,-60,85,-64.9,-10.5,23.6,2,Not Barred,6,6312,-28.5,504990,476,-62.5;-69.2;-72.4;-83,-,24.8;16.9;255;255,23.4;16.4;255;255,-28.5;-30.6,6;2;1;3;0,475;476;476;476;476,-72.1;-63.2;-65.1;-67.3;-69.4,-13;-10.4;-10.6;-10.4;-11.1,255;255;255;255;255,1;0,504990;504990,476;475,2;6,-,4;1,-64.9;-73.7,-10.5;-14.6,23.6;255,2.4,7,2,QPSK,-,85.7,14.3,0,0,0.00,0.00,0.01,0.01,0,1,Rank 1,16,112,2,69,-,69,12,24,25,25,256QAM,0,SMDL,0,0,0,0.00,0.00,0.06,0.53,Rank 2,4,136,42,-,2 x 2,HandOver,25068,Free,17,FORMAT_0,375,127,Success,25068,5,-,2,-11,3,-,42,-,1,2,-,-,-,-,-,-,-,-,-,-,-,-,-,Registered,Normal Service,9,269,18,E7767060,714,8,30kHz,992,-,4,1,-,-,New trans.,0,0,256QAM,203,1,25068,709,3,0,0,Pass,1,QPSK,0,16,1,0,15,30kHz,Re trans.,-,940,
20260725 15:32:17.042,24.831643,102.845471,16.09,1943,3,1,0.00,0.00,,,,,,,1,SA,460,00,中国移动,4456484,6453981197,1575679,13,Normal,-,1,41,100,100,504990,-,476,513000,513000,30kHz,503172,1099,-,ms20,Connected,SA,-0.8,2,1,-60,84,-63.7,-10.5,25.4,2,Not Barred,6,6312,-25.6,504990,476,-61;-68.9;-69.2;-83.4,-,25.4;13.3;255;255,21;21.9;255;255,-25.6;-44.5,6;2;1;3;0,475;476;476;476;476,-73.8;-62.2;-63.9;-65.3;-67.8,-12.9;-10.4;-10.5;-10.4;-10.9,255;255;255;255;255,1;0,504990;504990,476;475,2;6,-,4;1,-63.7;-75.1,-10.5;-13.9,25.4;255,2.4,7,2,QPSK,-,85.7,14.3,0,0,0.00,0.00,0.00,0.00,0,1,Rank 1,16,112,3,69,-,69,12,24,25,25,256QAM,0,SMDL,0,0,0,0.00,0.00,0.00,0.24,Rank 2,4,108,43,-,2 x 2,HandOver,25068,Free,17,FORMAT_0,375,127,Success,25068,5,-,2,-9,3,-,43,-,1,3,-,-,-,-,-,-,-,-,-,-,-,-,-,Registered,Normal Service,9,269,18,E7767060,820,18,30kHz,992,-,4,1,-,-,New trans.,0,0,256QAM,191,1,25068,815,3,0,0,Pass,0,QPSK,0,16,1,0,15,30kHz,Re trans.,-,940,
20260725 15:32:18.050,24.831637,102.845516,16.92,1943,3,1,0.00,0.00,,,,,,,1,SA,460,00,中国移动,4456484,6453981197,1575679,13,Normal,-,1,41,100,100,504990,-,476,513000,513000,30kHz,503172,1099,-,ms20,Connected,SA,-0.8,2,1,-60,84,-64.2,-10.5,22.2,2,Not Barred,6,6312,-27.9,504990,476,-64.3;-68.8;-84.2;-68.9,-,21.7;12.9;255;255,18.2;19.2;255;255,-27.9;-34.4,6;2;1;3;0,475;476;476;476;476,-71.3;-62.9;-64.9;-65.2;-68.8,-10.5;-10.4;-10.6;-10.4;-11.3,255;255;255;255;255,1;0,504990;504990,476;475,2;6,-,4;1,-64.2;-73.2,-10.5;-11.2,22.2;255,1,2,2,QPSK,-,100,0,0,0,0.00,0.00,0.00,0.00,0,1,Rank 1,16,64,3,69,-,69,12,23.8,25,24,256QAM,0,SMDL,0,0,0,0.00,0.00,0.00,0.19,Rank 2,4,120,43,-,2 x 2,HandOver,25068,Free,17,FORMAT_0,375,127,Success,25068,5,-,2,-7,3,-,43,-,1,3,-,-,-,-,-,-,-,-,-,-,-,-,-,Registered,Normal Service,9,269,18,E7767060,890,8,30kHz,992,-,4,1,-,-,New trans.,0,0,256QAM,195,1,25068,885,3,0,0,Pass,1,QPSK,0,16,1,0,15,30kHz,Re trans.,-,350,
20260725 15:32:19.065,24.831629,102.845564,18.11,1943,3,1,0.00,0.00,,,,,,,1,SA,460,00,中国移动,4456484,6453981197,1575679,13,Normal,-,1,41,100,100,504990,-,476,513000,513000,30kHz,503172,1099,-,ms20,Connected,SA,-0.8,3,1,-60,86,-65.6,-10.4,22.6,2,Not Barred,6,6312,-29.3,504990,476,-63.1;-68.6;-83.5;-69.8,-,21.6;24.9;255;255,21.6;25;255;255,-29.3;-31.9,6;2;1;3;4,475;476;476;476;476,-76.8;-64.6;-65.9;-66.7;-70,-11.3;-10.4;-10.5;-10.4;-10.4,255;255;255;255;255,1;0,504990;504990,476;475,2;6,-,4;1,-65.6;-76.3,-10.4;-13.6,22.6;255,1,2,2,QPSK,-,100,0,0,0,0.00,0.00,0.00,0.00,0,1,Rank 1,16,64,3,69,-,69,12,24.8,25,25,256QAM,0,SMDL,0,0,0,0.00,0.00,0.00,0.21,Rank 2,4,228,26,-,2 x 2,HandOver,25068,Free,17,FORMAT_0,375,127,Success,25068,5,-,0,-5,3,-,26,-,1,3,-,-,-,-,-,-,-,-,-,-,-,-,-,Registered,Normal Service,9,269,18,E7767060,1014,18,30kHz,992,-,4,1,-,-,New trans.,0,0,256QAM,199,0,25068,971,13,0,0,Pass,0,QPSK,0,16,1,0,15,30kHz,Re trans.,-,350,
20260725 15:32:20.080,24.831615,102.845611,18.76,1943,3,1,0.00,0.00,,,,,,,1,SA,460,00,中国移动,4456484,6453981197,1575679,13,Normal,-,1,41,100,100,504990,-,476,513000,513000,30kHz,503172,1099,-,ms20,Connected,SA,-0.8,3,1,-60,87,-68,-10.4,23,2,Not Barred,6,6312,-33.4,504990,476,-67.6;-69.2;-88.2;-74.5,-,23.5;18.7;255;255,23.2;19.6;255;255,-33.4;-34.4,6;2;3;1;4,475;476;476;476;476,-76.4;-67.2;-68.2;-68.7;-72.3,-10.8;-10.4;-10.4;-10.4;-10.4,255;255;255;255;255,1;0,504990;504990,476;475,2;6,-,4;1,-68;-77.5,-10.4;-11.9,23;255,1.6,5,2,QPSK,-,85.7,14.3,0,0,0.00,0.00,0.01,0.01,0,1,Rank 1,18,132,6,69,-,69,12,25,25,25,256QAM,0,SMDL,0,0,0,0.00,0.00,0.00,0.42,Rank 2,4,80,49,-,2 x 2,HandOver,25068,Free,17,FORMAT_0,375,127,Success,25068,5,-,0,-2,3,-,49,-,1,5,-,-,-,-,-,-,-,-,-,-,-,-,-,Registered,Normal Service,9,269,18,E7767060,102,18,30kHz,992,-,4,1,-,-,New trans.,0,0,256QAM,207,1,25068,34,14,0,0,Pass,1,QPSK,0,16,1,0,15,30kHz,Re trans.,-,982,
20260725 15:32:21.090,24.831601,102.845662,19.30,1943,3,1,0.00,0.00,,,,,,,1,SA,460,00,中国移动,4456484,6453981197,1575679,13,Normal,-,1,41,100,100,504990,-,476,513000,513000,30kHz,503172,1099,-,ms20,Connected,SA,-0.8,3,1,-60,87,-66.6,-10.4,22.6,2,Not Barred,6,6312,-32,504990,476,-69.4;-66.6;-85.8;-79.5,-,19;22.6;255;255,25.7;23.8;255;255,-34.6;-32,6;2;3;1;4,475;476;476;476;476,-72;-67.2;-65.1;-68;-70,-10.6;-10.4;-10.4;-10.5;-10.4,255;255;255;255;255,1;0,504990;504990,476;475,2;6,-,4;1,-66.6;-74.4,-10.4;-12.1,22.6;255,1.6,5,2,QPSK,-,85.7,14.3,0,0,0.00,0.00,0.00,0.00,0,1,Rank 1,18,132,1,69,-,69,12,24.7,25,25,256QAM,0,SMDL,0,0,0,0.00,0.00,0.00,0.15,Rank 2,4,76,26,-,2 x 2,HandOver,25068,Free,17,FORMAT_0,375,127,Success,25068,5,-,-5,4,3,-,26,-,1,1,-,-,-,-,-,-,-,-,-,-,-,-,-,Registered,Normal Service,9,269,18,E7767060,201,18,30kHz,992,-,4,1,-,-,New trans.,0,0,256QAM,207,1,25068,197,3,0,0,Pass,1,QPSK,0,16,1,0,15,30kHz,Re trans.,-,982,
20260725 15:32:22.105,24.831588,102.845713,19.69,1943,3,1,0.00,0.00,,,,,,,1,SA,460,00,中国移动,4456484,6453981197,1575679,13,Normal,-,1,41,100,100,504990,-,476,513000,513000,30kHz,503172,1099,-,ms20,Connected,SA,-0.8,2,1,-60,89,-68.8,-10.5,22.1,3,Not Barred,6,6312,-30.5,504990,476,-68.7;-72.4;-82.3;-75.2,-,23.6;11;255;255,22.1;22.4;255;255,-30.5;-38.3,6;3;2;5;1,475;476;476;476;476,-69.5;-67;-70.5;-71.6;-71,-10.5;-10.4;-10.4;-10.5;-10.8,255;255;255;255;255,1;0,504990;504990,476;475,3;6,-,4;1,-68.8;-71.8,-10.5;-10.8,22.1;255,1.4,3,2,QPSK,-,100,0,0,0,0.00,0.00,0.00,0.00,0,2,Rank 1,16,80,3,106,-,106,12,24.9,25,25,256QAM,0,SMDL,0,0,0,0.00,0.00,0.00,0.14,Rank 2,4,180,54,-,2 x 2,HandOver,25068,Free,17,FORMAT_0,375,127,Success,25068,5,-,3,7,3,-,54,-,1,3,-,-,-,-,-,-,-,-,-,-,-,-,-,Registered,Normal Service,9,269,18,E7767060,302,18,30kHz,992,-,4,1,-,-,New trans.,0,0,256QAM,195,1,25068,297,13,0,0,Pass,1,QPSK,2,16,2,0,15,30kHz,Re trans.,-,507,
20260725 15:32:23.120,24.831574,102.845764,19.26,1943,3,1,0.00,0.00,,,,,,,1,SA,460,00,中国移动,4456484,6453981197,1575679,13,Normal,-,1,41,100,100,504990,-,476,513000,513000,30kHz,503172,1099,-,ms20,Connected,SA,-0.8,3,1,-60,88,-76.1,-10.6,19.4,3,Not Barred,6,6312,-38.8,504990,476,-87.7;-72.9;-104.7;-74.2,-,10.7;23.2;255;255,21.5;20.1;255;255,-39.3;-38.8,6;3;1;0;5,475;476;476;476;476,-78.7;-74.8;-79.7;-83.5;-81.7,-11.2;-10.5;-10.9;-12.5;-11.1,255;255;255;255;255,1;0,504990;504990,476;475,3;6,-,4;1,-76.1;-80.5,-10.6;-11.8,19.4;255,1.4,3,2,QPSK,-,100,0,0,0,0.00,0.00,0.00,0.00,0,2,Rank 1,16,80,3,106,-,106,12,23.7,25,25,256QAM,0,SMDL,0,0,10.7,0.00,0.00,0.00,0.34,Rank 2,4,112,54,-,2 x 2,HandOver,25068,Free,17,FORMAT_0,375,127,Success,25068,5,-,2,14,3,-,54,-,1,3,-,-,-,-,-,-,-,-,-,-,-,-,-,Registered,Normal Service,9,269,18,E7767060,326,18,30kHz,992,-,4,1,-,-,New trans.,0,0,256QAM,191,1,25068,297,13,0,0,Pass,1,QPSK,2,16,2,0,15,30kHz,Re trans.,-,507,
20260725 15:32:24.131,24.831562,102.845811,16.88,1944,3,1,0.00,0.00,,,,,,,1,SA,460,00,中国移动,4456484,6453981197,1575679,13,Normal,-,1,41,100,100,504990,-,476,513000,513000,30kHz,503172,1099,-,ms20,Connected,SA,-0.8,2,1,-60,91,-71.4,-10.4,22,3,Not Barred,6,6312,-33,504990,476,-72.9;-67.4;-90.6;-68.1,-,23.3;23.8;255;255,30.6;17.9;255;255,-47.3;-33,6;3;2;5;1,475;476;476;476;476,-74.4;-70.2;-73.2;-75.1;-78.5,-10.8;-10.4;-10.4;-10.6;-10.8,255;255;255;255;255,1;0,504990;504990,476;475,3;6,-,4;1,-71.4;-74.9,-10.4;-11,22;255,2,2,2,QPSK,-,100,0,0,0,0.00,0.00,0.00,0.00,0,2,Rank 1,16,32,2,106,-,106,12,24.7,25,25,256QAM,0,SMDL,0,0,0,0.00,0.00,0.00,0.20,Rank 2,4,52,29,-,2 x 2,HandOver,25068,Free,17,FORMAT_0,375,127,Success,25068,5,-,3,10,3,-,29,-,1,2,-,-,-,-,-,-,-,-,-,-,-,-,-,Registered,Normal Service,9,269,18,E7767060,485,8,30kHz,992,-,4,1,-,-,-,0,2,256QAM,191,1,25068,479,3,0,0,Pass,1,QPSK,2,16,2,0,15,30kHz,Re trans.,-,212,
20260725 15:32:25.145,24.831554,102.845856,15.91,1944,3,1,0.00,0.00,,,,,,,1,SA,460,00,中国移动,4456484,6453981197,1575679,13,Normal,-,1,41,100,100,504990,-,476,513000,513000,30kHz,503172,1099,-,ms20,Connected,SA,-0.8,3,1,-60,91,-71.2,-10.4,26.6,3,Not Barred,6,6312,-34.6,504990,476,-68.4;-70.2;-94;-80.1,-,9.8;27.6;255;255,25.1;22;255;255,-46.4;-34.6,6;3;1;0;6,475;476;476;476;476,-79.8;-70.3;-78.6;-82.4;-84.1,-11;-10.4;-10.8;-11.7;-14.8,255;255;255;255;255,1;0,504990;504990,476;475,3;6,-,4;1,-71.2;-81.2,-10.4;-11.7,26.6;255,1.7,2,2,QPSK,-,100,0,0,0,0.00,0.00,0.00,0.00,0,2,Rank 1,16,100,5,106,-,106,12,25.4,31,25,256QAM,0,SMDL,0,0,0,0.00,0.00,0.07,0.10,Rank 2,4,240,55,-,2 x 2,HandOver,25068,Free,17,FORMAT_0,375,127,Success,25068,5,-,8,8,3,-,55,-,1,5,-,-,-,-,-,-,-,-,-,-,-,-,-,Registered,Normal Service,9,269,18,E7767060,598,18,30kHz,896,-,4,1,-,-,New trans.,0,0,256QAM,203,2,25068,581,3,0,0,Pass,1,QPSK,2,16,2,0,15,30kHz,Re trans.,-,795,
20260725 15:32:26.156,24.831547,102.845899,15.80,1944,3,1,0.00,0.00,,,,,,,1,SA,460,00,中国移动,4456484,6453981197,1575679,13,Normal,-,1,41,100,100,504990,-,476,513000,513000,30kHz,503172,1099,-,ms20,Connected,SA,-0.8,2,1,-60,84,-63.2,-10.4,29.8,3,Not Barred,6,6312,-25.1,504990,476,-61.6;-60.4;-80.5;-61,-,27.4;30.3;255;255,25.1;13.7;255;255,-29;-25.1,6;3;2;5;1;4,475;476;476;476;476;474,-79.9;-62.8;-71.5;-72.8;-73;-95.1,-12.7;-10.4;-10.4;-10.6;-10.5;-22,255;255;255;255;255;255,1;0;0,504990;504990;504990,476;475;474,3;6;4,-,4;1;1,-63.2;-80;-95.1,-10.4;-12.8;-22,29.8;255;255,1.7,2,2,QPSK,-,100,0,0,0,0.00,0.00,0.01,0.01,0,2,Rank 1,16,100,3,69,-,69,10,25.5,31,25,256QAM,0,SMDL,0,0,0,0.00,0.00,0.04,0.44,Rank 2,4,220,57,-,2 x 2,HandOver,25068,Free,17,FORMAT_0,375,127,Success,25068,5,-,1,-2,3,-,57,-,1,2,-,-,-,-,-,-,-,-,-,-,-,-,-,Registered,Normal Service,9,269,18,E7767060,714,8,30kHz,992,-,4,1,-,-,New trans.,0,0,256QAM,207,1,25068,709,3,0,0,Pass,0,QPSK,0,16,1,0,15,30kHz,Re trans.,-,795,
20260725 15:32:27.161,24.831542,102.845945,17.53,1944,3,1,0.00,0.00,,,,,,,1,SA,460,00,中国移动,4456484,6453981197,1575679,13,Normal,-,1,41,100,100,504990,-,476,513000,513000,30kHz,503172,1099,-,ms20,Connected,SA,-0.8,3,1,-60,84,-63.6,-10.4,31.7,3,Not Barred,6,6312,-28,504990,476,-66.7;-61.5;-101.7;-63.4,-,31.6;30.7;255;255,23.6;21.8;255;255,-28;-28.4,6;3;2;5;0,475;476;476;476;476,-76.8;-63.6;-73;-74.2;-79.8,-10.7;-10.4;-10.5;-10.7;-11.4,255;255;255;255;255,1;0,504990;504990,476;475,3;6,-,4;1,-63.6;-77.1,-10.4;-11.1,31.7;255,0.2,1,0,QPSK,-,100,0,0,0,0.00,0.00,0.00,0.00,0,2,Rank 1,16,80,4,106,-,106,12,24.5,31,25,256QAM,0,SMDL,0,0,0,0.00,0.00,0.04,0.41,Rank 2,4,200,56,-,2 x 2,HandOver,25068,Free,17,FORMAT_0,375,127,Success,25068,5,-,6,2,3,-,56,-,1,4,-,-,-,-,-,-,-,-,-,-,-,-,-,Registered,Normal Service,9,269,18,E7767060,810,18,30kHz,992,-,4,1,-,-,New trans.,0,0,256QAM,191,0,25068,781,3,0,0,Pass,0,QPSK,2,16,2,0,15,30kHz,Re trans.,-,342,
20260725 15:32:28.174,24.831541,102.845989,16.20,1945,3,1,0.00,0.00,,,,,,,1,SA,460,00,中国移动,4456484,6453981197,1575679,13,Normal,-,1,41,100,100,504990,-,476,513000,513000,30kHz,503172,1099,-,ms20,Connected,SA,-0.8,3,1,-60,84,-65.2,-10.4,34.1,3,Not Barred,6,6312,-27.3,504990,476,-60.9;-58.1;-94.2;-72.2,-,31.6;33.2;255;255,21.9;18.4;255;255,-27.3;-28.9,6;3;2;5;0,475;476;476;476;476,-81.8;-64.7;-73;-78.6;-79.2,-11.8;-10.4;-10.4;-11.4;-11,255;255;255;255;255,1;0,504990;504990,476;475,3;6,-,4;1,-65.2;-82.5,-10.4;-12.3,34.1;255,0.2,1,0,QPSK,-,100,0,0,0,0.00,0.00,0.00,0.00,0,2,Rank 1,16,80,4,106,-,106,12,24.9,25,25,256QAM,0,SMDL,0,0,0,0.00,0.00,0.04,0.36,Rank 2,4,104,56,-,2 x 2,HandOver,25068,Free,17,FORMAT_0,375,127,Success,25068,5,-,5,3,3,-,56,-,1,4,-,-,-,-,-,-,-,-,-,-,-,-,-,Registered,Normal Service,9,269,18,E7767060,830,18,30kHz,992,-,4,1,-,-,New trans.,0,0,256QAM,207,0,25068,781,3,0,0,Pass,0,QPSK,2,16,2,0,15,30kHz,Re trans.,-,342,
20260725 15:32:29.187,24.831538,102.846032,15.59,1945,3,1,0.00,0.00,,,,,,,1,SA,460,00,中国移动,4456484,6453981197,1575679,13,Normal,-,1,41,100,100,504990,-,476,513000,513000,30kHz,503172,1099,-,ms20,Connected,SA,-0.8,3,1,-60,81,-59.7,-10.4,29.6,3,Not Barred,6,6312,-24.4,504990,476,-61.3;-65.1;-94.9;-70.4,-,31.1;26.9;255;255,23.6;20.4;255;255,-24.4;-25.5,6;3;2;1;0;0,475;476;476;476;476;474,-77.1;-59.5;-67.6;-78.2;-74.1;-132,-10.5;-10.4;-10.4;-10.8;-10.8;-33.1,255;255;255;255;255;255,1;0;0,504990;504990;504990,476;475;474,3;6;0,-,4;1;1,-59.7;-77.7;-132.5,-10.4;-11.1;-33.5,29.6;255;255,0.7,2,0,QPSK,-,100,0,0,0,0.00,0.00,0.00,0.00,0,1,Rank 1,16,48,2,69,-,69,12,25.6,31,25,256QAM,0,SMDL,0,0,0,0.00,0.00,0.01,0.19,Rank 2,4,72,36,-,2 x 2,HandOver,25068,Free,17,FORMAT_0,375,127,Success,25068,5,-,1,-2,3,-,36,-,1,2,-,-,-,-,-,-,-,-,-,-,-,-,-,Registered,Normal Service,9,269,18,E7767060,945,8,30kHz,992,-,4,1,-,-,-,0,1,256QAM,203,1,25068,939,3,0,0,Pass,1,QPSK,0,16,1,0,15,30kHz,Re trans.,-,244,
20260725 15:32:30.201,24.831538,102.846032,15.59,1945,3,1,0.00,0.00,,,,,,,1,SA,460,00,中国移动,4456484,6453981197,1575679,13,Normal,-,1,41,100,100,504990,-,476,513000,513000,30kHz,503172,1099,-,ms20,Connected,SA,-0.8,3,1,-60,86,-66,-10.4,28,3,Not Barred,6,6312,-33.5,504990,476,-65.1;-69.7;-92.5;-75.7,-,25.1;30.3;255;255,26.4;18.5;255;255,-33.5;-41.4,6;3;2;1;0;7,475;476;476;476;476;474,-80.1;-65;-69.1;-77;-73.8;-107.3,-11.1;-10.4;-10.4;-10.8;-10.7;-24.5,255;255;255;255;255;255,1;0;0,504990;504990;504990,476;475;474,3;6;7,-,4;1;1,-66;-82.6;-93.5,-10.4;-12.5;-19.2,28;255;255,0.7,2,0,QPSK,-,100,0,0,0,0.00,0.00,0.00,0.00,0,1,Rank 1,16,48,1,106,-,106,12,24,25,25,256QAM,0,SMDL,0,0,0,0.00,0.00,0.01,0.13,Rank 2,4,8,18,-,2 x 2,HandOver,25068,Free,17,FORMAT_0,375,127,Success,25068,5,-,5,6,3,-,18,-,1,1,-,-,-,-,-,-,-,-,-,-,-,-,-,Registered,Normal Service,9,269,18,E7767060,97,9,30kHz,992,-,4,1,-,-,New trans.,0,1,256QAM,203,1,25068,94,14,0,0,Pass,1,QPSK,2,16,2,0,15,30kHz,Re trans.,-,244,
20260725 15:32:31.208,24.831527,102.846113,14.58,1946,3,1,0.00,0.00,,,,,,,1,SA,460,00,中国移动,4456484,6453981197,1575679,13,Normal,-,1,41,100,100,504990,-,476,513000,513000,30kHz,503172,1099,-,ms20,Connected,SA,-0.9,2,1,-60,92,-70.5,-10.4,32.2,3,Not Barred,6,6312,-32.8,504990,476,-65.5;-65.9;-88.9;-66.8,-,27.6;23.8;255;255,18.5;17.6;255;255,-32.8;-34.8,0;3;1;2;0;4,475;476;476;476;476;474,-103.3;-70.2;-75.6;-76.1;-78.2;-91.2,-22.1;-10.4;-10.5;-10.5;-10.8;-17.5,255;255;255;255;255;255,1;0;0,504990;504990;504990,476;475;474,3;0;4,-,4;1;1,-70.5;-88.4;-92.2,-10.4;-17.4;-17.7,32.2;255;255,3.1,16,2,QPSK,-,84.2,10.5,5.3,0,0.00,0.00,0.00,0.00,0,2,Rank 1,27,513,6,106,-,106,12,24.9,31,25,256QAM,0,SMDL,0,0,0,0.00,0.00,0.01,0.01,Rank 2,4,456,80,-,2 x 2,HandOver,25068,Free,17,FORMAT_0,375,127,Success,25068,5,-,-2,5,3,-,80,-,1,6,-,-,-,-,-,-,-,-,-,-,-,-,-,Registered,Normal Service,9,269,18,E7767060,171,8,30kHz,992,-,4,1,-,-,-,0,0,256QAM,203,1,25068,166,0,0,0,Pass,1,QPSK,2,16,2,0,15,30kHz,Re trans.,-,11561,
20260725 15:32:32.220,24.831523,102.846152,14.11,1946,3,1,0.00,0.00,,,,,,,1,SA,460,00,中国移动,4456484,6453981197,1575679,13,Normal,-,1,41,100,100,504990,-,476,513000,513000,30kHz,503172,1099,-,ms20,Connected,SA,-0.9,4,1,-60,87,-65.6,-10.4,25.9,3,Not Barred,6,6312,-27.3,504990,476,-64.9;-71.3;-90.7;-65.2,-,22.6;30.4;255;255,25.7;25.4;255;255,-27.3;-36,6;3;2;0;1;5,475;476;476;476;476;474,-85.4;-65.1;-71.3;-72.3;-72.8;-88.9,-22.7;-10.4;-10.4;-10.5;-10.5;-13,255;255;255;255;255;255,1;0;0,504990;504990;504990,476;475;474,3;6;5,-,4;1;1,-65.6;-87;-91.7,-10.4;-21.3;-15.1,25.9;255;255,3.1,16,2,QPSK,-,84.2,10.5,5.3,0,0.05,0.06,0.08,0.08,0,2,Rank 1,27,513,13,106,-,106,12,25.1,31,25,256QAM,0,SMDL,0,0,0,0.03,0.03,0.08,0.85,Rank 2,4,380,129,-,2 x 2,HandOver,25068,Free,17,FORMAT_0,375,127,Success,25068,5,-,-6,1,3,-,129,-,1,13,-,-,-,-,-,-,-,-,-,-,-,-,-,Registered,Normal Service,9,269,18,E7767060,278,18,30kHz,800,-,4,1,-,-,New trans.,0,0,256QAM,203,1,25068,166,0,0,0,Pass,1,QPSK,2,16,2,0,15,30kHz,Re trans.,-,11561,
20260725 15:32:33.232,24.831521,102.846191,13.32,1946,3,1,0.00,0.00,,,,,,,1,SA,460,00,中国移动,4456484,6453981197,1575679,13,Normal,-,1,41,100,100,504990,-,476,513000,513000,30kHz,503172,1099,-,ms20,Connected,SA,-0.9,1,1,-60,86,-65.6,-10.4,29.5,3,Not Barred,6,6312,-29.1,504990,476,-61.7;-65.4;-93.6;-72.4,-,29.8;32.9;15;21.4,28.9;18.7;22.6;19.6,-29.1;-57.6;-29.1;-36.6,4;3;1;0;2;7,475;476;476;476;476;474,-85.8;-64.5;-65.2;-69.4;-70;-86.2,-19.7;-10.4;-10.4;-10.5;-10.4;-15.9,255;255;255;255;255;255,1;0;0,504990;504990;504990,476;475;474,3;4;7,-,4;1;1,-65.6;-85.9;-86.8,-10.4;-17.7;-16.4,29.5;255;255,3.1,16,2,QPSK,-,84.2,10.5,5.3,0,0.01,0.00,0.01,0.01,0,2,Rank 1,27,513,3,69,-,69,12,24.8,31,31,256QAM,0,SMDL,0,0,0,0.00,0.00,0.08,0.71,Rank 2,4,20,17,-,4 x 4,HandOver,25068,Free,17,FORMAT_0,375,127,Success,25068,5,-,1,1,3,-,17,-,1,3,-,-,-,-,-,-,-,-,-,-,-,-,-,Registered,Normal Service,9,269,18,E7767060,380,18,30kHz,848,-,4,1,-,-,New trans.,0,0,256QAM,203,2,25068,373,13,0,0,Pass,1,QPSK,0,16,1,0,15,30kHz,Re trans.,-,11561,
20260725 15:32:34.243,24.831519,102.846227,13.03,1947,3,1,0.00,0.00,,,,,,,1,SA,460,00,中国移动,4456484,6453981197,1575679,13,Normal,-,1,41,100,100,504990,-,476,513000,513000,30kHz,503172,1099,-,ms20,Connected,SA,-0.9,4,1,-60,86,-64.6,-10.4,31,3,Not Barred,6,6312,-26.8,504990,476,-65.9;-64.2;-85.9;-77.4,-,32.7;28.2;255;255,29;25.7;255;255,-26.8;-28.3,6;3;1;0;5;7,475;476;476;476;476;474,-84.4;-65.4;-62.8;-70.1;-74.1;-89.7,-17.9;-10.4;-10.3;-10.5;-10.6;-17.9,255;255;255;255;255;255,1;0;0,504990;504990;504990,476;475;474,3;6;7,-,4;1;1,-64.6;-84.4;-89.9,-10.4;-18.5;-17.9,31;255;255,3.1,16,2,QPSK,-,84.2,10.5,5.3,0,0.00,0.00,0.00,0.00,0,2,Rank 1,27,513,5,66,-,66,9,23.5,31,25,256QAM,0,SMDL,0,0,24.5,0.00,0.00,0.03,0.03,Rank 2,4,212,56,-,2 x 2,HandOver,25068,Free,17,FORMAT_0,375,127,Success,25068,5,-,1,-2,3,-,56,-,1,5,-,-,-,-,-,-,-,-,-,-,-,-,-,Registered,Normal Service,9,269,18,E7767060,486,18,30kHz,992,-,4,1,-,-,New trans.,0,0,256QAM,227,0,25068,459,3,0,0,Pass,1,QPSK,1,16,2,0,15,30kHz,Re trans.,-,11561,
20260725 15:32:35.257,24.831520,102.846262,12.89,1947,3,1,0.00,0.00,,,,,,,1,SA,460,00,中国移动,4456484,6453981197,1575679,13,Normal,-,1,41,100,100,504990,-,476,513000,513000,30kHz,503172,1099,-,ms20,Connected,SA,-0.9,4,1,-60,92,-71.2,-10.4,18.4,3,Not Barred,6,6312,-35.1,504990,476,-75.6;-73.4;-85.7;-74.2,-,23.4;14.5;255;255,25.3;18.5;255;255,-35.1;-35.1,0;3;2;1;7;5,475;476;476;476;476;474,-115.7;-71.4;-75.1;-73;-80.9;-112.2,-27.2;-10.4;-10.4;-10.4;-10.7;-29,255;255;255;255;255;255,1;0;0,504990;504990;504990,476;474;475,3;5;0,-,4;1;1,-71.2;-90.9;-109.1,-10.4;-15.8;-25.1,18.4;255;255,0.4,1,0,QPSK,-,100,0,0,0,0.00,0.00,0.00,0.00,0,2,Rank 1,16,144,5,66,-,66,11,24,31,25,256QAM,0,SMDL,0,0,0,0.00,0.00,0.03,0.36,Rank 2,4,116,56,-,2 x 2,HandOver,25068,Free,17,FORMAT_0,375,127,Success,25068,5,-,7,4,3,-,56,-,1,5,-,-,-,-,-,-,-,-,-,-,-,-,-,Registered,Normal Service,9,269,18,E7767060,592,18,30kHz,944,-,4,1,-,-,New trans.,0,0,256QAM,235,0,25068,564,0,0,0,Pass,1,QPSK,1,16,2,0,15,30kHz,Re trans.,-,654,
20260725 15:32:36.272,24.831520,102.846297,12.53,1947,3,1,0.00,0.00,,,,,,,1,SA,460,00,中国移动,4456484,6453981197,1575679,13,Normal,-,1,41,100,100,504990,-,476,513000,513000,30kHz,503172,1099,-,ms20,Connected,SA,-0.9,3,1,-60,88,-67.2,-10.4,26.7,3,Not Barred,6,6312,-28.9,504990,476,-64.2;-71.7;-88.6;-69.1,-,28.6;16.5;255;255,24.6;28.4;255;255,-28.9;-38.4,0;3;1;2;0;5,475;476;476;476;476;474,-103.6;-68;-66;-73.2;-75.7;-89.7,-24.9;-10.4;-10.4;-10.4;-10.6;-21.3,255;255;255;255;255;255,1;0;0,504990;504990;504990,476;474;475,3;5;0,-,4;1;1,-67.2;-90.5;-96.9,-10.4;-20.5;-22.2,26.7;255;255,0.4,1,0,QPSK,-,100,0,0,0,0.00,0.00,0.00,0.00,0,2,Rank 1,16,144,2,66,-,66,12,23.9,25,25,256QAM,0,SMDL,0,0,0,0.00,0.00,0.02,0.20,Rank 2,4,108,38,-,2 x 2,HandOver,25068,Free,17,FORMAT_0,375,127,Success,25068,5,-,-1,0,3,-,38,-,1,2,-,-,-,-,-,-,-,-,-,-,-,-,-,Registered,Normal Service,9,269,18,E7767060,684,18,30kHz,896,-,4,1,-,-,New trans.,0,0,256QAM,199,1,25068,564,0,0,0,Pass,1,QPSK,1,16,2,0,15,30kHz,Re trans.,-,654,
20260725 15:32:37.285,24.831521,102.846331,11.81,1947,3,1,0.00,0.00,,,,,,,1,SA,460,00,中国移动,4456484,6453981197,1575679,13,Normal,-,1,41,100,100,504990,-,476,513000,513000,30kHz,503172,1099,-,ms20,Connected,SA,-0.9,4,1,-60,91,-69.1,-10.4,24.2,3,Not Barred,6,6312,-35.8,504990,476,-73.2;-72;-98.9;-76.8,-,24;25.4;255;255,20.5;20.5;255;255,-37.6;-35.8,6;3;1;2;5;4,475;476;476;476;476;474,-99;-69.4;-69.7;-75.9;-78.4;-90.1,-22.7;-10.4;-10.4;-10.4;-10.8;-14.3,255;255;255;255;255;255,1;0;0,504990;504990;504990,476;474;475,3;4;6,-,4;1;1,-69.1;-91;-97.5,-10.4;-15.9;-22.3,24.2;255;255,1.5,2,2,QPSK,-,100,0,0,0,0.00,0.00,0.00,0.00,0,2,Rank 1,16,32,0,106,-,106,12,23.9,25,24,256QAM,0,SMDL,0,0,0,0.00,0.00,0.00,0.07,Rank 2,4,40,9,-,2 x 2,HandOver,25068,Free,17,FORMAT_0,375,127,Success,25068,5,-,0,3,3,-,9,-,1,2,-,-,-,-,-,-,-,-,-,-,-,-,-,Registered,Normal Service,9,269,18,E7767060,792,18,30kHz,848,-,4,1,-,-,New trans.,0,0,256QAM,183,1,25068,766,1,0,0,Pass,0,QPSK,2,16,2,0,15,30kHz,Re trans.,-,172,
20260725 15:32:38.297,24.831519,102.846363,12.06,1948,3,1,0.00,0.00,,,,,,,1,SA,460,00,中国移动,4456484,6453981197,1575679,13,Normal,-,1,41,100,100,504990,-,476,513000,513000,30kHz,503172,1099,-,ms20,Connected,SA,-0.9,4,1,-60,91,-67.5,-10.4,30.6,3,Not Barred,6,6312,-30.5,504990,476,-64.9;-67.1;-88.4;-71.1,-,29;29.9;23.4;24.3,30.6;23;255;255,-30.5;-30.6,6;3;1;0;2;4,475;476;476;476;476;474,-136.1;-67.5;-67.3;-70.2;-72.1;-87,-36.2;-10.4;-10.4;-10.4;-10.4;-13,255;255;255;255;255;255,1;0;0,504990;504990;504990,476;474;475,3;4;6,-,4;1;1,-67.5;-87.2;-135.9,-10.4;-14.8;-36.2,30.6;255;255,1.5,2,2,QPSK,-,100,0,0,0,0.00,0.00,0.01,0.01,0,2,Rank 1,16,32,0,106,-,106,12,25.4,31,25,256QAM,0,SMDL,0,0,0,0.00,0.00,0.00,0.07,Rank 2,4,160,9,-,2 x 2,HandOver,25068,Free,17,FORMAT_0,375,127,Success,25068,5,-,0,0,3,-,9,-,1,2,-,-,-,-,-,-,-,-,-,-,-,-,-,Registered,Normal Service,9,269,18,E7767060,792,18,30kHz,848,-,4,1,-,-,New trans.,0,0,256QAM,183,1,25068,766,1,0,0,Pass,0,QPSK,2,16,2,0,15,30kHz,Re trans.,-,172,
20260725 15:32:39.309,24.831514,102.846397,12.28,1948,3,1,0.00,0.00,,,,,,,1,SA,460,00,中国移动,4456484,6453981197,1575679,13,Normal,-,1,41,100,100,504990,-,476,513000,513000,30kHz,503172,1099,-,ms20,Connected,SA,-0.9,4,1,-60,81,-62,-10.4,33.9,3,Not Barred,6,6312,-26.9,504990,476,-61.9;-61.7;-80.9;-62.6,-,29.5;28;255;255,31.1;26.8;255;255,-27.6;-26.9,4;3;0;1;5,474;476;476;476;476,-87.4;-60.8;-66.2;-68;-72,-14;-10.4;-10.4;-10.4;-10.5,255;255;255;255;255,1;0,504990;504990,476;474,3;4,-,4;1,-62;-88.4,-10.4;-15.1,33.9;255,1.5,2,2,QPSK,-,100,0,0,0,0.00,0.00,0.00,0.00,0,2,Rank 1,16,32,5,106,-,106,12,25,25,25,256QAM,0,SMDL,0,0,0,0.00,0.00,0.00,0.29,Rank 2,4,4,44,-,2 x 2,HandOver,25068,Free,17,FORMAT_0,375,127,Success,25068,5,-,-7,-7,3,-,44,-,1,5,-,-,-,-,-,-,-,-,-,-,-,-,-,Registered,Normal Service,9,269,18,E7767060,990,18,30kHz,656,-,4,1,-,-,New trans.,0,0,64QAM,207,2,25068,766,1,0,0,Pass,0,QPSK,2,16,2,0,15,30kHz,Re trans.,-,172,
20260725 15:32:40.322,24.831509,102.846429,11.84,1948,3,1,0.00,0.00,,,,,,,1,SA,460,00,中国移动,4456484,6453981197,1575679,13,Normal,-,1,41,100,100,504990,-,476,513000,513000,30kHz,503172,1099,-,ms20,Connected,SA,-0.9,4,1,-60,77,-55.8,-10.4,29.9,3,Not Barred,6,6312,-20.3,504990,476,-55.6;-61.2;-92.8;-58.9,-,26.2;31.1;13.1;26.6,32;31.1;255;255,-20.3;-25.5,4;3;0;2;1,474;476;476;476;476,-84;-54.6;-57.1;-62;-63.6,-17.9;-10.4;-10.4;-10.4;-10.4,255;255;255;255;255,1;0,504990;504990,476;474,3;4,-,4;1,-55.8;-82.9,-10.4;-18.4,29.9;255,3.2,6,3,QPSK,-,80,20,0,0,0.00,0.00,0.00,0.00,0,2,Rank 1,16,80,3,157,-,157,10,22.1,31,22,256QAM,0,SMDL,0,0,17.6,0.00,0.00,0.01,0.01,Rank 2,4,68,18,-,2 x 2,HandOver,25068,Free,17,FORMAT_0,375,127,Success,25068,5,-,-3,-10,3,-,18,-,1,3,-,-,-,-,-,-,-,-,-,-,-,-,-,Registered,Normal Service,9,269,18,E7767060,49,18,30kHz,992,-,4,1,-,-,New trans.,0,0,256QAM,107,1,25068,44,15,0,0,Pass,1,QPSK,3,16,2,0,15,30kHz,Re trans.,-,827,
20260725 15:32:41.333,24.831506,102.846462,12.20,1948,3,1,0.00,0.00,,,,,,,1,SA,460,00,中国移动,4456484,6453981197,1575679,13,Normal,-,1,41,100,100,504990,-,476,513000,513000,30kHz,503172,1099,-,ms20,Connected,SA,-0.9,4,1,-60,82,-60.5,-10.4,24.7,3,Not Barred,6,6312,-27.5,504990,476,-62.8;-68.9;-87.1;-66.6,-,18.8;23.1;255;255,26.2;27.1;255;255,-27.5;-36.3,4;3;0;1;2,474;476;476;476;476,-87.7;-60.2;-60.4;-68.1;-66.3,-15;-10.4;-10.4;-10.4;-10.4,255;255;255;255;255,1;0,504990;504990,476;474,3;4,-,4;1,-60.5;-87.8,-10.4;-16.6,24.7;255,2,3,3,QPSK,-,100,0,0,0,0.00,0.00,0.00,0.00,0,2,Rank 1,16,48,2,106,-,106,12,24.4,31,25,256QAM,0,SMDL,0,0,0,0.00,0.00,0.01,0.20,Rank 2,4,108,40,-,2 x 2,HandOver,25068,Free,17,FORMAT_0,375,127,Success,25068,5,-,-2,-1,3,-,40,-,1,2,-,-,-,-,-,-,-,-,-,-,-,-,-,Registered,Normal Service,9,269,18,E7767060,174,18,30kHz,800,-,4,1,-,-,New trans.,0,0,256QAM,203,1,25068,140,0,0,0,Pass,1,QPSK,2,16,2,0,15,30kHz,Re trans.,-,329,
20260725 15:32:42.346,24.831504,102.846495,11.81,1949,3,1,0.00,0.00,,,,,,,1,SA,460,00,中国移动,4456484,6453981197,1575679,13,Normal,-,1,41,100,100,504990,-,476,513000,513000,30kHz,503172,1099,-,ms20,Connected,SA,-0.9,4,1,-60,83,-62.7,-10.4,23.6,3,Not Barred,6,6312,-26.6,504990,476,-67.1;-78.8;-78.4;-70.4,-,18.1;12.6;255;255,31.8;30.6;255;255,-26.6;-40.4,6;3;0;2;6,474;476;476;476;476,-109.1;-63.4;-61;-66.1;-68.1,-29.3;-10.4;-10.4;-10.4;-10.5,255;255;255;255;255,1;0,504990;504990,476;474,3;6,-,4;1,-62.7;-85.3,-10.4;-19.4,23.6;255,1,2,2,QPSK,-,100,0,0,0,0.00,0.00,0.00,0.00,0,1,Rank 1,18,36,1,14,-,14,12,25.6,31,25,256QAM,0,SMDL,0,0,0,0.00,0.00,0.01,0.20,Rank 2,4,76,6,-,2 x 2,HandOver,25068,Free,17,FORMAT_0,375,127,Success,25068,5,-,0,1,3,-,6,-,1,2,-,-,-,-,-,-,-,-,-,-,-,-,-,Registered,Normal Service,9,269,18,E7767060,234,18,30kHz,992,-,4,1,-,-,New trans.,0,0,256QAM,207,1,25068,257,13,0,4,Pass,0,QPSK,0,20,1,0,0,30kHz,Re trans.,-,120,
20260725 15:32:43.353,24.831504,102.846529,12.46,1949,3,1,0.00,0.00,,,,,,,1,SA,460,00,中国移动,4456484,6453981197,1575679,13,Normal,-,1,41,100,100,504990,-,476,513000,513000,30kHz,503172,1099,-,ms20,Connected,SA,-0.9,4,1,-60,87,-67,-10.5,23.3,3,Not Barred,6,6312,-31.1,504990,476,-66.5;-65;-71.3;-81.4,-,26.3;26.2;255;255,27;30.4;255;255,-31.1;-35.6,7;3;0;6;2,474;476;476;476;476,-79.5;-68.1;-65.9;-70.1;-72.7,-14;-10.4;-10.4;-10.6;-10.5,255;255;255;255;255,1;0,504990;504990,476;474,3;7,-,4;1,-64.9;-81.5,-10.4;-18,26.3;255,1,2,2,QPSK,-,100,0,0,0,0.00,0.00,0.00,0.00,0,1,Rank 1,18,36,1,69,-,69,12,24.7,25,25,256QAM,0,SMDL,0,0,0,0.00,0.00,0.01,0.14,Rank 2,4,12,6,-,2 x 2,HandOver,25068,Free,17,FORMAT_0,375,127,Success,25068,5,-,0,0,3,-,6,-,1,2,-,-,-,-,-,-,-,-,-,-,-,-,-,Registered,Normal Service,9,269,18,E7767060,378,18,30kHz,992,-,4,1,-,-,New trans.,0,0,256QAM,209,1,25068,373,13,0,0,Pass,0,QPSK,0,16,1,0,15,30kHz,Re trans.,-,120,
20260725 15:32:44.360,24.831504,102.846564,12.85,1949,3,1,0.00,0.00,,,,,,,1,SA,460,00,中国移动,4456484,6453981197,1575679,13,Normal,-,1,41,100,100,504990,-,476,513000,513000,30kHz,503172,1099,-,ms20,Connected,SA,-0.9,4,1,-60,87,-66.5,-10.5,20.4,3,Not Barred,6,6312,-29,504990,476,-68.8;-73.4;-77.4;-85.7,-,24.9;11.2;255;255,28.4;19.7;255;255,-29;-41.9,6;3;0;7;2,474;476;476;476;476,-80.4;-65.7;-67.1;-73.9;-75.6,-14.7;-10.4;-10.4;-11.3;-10.6,255;255;255;255;255,1;0,504990;504990,476;474,3;6,-,4;1,-66.5;-81.2,-10.5;-15.4,20.4;255,0.4,2,0,QPSK,-,100,0,0,0,0.00,0.00,0.00,0.00,0,2,Rank 1,16,116,4,14,-,14,12,24.1,31,25,256QAM,0,SMDL,0,0,3.1,0.00,0.00,0.02,0.02,Rank 2,4,128,22,-,2 x 2,HandOver,25068,Free,17,FORMAT_0,375,127,Success,25068,5,-,0,-2,3,-,22,-,1,3,-,-,-,-,-,-,-,-,-,-,-,-,-,Registered,Normal Service,9,269,18,E7767060,476,18,30kHz,768,-,4,1,-,-,New trans.,0,0,256QAM,211,1,25068,449,13,0,4,Pass,0,QPSK,0,20,1,0,0,30kHz,Re trans.,-,462,
20260725 15:32:45.366,24.831506,102.846599,12.38,1949,3,1,0.00,0.00,,,,,,,1,SA,460,00,中国移动,4456484,6453981197,1575679,13,Normal,-,1,41,100,100,504990,-,476,513000,513000,30kHz,503172,1099,-,ms20,Connected,SA,-0.9,4,1,-60,86,-64.7,-10.5,21,3,Not Barred,6,6312,-23.5,504990,476,-65.8;-70.9;-67.9;-82.1,-,31.8;11.2;255;255,36.4;29.9;255;255,-23.5;-35.5,1;3;0;2;7,474;476;476;476;476,-79.2;-63.5;-69.2;-74.1;-72.3,-13.2;-10.4;-10.6;-10.8;-10.9,255;255;255;255;255,1;0,504990;504990,476;474,3;1,-,4;1,-64.7;-79.7,-10.5;-14.9,21;255,0.4,2,0,QPSK,-,100,0,0,0,0.00,0.00,0.00,0.00,0,2,Rank 1,16,116,4,185,-,185,12,24.1,25,25,256QAM,0,SMDL,0,0,0,0.00,0.00,0.00,0.26,Rank 2,4,144,31,-,2 x 2,HandOver,25068,Free,17,FORMAT_0,375,127,Success,25068,5,-,0,-3,3,-,31,-,1,3,-,-,-,-,-,-,-,-,-,-,-,-,-,Registered,Normal Service,9,269,18,E7767060,566,18,30kHz,800,-,4,1,-,-,New trans.,0,0,256QAM,191,2,25068,541,4,0,0,Pass,1,QPSK,2,16,2,0,15,30kHz,Re trans.,-,462,
20260725 15:32:46.373,24.831510,102.846634,13.10,1950,3,1,0.00,0.00,,,,,,,1,SA,460,00,中国移动,4456484,6453981197,1575679,13,Normal,-,1,41,100,100,504990,-,476,513000,513000,30kHz,503172,1099,-,ms20,Connected,SA,-0.9,4,1,-60,77,-55.1,-10.4,33.3,3,Not Barred,6,6312,-21.4,504990,476,-54.5;-71;-62.5;-86.1,-,25.5;25;255;255,34.2;33.5;255;255,-21.4;-37.1,6;3;7;2;1,474;476;476;476;476,-84.6;-55.1;-64.9;-67;-71.1,-16.2;-10.4;-10.6;-10.4;-11.1,255;255;255;255;255,1;0,504990;504990,476;474,3;6,-,4;1,-55.1;-81.9,-10.4;-15.9,33.3;255,1.8,3,2,QPSK,-,100,0,0,0,0.00,0.00,0.00,0.00,0,2,Rank 1,17,68,3,106,-,106,12,24.4,25,25,256QAM,0,SMDL,0,0,0,0.00,0.00,0.00,0.26,Rank 2,4,84,38,-,2 x 2,HandOver,25068,Free,17,FORMAT_0,375,127,Success,25068,5,-,-2,-7,3,-,38,-,1,3,-,-,-,-,-,-,-,-,-,-,-,-,-,Registered,Normal Service,9,269,18,E7767060,674,18,30kHz,944,-,4,1,-,-,New trans.,0,0,256QAM,191,2,25068,636,0,0,0,Pass,1,QPSK,2,16,2,0,15,30kHz,Re trans.,-,462,
20260725 15:32:47.380,24.831518,102.846666,11.48,1950,3,1,0.00,0.00,,,,,,,1,SA,460,00,中国移动,4456484,6453981197,1575679,13,Normal,-,1,41,100,100,504990,-,476,513000,513000,30kHz,503172,1099,-,ms20,Connected,SA,-0.9,4,1,-60,77,-55.9,-10.4,31.4,3,Not Barred,6,6312,-19.9,504990,476,-53.7;-59.7;-91.6;-67.6,-,27;26.7;255;255,37.1;34.7;255;255,-19.9;-24.6,1;3;7;2;0,474;476;476;476;476,-70.2;-55.7;-66.4;-69;-72,-11.4;-10.4;-10.7;-10.5;-11.5,255;255;255;255;255,1;0,504990;504990,476;474,3;1,-,4;1,-55.9;-72.1,-10.4;-13.6,31.4;255,1.5,2,2,QPSK,-,100,0,0,0,0.00,0.00,0.00,0.00,0,2,Rank 1,17,68,3,106,-,106,12,24.1,31,22,256QAM,0,SMDL,0,0,0,0.00,0.00,0.01,0.19,Rank 2,4,112,35,-,2 x 2,HandOver,25068,Free,17,FORMAT_0,375,127,Success,25068,5,-,-5,-9,3,-,35,-,1,2,-,-,-,-,-,-,-,-,-,-,-,-,-,Registered,Normal Service,9,269,18,E7767060,770,18,30kHz,800,-,4,1,-,-,New trans.,0,0,256QAM,203,1,25068,744,11,0,0,Pass,1,QPSK,2,16,2,0,15,30kHz,Re trans.,-,332,
20260725 15:32:48.390,24.831529,102.846695,11.23,1950,3,1,0.00,0.00,,,,,,,1,SA,460,00,中国移动,4456484,6453981197,1575679,13,Normal,-,1,41,100,100,504990,-,476,513000,513000,30kHz,503172,1099,-,ms20,Connected,SA,-0.9,4,1,-60,76,-56.2,-10.5,23.9,3,Not Barred,6,6312,-25,504990,476,-60.1;-60.8;-76.5;-61.8,-,16.5;25;255;255,32.7;31.5;255;255,-25;-25.4,1;3;7;2;0,474;476;476;476;476,-70.3;-55.3;-62;-64.7;-71.3,-11.7;-10.4;-10.9;-10.5;-11.2,255;255;255;255;255,1;0,504990;504990,476;474,3;1,-,4;1,-56.2;-72.1,-10.5;-13.8,23.9;255,1.5,2,2,QPSK,-,100,0,0,0,0.00,0.00,0.00,0.00,0,2,Rank 1,17,68,1,106,-,106,12,25.6,31,25,256QAM,0,SMDL,0,0,0,0.00,0.00,0.01,0.01,Rank 2,4,100,20,-,2 x 2,HandOver,25068,Free,17,FORMAT_0,375,127,Success,25068,5,-,-2,-9,3,-,20,-,1,1,-,-,-,-,-,-,-,-,-,-,-,-,-,Registered,Normal Service,9,269,18,E7767060,876,18,30kHz,944,-,4,1,-,-,New trans.,0,0,256QAM,252,2,25068,744,11,0,0,Pass,1,QPSK,2,16,2,0,15,30kHz,Re trans.,-,332,
20260725 15:32:49.404,24.831539,102.846725,11.74,1951,3,1,0.00,0.00,,,,,,,1,SA,460,00,中国移动,4456484,6453981197,1575679,13,Normal,-,1,41,100,100,504990,-,476,513000,513000,30kHz,503172,1099,-,ms20,Connected,SA,-0.9,4,1,-60,80,-58.9,-10.4,22.2,3,Not Barred,6,6312,-26.3,504990,476,-54.5;-67.9;-86.4;-64.7,-,27.1;19;255;255,32;28.3;255;255,-26.3;-31.8,1;3;2;7;1,474;476;476;476;476,-71.7;-58.5;-66.2;-65.6;-73.3,-12.1;-10.4;-10.5;-11;-14,255;255;255;255;255,1;0,504990;504990,476;474,3;1,-,4;1,-58.9;-73.2,-10.4;-13.7,22.2;255,1.5,2,2,QPSK,-,100,0,0,0,0.00,0.00,0.00,0.00,0,2,Rank 1,17,68,2,14,-,14,12,25,31,25,256QAM,0,SMDL,0,0,0,0.00,0.00,0.02,0.18,Rank 2,4,72,19,-,2 x 2,HandOver,25068,Free,17,FORMAT_0,375,127,Success,25068,5,-,-1,-5,3,-,19,-,1,1,-,-,-,-,-,-,-,-,-,-,-,-,-,Registered,Normal Service,9,269,18,E7767060,983,8,30kHz,992,-,4,1,-,-,New trans.,0,0,256QAM,191,1,25068,961,13,0,4,Pass,0,QPSK,0,20,1,0,0,30kHz,Re trans.,-,332,
20260725 15:32:50.415,24.831543,102.846755,11.34,1951,3,1,0.00,0.00,,,,,,,1,SA,460,00,中国移动,4456484,6453981197,1575679,13,Normal,-,1,41,100,100,504990,-,476,513000,513000,30kHz,503172,1099,-,ms20,Connected,SA,-0.9,4,1,-60,81,-58.5,-10.4,18.6,3,Not Barred,6,6312,-26.6,504990,476,-59.9;-68.1;-85.2;-69.8,-,19.1;14.6;255;255,32.9;31.9;255;255,-26.6;-30.6,1;3;7;2;1,474;476;476;476;476,-75.3;-58.4;-65.8;-68.3;-69.5,-14.2;-10.4;-10.8;-10.5;-11.8,255;255;255;255;255,1;0,504990;504990,476;474,3;1,-,4;1,-58.5;-77.2,-10.4;-14.4,18.6;255,0,0,0,QPSK,-,100,0,0,0,0.00,0.00,0.00,0.00,0,1,Rank 1,18,56,2,14,-,14,12,23.3,25,25,256QAM,0,SMDL,0,0,0,0.00,0.00,0.02,0.13,Rank 2,4,12,19,-,2 x 2,HandOver,25068,Free,17,FORMAT_0,375,127,Success,25068,5,-,-1,-4,3,-,19,-,1,1,-,-,-,-,-,-,-,-,-,-,-,-,-,Registered,Normal Service,9,269,18,E7767060,2,19,30kHz,944,-,4,1,-,-,New trans.,0,0,256QAM,191,1,25068,1,13,0,4,Pass,0,QPSK,0,20,1,0,0,30kHz,Re trans.,-,97,
20260725 15:32:51.427,24.831540,102.846780,7.34,1951,3,1,0.00,0.00,,,,,,,1,SA,460,00,中国移动,4456484,6453981197,1575679,13,Normal,-,1,41,100,100,504990,-,476,513000,513000,30kHz,503172,1099,-,ms20,Connected,SA,-0.9,4,1,-60,78,-57.2,-10.4,21.5,3,Not Barred,6,6312,-21.5,504990,476,-55.8;-61.4;-81.3;-58.1,-,19.2;18;255;255,33.4;31.7;255;255,-21.5;-26.8,4;3;7;1;6,474;476;476;476;476,-78.4;-57;-67.1;-67;-67.4,-12.9;-10.4;-10.8;-10.8;-10.5,255;255;255;255;255,1;0,504990;504990,476;474,3;4,-,4;1,-57.2;-74,-10.4;-15.7,21.5;255,0,0,0,QPSK,-,100,0,0,0,0.00,0.00,0.00,0.00,0,1,Rank 1,18,56,3,357,-,357,12,23.5,25,24,256QAM,0,SMDL,0,0,0,0.00,0.00,0.00,0.12,Rank 2,4,68,20,-,2 x 2,HandOver,25068,Free,17,FORMAT_0,375,127,Success,25068,5,-,-9,-7,3,-,20,-,1,2,-,-,-,-,-,-,-,-,-,-,-,-,-,Registered,Normal Service,9,269,18,E7767060,147,19,30kHz,848,-,4,1,-,-,New trans.,0,0,256QAM,191,2,25068,140,0,0,0,Pass,0,QPSK,2,16,2,0,15,30kHz,Re trans.,-,97,
20260725 15:32:52.441,24.831535,102.846796,5.29,1951,3,1,0.00,0.00,,,,,,,1,SA,460,00,中国移动,4456484,6453981197,1575679,13,Normal,-,1,41,100,100,504990,-,476,513000,513000,30kHz,503172,1099,-,ms20,Connected,SA,-0.9,4,1,-60,82,-60.8,-10.7,21.5,3,Not Barred,6,6312,-23.8,504990,476,-57.6;-73.3;-97.1;-74.2,-,27;6.8;255;255,29.3;31.9;255;255,-23.8;-31.1,1;3;1;6;7,474;476;476;476;476,-67.7;-61;-66.8;-72.7;-69.1,-13.7;-10.6;-12.3;-11.6;-12.8,255;255;255;255;255,1;0,504990;504990,476;474,3;1,-,4;1,-60.8;-69.2,-10.7;-13.8,21.5;255,0.6,2,0,QPSK,-,100,0,0,0,0.00,0.00,0.00,0.00,0,1,Rank 1,16,80,3,69,-,69,12,25.1,31,25,256QAM,0,SMDL,0,0,0,0.00,0.00,0.03,0.30,Rank 2,4,164,39,-,2 x 2,HandOver,25068,Free,17,FORMAT_0,375,127,Success,25068,5,-,-5,-4,3,-,39,-,1,3,-,-,-,-,-,-,-,-,-,-,-,-,-,Registered,Normal Service,9,269,18,E7767060,270,18,30kHz,992,-,4,1,-,-,New trans.,0,0,256QAM,199,1,25068,243,13,0,0,Pass,1,QPSK,0,16,1,0,15,30kHz,Re trans.,-,630,
20260725 15:32:53.453,24.831529,102.846805,2.66,1951,3,1,0.00,0.00,,,,,,,1,SA,460,00,中国移动,4456484,6453981197,1575679,13,Normal,-,1,41,100,100,504990,-,476,513000,513000,30kHz,503172,1099,-,ms20,Connected,SA,-0.9,4,1,-60,83,-66.5,-11.9,10.8,3,Not Barred,6,6312,-36.5,504990,476,-83.8;-75;-102;-69.2,-,10.2;0.4;255;255,26.2;36.4;255;255,-42.3;-36.5,1;3;1;7;2,474;476;476;476;476,-67.7;-68.4;-65.3;-69.4;-74.5,-12.7;-11.1;-12.5;-12.1;-11.5,255;255;255;255;255,1;0,504990;504990,476;474,3;1,-,4;1,-66.5;-69,-11.9;-13.5,10.8;255,0,0,0,QPSK,-,100,0,0,0,0.00,0.00,0.00,0.00,0,1,Rank 1,17,52,3,14,-,14,12,24.8,25,25,256QAM,0,SMDL,0,0,0,0.00,0.00,0.03,0.30,Rank 2,4,64,16,-,2 x 2,HandOver,25068,Free,17,FORMAT_0,375,127,Success,25068,5,-,-4,4,3,-,16,-,1,2,-,-,-,-,-,-,-,-,-,-,-,-,-,Registered,Normal Service,9,269,18,E7767060,310,18,30kHz,992,-,4,1,-,-,New trans.,0,0,256QAM,191,1,25068,321,13,0,4,Pass,0,QPSK,0,20,1,0,0,30kHz,Re trans.,-,152,
20260725 15:32:54.465,24.831525,102.846808,0.00,1951,3,1,0.00,0.00,,,,,,,1,SA,460,00,中国移动,4456484,6453981197,1575679,13,Normal,-,1,41,100,100,504990,-,476,513000,513000,30kHz,503172,1099,-,ms20,Connected,SA,-0.9,4,1,-60,86,-65.7,-11.3,4.2,1,Not Barred,6,6312,-28.4,504990,476,-78.5;-64.2;-104.2;-74.7,-,-15.5;1.2;255;255,29.6;32;255;255,-35.6;-28.4,1;1;3;7;2,474;476;476;476;476,-70;-64.4;-67.5;-68;-72.6,-11.8;-11.6;-10.6;-11.7;-10.9,255;255;255;255;255,1;0,504990;504990,476;474,1;1,-,4;1,-65.7;-71.8,-11.3;-12.4,4.2;255,0,0,0,QPSK,-,100,0,0,0,0.00,0.00,0.00,0.00,0,1,Rank 1,17,52,3,106,-,106,12,24.8,25,25,256QAM,0,SMDL,0,0,0,0.00,0.00,0.00,0.12,Rank 2,4,112,16,-,2 x 2,HandOver,25068,Free,17,FORMAT_0,375,127,Success,25068,5,-,-2,1,3,-,16,-,1,2,-,-,-,-,-,-,-,-,-,-,-,-,-,Registered,Normal Service,9,269,18,E7767060,466,18,30kHz,992,-,4,1,-,-,New trans.,0,0,256QAM,236,1,25068,422,0,0,0,Pass,1,QPSK,2,16,2,0,15,30kHz,Re trans.,-,152,
20260725 15:32:55.479,24.831523,102.846808,1.12,1951,3,1,0.00,0.00,,,,,,,1,SA,460,00,中国移动,4456484,6453981197,1575679,13,Normal,-,1,41,100,100,504990,-,476,513000,513000,30kHz,503172,1099,-,ms20,Connected,SA,-0.9,4,1,-60,81,-63.4,-11,19.5,3,Not Barred,6,6312,-25,504990,476,-60.5;-60.2;-76.6;-60.7,-,9.3;19.4;255;255,27.4;21.3;255;255,-25.6;-25,1;3;7;1;2,474;476;476;476;476,-67.9;-61.1;-64.6;-66.1;-72.9,-14.9;-10.5;-11.1;-11.5;-10.8,255;255;255;255;255,1;0,504990;504990,476;474,3;1,-,4;1,-63.4;-68.9,-11;-15.5,19.5;255,1.2,2,2,QPSK,-,100,0,0,0,0.00,0.00,0.00,0.00,0,2,Rank 1,16,80,4,357,-,357,12,24.8,25,25,256QAM,0,SMDL,0,0,0,0.00,0.00,0.00,0.21,Rank 2,4,104,43,-,2 x 2,HandOver,25068,Free,17,FORMAT_0,375,127,Success,25068,5,-,-19,-7,3,-,43,-,1,4,-,-,-,-,-,-,-,-,-,-,-,-,-,Registered,Normal Service,9,269,18,E7767060,567,8,30kHz,688,-,4,1,-,-,-,0,0,64QAM,191,2,25068,523,4,0,0,Pass,0,QPSK,2,16,2,0,15,30kHz,Re trans.,-,491,
20260725 15:32:56.490,24.831522,102.846804,0.00,1951,3,1,0.00,0.00,,,,,,,1,SA,460,00,中国移动,4456484,6453981197,1575679,13,Normal,-,1,41,100,100,504990,-,476,513000,513000,30kHz,503172,1099,-,ms20,Connected,SA,-0.9,5,1,-60,90,-66.9,-11.4,6.9,7,Not Barred,6,6312,-31,504990,476,-69.1;-67.8;-96.6;-81.2,-,7.1;1.8;255;255,20.3;27.9;255;255,-32.1;-31,1;7;1;3;2,474;476;476;476;476,-70.1;-66.8;-66.1;-68.9;-71.9,-12.6;-11.5;-12;-10.9;-10.7,255;255;255;255;255,1;0,504990;504990,476;474,7;1,-,4;1,-66.9;-71.9,-11.4;-14.1,6.9;255,1.2,2,2,QPSK,-,100,0,0,0,0.00,0.00,0.00,0.00,0,2,Rank 1,16,80,5,357,-,357,12,24.9,31,25,256QAM,0,SMDL,0,0,11.8,0.00,0.00,0.00,0.19,Rank 2,4,136,45,-,2 x 2,HandOver,25068,Free,17,FORMAT_0,375,127,Success,25068,5,-,-7,2,3,-,45,-,1,5,-,-,-,-,-,-,-,-,-,-,-,-,-,Registered,Normal Service,9,269,18,E7767060,634,18,30kHz,736,-,4,1,-,-,New trans.,0,0,64QAM,191,2,25068,523,4,0,0,Pass,0,QPSK,2,16,2,0,15,30kHz,Re trans.,-,491,
20260725 15:32:57.504,24.831522,102.846802,0.00,1951,3,1,0.00,0.00,,,,,,,1,SA,460,00,中国移动,4456484,6453981197,1575679,13,Normal,-,1,41,100,100,504990,-,476,513000,513000,30kHz,503172,1099,-,ms20,Connected,SA,-0.9,4,1,-60,90,-67.2,-11.6,8.7,3,Not Barred,6,6312,-33,504990,476,-71;-76;-98.3;-63.2,-,6.5;10.1;18;8.6,26.5;25.2;255;255,-34.8;-33,1;3;1;7;2,474;476;476;476;476,-69.5;-68.5;-66.7;-68.1;-71.8,-12.2;-10.8;-12.5;-12.2;-10.8,255;255;255;255;255,1;0,504990;504990,476;474,3;1,-,4;1,-67.2;-71,-11.6;-13.3,8.7;255,1.6,2,2,QPSK,-,100,0,0,0,0.00,0.00,0.00,0.00,0,2,Rank 1,16,80,3,69,-,69,12,20.3,24,23,256QAM,0,SMDL,0,0,45.5,0.00,0.00,0.00,0.24,Rank 2,4,44,24,-,2 x 2,HandOver,25068,Free,17,FORMAT_0,375,127,Success,25068,5,-,0,4,3,-,24,-,1,3,-,-,-,-,-,-,-,-,-,-,-,-,-,Registered,Normal Service,9,269,18,E7767060,760,18,30kHz,944,-,4,1,-,-,New trans.,0,0,256QAM,231,1,25068,755,3,0,0,Pass,0,QPSK,0,16,1,0,15,30kHz,Re trans.,-,995,
20260725 15:32:58.515,24.831522,102.846800,0.00,1951,3,1,0.00,0.00,,,,,,,1,SA,460,00,中国移动,4456484,6453981197,1575679,13,Normal,-,1,41,100,100,504990,-,476,513000,513000,30kHz,503172,1099,-,ms20,Connected,SA,-0.9,4,1,-60,85,-65.8,-11.3,18.1,3,Not Barred,6,6312,-34.4,504990,476,-64.3;-67.6;-105.7;-61.8,-,18.1;7.1;255;255,28.2;27.7;255;255,-34.9;-34.4,1;3;1;7;2,474;476;476;476;476,-66.9;-65.1;-66.9;-68.5;-73.9,-13.8;-10.7;-11.8;-11.5;-10.6,255;255;255;255;255,1;0,504990;504990,476;474,3;1,-,4;1,-65.8;-68.3,-11.3;-13.2,18.1;255,1.6,2,2,QPSK,-,100,0,0,0,0.00,0.00,0.00,0.00,0,2,Rank 1,16,80,1,69,-,69,12,24.6,25,25,256QAM,0,SMDL,0,0,0,0.00,0.00,0.01,0.07,Rank 2,4,108,16,-,2 x 2,HandOver,25068,Free,17,FORMAT_0,375,127,Success,25068,5,-,-4,0,3,-,16,-,1,1,-,-,-,-,-,-,-,-,-,-,-,-,-,Registered,Normal Service,9,269,18,E7767060,872,18,30kHz,736,-,4,1,-,-,New trans.,0,0,64QAM,203,1,25068,755,3,0,0,Pass,0,QPSK,0,16,1,0,15,30kHz,Re trans.,-,995,
20260725 15:32:59.521,24.831523,102.846799,0.00,1952,3,1,0.00,0.00,,,,,,,1,SA,460,00,中国移动,4456484,6453981197,1575679,13,Normal,-,1,41,100,100,504990,-,476,513000,513000,30kHz,503172,1099,-,ms20,Connected,SA,-0.9,4,1,-60,88,-65.6,-10.7,14.3,3,Not Barred,6,6312,-33.9,504990,476,-70.7;-75.5;-96.2;-77.5,-,19.4;11.6;2.3;20,26.4;25.8;255;255,-36.8;-33.9,7;3;7;6;1,474;476;476;476;476,-75.7;-64.5;-69.8;-74.1;-72,-17.2;-10.4;-11.3;-11.9;-11.8,255;255;255;255;255,1;0,504990;504990,476;474,3;7,-,4;1,-65.6;-76.6,-10.7;-15.1,14.3;255,0.5,2,0,QPSK,-,100,0,0,0,0.00,0.00,0.00,0.00,0,1,Rank 1,16,64,1,69,-,69,8,24.1,31,24,256QAM,0,SMDL,0,0,14.3,0.00,0.00,0.00,0.20,Rank 2,4,28,16,-,2 x 2,HandOver,25068,Free,17,FORMAT_0,375,127,Success,25068,5,-,4,0,3,-,16,-,1,1,-,-,-,-,-,-,-,-,-,-,-,-,-,Registered,Normal Service,9,269,18,E7767060,972,18,30kHz,800,-,4,1,-,-,New trans.,0,0,256QAM,203,2,25068,893,3,0,0,Pass,1,QPSK,0,16,1,0,15,30kHz,Re trans.,-,313,
20260725 15:33:00.533,24.831523,102.846796,2.05,1952,3,1,0.00,0.00,,,,,,,1,SA,460,00,中国移动,4456484,6453981197,1575679,13,Normal,-,1,41,100,100,504990,-,476,513000,513000,30kHz,503172,1099,-,ms20,Connected,SA,-0.9,4,1,-60,86,-65.8,-10.5,20.3,3,Not Barred,6,6312,-30.9,504990,476,-67.1;-86.3;-94;-61.8,-,20;0.3;255;255,26;16.9;255;255,-30.9;-34.9,7;3;1;6;7,474;476;476;476;476,-74;-65.7;-75.6;-77.9;-76.7,-11.6;-10.5;-13.3;-12.9;-13.8,255;255;255;255;255,1;0,504990;504990,476;474,3;7,-,4;1,-65.8;-75.5,-10.5;-11.6,20.3;255,0.5,2,0,QPSK,-,100,0,0,0,0.00,0.00,0.00,0.00,0,1,Rank 1,16,64,1,69,-,69,10,20.7,22,22,256QAM,0,SMDL,0,0,33.3,0.00,0.00,0.00,0.05,Rank 2,4,12,8,-,2 x 2,HandOver,25068,Free,17,FORMAT_0,375,127,Success,25068,5,-,6,1,3,-,8,-,1,1,-,-,-,-,-,-,-,-,-,-,-,-,-,Registered,Normal Service,9,269,18,E7767060,40,18,30kHz,944,-,4,1,-,-,New trans.,0,0,256QAM,195,1,25068,893,3,0,0,Pass,1,QPSK,0,16,1,0,15,30kHz,Re trans.,-,313,
20260725 15:33:01.543,24.831524,102.846793,0.72,1952,3,1,0.00,0.00,,,,,,,1,SA,460,00,中国移动,4456484,6453981197,1575679,13,Normal,-,1,41,100,100,504990,-,476,513000,513000,30kHz,503172,1099,-,ms20,Connected,SA,-0.9,4,1,-60,86,-66.1,-10.6,14.2,3,Not Barred,6,6312,-31.5,504990,476,-68.9;-65.6;-63.9;-63.6,-,17.8;13.3;255;255,29.4;22.3;255;255,-31.5;-35,7;3;1;7;0,474;476;476;476;476,-77.3;-65.1;-71.4;-73.5;-77.3,-14.7;-10.4;-11.3;-11.6;-11.3,255;255;255;255;255,1;0,504990;504990,476;474,3;7,-,4;1,-66.1;-77.4,-10.6;-14.8,14.2;255,0.5,2,0,QPSK,-,100,0,0,0,0.00,0.00,0.00,0.00,0,1,Rank 1,16,64,6,106,-,106,12,24.7,31,24,256QAM,0,SMDL,0,0,0,0.00,0.00,0.00,0.14,Rank 2,4,76,46,-,2 x 2,HandOver,25068,Free,17,FORMAT_0,375,127,Success,25068,5,-,0,-3,3,-,46,-,1,6,-,-,-,-,-,-,-,-,-,-,-,-,-,Registered,Normal Service,9,269,18,E7767060,155,18,30kHz,944,-,4,1,-,-,New trans.,0,0,256QAM,219,1,25068,150,10,0,0,Pass,0,QPSK,2,16,2,0,14,30kHz,Re trans.,-,313,
20260725 15:33:02.554,24.831525,102.846793,1.12,1952,3,1,0.00,0.00,,,,,,,1,SA,460,00,中国移动,4456484,6453981197,1575679,13,Normal,-,1,41,100,100,504990,-,476,513000,513000,30kHz,503172,1099,-,ms20,Connected,SA,-0.9,4,1,-60,87,-68.6,-10.7,19.6,3,Not Barred,6,6312,-26.8,504990,476,-64.7;-71.3;-77;-62.1,-,20.2;11.2;14.2;12.9,21.2;21.6;23.8;24.4,-31.4;-32.4;-39.4;-26.8,7;3;1;7;6,474;476;476;476;476,-79.2;-67.1;-72.5;-74.1;-77.7,-14.5;-10.5;-11;-11.9;-12.2,255;255;255;255;255,1;0,504990;504990,476;474,3;7,-,4;1,-68.6;-79.9,-10.7;-15.2,19.6;255,3.4,14,2,QPSK,-,78.3,13,8.7,0,0.05,0.00,0.01,0.01,0,2,Rank 2,23,546,17,69,-,69,11,25.1,31,25,256QAM,0,SMDL,0,0,0,0.00,0.00,0.00,0.14,Rank 2,4,568,92,-,4 x 4,HandOver,25068,Free,17,FORMAT_0,375,127,Success,25068,5,-,1,2,3,-,92,-,1,17,-,-,-,-,-,-,-,-,-,-,-,-,-,Registered,Normal Service,9,269,18,E7767060,246,18,30kHz,848,-,4,1,-,-,New trans.,0,0,256QAM,219,2,25068,230,13,0,0,Pass,1,QPSK,0,16,1,0,15,30kHz,Re trans.,-,10814,
20260725 15:33:03.565,24.831526,102.846795,1.19,1952,3,1,0.00,0.00,,,,,,,1,SA,460,00,中国移动,4456484,6453981197,1575679,13,Normal,-,1,41,100,100,504990,-,476,513000,513000,30kHz,503172,1099,-,ms20,Connected,SA,-0.9,4,1,-60,83,-64,-10.4,25.2,3,Not Barred,6,6312,-22.4,504990,476,-62.2;-61.4;-70.6;-73.7,-,12.7;18.1;255;255,24.2;23.7;255;255,-22.4;-27.1,7;3;6;7;1,474;476;476;476;476,-71;-63.5;-72.3;-71.7;-75.1,-13;-10.4;-11.8;-11.5;-11.5,255;255;255;255;255,1;0,504990;504990,476;474,3;7,-,4;1,-64;-72,-10.4;-12.8,25.2;255,0.3,1,0,QPSK,-,100,0,0,0,0.00,0.05,0.08,0.08,0,1,Rank 1,16,112,6,69,-,69,12,24.5,31,25,256QAM,0,SMDL,0,0,0,0.05,0.05,0.18,1.06,Rank 2,4,200,53,-,4 x 4,HandOver,25068,Free,17,FORMAT_0,375,127,Success,25068,5,-,0,-2,3,-,53,-,1,6,-,-,-,-,-,-,-,-,-,-,-,-,-,Registered,Normal Service,9,269,18,E7767060,356,18,30kHz,944,-,4,1,-,-,New trans.,0,0,256QAM,219,0,25068,327,3,0,0,Pass,0,QPSK,0,16,1,0,15,30kHz,Re trans.,-,453,
20260725 15:33:04.574,24.831526,102.846800,1.40,1952,3,1,0.00,0.00,,,,,,,1,SA,460,00,中国移动,4456484,6453981197,1575679,13,Normal,-,1,41,100,100,504990,-,476,513000,513000,30kHz,503172,1099,-,ms20,Connected,SA,-0.9,4,1,-60,76,-55.9,-10.4,18,3,Not Barred,6,6312,-20.3,504990,476,-55.5;-58.2;-64.8;-66.6,-,14.5;18.4;255;255,25.5;29.7;255;255,-20.3;-23,7;3;1;6;7,474;476;476;476;476,-65.9;-55.9;-65.2;-70.1;-69.7,-11.1;-10.4;-10.5;-11.1;-11.4,255;255;255;255;255,1;0,504990;504990,476;474,3;7,-,4;1,-55.9;-67.3,-10.4;-11.9,18;255,0.3,1,0,QPSK,-,100,0,0,0,0.00,0.00,0.00,0.00,0,1,Rank 1,16,112,6,69,-,69,12,24.8,25,25,256QAM,0,SMDL,0,0,0,0.00,0.00,0.01,0.17,Rank 2,4,92,59,-,2 x 2,HandOver,25068,Free,17,FORMAT_0,375,127,Success,25068,5,-,-8,-5,3,-,59,-,1,6,-,-,-,-,-,-,-,-,-,-,-,-,-,Registered,Normal Service,9,269,18,E7767060,454,18,30kHz,992,-,4,1,-,-,New trans.,0,0,256QAM,195,1,25068,411,3,0,0,Pass,0,QPSK,0,16,1,0,15,30kHz,Re trans.,-,453,
20260725 15:33:05.586,24.831526,102.846806,0.00,1953,3,1,0.00,0.00,,,,,,,1,SA,460,00,中国移动,4456484,6453981197,1575679,13,Normal,-,1,41,100,100,504990,-,476,513000,513000,30kHz,503172,1099,-,ms20,Connected,SA,-0.9,4,1,-60,76,-56.5,-10.4,18.5,3,Not Barred,6,6312,-19.8,504990,476,-56;-57.8;-66.8;-72.4,-,18.6;16.9;255;255,27.2;31.4;255;255,-19.8;-24,7;3;1;7;6,474;476;476;476;476,-69.8;-56.5;-68;-67.1;-69.9,-12.4;-10.4;-10.7;-11.4;-11.3,255;255;255;255;255,1;0,504990;504990,476;474,3;7,-,4;1,-56.5;-71.1,-10.4;-13.3,18.5;255,1.3,2,2,QPSK,-,100,0,0,0,0.00,0.00,0.00,0.00,0,2,Rank 1,16,96,6,357,-,357,12,24.6,25,25,256QAM,0,SMDL,0,0,0,0.00,0.00,0.00,0.00,Rank 2,4,212,59,-,2 x 2,HandOver,25068,Free,17,FORMAT_0,375,127,Success,25068,5,-,-8,-3,3,-,59,-,1,6,-,-,-,-,-,-,-,-,-,-,-,-,-,Registered,Normal Service,9,269,18,E7767060,534,18,30kHz,992,-,4,1,-,-,New trans.,0,0,256QAM,195,1,25068,503,3,0,0,Pass,0,QPSK,2,16,2,0,15,30kHz,Re trans.,-,562,
20260725 15:33:06.593,24.831526,102.846806,0.00,1953,3,1,0.00,0.00,,,,,,,1,SA,460,00,中国移动,4456484,6453981197,1575679,13,Normal,-,1,41,100,100,504990,-,476,513000,513000,30kHz,503172,1099,-,ms20,Connected,SA,-0.9,4,1,-60,76,-54.7,-10.4,20.4,3,Not Barred,6,6312,-19.6,504990,476,-55.1;-58.1;-66.5;-65.5,-,18.7;19;255;255,26.3;30.8;255;255,-19.6;-31.5;-23;-29.1,7;3;1;7;6,474;476;476;476;476,-67.5;-54.7;-65.8;-67.5;-70.7,-12.4;-10.4;-10.7;-11.2;-11.9,255;255;255;255;255,1;0,504990;504990,476;474,3;7,-,4;1,-54.7;-69.3,-10.4;-12.9,20.4;255,1.3,2,2,QPSK,-,100,0,0,0,0.00,0.00,0.00,0.00,0,2,Rank 1,16,96,2,357,-,357,12,24.9,25,25,256QAM,0,SMDL,0,0,0,0.00,0.00,0.00,0.39,Rank 2,4,52,29,-,2 x 2,HandOver,25068,Free,17,FORMAT_0,375,127,Success,25068,5,-,-8,-3,3,-,29,-,1,2,-,-,-,-,-,-,-,-,-,-,-,-,-,Registered,Normal Service,9,269,18,E7767060,652,18,30kHz,848,-,4,1,-,-,New trans.,0,0,256QAM,215,1,25068,503,3,0,0,Pass,0,QPSK,2,16,2,0,15,30kHz,Re trans.,-,562,
20260725 15:33:07.608,24.831526,102.846807,0.00,1953,3,1,0.00,0.00,,,,,,,1,SA,460,00,中国移动,4456484,6453981197,1575679,13,Normal,-,1,41,100,100,504990,-,476,513000,513000,30kHz,503172,1099,-,ms20,Connected,SA,-0.9,4,1,-60,79,-61.3,-10.7,20.5,3,Not Barred,6,6312,-27.9,504990,476,-64;-62.6;-85;-64.2,-,9.5;19.5;255;255,25.8;28.5;255;255,-28.4;-27.9,7;3;7;6;1,474;476;476;476;476,-67.9;-60.7;-69;-71.1;-69.8,-12.5;-10.4;-11.8;-13;-11.5,255;255;255;255;255,1;0,504990;504990,476;474,3;7,-,4;1,-61.3;-69.3,-10.7;-12.5,20.5;255,2,2,2,QPSK,-,100,0,0,0,0.00,0.00,0.00,0.00,0,2,Rank 1,16,32,3,69,-,69,12,24.3,25,25,256QAM,0,SMDL,0,0,0,0.00,0.00,0.00,0.10,Rank 2,4,52,37,-,2 x 2,HandOver,25068,Free,17,FORMAT_0,375,127,Success,25068,5,-,-5,0,3,-,37,-,1,3,-,-,-,-,-,-,-,-,-,-,-,-,-,Registered,Normal Service,9,269,18,E7767060,758,18,30kHz,992,-,4,1,-,-,New trans.,0,0,256QAM,195,1,25068,725,3,0,0,Pass,1,QPSK,0,16,1,0,15,30kHz,Re trans.,-,463,
20260725 15:33:08.621,24.831526,102.846807,0.00,1953,3,1,0.00,0.00,,,,,,,1,SA,460,00,中国移动,4456484,6453981197,1575679,13,Normal,-,1,41,100,100,504990,-,476,513000,513000,30kHz,503172,1099,-,ms20,Connected,SA,-0.9,4,1,-60,81,-59.7,-10.5,12.5,3,Not Barred,6,6312,-23.1,504990,476,-61.5;-70;-65.6;-62,-,12;1.5;255;255,20.8;32.6;255;255,-23.1;-33.1,7;3;1;7;6,474;476;476;476;476,-72.1;-59.4;-67.1;-69;-72.6,-15;-10.4;-10.9;-11.9;-12.3,255;255;255;255;255,1;0,504990;504990,476;474,3;7,-,4;1,-59.7;-73.7,-10.5;-13.7,12.5;255,0.5,2,0,QPSK,-,100,0,0,0,0.00,0.00,0.00,0.00,0,1,Rank 1,16,64,3,69,-,69,11,24.8,25,25,256QAM,0,SMDL,0,0,0,0.00,0.00,0.00,0.09,Rank 2,4,148,37,-,2 x 2,HandOver,25068,Free,17,FORMAT_0,375,127,Success,25068,5,-,0,0,3,-,37,-,1,3,-,-,-,-,-,-,-,-,-,-,-,-,-,Registered,Normal Service,9,269,18,E7767060,862,18,30kHz,944,-,4,1,-,-,New trans.,0,0,256QAM,207,1,25068,857,3,0,0,Pass,1,QPSK,0,16,1,0,15,30kHz,Re trans.,-,313,
20260725 15:33:09.633,24.831521,102.846810,3.35,1953,3,1,0.00,0.00,,,,,,,1,SA,460,00,中国移动,4456484,6453981197,1575679,13,Normal,-,1,41,100,100,504990,-,476,513000,513000,30kHz,503172,1099,-,ms20,Connected,SA,-0.9,4,1,-60,82,-62.9,-10.7,13.7,3,Not Barred,6,6312,-26.1,504990,476,-62.7;-65.5;-71.4;-61.7,-,13.3;16.7;255;255,32.9;20.9;255;255,-26.1;-29,1;3;1;7;0,474;476;476;476;476,-71.2;-61.6;-65;-70.7;-74.9,-15.4;-10.4;-10.9;-11.8;-11.1,255;255;255;255;255,1;0,504990;504990,476;474,3;1,-,4;1,-62.9;-72.8,-10.7;-13.6,13.7;255,0.5,2,0,QPSK,-,100,0,0,0,0.00,0.00,0.00,0.00,0,1,Rank 1,16,64,2,69,-,69,12,22.3,24,24,256QAM,0,SMDL,0,0,5.3,0.00,0.00,0.00,0.28,Rank 2,4,76,29,-,2 x 2,HandOver,25068,Free,17,FORMAT_0,375,127,Success,25068,5,-,-6,0,3,-,29,-,1,2,-,-,-,-,-,-,-,-,-,-,-,-,-,Registered,Normal Service,9,269,18,E7767060,938,18,30kHz,992,-,4,1,-,-,New trans.,0,0,256QAM,207,0,25068,857,3,0,0,Pass,1,QPSK,0,16,1,0,15,30kHz,Re trans.,-,313,
20260725 15:33:10.645,24.831509,102.846813,4.79,1953,3,1,0.00,0.00,,,,,,,1,SA,460,00,中国移动,4456484,6453981197,1575679,13,Normal,-,1,41,100,100,504990,-,476,513000,513000,30kHz,503172,1099,-,ms20,Connected,SA,-0.9,4,1,-60,77,-57.3,-10.5,21.9,3,Not Barred,6,6312,-22.3,504990,476,-56.3;-56.6;-81;-54.1,-,14.6;21.4;22.3;26.4,32.5;21;255;255,-23.6;-22.3,1;3;6;1;7,474;476;476;476;476,-67.9;-57.1;-67.7;-63.5;-66.5,-14.8;-10.4;-11.1;-11;-11.5,255;255;255;255;255,1;0,504990;504990,476;474,3;1,-,4;1,-57.3;-69.2,-10.5;-13,21.9;255,0.5,2,0,QPSK,-,100,0,0,0,0.00,0.00,0.00,0.00,0,1,Rank 1,16,64,0,106,-,106,12,24.3,25,24,256QAM,0,SMDL,0,0,0,0.00,0.00,0.00,0.12,Rank 2,4,40,12,-,2 x 2,HandOver,25068,Free,17,FORMAT_0,375,127,Success,25068,5,-,-7,-5,3,-,12,-,1,2,-,-,-,-,-,-,-,-,-,-,-,-,-,Registered,Normal Service,9,269,18,E7767060,26,18,30kHz,992,-,4,1,-,-,New trans.,0,0,256QAM,207,1,25068,1012,3,0,0,Pass,1,QPSK,2,16,2,0,15,30kHz,Re trans.,-,313,
20260725 15:33:11.657,24.831499,102.846812,3.02,1953,3,1,0.00,0.00,,,,,,,1,SA,460,00,中国移动,4456484,6453981197,1575679,13,Normal,-,1,41,100,100,504990,-,476,513000,513000,30kHz,503172,1099,-,ms20,Connected,SA,-0.9,4,1,-60,83,-62.7,-10.7,18.8,3,Not Barred,6,6312,-24.1,504990,476,-61.5;-62.8;-66.1;-58.7,-,16.4;16.3;255;255,35.1;17.1;255;255,-24.1;-24.4,1;3;1;6;7,474;476;476;476;476,-72.4;-61.2;-65.5;-70.6;-70.2,-15.7;-10.5;-11;-11.1;-12.2,255;255;255;255;255,1;0,504990;504990,476;474,3;1,-,4;1,-62.7;-73.9,-10.7;-13.7,18.8;255,2,2,2,QPSK,-,100,0,0,0,0.00,0.00,0.00,0.00,0,2,Rank 1,16,64,3,106,-,106,12,23.2,25,23,256QAM,0,SMDL,0,0,0,0.00,0.00,0.00,0.07,Rank 2,4,72,27,-,2 x 2,HandOver,25068,Free,17,FORMAT_0,375,127,Success,25068,5,-,-6,0,3,-,27,-,1,3,-,-,-,-,-,-,-,-,-,-,-,-,-,Registered,Normal Service,9,269,18,E7767060,144,18,30kHz,944,-,4,1,-,-,New trans.,0,0,256QAM,191,0,25068,87,3,0,0,Pass,1,QPSK,2,16,2,0,15,30kHz,Re trans.,-,675,
20260725 15:33:12.665,24.831491,102.846809,2.88,1953,3,1,0.00,0.00,,,,,,,1,SA,460,00,中国移动,4456484,6453981197,1575679,13,Normal,-,1,41,100,100,504990,-,476,513000,513000,30kHz,503172,1099,-,ms20,Connected,SA,-0.9,4,1,-60,81,-62.1,-10.7,21.9,3,Not Barred,6,6312,-24.8,504990,476,-62.1;-59.5;-63.4;-57.8,-,19.4;23.2;255;255,33.4;25.2;255;255,-28.3;-24.8,1;3;1;6;7,474;476;476;476;476,-71.8;-60.5;-65.2;-72.8;-72.1,-12.9;-10.4;-11.1;-11.6;-13,255;255;255;255;255,1;0,504990;504990,476;474,3;1,-,4;1,-62.1;-73.6,-10.7;-12.9,21.9;255,2,2,2,QPSK,-,100,0,0,0,0.00,0.00,0.00,0.00,0,2,Rank 1,16,64,1,106,-,106,12,24.6,25,25,256QAM,0,SMDL,0,0,0,0.00,0.00,0.00,0.12,Rank 2,4,100,19,-,2 x 2,HandOver,25068,Free,17,FORMAT_0,375,127,Success,25068,5,-,-7,2,3,-,19,-,1,1,-,-,-,-,-,-,-,-,-,-,-,-,-,Registered,Normal Service,9,269,18,E7767060,246,9,30kHz,896,-,4,1,-,-,New trans.,0,0,256QAM,199,1,25068,244,3,0,0,Pass,1,QPSK,2,16,2,0,15,30kHz,Re trans.,-,675,
20260725 15:33:13.679,24.831491,102.846809,2.88,1953,3,1,0.00,0.00,,,,,,,1,SA,460,00,中国移动,4456484,6453981197,1575679,13,Normal,-,1,41,100,100,504990,-,476,513000,513000,30kHz,503172,1099,-,ms20,Connected,SA,-0.9,4,1,-60,80,-59,-10.5,24.1,3,Not Barred,6,6312,-23,504990,476,-60;-58.7;-65.8;-54.6,-,19.3;24.3;255;255,33.6;22.8;255;255,-24.5;-23,1;3;1;7;6,474;476;476;476;476,-67.6;-58.4;-64.6;-67.8;-69.1,-13.1;-10.4;-11.1;-11.4;-11.1,255;255;255;255;255,1;0,504990;504990,476;474,3;1,-,4;1,-59;-69.6,-10.5;-12.7,24.1;255,2,2,2,QPSK,-,100,0,0,0,0.00,0.00,0.00,0.00,0,2,Rank 1,16,64,1,14,-,14,12,24,31,25,256QAM,0,SMDL,0,0,0,0.00,0.00,0.03,0.18,Rank 2,4,220,19,-,2 x 2,HandOver,25068,Free,17,FORMAT_0,375,127,Success,25068,5,-,-4,-2,3,-,19,-,1,1,-,-,-,-,-,-,-,-,-,-,-,-,-,Registered,Normal Service,9,269,18,E7767060,259,8,30kHz,992,-,4,1,-,-,New trans.,0,0,256QAM,199,1,25068,255,13,0,4,Pass,0,QPSK,0,20,1,0,0,30kHz,Re trans.,-,675,
20260725 15:33:14.684,24.831477,102.846802,3.02,1953,3,1,0.00,0.00,,,,,,,1,SA,460,00,中国移动,4456484,6453981197,1575679,13,Normal,-,1,41,100,100,504990,-,476,513000,513000,30kHz,503172,1099,-,ms20,Connected,SA,-0.9,4,1,-60,82,-62.5,-10.7,20.5,3,Not Barred,6,6312,-25.9,504990,476,-59.2;-63.6;-68.2;-60.1,-,18.7;18.9;255;255,32.3;25.3;255;255,-25.9;-38.3,1;3;1;6;7,474;476;476;476;476,-69.8;-60.8;-64.5;-67.6;-69.9,-13.1;-10.4;-11;-10.8;-12.2,255;255;255;255;255,1;0,504990;504990,476;474,3;1,-,4;1,-62.5;-71,-10.7;-12.9,20.5;255,4.3,13,2,QPSK,-,75,0,25,0,0.00,0.00,0.01,0.01,0,2,Rank 1,16,132,7,69,-,69,12,24.9,31,25,256QAM,0,SMDL,0,0,0,0.03,0.03,0.01,0.39,Rank 2,4,48,49,-,2 x 2,HandOver,25068,Free,17,FORMAT_0,375,127,Success,25068,5,-,0,-2,3,-,49,-,1,6,-,-,-,-,-,-,-,-,-,-,-,-,-,Registered,Normal Service,9,269,18,E7767060,416,8,30kHz,992,-,4,1,-,-,New trans.,0,0,256QAM,199,1,25068,411,3,0,0,Pass,1,QPSK,0,16,1,0,15,30kHz,Re trans.,-,1659,
20260725 15:33:15.694,24.831472,102.846799,3.35,1954,3,1,0.00,0.00,,,,,,,1,SA,460,00,中国移动,4456484,6453981197,1575679,13,Normal,-,1,41,100,100,504990,-,476,513000,513000,30kHz,503172,1099,-,ms20,Connected,SA,-0.9,4,1,-60,80,-60.6,-10.5,21.2,3,Not Barred,6,6312,-22.6,504990,476,-64;-59.4;-101.1;-70.5,-,12.3;22.6;255;255,20;32;255;255,-31.1;-22.6,7;3;6;1;5,474;476;476;476;476,-72.6;-58.7;-64.4;-65.3;-71.4,-12.5;-10.4;-10.6;-11;-11,255;255;255;255;255,1;0,504990;504990,476;474,3;7,-,4;1,-60.6;-73.6,-10.5;-12.7,21.2;255,1,2,2,QPSK,-,100,0,0,0,0.00,0.00,0.00,0.00,0,2,Rank 1,16,96,6,69,-,69,12,24.8,25,25,256QAM,0,SMDL,0,0,0,0.00,0.00,0.00,0.09,Rank 2,4,204,53,-,2 x 2,HandOver,25068,Free,17,FORMAT_0,375,127,Success,25068,5,-,-8,-9,3,-,53,-,1,6,-,-,-,-,-,-,-,-,-,-,-,-,-,Registered,Normal Service,9,269,18,E7767060,532,8,30kHz,992,-,4,1,-,-,New trans.,0,0,256QAM,203,1,25068,527,3,0,0,Pass,0,QPSK,0,16,1,0,15,30kHz,Re trans.,-,660,
20260725 15:33:16.706,24.831416,102.846768,3.78,1954,3,1,0.00,0.00,,,,,,,1,SA,460,00,中国移动,4456484,6453981197,1575679,13,Normal,-,1,41,100,100,504990,-,476,513000,513000,30kHz,503172,1099,-,ms20,Connected,SA,-0.9,4,1,-60,81,-61.9,-10.5,14.8,3,Not Barred,6,6312,-22.8,504990,476,-63.8;-68.9;-92.7;-56.3,-,21.8;4.9;18.2;29,32.5;34;255;255,-22.8;-31.8,7;3;1;6;7,474;476;476;476;476,-75.5;-60.4;-65.8;-65.4;-67.8,-17.5;-10.4;-10.9;-10.5;-11.3,255;255;255;255;255,1;0,504990;504990,476;474,3;7,-,4;1,-61.9;-75.1,-10.5;-17.4,14.8;255,1,2,2,QPSK,-,100,0,0,0,0.00,0.00,0.00,0.00,0,2,Rank 1,16,96,4,14,-,14,12,24.6,25,25,256QAM,0,SMDL,0,0,0,0.00,0.00,0.00,0.34,Rank 2,4,184,55,-,2 x 2,HandOver,25068,Free,17,FORMAT_0,375,127,Success,25068,5,-,-3,-9,3,-,55,-,1,3,-,-,-,-,-,-,-,-,-,-,-,-,-,Registered,Normal Service,9,269,18,E7767060,644,18,30kHz,736,-,4,1,-,-,New trans.,0,0,64QAM,199,2,25068,575,13,0,4,Pass,0,QPSK,0,20,1,0,0,30kHz,Re trans.,-,660,
20260725 15:33:17.720,24.831428,102.846774,3.28,1954,3,1,0.00,0.00,,,,,,,1,SA,460,00,中国移动,4456484,6453981197,1575679,13,Normal,-,1,41,100,100,504990,-,476,513000,513000,30kHz,503172,1099,-,ms20,Connected,SA,-0.9,4,1,-60,77,-55.8,-10.4,24.6,3,Not Barred,6,6312,-19.1,504990,476,-55.9;-81.1;-105.6;-62.9,-,24.6;2.6;255;255,14.7;32.5;255;255,-19.1;-34.8,1;3;6;1;5,474;476;476;476;476,-70.3;-54.7;-60.6;-63.9;-69.7,-13.7;-10.4;-10.4;-11.4;-10.8,255;255;255;255;255,1;0,504990;504990,476;474,3;1,-,4;1,-55.8;-72,-10.4;-13.5,24.6;255,0.5,2,0,QPSK,-,100,0,0,0,0.00,0.00,0.00,0.00,0,2,Rank 1,17,68,2,69,-,69,12,23.7,31,25,256QAM,0,SMDL,0,0,16,0.00,0.00,0.00,0.00,Rank 2,4,100,32,-,2 x 2,HandOver,25068,Free,17,FORMAT_0,375,127,Success,25068,5,-,-5,-9,3,-,32,-,1,2,-,-,-,-,-,-,-,-,-,-,-,-,-,Registered,Normal Service,9,269,18,E7767060,748,8,30kHz,992,-,4,1,-,-,New trans.,0,0,256QAM,207,1,25068,743,3,0,0,Pass,0,QPSK,0,16,1,0,15,30kHz,Re trans.,-,258,
20260725 15:33:18.735,24.831434,102.846778,3.20,1954,3,1,0.00,0.00,,,,,,,1,SA,460,00,中国移动,4456484,6453981197,1575679,13,Normal,-,1,41,100,100,504990,-,476,513000,513000,30kHz,503172,1099,-,ms20,Connected,SA,-0.9,4,1,-60,76,-58.1,-10.4,27.2,3,Not Barred,6,6312,-22.1,504990,476,-57.6;-57.9;-69.5;-66.4,-,23.3;27.4;255;255,29.8;25.3;255;255,-22.1;-22.9,1;3;6;7;1,474;476;476;476;476,-73.7;-56.8;-62.7;-68.3;-70.5,-15.4;-10.4;-10.5;-10.9;-11.1,255;255;255;255;255,1;0,504990;504990,476;474,3;1,-,4;1,-58.1;-74.6,-10.4;-14.3,27.2;255,0.5,2,0,QPSK,-,100,0,0,0,0.00,0.00,0.00,0.00,0,2,Rank 1,17,68,2,69,-,69,12,24.7,31,25,256QAM,0,SMDL,0,0,0,0.00,0.00,0.02,0.17,Rank 2,4,156,33,-,2 x 2,HandOver,25068,Free,17,FORMAT_0,375,127,Success,25068,5,-,-5,-9,3,-,33,-,1,2,-,-,-,-,-,-,-,-,-,-,-,-,-,Registered,Normal Service,9,269,18,E7767060,828,18,30kHz,944,-,4,1,-,-,New trans.,0,0,256QAM,191,1,25068,743,3,0,0,Pass,0,QPSK,0,16,1,0,15,30kHz,Re trans.,-,258,
20260725 15:33:19.742,24.831433,102.846779,2.38,1954,3,1,0.00,0.00,,,,,,,1,SA,460,00,中国移动,4456484,6453981197,1575679,13,Normal,-,1,41,100,100,504990,-,476,513000,513000,30kHz,503172,1099,-,ms20,Connected,SA,-0.9,5,1,-60,76,-57.9,-10.4,24.9,3,Not Barred,6,6312,-19.6,504990,476,-55.4;-59.1;-66.2;-64.5,-,23.6;24.3;255;255,29.2;22.9;255;255,-19.6;-23.3,1;3;6;1;7,474;476;476;476;476,-73.5;-57.1;-62.9;-70.1;-70.8,-13.5;-10.4;-10.5;-11.4;-11.4,255;255;255;255;255,1;0,504990;504990,476;474,3;1,-,4;1,-57.9;-74.5,-10.4;-12.4,24.9;255,0.5,2,0,QPSK,-,100,0,0,0,0.00,0.00,0.00,0.00,0,2,Rank 1,17,68,2,69,-,69,12,24,24,24,256QAM,0,SMDL,0,0,0,0.00,0.00,0.02,0.28,Rank 2,4,8,33,-,2 x 2,HandOver,25068,Free,17,FORMAT_0,375,127,Success,25068,5,-,-11,-9,3,-,33,-,1,2,-,-,-,-,-,-,-,-,-,-,-,-,-,Registered,Normal Service,9,269,18,E7767060,894,18,30kHz,992,-,4,1,-,-,New trans.,0,0,256QAM,203,0,25068,743,3,0,0,Pass,0,QPSK,0,16,1,0,15,30kHz,Re trans.,-,258,
20260725 15:33:20.749,24.831431,102.846780,3.28,1954,3,1,0.00,0.00,,,,,,,1,SA,460,00,中国移动,4456484,6453981197,1575679,13,Normal,-,1,41,100,100,504990,-,476,513000,513000,30kHz,503172,1099,-,ms20,Connected,SA,-0.9,4,1,-60,76,-56.6,-10.4,28.6,3,Not Barred,6,6312,-18.4,504990,476,-54.6;-57.7;-66.3;-61.2,-,23;28.2;255;255,28.2;21.2;255;255,-18.4;-22.6,1;3;6;7;1,474;476;476;476;476,-71.3;-54.8;-59.5;-64.5;-67.8,-14.7;-10.4;-10.5;-10.6;-11.8,255;255;255;255;255,1;0,504990;504990,476;474,3;1,-,4;1,-56.6;-73.1,-10.4;-13.8,28.6;255,0.5,2,0,QPSK,-,100,0,0,0,0.00,0.00,0.00,0.00,0,2,Rank 1,17,68,0,69,-,69,12,24.5,25,25,256QAM,0,SMDL,0,0,0,0.00,0.00,0.02,0.01,Rank 2,4,24,8,-,2 x 2,HandOver,25068,Free,17,FORMAT_0,375,127,Success,25068,5,-,-8,-10,3,-,8,-,1,2,-,-,-,-,-,-,-,-,-,-,-,-,-,Registered,Normal Service,9,269,18,E7767060,30,18,30kHz,992,-,4,1,-,-,New trans.,0,0,256QAM,203,2,25068,743,3,0,0,Pass,0,QPSK,0,16,1,0,15,30kHz,Re trans.,-,258,
20260725 15:33:21.755,24.831424,102.846778,3.42,1954,3,1,0.00,0.00,,,,,,,1,SA,460,00,中国移动,4456484,6453981197,1575679,13,Normal,-,1,41,100,100,504990,-,476,513000,513000,30kHz,503172,1099,-,ms20,Connected,SA,-0.9,5,1,-60,80,-58.5,-10.4,20.5,3,Not Barred,6,6312,-23.3,504990,476,-59;-72.9;-66.5;-63.1,-,20.7;9.3;255;255,32.2;25.6;255;255,-23.3;-35.9,1;3;6;7;1,474;476;476;476;476,-71.9;-58.1;-64.6;-69.5;-72.2,-12.3;-10.4;-10.8;-11.6;-13.4,255;255;255;255;255,1;0,504990;504990,476;474,3;1,-,4;1,-58.5;-73.6,-10.4;-13.2,20.5;255,1,2,2,QPSK,-,100,0,0,0,0.00,0.00,0.00,0.00,0,2,Rank 1,16,64,2,106,-,106,12,24.1,31,25,256QAM,0,SMDL,0,0,0,0.00,0.00,0.01,0.04,Rank 2,4,76,33,-,2 x 2,HandOver,25068,Free,17,FORMAT_0,375,127,Success,25068,5,-,-4,-5,3,-,33,-,1,2,-,-,-,-,-,-,-,-,-,-,-,-,-,Registered,Normal Service,9,269,18,E7767060,128,18,30kHz,896,-,4,1,-,-,New trans.,0,0,256QAM,191,1,25068,61,3,0,0,Pass,0,QPSK,2,16,2,0,15,30kHz,Re trans.,-,350,
20260725 15:33:22.761,24.831416,102.846775,3.20,1954,3,1,0.00,0.00,,,,,,,1,SA,460,00,中国移动,4456484,6453981197,1575679,13,Normal,-,1,41,100,100,504990,-,476,513000,513000,30kHz,503172,1099,-,ms20,Connected,SA,-0.9,4,1,-60,77,-57.9,-10.4,31.8,3,Not Barred,6,6312,-21,504990,476,-56.8;-58.6;-76.3;-69.7,-,24;31.8;255;255,29.4;25;255;255,-21;-23.3,1;3;6;7;5,474;476;476;476;476,-70.9;-57.4;-63.9;-69.8;-70.9,-12.7;-10.4;-10.7;-11.4;-10.6,255;255;255;255;255,1;0,504990;504990,476;474,3;1,-,4;1,-57.9;-72.7,-10.4;-13.5,31.8;255,1,2,2,QPSK,-,100,0,0,0,0.00,0.00,0.00,0.00,0,1,Rank 1,16,32,2,69,-,69,11,24.6,31,25,256QAM,0,SMDL,0,0,0,0.00,0.00,0.01,0.13,Rank 2,4,68,33,-,2 x 2,HandOver,25068,Free,17,FORMAT_0,375,127,Success,25068,5,-,-4,-6,3,-,33,-,1,2,-,-,-,-,-,-,-,-,-,-,-,-,-,Registered,Normal Service,9,269,18,E7767060,198,18,30kHz,848,-,4,1,-,-,New trans.,0,0,256QAM,207,1,25068,169,3,0,0,Pass,1,QPSK,0,16,1,0,15,30kHz,Re trans.,-,175,
20260725 15:33:23.772,24.831411,102.846774,3.24,1954,3,1,0.00,0.00,,,,,,,1,SA,460,00,中国移动,4456484,6453981197,1575679,13,Normal,-,1,41,100,100,504990,-,476,513000,513000,30kHz,503172,1099,-,ms20,Connected,SA,-0.9,4,1,-60,83,-65.6,-11.4,23.3,3,Not Barred,6,6312,-26,504990,476,-62.4;-61.6;-65.3;-58.2,-,27.3;24.6;255;255,19.8;19.4;255;255,-26;-26.6,1;3;6;1;5,474;476;476;476;476,-69.4;-63.6;-69.1;-68.6;-72.5,-12.8;-10.4;-11.2;-12.9;-10.9,255;255;255;255;255,1;0,504990;504990,476;474,3;1,-,4;1,-65.6;-71.1,-11.4;-13,23.3;255,1,2,2,QPSK,-,100,0,0,0,0.00,0.00,0.00,0.00,0,1,Rank 1,16,32,1,69,-,69,11,24.3,25,25,256QAM,0,SMDL,0,0,0,0.00,0.00,0.01,0.12,Rank 2,4,56,17,-,2 x 2,HandOver,25068,Free,17,FORMAT_0,375,127,Success,25068,5,-,-2,-1,3,-,17,-,1,1,-,-,-,-,-,-,-,-,-,-,-,-,-,Registered,Normal Service,9,269,18,E7767060,326,9,30kHz,992,-,4,1,-,-,New trans.,0,0,256QAM,211,1,25068,321,3,0,0,Pass,1,QPSK,0,16,1,0,15,30kHz,Re trans.,-,175,
20260725 15:33:24.779,24.831401,102.846770,3.53,1954,3,1,0.00,0.00,,,,,,,1,SA,460,00,中国移动,4456484,6453981197,1575679,13,Normal,-,1,41,100,100,504990,-,476,513000,513000,30kHz,503172,1099,-,ms20,Connected,SA,-0.9,5,1,-60,78,-59,-10.5,20.8,3,Not Barred,6,6312,-21.8,504990,476,-58.1;-59.9;-78.1;-63.7,-,20.8;19.2;255;255,31.4;19.2;255;255,-21.8;-25.9,1;3;6;7;1,474;476;476;476;476,-71.5;-57.6;-61.8;-67.3;-71.8,-11.8;-10.4;-10.5;-10.9;-12.7,255;255;255;255;255,1;0,504990;504990,476;474,3;1,-,4;1,-59;-73.9,-10.5;-13.3,20.8;255,0.3,1,0,QPSK,-,100,0,0,0,0.00,0.00,0.00,0.00,0,1,Rank 1,16,112,6,69,-,69,10,26.2,31,25,256QAM,0,SMDL,0,0,0,0.00,0.00,0.00,0.10,Rank 2,4,176,78,-,2 x 2,HandOver,25068,Free,17,FORMAT_0,375,127,Success,25068,5,-,-4,-4,3,-,78,-,1,6,-,-,-,-,-,-,-,-,-,-,-,-,-,Registered,Normal Service,9,269,18,E7767060,432,18,30kHz,848,-,4,1,-,-,New trans.,0,0,256QAM,203,1,25068,411,3,0,0,Pass,0,QPSK,0,16,1,0,15,30kHz,Re trans.,-,527,
20260725 15:33:25.793,24.831392,102.846767,3.35,1954,3,1,0.00,0.00,,,,,,,1,SA,460,00,中国移动,4456484,6453981197,1575679,13,Normal,-,1,41,100,100,504990,-,476,513000,513000,30kHz,503172,1099,-,ms20,Connected,SA,-0.9,5,1,-60,79,-61.1,-10.5,21.4,3,Not Barred,6,6312,-27.8,504990,476,-64;-63.6;-67.5;-69,-,16.9;21.4;255;255,32;31.3;255;255,-29.6;-27.8,0;3;6;7;1,474;476;476;476;476,-78.6;-60.5;-61;-64.2;-68.6,-14;-10.4;-10.4;-10.5;-10.7,255;255;255;255;255,1;0,504990;504990,476;474,3;0,-,4;1,-61.1;-78.4,-10.5;-14.6,21.4;255,0.3,1,0,QPSK,-,100,0,0,0,0.00,0.00,0.00,0.00,0,1,Rank 1,16,112,3,106,-,106,12,24.7,31,25,256QAM,0,SMDL,0,0,6,0.00,0.00,0.11,0.48,Rank 2,4,268,51,-,4 x 4,HandOver,25068,Free,17,FORMAT_0,375,127,Success,25068,5,-,-1,-4,3,-,51,-,1,3,-,-,-,-,-,-,-,-,-,-,-,-,-,Registered,Normal Service,9,269,18,E7767060,496,18,30kHz,944,-,4,1,-,-,New trans.,0,0,256QAM,207,1,25068,490,3,0,0,Pass,0,QPSK,2,16,2,0,15,30kHz,Re trans.,-,527,
20260725 15:33:26.805,24.831384,102.846764,3.02,1955,3,1,0.00,0.00,,,,,,,1,SA,460,00,中国移动,4456484,6453981197,1575679,13,Normal,-,1,41,100,100,504990,-,476,513000,513000,30kHz,503172,1099,-,ms20,Connected,SA,-0.9,5,1,-60,81,-61.6,-10.4,23.1,3,Not Barred,6,6312,-26,504990,476,-63.3;-64;-72.2;-70,-,18.4;24.4;255;255,29.2;27.8;255;255,-26;-27.9,1;3;6;7;1,474;476;476;476;476,-78.6;-61.2;-61.1;-62.7;-68.6,-14.5;-10.4;-10.4;-10.5;-10.6,255;255;255;255;255,1;0,504990;504990,476;474,3;1,-,4;1,-61.6;-80.1,-10.4;-15.8,23.1;255,1.4,2,2,QPSK,-,100,0,0,0,0.00,0.00,0.00,0.00,0,1,Rank 1,16,80,3,69,-,69,12,24.8,31,25,256QAM,0,SMDL,0,0,0,0.00,0.00,0.11,0.48,Rank 2,4,172,29,-,2 x 2,HandOver,25068,Free,17,FORMAT_0,375,127,Success,25068,5,-,-3,-3,3,-,29,-,1,3,-,-,-,-,-,-,-,-,-,-,-,-,-,Registered,Normal Service,9,269,18,E7767060,614,18,30kHz,896,-,4,1,-,-,New trans.,0,0,256QAM,207,1,25068,541,3,0,0,Pass,1,QPSK,0,16,1,0,15,30kHz,Re trans.,-,453,
20260725 15:33:27.817,24.831328,102.846740,4.46,1955,3,1,0.00,0.00,,,,,,,1,SA,460,00,中国移动,4456484,6453981197,1575679,13,Normal,-,1,41,100,100,504990,-,476,513000,513000,30kHz,503172,1099,-,ms20,Connected,SA,-0.9,5,1,-60,80,-59.7,-10.4,18.1,3,Not Barred,6,6312,-25,504990,476,-60.9;-60.5;-79.4;-69.3,-,17.7;19.7;255;255,29.2;26.3;255;255,-26.6;-25,1;3;6;7;1,474;476;476;476;476,-75.1;-59.7;-59.1;-60.5;-64.9,-14.3;-10.4;-10.4;-10.5;-10.5,255;255;255;255;255,1;0,504990;504990,476;474,3;1,-,4;1,-59.7;-77.5,-10.4;-15.5,18.1;255,1.4,2,2,QPSK,-,100,0,0,0,0.00,0.00,0.00,0.00,0,1,Rank 1,16,80,3,69,-,69,12,25.4,31,25,256QAM,0,SMDL,0,0,0,0.00,0.00,0.01,0.12,Rank 2,4,64,29,-,2 x 2,HandOver,25068,Free,17,FORMAT_0,375,127,Success,25068,5,-,-2,-6,3,-,29,-,1,3,-,-,-,-,-,-,-,-,-,-,-,-,-,Registered,Normal Service,9,269,18,E7767060,721,19,30kHz,992,-,4,1,-,-,New trans.,0,0,256QAM,220,1,25068,716,14,0,0,Pass,0,QPSK,0,16,1,0,15,30kHz,Re trans.,-,453,
20260725 15:33:28.830,24.831337,102.846745,4.10,1955,3,1,0.00,0.00,,,,,,,1,SA,460,00,中国移动,4456484,6453981197,1575679,13,Normal,-,1,41,100,100,504990,-,476,513000,513000,30kHz,503172,1099,-,ms20,Connected,SA,-0.9,5,1,-60,81,-60.6,-10.5,21.2,3,Not Barred,6,6312,-26.3,504990,476,-62;-64.3;-73.6;-70,-,17.2;20.6;18.4;13.2,29;26.7;255;255,-26.3;-28.9,1;3;7;6;1,474;476;476;476;476,-76.3;-61.2;-60.6;-59.9;-65.6,-14.5;-10.4;-10.4;-10.5;-10.6,255;255;255;255;255,1;0,504990;504990,476;474,3;1,-,4;1,-60.6;-77.8,-10.5;-15.7,21.2;255,1.4,2,2,QPSK,-,100,0,0,0,0.00,0.00,0.00,0.00,0,1,Rank 1,16,80,4,69,-,69,12,25.4,31,25,256QAM,0,SMDL,0,0,0,0.00,0.00,0.01,0.12,Rank 2,4,124,43,-,2 x 2,HandOver,25068,Free,17,FORMAT_0,375,127,Success,25068,5,-,-3,-4,3,-,43,-,1,3,-,-,-,-,-,-,-,-,-,-,-,-,-,Registered,Normal Service,9,269,18,E7767060,791,8,30kHz,992,-,4,1,-,-,-,0,0,256QAM,191,1,25068,716,14,0,0,Pass,0,QPSK,0,16,1,0,15,30kHz,Re trans.,-,453,
20260725 15:33:29.837,24.831349,102.846752,3.56,1955,3,1,0.00,0.00,,,,,,,1,SA,460,00,中国移动,4456484,6453981197,1575679,13,Normal,-,1,41,100,100,504990,-,476,513000,513000,30kHz,503172,1099,-,ms20,Connected,SA,-0.9,4,1,-60,83,-61.8,-10.4,21.6,3,Not Barred,6,6312,-28.8,504990,476,-65.2;-66.4;-80.4;-75.6,-,13.1;21.6;255;255,30.9;28.2;255;255,-28.8;-31.6,1;3;6;7;1,474;476;476;476;476,-76.6;-63.5;-60.3;-61.1;-66.6,-13.9;-10.5;-10.4;-10.4;-10.5,255;255;255;255;255,1;0,504990;504990,476;474,3;1,-,4;1,-61.8;-78.6,-10.4;-15,21.6;255,1.4,2,2,QPSK,-,100,0,0,0,0.00,0.00,0.00,0.00,0,1,Rank 1,16,80,4,69,-,69,12,26.3,31,25,256QAM,0,SMDL,0,0,0,0.00,0.00,0.01,0.23,Rank 2,4,16,43,-,2 x 2,HandOver,25068,Free,17,FORMAT_0,375,127,Success,25068,5,-,-2,-2,3,-,43,-,1,3,-,-,-,-,-,-,-,-,-,-,-,-,-,Registered,Normal Service,9,269,18,E7767060,858,18,30kHz,848,-,4,1,-,-,New trans.,0,0,256QAM,207,1,25068,716,14,0,0,Pass,0,QPSK,0,16,1,0,15,30kHz,Re trans.,-,453,
20260725 15:33:30.850,24.831303,102.846746,5.22,1955,3,1,0.00,0.00,,,,,,,1,SA,460,00,中国移动,4456484,6453981197,1575679,13,Normal,-,1,41,100,100,504990,-,476,513000,513000,30kHz,503172,1099,-,ms20,Connected,SA,-0.9,4,1,-60,84,-62.1,-10.5,14.2,3,Not Barred,6,6312,-27.9,504990,476,-62.4;-64.7;-88.8;-67.7,-,12.1;17;255;255,27.2;27.3;255;255,-27.9;-28,1;3;7;6;1,474;476;476;476;476,-74.8;-63.6;-61.2;-61.9;-65.1,-14.6;-10.5;-10.5;-10.5;-10.5,255;255;255;255;255,1;0,504990;504990,476;474,3;1,-,4;1,-62.1;-76.3,-10.5;-16.2,14.2;255,1.4,2,2,QPSK,-,100,0,0,0,0.00,0.00,0.00,0.00,0,1,Rank 1,16,80,0,69,-,69,12,22,22,22,256QAM,0,SMDL,0,0,0,0.00,0.00,0.01,0.01,Rank 2,4,4,5,-,2 x 2,HandOver,25068,Free,17,FORMAT_0,375,127,Success,25068,5,-,-1,-3,3,-,5,-,1,3,-,-,-,-,-,-,-,-,-,-,-,-,-,Registered,Normal Service,9,269,18,E7767060,14,18,30kHz,992,-,4,1,-,-,New trans.,0,0,256QAM,191,1,25068,716,14,0,0,Pass,0,QPSK,0,16,1,0,15,30kHz,Re trans.,-,453,
20260725 15:33:31.864,24.831329,102.846749,3.82,1955,3,1,0.00,0.00,,,,,,,1,SA,460,00,中国移动,4456484,6453981197,1575679,13,Normal,-,1,41,100,100,504990,-,476,513000,513000,30kHz,503172,1099,-,ms20,Connected,SA,-0.9,5,1,-60,84,-60.5,-10.5,14.9,3,Not Barred,6,6312,-28.1,504990,476,-61.9;-66.5;-78.2;-75.4,-,13.2;14.3;255;255,30.7;27.7;255;255,-28.1;-30,1;3;7;6;1,474;476;476;476;476,-75.7;-63.9;-58.6;-60.2;-63.1,-17.1;-10.5;-10.5;-10.4;-10.5,255;255;255;255;255,1;0,504990;504990,476;474,3;1,-,4;1,-60.5;-76.3,-10.5;-16.6,14.9;255,1.2,2,2,QPSK,-,100,0,0,0,0.00,0.00,0.00,0.00,0,2,Rank 1,16,84,0,14,-,14,12,25,25,25,256QAM,0,SMDL,0,0,0,0.00,0.00,0.01,0.01,Rank 2,4,8,5,-,2 x 2,HandOver,25068,Free,17,FORMAT_0,375,127,Success,25068,5,-,-6,-2,3,-,5,-,1,3,-,-,-,-,-,-,-,-,-,-,-,-,-,Registered,Normal Service,9,269,18,E7767060,102,18,30kHz,944,-,4,1,-,-,New trans.,0,0,256QAM,191,1,25068,63,13,0,4,Pass,0,QPSK,0,20,1,0,0,30kHz,Re trans.,-,401,
20260725 15:33:32.875,24.831326,102.846747,3.92,1955,3,1,0.00,0.00,,,,,,,1,SA,460,00,中国移动,4456484,6453981197,1575679,13,Normal,-,1,41,100,100,504990,-,476,513000,513000,30kHz,503172,1099,-,ms20,Connected,SA,-0.9,4,1,-60,85,-61.3,-10.5,12.8,3,Not Barred,6,6312,-29.9,504990,476,-63.4;-68.7;-79.7;-73.1,-,11.2;13.3;255;255,29.7;24.3;255;255,-29.9;-30.4,1;3;7;6;1,474;476;476;476;476,-79;-65;-60.4;-60.9;-65.1,-19.8;-10.7;-10.5;-10.4;-10.5,255;255;255;255;255,1;0,504990;504990,476;474,3;1,-,4;1,-61.3;-80.9,-10.5;-16.4,12.8;255,1.2,2,2,QPSK,-,100,0,0,0,0.00,0.00,0.00,0.00,0,2,Rank 1,16,84,3,14,-,14,12,24.6,25,25,256QAM,0,SMDL,0,0,0,0.00,0.00,0.01,0.21,Rank 2,4,112,29,-,2 x 2,HandOver,25068,Free,17,FORMAT_0,375,127,Success,25068,5,-,-4,0,3,-,29,-,1,2,-,-,-,-,-,-,-,-,-,-,-,-,-,Registered,Normal Service,9,269,18,E7767060,164,18,30kHz,800,-,4,1,-,-,New trans.,0,0,256QAM,31,2,25068,63,13,0,4,Pass,0,QPSK,0,20,1,0,0,30kHz,Re trans.,-,401,
20260725 15:33:33.886,24.831318,102.846744,3.38,1955,3,1,0.00,0.00,,,,,,,1,SA,460,00,中国移动,4456484,6453981197,1575679,13,Normal,-,1,41,100,100,504990,-,476,513000,513000,30kHz,503172,1099,-,ms20,Connected,SA,-0.9,4,1,-60,87,-61.4,-10.5,12.4,3,Not Barred,6,6312,-29.5,504990,476,-65.2;-68.5;-80.3;-70.1,-,10;17.1;255;255,29;25.6;255;255,-29.5;-32.1,1;3;7;6;1,474;476;476;476;476,-76.9;-65.6;-59.6;-61.5;-64.1,-19.3;-10.6;-10.4;-10.5;-10.6,255;255;255;255;255,1;0,504990;504990,476;474,3;1,-,4;1,-61.4;-78.7,-10.5;-16.4,12.4;255,1.2,2,2,QPSK,-,100,0,0,0,0.00,0.00,0.00,0.00,0,2,Rank 1,16,84,0,14,-,14,12,22.5,24,24,256QAM,0,SMDL,0,0,0,0.00,0.00,0.01,0.21,Rank 2,4,8,3,-,2 x 2,HandOver,25068,Free,17,FORMAT_0,375,127,Success,25068,5,-,-1,0,3,-,3,-,1,2,-,-,-,-,-,-,-,-,-,-,-,-,-,Registered,Normal Service,9,269,18,E7767060,292,18,30kHz,944,-,4,1,-,-,New trans.,0,0,256QAM,191,2,25068,63,13,0,4,Pass,0,QPSK,0,20,1,0,0,30kHz,Re trans.,-,401,
20260725 15:33:34.899,24.831308,102.846737,4.03,1955,3,1,0.00,0.00,,,,,,,1,SA,460,00,中国移动,4456484,6453981197,1575679,13,Normal,-,1,41,100,100,504990,-,476,513000,513000,30kHz,503172,1099,-,ms20,Connected,SA,-0.9,5,1,-60,83,-63.5,-10.5,14.7,7,Not Barred,6,6312,-28.3,504990,476,-62.2;-67.4;-87.9;-63.4,-,14.4;10.6;255;255,24.6;18.3;255;255,-28.3;-31.9,1;7;1;6;3,474;476;476;476;476,-79.4;-61.3;-66.2;-65.4;-67,-15.3;-10.5;-10.5;-10.6;-10.5,255;255;255;255;255,1;0,504990;504990,476;474,7;1,-,4;1,-63.5;-78.4,-10.5;-15.1,14.7;255,1.3,2,2,QPSK,-,100,0,0,0,0.00,0.00,0.00,0.00,0,2,Rank 1,17,52,3,106,-,106,12,24.8,25,25,256QAM,0,SMDL,0,0,0,0.00,0.00,0.00,0.01,Rank 2,4,48,37,-,2 x 2,HandOver,25068,Free,17,FORMAT_0,375,127,Success,25068,5,-,-2,2,3,-,37,-,1,3,-,-,-,-,-,-,-,-,-,-,-,-,-,Registered,Normal Service,9,269,18,E7767060,423,19,30kHz,992,-,4,1,-,-,New trans.,0,1,256QAM,191,1,25068,421,3,0,0,Pass,0,QPSK,2,16,2,0,15,30kHz,Re trans.,-,226,
20260725 15:33:35.905,24.831312,102.846741,3.56,1955,3,1,0.00,0.00,,,,,,,1,SA,460,00,中国移动,4456484,6453981197,1575679,13,Normal,-,1,41,100,100,504990,-,476,513000,513000,30kHz,503172,1099,-,ms20,Connected,SA,-0.9,5,1,-60,82,-63.7,-10.5,14.2,7,Not Barred,6,6312,-27.6,504990,476,-62.5;-63.2;-67.4;-82.2,-,14.6;11.3;255;255,22.2;25.9;255;255,-27.6;-27.6,3;7;6;3;1,474;476;476;476;476,-81;-61.9;-65.1;-66.3;-65.2,-15.2;-10.5;-10.6;-10.7;-10.6,255;255;255;255;255,1;0,504990;504990,476;474,7;3,-,4;1,-63.7;-77.4,-10.5;-13.8,14.2;255,1.5,2,2,QPSK,-,100,0,0,0,0.00,0.00,0.00,0.00,0,2,Rank 1,16,64,3,14,-,14,12,24.7,25,25,256QAM,0,SMDL,0,0,0,0.00,0.00,0.00,0.09,Rank 2,4,148,37,-,2 x 2,HandOver,25068,Free,17,FORMAT_0,375,127,Success,25068,5,-,-10,-2,3,-,37,-,1,3,-,-,-,-,-,-,-,-,-,-,-,-,-,Registered,Normal Service,9,269,18,E7767060,502,18,30kHz,800,-,4,1,-,-,New trans.,0,0,256QAM,191,0,25068,511,17,0,4,Pass,0,QPSK,0,20,1,0,0,30kHz,Re trans.,-,387,
20260725 15:33:36.920,24.831303,102.846736,3.31,1955,3,1,0.00,0.00,,,,,,,1,SA,460,00,中国移动,4456484,6453981197,1575679,13,Normal,-,1,41,100,100,504990,-,476,513000,513000,30kHz,503172,1099,-,ms20,Connected,SA,-0.9,4,1,-60,84,-66.3,-10.5,14.5,7,Not Barred,6,6312,-28.5,504990,476,-63.9;-64.9;-68.4;-79.7,-,13.9;14.7;255;255,21.5;24.6;255;255,-28.5;-29.3,3;7;1;3;6;4,474;476;476;476;476;665,-81.3;-64.7;-67;-67.6;-68.8;-81.8,-15.3;-10.5;-10.5;-10.6;-10.6;-15.5,255;255;255;255;255;255,1;0;0,504990;504990;504990,476;474;665,7;3;4,-,4;1;1,-66.3;-79.9;-81.8,-10.5;-15.1;-15.5,14.5;255;255,1,2,2,QPSK,-,100,0,0,0,0.00,0.00,0.00,0.00,0,2,Rank 1,18,36,3,106,-,106,10,24.7,25,25,256QAM,0,SMDL,0,0,0,0.00,0.00,0.00,0.28,Rank 2,4,84,33,-,2 x 2,HandOver,25068,Free,17,FORMAT_0,375,127,Success,25068,5,-,-6,1,3,-,33,-,1,2,-,-,-,-,-,-,-,-,-,-,-,-,-,Registered,Normal Service,9,269,18,E7767060,624,8,30kHz,656,-,4,1,-,-,New trans.,0,0,64QAM,199,1,25068,623,3,0,0,Pass,0,QPSK,2,16,2,0,15,30kHz,Re trans.,-,120,
20260725 15:33:37.928,24.831293,102.846731,3.20,1956,3,1,0.00,0.00,,,,,,,1,SA,460,00,中国移动,4456484,6453981197,1575679,13,Normal,-,1,41,100,100,504990,-,476,513000,513000,30kHz,503172,1099,-,ms20,Connected,SA,-0.9,5,1,-60,83,-64.9,-10.6,12.7,7,Not Barred,6,6312,-28.6,504990,476,-65.3;-65.2;-64.3;-77.2,-,12.1;10.8;255;255,22.4;21.7;255;255,-28.6;-30.4,6;7;1;3;5;4,474;476;476;476;476;665,-78.9;-63.8;-64.8;-67.3;-68.7;-82.4,-17.6;-10.5;-10.5;-10.9;-10.8;-18.4,255;255;255;255;255;255,1;0;0,504990;504990;504990,476;474;665,7;6;4,-,4;1;1,-64.9;-76.9;-82.4,-10.6;-14.7;-18.4,12.7;255;255,1,2,2,QPSK,-,100,0,0,0,0.00,0.00,0.00,0.00,0,2,Rank 1,18,36,3,14,-,14,12,16.8,19,16,64QAM,0,SMDL,0,0,100,0.00,0.00,0.00,0.02,Rank 2,4,20,33,-,2 x 2,HandOver,25068,Free,17,FORMAT_0,375,127,Success,25068,5,-,0,-1,3,-,33,-,1,2,-,-,-,-,-,-,-,-,-,-,-,-,-,Registered,Normal Service,9,269,18,E7767060,658,18,30kHz,944,-,4,1,-,-,New trans.,0,0,256QAM,199,2,25068,703,17,0,4,Pass,0,QPSK,0,20,1,0,0,30kHz,Re trans.,-,120,
20260725 15:33:38.942,24.831285,102.846726,3.49,1956,3,1,0.00,0.00,,,,,,,1,SA,460,00,中国移动,4456484,6453981197,1575679,13,Normal,-,1,41,100,100,504990,-,476,513000,513000,30kHz,503172,1099,-,ms20,Connected,SA,-0.9,5,1,-60,84,-64.7,-10.5,14.2,7,Not Barred,6,6312,-28.9,504990,476,-64.8;-65.8;-67.6;-76.7,-,12.1;16.7;11.6;10.1,23.5;24.5;255;255,-28.9;-30.3,6;7;1;3;5;4,474;476;476;476;476;665,-78.5;-64.1;-64.2;-65.7;-67.5;-80.1,-18.6;-10.5;-10.5;-10.7;-10.5;-16.9,255;255;255;255;255;255,1;0;0,504990;504990;504990,476;474;665,7;6;4,-,4;1;1,-64.7;-79.2;-80.1,-10.5;-15.5;-16.9,14.2;255;255,1,2,2,QPSK,-,100,0,0,0,0.00,0.00,0.00,0.00,0,2,Rank 1,18,36,3,14,-,14,12,24,24,24,256QAM,0,SMDL,0,0,0,0.00,0.00,0.00,0.02,Rank 2,4,4,27,-,2 x 2,HandOver,25068,Free,17,FORMAT_0,375,127,Success,25068,5,-,1,-1,3,-,27,-,1,2,-,-,-,-,-,-,-,-,-,-,-,-,-,Registered,Normal Service,9,269,18,E7767060,730,18,30kHz,944,-,4,1,-,-,New trans.,0,0,256QAM,199,2,25068,703,17,0,4,Pass,0,QPSK,0,20,1,0,0,30kHz,Re trans.,-,120,
20260725 15:33:39.954,24.831279,102.846724,3.49,1956,3,1,0.00,0.00,,,,,,,1,SA,460,00,中国移动,4456484,6453981197,1575679,13,Normal,-,1,41,100,100,504990,-,476,513000,513000,30kHz,503172,1099,-,ms20,Connected,SA,-0.9,5,1,-60,83,-63.9,-10.6,12.6,7,Not Barred,6,6312,-30.1,504990,476,-65.9;-67.2;-70.1;-83.9,-,11.8;13.2;255;255,20.6;19.9;255;255,-30.1;-32,0;7;3;1;5;4,474;476;476;476;476;665,-77.4;-64;-64.3;-63.8;-68.1;-81.6,-12.5;-10.6;-10.7;-10.5;-10.6;-18.2,255;255;255;255;255;255,1;0;0,504990;504990;504990,476;474;665,7;0;4,-,4;1;1,-63.9;-76.6;-81.6,-10.6;-14.6;-18.2,12.6;255;255,0.3,1,0,QPSK,-,100,0,0,0,0.00,0.00,0.00,0.00,0,1,Rank 1,17,52,3,69,-,69,11,24,24,24,256QAM,0,SMDL,0,0,0,0.00,0.00,0.00,0.01,Rank 2,4,4,27,-,2 x 2,HandOver,25068,Free,17,FORMAT_0,375,127,Success,25068,5,-,-2,-2,3,-,27,-,1,2,-,-,-,-,-,-,-,-,-,-,-,-,-,Registered,Normal Service,9,269,18,E7767060,894,19,30kHz,920,-,4,1,-,-,New trans.,0,0,256QAM,31,1,25068,889,13,0,0,Pass,0,QPSK,0,16,1,0,15,30kHz,Re trans.,-,149,
20260725 15:33:40.967,24.831270,102.846721,3.42,1956,3,1,0.00,0.00,,,,,,,1,SA,460,00,中国移动,4456484,6453981197,1575679,13,Normal,-,1,41,100,100,504990,-,476,513000,513000,30kHz,503172,1099,-,ms20,Connected,SA,-0.9,5,1,-60,84,-65.1,-10.6,13.1,7,Not Barred,6,6312,-29.1,504990,476,-63.6;-65.4;-70.8;-79.1,-,13.1;11.2;255;255,23.1;28.1;255;255,-29.1;-30.4,6;7;1;3;5;4,474;476;476;476;476;665,-76;-64.4;-64.4;-67;-67.4;-81.6,-12.2;-10.6;-10.6;-10.9;-10.6;-18.8,255;255;255;255;255;255,1;0;0,504990;504990;504990,476;474;665,7;6;4,-,4;1;1,-65.1;-76.9;-81.6,-10.6;-14.5;-18.8,13.1;255;255,0.3,1,0,QPSK,-,100,0,0,0,0.00,0.00,0.00,0.00,0,1,Rank 1,17,52,2,14,-,14,11,24.9,31,25,256QAM,0,SMDL,0,0,4,0.00,0.00,0.01,0.01,Rank 2,4,100,25,-,2 x 2,HandOver,25068,Free,17,FORMAT_0,375,127,Success,25068,5,-,-2,-1,3,-,25,-,1,2,-,-,-,-,-,-,-,-,-,-,-,-,-,Registered,Normal Service,9,269,18,E7767060,1009,8,30kHz,800,-,4,1,-,-,-,0,0,256QAM,199,1,25068,1023,17,0,4,Pass,0,QPSK,0,20,1,0,0,30kHz,Re trans.,-,149,
20260725 15:33:41.978,24.831262,102.846718,3.38,1956,3,1,0.00,0.00,,,,,,,1,SA,460,00,中国移动,4456484,6453981197,1575679,13,Normal,-,1,41,100,100,504990,-,476,513000,513000,30kHz,503172,1099,-,ms20,Connected,SA,-0.9,5,1,-60,85,-66.6,-10.6,11.1,7,Not Barred,6,6312,-31.6,504990,476,-72.6;-66.3;-76;-87.8,-,3.7;11.1;255;255,22.5;27.1;255;255,-33.6;-31.6,6;7;1;3;5;4,474;476;476;476;476;665,-94.4;-67.8;-66;-66.9;-70;-83,-20.4;-10.8;-10.5;-10.7;-10.7;-19,255;255;255;255;255;255,1;0;0,504990;504990;504990,476;474;665,7;6;4,-,4;1;1,-66.6;-76.8;-83,-10.6;-16;-19,11.1;255;255,0.3,1,0,QPSK,-,100,0,0,0,0.00,0.00,0.00,0.00,0,1,Rank 1,17,52,2,66,-,66,12,24.9,31,25,256QAM,0,SMDL,0,0,4,0.00,0.00,0.06,0.18,Rank 2,4,100,25,-,2 x 2,HandOver,25068,Free,17,FORMAT_0,375,127,Success,25068,5,-,-1,4,3,-,25,-,1,2,-,-,-,-,-,-,-,-,-,-,-,-,-,Registered,Normal Service,9,269,18,E7767060,46,18,30kHz,848,-,4,1,-,-,New trans.,0,0,256QAM,191,1,25068,37,3,0,0,Pass,0,QPSK,1,16,2,0,15,30kHz,Re trans.,-,149,
20260725 15:33:42.989,24.831213,102.846712,4.32,1956,3,1,0.00,0.00,,,,,,,1,SA,460,00,中国移动,4456484,6453981197,1575679,13,Normal,-,1,41,100,100,504990,-,476,513000,513000,30kHz,503172,1099,-,ms20,Connected,SA,-0.9,5,1,-60,84,-64,-10.6,12.6,3,Not Barred,6,6312,-26.6,504990,476,-70.4;-62;-68.1;-79.2,-,6.8;12.9;255;255,22.8;30.3;255;255,-32.5;-26.6,0;3;1;5;7,474;476;476;476;476,-77.8;-62.7;-65.3;-68.1;-69,-15.4;-10.6;-10.6;-10.5;-10.9,255;255;255;255;255,1;0,504990;504990,476;474,3;0,-,4;1,-64;-77.1,-10.6;-14.6,12.6;255,0.3,1,0,QPSK,-,100,0,0,0,0.00,0.00,0.00,0.00,0,1,Rank 1,17,52,4,66,-,66,12,25,25,25,256QAM,0,SMDL,0,0,0,0.00,0.00,0.06,0.01,Rank 2,4,4,55,-,2 x 2,HandOver,25068,Free,17,FORMAT_0,375,127,Success,25068,5,-,1,5,3,-,55,-,1,3,-,-,-,-,-,-,-,-,-,-,-,-,-,Registered,Normal Service,9,269,18,E7767060,174,18,30kHz,992,-,4,1,-,-,New trans.,0,0,256QAM,199,1,25068,37,3,0,0,Pass,0,QPSK,1,16,2,0,15,30kHz,Re trans.,-,149,
20260725 15:33:44.001,24.831216,102.846717,3.46,1956,3,1,0.00,0.00,,,,,,,1,SA,460,00,中国移动,4456484,6453981197,1575679,13,Normal,-,1,41,100,100,504990,-,476,513000,513000,30kHz,503172,1099,-,ms20,Connected,SA,-0.9,5,1,-60,80,-59.4,-10.4,25.7,3,Not Barred,6,6312,-22.5,504990,476,-62.6;-58.2;-79.3;-66.2,-,27.8;20.1;255;255,21.1;28.3;255;255,-27.1;-22.5,6;3;2;6;5;4,474;476;476;476;476;665,-78.1;-59.4;-67.7;-68.6;-69.2;-100.6,-15.2;-10.4;-10.5;-11;-10.6;-25.3,255;255;255;255;255;255,1;0;0,504990;504990;504990,476;474;665,3;6;4,-,4;1;1,-59.4;-78.1;-100.6,-10.4;-14.3;-25.3,25.7;255;255,0.7,1,1,QPSK,-,100,0,0,0,0.00,0.00,0.00,0.00,0,1,Rank 1,16,100,4,106,-,106,12,25,25,25,256QAM,0,SMDL,0,0,0,0.00,0.00,0.01,0.02,Rank 2,4,4,55,-,2 x 2,HandOver,25068,Free,17,FORMAT_0,375,127,Success,25068,5,-,-6,5,3,-,55,-,1,3,-,-,-,-,-,-,-,-,-,-,-,-,-,Registered,Normal Service,9,269,18,E7767060,300,18,30kHz,944,-,4,1,-,-,New trans.,0,0,256QAM,191,1,25068,295,13,0,0,Pass,1,QPSK,2,16,2,0,14,30kHz,Re trans.,-,365,
20260725 15:33:45.014,24.831205,102.846722,4.21,1956,3,1,0.00,0.00,,,,,,,1,SA,460,00,中国移动,4456484,6453981197,1575679,13,Normal,-,1,41,100,100,504990,-,476,513000,513000,30kHz,503172,1099,-,ms20,Connected,SA,-0.9,4,1,-60,79,-58.6,-10.4,25,3,Not Barred,6,6312,-22.8,504990,476,-60.5;-58.1;-69.8;-65.5,-,25.1;21.5;10.5;4.7,23.2;29.2;255;255,-26.4;-22.8,4;3;2;6;1,474;476;476;476;476,-78.4;-58.6;-68.3;-68.4;-68,-13.7;-10.4;-10.5;-11.1;-10.5,255;255;255;255;255,1;0,504990;504990,476;474,3;4,-,4;1,-58.6;-77.5,-10.4;-14.2,25;255,1.2,2,2,QPSK,-,100,0,0,0,0.00,0.00,0.00,0.00,0,2,Rank 1,16,84,3,106,-,106,12,24.2,31,24,256QAM,0,SMDL,0,0,7,0.00,0.00,0.04,0.13,Rank 2,4,172,23,-,2 x 2,HandOver,25068,Free,17,FORMAT_0,375,127,Success,25068,5,-,0,0,3,-,23,-,1,3,-,-,-,-,-,-,-,-,-,-,-,-,-,Registered,Normal Service,9,269,18,E7767060,404,8,30kHz,992,-,4,1,-,-,New trans.,0,0,256QAM,191,1,25068,399,3,0,0,Pass,0,QPSK,2,16,2,0,15,30kHz,Re trans.,-,401,
20260725 15:33:46.022,24.831205,102.846723,3.96,1956,3,1,0.00,0.00,,,,,,,1,SA,460,00,中国移动,4456484,6453981197,1575679,13,Normal,-,1,41,100,100,504990,-,476,513000,513000,30kHz,503172,1099,-,ms20,Connected,SA,-0.9,5,1,-60,78,-60,-10.4,22,3,Not Barred,6,6312,-25,504990,476,-60.4;-62.5;-71.9;-65.7,-,21.9;12.4;255;255,23.7;32.3;255;255,-25;-26.4,6;3;7;2;6,474;476;476;476;476,-76.9;-60;-72.7;-68.6;-70.8,-14.6;-10.4;-12.1;-10.4;-11.4,255;255;255;255;255,1;0,504990;504990,476;474,3;6,-,4;1,-60;-77.4,-10.4;-12.8,22;255,1.2,2,2,QPSK,-,100,0,0,0,0.00,0.00,0.00,0.00,0,2,Rank 1,16,84,4,106,-,106,12,24.8,25,25,256QAM,0,SMDL,0,0,0,0.00,0.00,0.04,0.10,Rank 2,4,52,42,-,2 x 2,HandOver,25068,Free,17,FORMAT_0,375,127,Success,25068,5,-,-1,2,3,-,42,-,1,3,-,-,-,-,-,-,-,-,-,-,-,-,-,Registered,Normal Service,9,269,18,E7767060,426,8,30kHz,992,-,4,1,-,-,New trans.,0,0,256QAM,191,1,25068,421,3,0,0,Pass,1,QPSK,2,16,2,0,15,30kHz,Re trans.,-,401,
20260725 15:33:47.034,24.831199,102.846725,3.92,1956,3,1,0.00,0.00,,,,,,,1,SA,460,00,中国移动,4456484,6453981197,1575679,13,Normal,-,1,41,100,100,504990,-,476,513000,513000,30kHz,503172,1099,-,ms20,Connected,SA,-0.9,4,1,-60,80,-60.4,-10.4,20.6,3,Not Barred,6,6312,-22.4,504990,476,-58.8;-61.2;-71;-62.7,-,22;14.4;255;255,25.8;31.7;255;255,-22.4;-24.8,4;3;1;2;6,474;476;476;476;476,-76;-59.8;-69.2;-68.2;-68.1,-10.9;-10.4;-10.7;-10.5;-10.7,255;255;255;255;255,1;0,504990;504990,476;474,3;4,-,4;1,-60.4;-77,-10.4;-12.9,20.6;255,1.3,2,2,QPSK,-,100,0,0,0,0.00,0.00,0.00,0.00,0,2,Rank 1,20,60,1,357,-,357,12,25,31,25,256QAM,0,SMDL,0,0,0,0.00,0.00,0.00,0.00,Rank 2,4,52,9,-,2 x 2,HandOver,25068,Free,17,FORMAT_0,375,127,Success,25068,5,-,0,0,3,-,9,-,1,3,-,-,-,-,-,-,-,-,-,-,-,-,-,Registered,Normal Service,9,269,18,E7767060,604,18,30kHz,944,-,4,1,-,-,New trans.,0,0,256QAM,203,1,25068,599,13,0,0,Pass,0,QPSK,2,16,2,0,15,30kHz,Re trans.,-,482,
20260725 15:33:48.041,24.831165,102.846730,4.86,1956,3,1,0.00,0.00,,,,,,,1,SA,460,00,中国移动,4456484,6453981197,1575679,13,Normal,-,1,41,100,100,504990,-,476,513000,513000,30kHz,503172,1099,-,ms20,Connected,SA,-0.9,4,1,-60,79,-60,-10.4,24.1,3,Not Barred,6,6312,-23.9,504990,476,-60.7;-58.8;-76.6;-64.6,-,21.9;21.1;255;255,25.2;30.9;255;255,-25.6;-23.9,7;3;7;6;2,474;476;476;476;476,-79.6;-58.7;-63.4;-65;-66.6,-17.8;-10.4;-10.5;-10.7;-10.4,255;255;255;255;255,1;0,504990;504990,476;474,3;7,-,4;1,-60;-78.7,-10.4;-16.5,24.1;255,1.3,2,2,QPSK,-,100,0,0,0,0.00,0.00,0.01,0.01,0,2,Rank 1,20,60,1,106,-,106,11,24.5,31,25,256QAM,0,SMDL,0,0,0,0.00,0.00,0.00,0.10,Rank 2,4,256,9,-,2 x 2,HandOver,25068,Free,17,FORMAT_0,375,127,Success,25068,5,-,-1,-6,3,-,9,-,1,3,-,-,-,-,-,-,-,-,-,-,-,-,-,Registered,Normal Service,9,269,18,E7767060,691,8,30kHz,992,-,4,1,-,-,New trans.,0,0,256QAM,207,1,25068,686,3,0,0,Pass,0,QPSK,2,16,2,0,15,30kHz,Re trans.,-,482,
20260725 15:33:49.054,24.831156,102.846731,4.72,1957,3,1,0.00,0.00,,,,,,,1,SA,460,00,中国移动,4456484,6453981197,1575679,13,Normal,-,1,41,100,100,504990,-,476,513000,513000,30kHz,503172,1099,-,ms20,Connected,SA,-0.9,5,1,-60,79,-62.7,-10.5,18.1,3,Not Barred,6,6312,-25.4,504990,476,-61;-64.2;-80.5;-64.1,-,19.6;18.5;255;255,26.6;31.5;255;255,-25.4;-25.9,6;3;7;1;6,474;476;476;476;476,-75.3;-60.4;-65.4;-67.3;-67.6,-17.7;-10.4;-10.6;-10.5;-11,255;255;255;255;255,1;0,504990;504990,476;474,3;6,-,4;1,-62.7;-76.6,-10.5;-14.5,18.1;255,1.3,2,2,QPSK,-,100,0,0,0,0.00,0.00,0.00,0.00,0,2,Rank 1,20,60,1,106,-,106,11,24.5,31,25,256QAM,0,SMDL,0,0,0,0.01,0.01,0.00,0.00,Rank 2,4,0,9,-,2 x 2,HandOver,25068,Free,17,FORMAT_0,375,127,Success,25068,5,-,-1,-5,3,-,9,-,1,3,-,-,-,-,-,-,-,-,-,-,-,-,-,Registered,Normal Service,9,269,18,E7767060,691,8,30kHz,992,-,4,1,-,-,New trans.,0,0,256QAM,207,1,25068,686,3,0,0,Pass,0,QPSK,2,16,2,0,15,30kHz,Re trans.,-,482,
20260725 15:33:50.066,24.831141,102.846732,5.00,1957,3,1,0.00,0.00,,,,,,,1,SA,460,00,中国移动,4456484,6453981197,1575679,13,Normal,-,1,41,100,100,504990,-,476,513000,513000,30kHz,503172,1099,-,ms20,Connected,SA,-0.9,4,1,-60,82,-63.6,-10.6,16.7,3,Not Barred,6,6312,-27.1,504990,476,-62.5;-66.1;-73;-65,-,16.7;13.6;255;255,27.3;30.7;255;255,-27.1;-27.3,4;3;7;1;6,474;476;476;476;476,-78.6;-62.8;-62.8;-68.4;-67.7,-13.9;-10.5;-10.5;-10.9;-11,255;255;255;255;255,1;0,504990;504990,476;474,3;4,-,4;1,-63.6;-77.6,-10.6;-15.3,16.7;255,2.5,7,2,QPSK,-,90,10,0,0,0.00,0.00,0.00,0.00,0,1,Rank 1,16,160,10,14,-,14,12,24.6,25,25,256QAM,0,SMDL,0,0,0,0.00,0.00,0.01,0.01,Rank 2,4,60,77,-,2 x 2,HandOver,25068,Free,17,FORMAT_0,375,127,Success,25068,5,-,1,-3,3,-,77,-,1,10,-,-,-,-,-,-,-,-,-,-,-,-,-,Registered,Normal Service,9,269,18,E7767060,886,18,30kHz,992,-,4,1,-,-,New trans.,0,0,256QAM,207,1,25068,895,13,0,4,Pass,0,QPSK,0,20,1,0,0,30kHz,Re trans.,-,1360,
20260725 15:33:51.079,24.831124,102.846732,5.29,1957,3,1,0.00,0.00,,,,,,,1,SA,460,00,中国移动,4456484,6453981197,1575679,13,Normal,-,1,41,100,100,504990,-,476,513000,513000,30kHz,503172,1099,-,ms20,Connected,SA,-0.9,5,1,-60,84,-63.4,-10.6,17.4,3,Not Barred,6,6312,-26.6,504990,476,-61;-66;-76.1;-67.6,-,17.4;12.4;255;255,27.4;30;255;255,-26.6;-28.9,7;3;7;1;6,474;476;476;476;476,-78.3;-62.8;-62.3;-66.6;-68.4,-20.7;-10.5;-10.5;-10.6;-10.7,255;255;255;255;255,1;0,504990;504990,476;474,3;7,-,4;1,-63.4;-77.3,-10.6;-16.9,17.4;255,1,2,2,QPSK,-,100,0,0,0,0.00,0.00,0.00,0.00,0,2,Rank 1,18,36,2,106,-,106,12,25,25,25,256QAM,0,SMDL,0,0,0,0.00,0.00,0.00,0.01,Rank 2,4,4,15,-,2 x 2,HandOver,25068,Free,17,FORMAT_0,375,127,Success,25068,5,-,0,0,3,-,15,-,1,1,-,-,-,-,-,-,-,-,-,-,-,-,-,Registered,Normal Service,9,269,18,E7767060,1012,8,30kHz,992,-,4,1,-,-,New trans.,0,0,256QAM,207,1,25068,1009,3,0,0,Pass,0,QPSK,2,16,2,0,15,30kHz,Re trans.,-,120,
20260725 15:33:52.090,24.831121,102.846731,5.08,1957,3,1,0.00,0.00,,,,,,,1,SA,460,00,中国移动,4456484,6453981197,1575679,13,Normal,-,1,41,100,100,504990,-,476,513000,513000,30kHz,503172,1099,-,ms20,Connected,SA,-0.9,5,1,-60,88,-65.7,-10.7,9.4,3,Not Barred,6,6312,-28.9,504990,476,-68.7;-69.8;-85.2;-66.5,-,13.5;10.6;255;255,27.2;27;255;255,-30.1;-28.9,1;3;7;1;6,474;476;476;476;476,-78.1;-66.9;-64.4;-67.3;-68.9,-18.8;-10.8;-10.6;-10.8;-11,255;255;255;255;255,1;0,504990;504990,476;474,3;1,-,4;1,-65.7;-78.3,-10.7;-17,9.4;255,1,2,2,QPSK,-,100,0,0,0,0.00,0.00,0.00,0.00,0,2,Rank 1,18,36,2,14,-,14,12,24.8,25,25,256QAM,0,SMDL,0,0,0,0.00,0.00,0.00,0.01,Rank 2,4,104,15,-,2 x 2,HandOver,25068,Free,17,FORMAT_0,375,127,Success,25068,5,-,0,0,3,-,15,-,1,1,-,-,-,-,-,-,-,-,-,-,-,-,-,Registered,Normal Service,9,269,18,E7767060,84,18,30kHz,944,-,4,1,-,-,New trans.,0,0,256QAM,207,1,25068,63,13,0,4,Pass,0,QPSK,0,20,1,0,0,30kHz,Re trans.,-,120,
20260725 15:33:53.104,24.831097,102.846728,5.69,1957,3,1,0.00,0.00,,,,,,,1,SA,460,00,中国移动,4456484,6453981197,1575679,13,Normal,-,1,41,100,100,504990,-,476,513000,513000,30kHz,503172,1099,-,ms20,Connected,SA,-0.9,5,1,-60,86,-66.3,-10.7,12.7,3,Not Barred,6,6312,-29.9,504990,476,-67.8;-68.9;-79;-63.1,-,12.7;11.7;255;255,26.2;24.7;255;255,-29.9;-34.9,5;3;1;7;6,474;476;476;476;476,-76.6;-65.4;-66.3;-68.2;-70.3,-12.2;-10.5;-10.6;-10.9;-11.3,255;255;255;255;255,1;0,504990;504990,476;474,3;5,-,4;1,-66.3;-76.9,-10.7;-14.3,12.7;255,1,2,2,QPSK,-,100,0,0,0,0.00,0.00,0.00,0.00,0,2,Rank 1,18,36,3,14,-,14,12,22.7,24,24,256QAM,0,SMDL,0,0,0,0.00,0.00,0.00,0.02,Rank 2,4,12,28,-,2 x 2,HandOver,25068,Free,17,FORMAT_0,375,127,Success,25068,5,-,0,0,3,-,28,-,1,2,-,-,-,-,-,-,-,-,-,-,-,-,-,Registered,Normal Service,9,269,18,E7767060,182,18,30kHz,800,-,4,1,-,-,New trans.,0,0,256QAM,211,1,25068,63,13,0,4,Pass,0,QPSK,0,20,1,0,0,30kHz,Re trans.,-,120,
20260725 15:33:54.113,24.831090,102.846726,5.54,1957,3,1,0.00,0.00,,,,,,,1,SA,460,00,中国移动,4456484,6453981197,1575679,13,Normal,-,1,41,100,100,504990,-,476,513000,513000,30kHz,503172,1099,-,ms20,Connected,SA,-0.9,4,1,-60,84,-65.4,-11.2,12.8,3,Not Barred,6,6312,-27.5,504990,476,-64.3;-64.3;-82.1;-67.8,-,6.7;11.4;255;255,12.5;18.5;255;255,-27.5;-28,4;3;7;0;1,474;476;476;476;476,-70.2;-63.7;-68.5;-70.5;-71.2,-11.2;-10.8;-11.4;-12.7;-11.6,255;255;255;255;255,1;0,504990;504990,476;474,3;4,-,4;1,-65.4;-70.5,-11.2;-13.3,12.8;255,0.7,2,0,QPSK,-,100,0,0,0,0.00,0.00,0.00,0.00,0,1,Rank 1,21,64,3,106,-,106,12,25.2,31,25,256QAM,0,SMDL,0,0,0,0.00,0.00,0.00,0.28,Rank 2,4,152,40,-,2 x 2,HandOver,25068,Free,17,FORMAT_0,375,127,Success,25068,5,-,-3,2,3,-,40,-,1,2,-,-,-,-,-,-,-,-,-,-,-,-,-,Registered,Normal Service,9,269,18,E7767060,296,18,30kHz,848,-,4,1,-,-,New trans.,0,0,256QAM,211,1,25068,297,3,0,0,Pass,0,QPSK,2,16,2,0,15,30kHz,Re trans.,-,139,
20260725 15:33:55.126,24.831081,102.846725,5.54,1958,3,1,0.00,0.00,,,,,,,1,SA,460,00,中国移动,4456484,6453981197,1575679,13,Normal,-,1,41,100,100,504990,-,476,513000,513000,30kHz,503172,1099,-,ms20,Connected,SA,-0.9,4,1,-60,81,-59.7,-10.7,9,3,Not Barred,6,6312,-24.1,504990,476,-59.7;-70.3;-75.4;-67.5,-,9.8;9.8;255;255,14.4;22.3;255;255,-24.1;-33.8,6;3;2;0;4;7,474;476;476;476;476;556,-70.2;-59.7;-72.1;-70.2;-72.8;-81.4,-12;-10.7;-11;-11.6;-12.7;-14.9,255;255;255;255;255;255,1;0;0,504990;504990;504990,476;474;556,3;6;7,-,4;1;1,-59.7;-71.8;-81.4,-10.7;-13.1;-14.9,9;255;255,1,2,2,QPSK,-,100,0,0,0,0.00,0.00,0.00,0.00,0,2,Rank 1,16,96,3,106,-,106,12,24.3,25,25,256QAM,0,SMDL,0,0,0,0.00,0.00,0.02,0.02,Rank 2,4,160,40,-,2 x 2,HandOver,25068,Free,17,FORMAT_0,375,127,Success,25068,5,-,-1,-6,3,-,40,-,1,2,-,-,-,-,-,-,-,-,-,-,-,-,-,Registered,Normal Service,9,269,18,E7767060,380,8,30kHz,992,-,4,1,-,-,New trans.,0,0,256QAM,215,1,25068,375,4,0,0,Pass,1,QPSK,2,16,2,0,14,30kHz,Re trans.,-,525,
20260725 15:33:56.137,24.831087,102.846726,4.97,1958,3,1,0.00,0.00,,,,,,,1,SA,460,00,中国移动,4456484,6453981197,1575679,13,Normal,-,1,41,100,100,504990,-,476,513000,513000,30kHz,503172,1099,-,ms20,Connected,SA,-0.9,4,1,-60,82,-62,-10.8,10.2,3,Not Barred,6,6312,-25.4,504990,476,-61.4;-66.6;-74.4;-66.4,-,9.7;15;255;255,5.1;6.4;255;255,-25.4;-30.5,6;3;1;2;7;7,474;476;476;476;476;556,-68.2;-61.6;-69.4;-70.7;-71.5;-113.6,-11.3;-10.7;-12.3;-10.9;-12.1;-29.3,255;255;255;255;255;255,1;0;0,504990;504990;504990,476;474;556,3;6;7,-,4;1;1,-62;-70.1;-113.6,-10.8;-13;-29.3,10.2;255;255,1,2,2,QPSK,-,100,0,0,0,0.00,0.00,0.00,0.00,0,2,Rank 1,16,96,6,106,-,106,11,24.6,25,25,256QAM,0,SMDL,0,0,0,0.00,0.00,0.02,0.30,Rank 2,4,164,41,-,2 x 2,HandOver,25068,Free,17,FORMAT_0,375,127,Success,25068,5,-,-2,-4,3,-,41,-,1,6,-,-,-,-,-,-,-,-,-,-,-,-,-,Registered,Normal Service,9,269,18,E7767060,494,18,30kHz,768,-,4,1,-,-,New trans.,0,0,256QAM,207,1,25068,468,3,0,0,Pass,1,QPSK,2,16,2,0,15,30kHz,Re trans.,-,525,
20260725 15:33:57.145,24.831064,102.846723,5.51,1958,3,1,0.00,0.00,,,,,,,1,SA,460,00,中国移动,4456484,6453981197,1575679,13,Normal,-,1,41,100,100,504990,-,476,513000,513000,30kHz,503172,1099,-,ms20,Connected,SA,-0.9,4,1,-60,83,-64.1,-10.6,18,3,Not Barred,6,6312,-26.5,504990,476,-60.8;-63.8;-81.5;-67.6,-,14.8;18;255;255,5.4;13.6;255;255,-26.5;-27.8,6;3;7;6;2,474;476;476;476;476,-66.8;-62.4;-64.5;-69.1;-68,-11;-10.5;-10.6;-11.2;-10.6,255;255;255;255;255,1;0,504990;504990,476;474,3;6,-,4;1,-64.1;-68.4,-10.6;-11.6,18;255,1,2,2,QPSK,-,100,0,0,0,0.00,0.00,0.01,0.01,0,2,Rank 1,16,132,5,106,-,106,12,23.7,25,25,256QAM,0,SMDL,0,0,0,0.00,0.00,0.00,0.00,Rank 2,4,188,41,-,2 x 2,HandOver,25068,Free,17,FORMAT_0,375,127,Success,25068,5,-,3,-4,3,-,41,-,1,4,-,-,-,-,-,-,-,-,-,-,-,-,-,Registered,Normal Service,9,269,18,E7767060,590,18,30kHz,944,-,4,1,-,-,New trans.,0,0,256QAM,207,1,25068,577,3,0,0,Pass,1,QPSK,2,16,2,0,15,30kHz,Re trans.,-,645,
20260725 15:33:58.158,24.831064,102.846723,5.00,1958,3,1,0.00,0.00,,,,,,,1,SA,460,00,中国移动,4456484,6453981197,1575679,13,Normal,-,1,41,100,100,504990,-,476,513000,513000,30kHz,503172,1099,-,ms20,Connected,SA,-0.9,4,1,-60,83,-64,-11,8.7,3,Not Barred,6,6312,-26.9,504990,476,-63.3;-67.5;-74.8;-66.2,-,8.7;8.5;255;255,8.8;8.1;255;255,-26.9;-29.3,6;3;1;0;7,474;476;476;476;476,-65.4;-62.6;-68.2;-70.6;-67.7,-11;-10.6;-12.3;-11.4;-11.9,255;255;255;255;255,1;0,504990;504990,476;474,3;6,-,4;1,-64;-67.7,-11;-11.8,8.7;255,2.8,7,2,QPSK,-,83.3,16.7,0,0,0.00,0.00,0.00,0.00,0,2,Rank 1,16,96,6,261,-,261,12,24.3,25,25,256QAM,0,SMDL,0,0,0,0.00,0.00,0.00,0.12,Rank 2,4,64,59,-,2 x 2,HandOver,25068,Free,17,FORMAT_0,375,127,Success,25068,5,-,1,1,3,-,59,-,1,6,-,-,-,-,-,-,-,-,-,-,-,-,-,Registered,Normal Service,9,269,18,E7767060,695,8,30kHz,992,-,4,1,-,-,New trans.,0,0,256QAM,207,1,25068,694,5,0,0,Pass,0,16QAM,5,16,2,0,15,30kHz,Re trans.,-,967,
20260725 15:33:59.166,24.831039,102.846718,5.54,1958,3,1,0.00,0.00,,,,,,,1,SA,460,00,中国移动,4456484,6453981197,1575679,13,Normal,-,1,41,100,100,504990,-,476,513000,513000,30kHz,503172,1099,-,ms20,Connected,SA,-0.9,5,1,-60,84,-66.2,-11.5,12.6,3,Not Barred,6,6312,-29,504990,476,-65.2;-63.6;-76.3;-64.7,-,4.5;9.8;255;255,6;8.7;255;255,-30;-29,6;3;7;1;0,474;476;476;476;476,-65.3;-64.5;-66.6;-68.5;-71,-10.7;-10.7;-11.7;-12.5;-11.6,255;255;255;255;255,1;0,504990;504990,476;474,3;6,-,4;1,-66.2;-67.5,-11.5;-11.6,12.6;255,2.8,7,2,QPSK,-,83.3,16.7,0,0,0.00,0.00,0.00,0.00,0,2,Rank 1,16,96,3,14,-,14,11,24.1,25,25,256QAM,0,SMDL,0,0,0,0.00,0.00,0.00,0.00,Rank 2,4,96,24,-,2 x 2,HandOver,25068,Free,17,FORMAT_0,375,127,Success,25068,5,-,4,0,3,-,24,-,1,2,-,-,-,-,-,-,-,-,-,-,-,-,-,Registered,Normal Service,9,269,18,E7767060,782,18,30kHz,992,-,4,1,-,-,New trans.,0,0,256QAM,191,1,25068,767,13,0,4,Pass,0,QPSK,0,20,1,0,0,30kHz,Re trans.,-,967,
20260725 15:34:00.177,24.831038,102.846720,5.04,1959,3,1,0.00,0.00,,,,,,,1,SA,460,00,中国移动,4456484,6453981197,1575679,13,Normal,-,1,41,100,100,504990,-,476,513000,513000,30kHz,503172,1099,-,ms20,Connected,SA,-0.9,4,1,-60,87,-66.2,-10.9,10.5,3,Not Barred,6,6312,-31.9,504990,476,-70.5;-66.7;-79.4;-66,-,3.7;12.3;255;255,5.4;8.7;255;255,-31.9;-33.3,6;3;7;1;0;7,474;476;476;476;476;556,-66.4;-66;-66.6;-67;-69.5;-99.6,-10.9;-10.6;-11.3;-11.2;-11.1;-25.4,255;255;255;255;255;255,1;0;0,504990;504990;504990,476;474;556,3;6;7,-,4;1;1,-66.2;-68;-99.6,-10.9;-11.5;-25.4,10.5;255;255,1.7,5,0,QPSK,-,66.7,33.3,0,0,0.00,0.00,0.00,0.00,0,1,Rank 1,17,52,2,69,-,69,11,24.5,25,25,256QAM,0,SMDL,0,0,0,0.00,0.00,0.00,0.17,Rank 2,4,128,33,-,2 x 2,HandOver,25068,Free,17,FORMAT_0,375,127,Success,25068,5,-,4,2,3,-,33,-,1,2,-,-,-,-,-,-,-,-,-,-,-,-,-,Registered,Normal Service,9,269,18,E7767060,894,18,30kHz,944,-,4,1,-,-,New trans.,0,0,256QAM,207,1,25068,863,3,0,0,Pass,0,QPSK,0,16,1,0,15,30kHz,Re trans.,-,344,
20260725 15:34:01.190,24.831021,102.846722,5.26,1959,3,1,0.00,0.00,,,,,,,1,SA,460,00,中国移动,4456484,6453981197,1575679,13,Normal,-,1,41,100,100,504990,-,476,513000,513000,30kHz,503172,1099,-,ms20,Connected,SA,-0.9,5,1,-60,89,-69,-11.8,5.3,3,Not Barred,6,6312,-30.6,504990,476,-69.1;-68.3;-82.7;-67,-,-2.2;7.2;-1.6;9.9,6.3;3.6;255;255,-30.6;-31.9,4;3;7;1;0,474;476;476;476;476,-69.3;-68.8;-69.2;-69.8;-72.1,-10.8;-11.4;-12.9;-11.8;-11.6,255;255;255;255;255,1;0,504990;504990,476;474,3;4,-,4;1,-69;-69.6,-11.8;-11.6,5.3;255,0.3,1,0,QPSK,-,100,0,0,0,0.00,0.00,0.00,0.00,0,2,Rank 1,16,64,2,66,-,66,9,24.8,25,25,256QAM,0,SMDL,0,0,0,0.00,0.00,0.00,0.36,Rank 2,4,192,39,-,2 x 2,HandOver,25068,Free,17,FORMAT_0,375,127,Success,25068,5,-,6,5,3,-,39,-,1,2,-,-,-,-,-,-,-,-,-,-,-,-,-,Registered,Normal Service,9,269,18,E7767060,988,8,30kHz,992,-,4,1,-,-,New trans.,0,0,256QAM,223,1,25068,983,3,0,0,Pass,1,QPSK,1,16,2,0,15,30kHz,Re trans.,-,273,
20260725 15:34:02.203,24.830997,102.846727,5.69,1959,3,1,0.00,0.00,,,,,,,1,SA,460,00,中国移动,4456484,6453981197,1575679,13,Normal,-,1,41,100,100,504990,-,476,513000,513000,30kHz,503172,1099,-,ms20,Connected,SA,-0.9,5,1,-60,92,-72.4,-12.4,6.1,3,Not Barred,6,6312,-33.4,504990,476,-75.5;-71.9;-81.3;-72.3,-,-8.8;-0;1.6;7.8,9;8.6;9.5;8.3,-33.4;-45;-35.1;-35.1,4;3;1;0;5,474;476;476;476;476,-69.4;-71.9;-71.9;-75.3;-76.6,-10.6;-12.6;-11.9;-12.7;-14.6,255;255;255;255;255,1;0,504990;504990,476;474,3;4,-,4;1,-72.4;-70.2,-12.4;-11.2,6.1;255,0.3,1,0,QPSK,-,100,0,0,0,0.01,0.01,0.02,0.03,8.3,2,Rank 2,16,64,13,106,-,106,10,24.8,31,25,256QAM,0,SMDL,0,0,1.3,0.00,0.00,0.04,0.56,Rank 2,4,304,86,-,2 x 2,HandOver,25068,Free,17,FORMAT_0,375,127,Success,25068,5,-,8,6,3,-,86,-,1,13,-,-,-,-,-,-,-,-,-,-,-,-,-,Registered,Normal Service,9,269,18,E7767060,59,8,30kHz,992,-,4,1,-,-,New trans.,0,0,256QAM,235,1,25068,54,3,0,0,Pass,0,QPSK,2,16,2,0,15,30kHz,Re trans.,-,273,
20260725 15:34:03.218,24.830988,102.846730,5.54,1959,3,1,0.00,0.00,,,,,,,1,SA,460,00,中国移动,4456484,6453981197,1575679,13,Normal,-,1,41,100,100,504990,-,474,513000,513000,30kHz,503172,1099,-,ms20,Connected,SA,-0.9,4,0,-60,87,-67.2,-11,12.8,4,Not Barred,6,6312,-30.4,504990,474,-65;-71.6;-79;-70,-,18.4;12.7;11.6;5.8,14;18.6;14.7;12,-30.4;-48.9;-31.5;-36.6,4;5;2;1;1,474;474;474;474;476,-65.2;-69.1;-70.9;-70.7;-74.8,-10.5;-10.8;-10.7;-12.3;-14.5,255;255;255;255;255,1;0,504990;504990,474;476,4;1,-,4;1,-67.2;-74.9,-11;-13.8,12.8;255,6.2,30,5,QPSK,-,53.8,23.1,23.1,0,0.01,0.01,0.02,0.02,8.7,1,Rank 1,17,224,13,157,-,157,9,23.6,25,25,256QAM,0,SMDL,3.6,0,0,0.00,0.00,0.04,0.36,Rank 2,4,220,86,-,4 x 4,HandOver,24885,Free,17,FORMAT_0,408,127,Success,24885,1,-,4,-11,-10,-,86,-,1,13,-,-,-,-,-,-,-,-,-,-,-,-,-,Registered,Normal Service,9,269,18,E7767060,146,18,30kHz,944,-,4,1,-,-,New trans.,0,0,256QAM,83,1,24885,145,2,0,2,Failed,0,QPSK,0,48,1,0,2,30kHz,New trans.,-,3272,
20260725 15:34:04.234,24.830985,102.846731,4.86,1959,3,1,0.00,0.00,,,,,,,1,SA,460,00,中国移动,4456484,6453981197,1575679,13,Normal,-,1,41,100,100,504990,-,474,513000,513000,30kHz,503172,1099,-,ms20,Connected,SA,-0.9,4,0,-60,82,-62.1,-10.4,21.2,4,Not Barred,6,6312,-24.4,504990,474,-61.6;-64.3;-75.4;-72.3,-,23.5;17.8;255;255,20.4;22.4;255;255,-24.4;-31,4;6;7;1;3;5,474;474;474;474;476;614,-61.4;-68.2;-70;-69.9;-76.6;-102.6,-10.4;-10.7;-11.5;-11.3;-11.9;-26.9,255;255;255;255;255;255,1;0;0,504990;504990;504990,474;476;614,4;3;5,-,4;1;1,-62.1;-76.8;-102.6,-10.4;-14.4;-26.9,21.2;255;255,0.8,4,0,QPSK,-,100,0,0,0,0.00,0.00,0.01,0.01,0,2,Rank 1,28,620,22,66,-,66,8,24.2,25,25,256QAM,0,SMDL,0,0,0,0.00,0.00,0.00,0.00,Rank 2,4,328,55,-,2 x 2,HandOver,24885,Free,17,FORMAT_0,408,127,Success,24885,1,-,4,-6,-10,-,55,-,9,13,-,-,-,-,-,-,-,-,-,-,-,-,-,Registered,Normal Service,9,269,18,E7767060,277,19,30kHz,944,-,4,1,-,-,New trans.,0,0,256QAM,79,1,24885,274,13,0,0,Pass,0,QPSK,1,16,2,0,15,30kHz,Re trans.,-,2931,
20260725 15:34:05.249,24.830969,102.846736,5.44,1959,3,1,0.00,0.00,,,,,,,1,SA,460,00,中国移动,4456484,6453981195,1575679,11,Normal,-,1,41,100,100,504990,-,474,513000,513000,30kHz,503172,1099,-,ms20,Connected,SA,-0.9,4,0,-60,82,-62.7,-10.4,23.7,4,Not Barred,6,6312,-25.3,504990,474,-60.2;-65.1;-75.9;-65.5,-,18.9;22.2;255;255,19.5;20.2;255;255,-25.3;-29,4;6;5;0;5,474;474;474;474;476,-61;-65.8;-68.6;-71.5;-83.4,-10.4;-10.5;-10.8;-11.2;-20.5,255;255;255;255;255,1;0,504990;504990,474;476,4;5,-,4;1,-62.7;-78.3,-10.4;-16,23.7;255,2.2,5,1,QPSK,-,70,30,0,0,0.01,0.01,0.01,0.02,0,2,Rank 1,16,320,16,66,-,66,10,24.4,25,25,256QAM,0,SMDL,0,0,0,0.00,0.00,0.01,0.59,Rank 2,4,204,98,-,2 x 2,HandOver,24885,Free,17,FORMAT_0,408,127,Success,24885,1,-,3,-4,-10,-,98,-,9,16,-,-,-,-,-,-,-,-,-,-,-,-,-,Registered,Normal Service,9,269,18,E7767060,384,8,30kHz,992,-,4,1,-,-,New trans.,0,0,256QAM,80,1,24885,374,13,0,0,Pass,1,QPSK,1,16,2,0,15,30kHz,Re trans.,-,2527,
20260725 15:34:06.255,24.830967,102.846737,5.00,1959,3,1,0.00,0.00,,,,,,,1,SA,460,00,中国移动,4456484,6453981195,1575679,11,Normal,-,1,41,100,100,504990,-,474,513000,513000,30kHz,503172,1099,-,ms20,Connected,SA,-0.9,4,0,-60,83,-64.9,-10.4,21.1,4,Not Barred,6,6312,-28.8,504990,474,-64.1;-70.8;-84.7;-68.8,-,17.6;14.5;255;255,16.4;21;255;255,-28.8;-35.1,4;5;6;7;7;1,474;474;474;474;476;475,-64.2;-65.8;-64.5;-69.2;-80;-146.9,-10.4;-10.4;-10.5;-10.9;-20.5;-39.9,255;255;255;255;255;255,1;0;0,504990;504990;504990,474;476;475,4;7;1,-,4;1;1,-64.9;-79.5;-146.9,-10.4;-16.6;-39.9,21.1;255;255,2.2,5,1,QPSK,-,70,30,0,0,0.00,0.00,0.00,0.00,0,2,Rank 1,16,320,7,69,-,69,8,24.8,25,25,256QAM,0,SMDL,0,0,0,0.00,0.00,0.00,0.19,Rank 2,4,100,48,-,2 x 2,HandOver,24885,Free,17,FORMAT_0,408,127,Success,24885,1,-,3,0,-10,-,48,-,9,7,-,-,-,-,-,-,-,-,-,-,-,-,-,Registered,Normal Service,9,269,18,E7767060,433,18,30kHz,992,-,4,1,-,-,New trans.,0,0,256QAM,32,1,24885,428,13,0,0,Pass,0,QPSK,0,16,1,0,15,30kHz,Re trans.,-,2527,
20260725 15:34:07.263,24.830951,102.846742,5.04,1959,3,1,0.00,0.00,,,,,,,1,SA,460,00,中国移动,4456484,6453981195,1575679,11,Normal,-,1,41,100,100,504990,-,474,513000,513000,30kHz,503172,1099,-,ms20,Connected,SA,-0.9,3,0,-60,90,-61.8,-10.4,20.2,4,Not Barred,6,6312,-34.8,504990,474,-68.1;-71.8;-78.8;-70.8,-,11.8;17.1;255;255,20.3;22.8;255;255,-35.6;-34.8,4;5;6;7;3;1,474;474;474;474;476;475,-68.1;-61.3;-61.9;-68;-81.6;-88.7,-10.4;-10.4;-10.4;-10.6;-16.5;-18.6,255;255;255;255;255;255,1;0;0,504990;504990;504990,474;476;475,4;3;1,-,4;1;1,-61.8;-82.2;-88.7,-10.4;-15.2;-18.6,20.2;255;255,0.8,1,1,QPSK,-,100,0,0,0,0.16,0.17,0.26,0.27,0,2,Rank 1,16,64,33,66,-,66,10,24.8,31,25,256QAM,0,SMDL,0,0,0,0.05,0.05,0.05,1.14,Rank 2,4,612,97,-,2 x 2,HandOver,24885,Free,17,FORMAT_0,408,127,Success,24885,1,-,1,-1,-10,-,97,-,9,33,-,-,-,-,-,-,-,-,-,-,-,-,-,Registered,Normal Service,9,269,18,E7767060,581,18,30kHz,992,-,4,1,-,-,New trans.,0,0,256QAM,88,1,24885,576,13,0,0,Pass,0,QPSK,1,16,2,0,15,30kHz,Re trans.,-,267,
20260725 15:34:08.269,24.830951,102.846742,5.04,1959,3,1,0.00,0.00,,,,,,,1,SA,460,00,中国移动,4456484,6453981195,1575679,11,Normal,-,1,41,100,100,504990,-,474,513000,513000,30kHz,503172,1099,-,ms20,Connected,SA,-0.9,4,0,-60,81,-60.8,-10.4,27.6,5,Not Barred,6,6312,-26.1,504990,474,-57.6;-61.7;-80.2;-66.5,-,27.6;28.4;22.4;23.6,22.8;24.8;255;255,-26.1;-30.3,5;6;7;2;3;1,474;474;474;474;476;475,-60;-61.3;-69.6;-70.8;-86.1;-133.4,-10.4;-10.4;-10.6;-10.6;-19.4;-35.8,255;255;255;255;255;255,1;0;0,504990;504990;504990,474;476;475,5;3;1,-,4;1;1,-60.8;-84.2;-133.4,-10.4;-17.6;-35.8,27.6;255;255,3.1,13,1,QPSK,-,77.3,18.2,4.5,0,0.01,0.00,0.10,0.10,0,2,Rank 1,33,1488,12,66,-,66,10,25.2,31,25,256QAM,0,SMDL,0,0,0,0.04,0.05,0.02,1.15,Rank 2,4,612,92,-,2 x 2,HandOver,24885,Free,17,FORMAT_0,408,127,Success,24885,1,-,0,-5,-10,-,92,-,9,12,-,-,-,-,-,-,-,-,-,-,-,-,-,Registered,Normal Service,9,269,18,E7767060,685,18,30kHz,944,-,4,1,-,-,New trans.,0,0,256QAM,88,1,24885,682,13,0,0,Pass,0,QPSK,1,16,2,0,15,30kHz,Re trans.,-,33828,
20260725 15:34:09.278,24.830942,102.846743,4.50,1960,3,1,0.00,0.00,,,,,,,1,SA,460,00,中国移动,4456484,6453981195,1575679,11,Normal,-,1,41,100,100,504990,-,474,513000,513000,30kHz,503172,1099,-,ms20,Connected,SA,-0.9,4,0,-60,80,-60.1,-10.4,30.9,5,Not Barred,6,6312,-21.3,504990,474,-62.6;-62.9;-68.7;-67.5,-,31.8;32.2;255;255,23.9;26.3;255;255,-21.3;-29,5;6;7;4;7;1,474;474;474;474;476;475,-58.8;-62.9;-71.2;-73.1;-90.9;-155.7,-10.4;-10.3;-10.7;-10.4;-23.2;-42.9,255;255;255;255;255;255,1;0;0,504990;504990;504990,474;476;475,5;7;1,-,4;1;1,-60.1;-83.8;-155.7,-10.4;-15.8;-42.9,30.9;255;255,4.9,16,1,QPSK,-,69,6.9,24.1,0,0.11,0.11,0.08,0.09,0,2,Rank 1,28,832,29,66,-,66,9,25,31,25,256QAM,0,SMDL,0,0,0,0.00,0.00,0.14,0.50,Rank 2,4,272,181,-,2 x 2,HandOver,24885,Free,17,FORMAT_0,408,127,Success,24885,1,-,3,-7,-10,-,181,-,9,29,-,-,-,-,-,-,-,-,-,-,-,-,-,Registered,Normal Service,9,269,18,E7767060,762,8,30kHz,992,-,4,1,-,-,New trans.,0,0,256QAM,32,1,24885,736,13,0,0,Pass,1,QPSK,1,16,2,0,15,30kHz,Re trans.,-,22954,
20260725 15:34:10.290,24.830947,102.846742,3.82,1960,3,1,0.00,0.00,,,,,,,1,SA,460,00,中国移动,4456484,6453981195,1575679,11,Normal,-,1,41,100,100,504990,-,474,513000,513000,30kHz,503172,1099,-,ms20,Connected,SA,-0.9,4,0,-60,78,-58.8,-10.4,28.3,5,Not Barred,6,6312,-22.4,504990,474,-58;-60.6;-67.9;-75.2,-,30.8;27.3;255;255,23.5;23.1;255;255,-22.4;-23.4,5;6;4;7;0;1,474;474;474;474;476;475,-57.7;-62.9;-66.4;-72.8;-81.4;-141,-10.4;-10.4;-10.4;-10.9;-16.4;-38.4,255;255;255;255;255;255,1;0;0,504990;504990;504990,474;476;475,5;0;1,-,4;1;1,-58.8;-81.5;-141,-10.4;-17.6;-38.4,28.3;255;255,4.9,16,1,QPSK,-,69,6.9,24.1,0,0.09,0.09,0.14,0.15,0,2,Rank 1,28,832,16,84,-,84,11,25.3,31,25,256QAM,0,SMDL,0,0,0,0.03,0.03,0.10,1.04,Rank 2,4,556,103,-,2 x 2,HandOver,24885,Free,17,FORMAT_0,408,127,Success,24885,1,-,1,-4,-10,-,103,-,9,16,-,-,-,-,-,-,-,-,-,-,-,-,-,Registered,Normal Service,9,269,18,E7767060,883,18,30kHz,992,-,4,1,-,-,New trans.,0,0,256QAM,36,1,24885,882,17,0,0,Pass,1,QPSK,1,16,2,0,15,30kHz,Re trans.,-,22954,
20260725 15:34:11.301,24.830924,102.846745,3.06,1960,3,1,0.00,0.00,,,,,,,1,SA,460,00,中国移动,4456484,6453981195,1575679,11,Normal,-,1,41,100,100,504990,-,474,513000,513000,30kHz,503172,1099,-,ms20,Connected,SA,-0.9,4,0,-60,76,-56.1,-10.4,30.7,5,Not Barred,6,6312,-19.6,504990,474,-55.3;-58.9;-64.8;-61.4,-,31.6;30.8;255;255,15.8;18.8;255;255,-19.6;-24.1,5;4;6;7;1,474;474;474;474;476,-54.7;-60.8;-61.9;-73.4;-93.6,-10.4;-10.4;-10.4;-11.1;-21,255;255;255;255;255,1;0,504990;504990,474;476,5;1,-,4;1,-56.1;-85.6,-10.4;-19.7,30.7;255,3.6,13,1,QPSK,-,68.8,20.8,10.4,0,0.13,0.18,0.29,0.31,0,2,Rank 1,35,1712,59,42,-,42,9,25.2,31,25,256QAM,0,SMDL,0,0,0,0.06,0.06,0.27,1.87,Rank 2,4,1016,256,-,2 x 2,HandOver,24885,Free,17,FORMAT_0,408,127,Success,24885,1,-,1,-6,-10,-,256,-,9,59,-,-,-,-,-,-,-,-,-,-,-,-,-,Registered,Normal Service,9,269,18,E7767060,985,18,30kHz,992,-,4,1,-,-,New trans.,0,0,256QAM,84,1,24885,982,13,0,0,Pass,0,QPSK,0,16,2,0,15,30kHz,Re trans.,-,43742,
20260725 15:34:12.313,24.830907,102.846747,1.76,1960,3,1,0.00,0.00,,,,,,,1,SA,460,00,中国移动,4456484,6453981195,1575679,11,Normal,-,1,41,100,100,504990,-,474,513000,513000,30kHz,503172,1099,-,ms20,Connected,SA,-0.9,4,0,-60,76,-61.6,-10.4,28.3,5,Not Barred,6,6312,-21.8,504990,474,-58.1;-64.5;-65.9;-69.4,-,26.7;29.8;255;255,11.6;14.7;255;255,-21.8;-28.5,5;4;6;3;7,474;474;474;474;476,-60.2;-65.7;-65.6;-73.7;-85.9,-10.4;-10.3;-10.4;-10.5;-20.3,255;255;255;255;255,1;0,504990;504990,474;476,5;7,-,4;1,-61.6;-86.5,-10.4;-18.2,28.3;255,3.6,13,1,QPSK,-,68.8,20.8,10.4,0,0.06,0.00,0.00,0.00,0,2,Rank 1,35,1712,59,42,-,42,10,24.8,25,25,256QAM,0,SMDL,0,0,0,0.00,0.00,0.27,0.09,Rank 2,4,48,256,-,2 x 2,HandOver,24885,Free,17,FORMAT_0,408,127,Success,24885,1,-,1,-2,-10,-,256,-,9,59,-,-,-,-,-,-,-,-,-,-,-,-,-,Registered,Normal Service,9,269,18,E7767060,987,18,30kHz,992,-,4,1,-,-,New trans.,0,0,256QAM,32,1,24885,982,13,0,0,Pass,0,QPSK,0,16,2,0,15,30kHz,Re trans.,-,43742,
20260725 15:34:13.328,24.830897,102.846753,0.00,1960,3,1,0.00,0.00,,,,,,,1,SA,460,00,中国移动,4456484,6453981195,1575679,11,Normal,-,1,41,100,100,504990,-,474,513000,513000,30kHz,503172,1099,-,ms20,Connected,SA,-0.9,4,0,-60,76,-57.3,-10.4,26.1,5,Not Barred,6,6312,-19.8,504990,474,-55;-62.9;-74.8;-62.2,-,24.7;26.8;255;255,12;14.1;255;255,-19.8;-26.5,5;4;6;7;1,474;474;474;474;476,-55.3;-60.7;-62.1;-73.2;-86.7,-10.4;-10.4;-10.4;-10.7;-16.2,255;255;255;255;255,1;0,504990;504990,474;476,5;1,-,4;1,-57.3;-88.1,-10.4;-18,26.1;255,3.6,13,1,QPSK,-,68.8,20.8,10.4,0,0.00,0.00,0.00,0.00,0,2,Rank 1,35,1712,59,42,-,42,9,24.8,25,25,256QAM,0,SMDL,0,0,0,0.00,0.00,0.27,0.00,Rank 2,4,0,256,-,2 x 2,HandOver,24885,Free,17,FORMAT_0,408,127,Success,24885,1,-,1,-5,-10,-,256,-,9,59,-,-,-,-,-,-,-,-,-,-,-,-,-,Registered,Normal Service,9,269,18,E7767060,987,18,30kHz,992,-,4,1,-,-,New trans.,0,0,256QAM,32,1,24885,982,13,0,0,Pass,0,QPSK,0,16,2,0,15,30kHz,Re trans.,-,43742,
20260725 15:34:14.346,24.830897,102.846752,0.00,1960,3,1,0.00,0.00,,,,,,,1,SA,460,00,中国移动,4456484,6453981195,1575679,11,Normal,-,1,41,100,100,504990,-,474,513000,513000,30kHz,503172,1099,-,ms20,Connected,SA,-0.9,4,0,-60,79,-60.7,-10.4,25.1,5,Not Barred,6,6312,-26.5,504990,474,-62.5;-65.1;-75;-65.2,-,19.9;25.7;255;255,9.7;10.4;255;255,-26.5;-29.9,5;4;6;0;2,474;474;474;474;476,-59;-64.2;-67.4;-75.3;-88.1,-10.4;-10.4;-10.5;-10.8;-17.3,255;255;255;255;255,1;0,504990;504990,474;476,5;2,-,4;1,-60.7;-88.4,-10.4;-18.2,25.1;255,3.1,12,1,QPSK,-,72.7,24.2,3,0,0.00,0.00,0.00,0.00,0,2,Rank 1,25,832,6,66,-,66,10,25.2,31,25,256QAM,0,SMDL,0,0,0,0.00,0.00,0.00,0.00,Rank 2,4,52,58,-,2 x 2,HandOver,24885,Free,17,FORMAT_0,408,127,Success,24885,1,-,3,0,-10,-,58,-,9,6,-,-,-,-,-,-,-,-,-,-,-,-,-,Registered,Normal Service,9,269,18,E7767060,261,18,30kHz,992,-,4,1,-,-,New trans.,0,0,256QAM,75,1,24885,256,13,0,0,Pass,0,QPSK,1,16,2,0,15,30kHz,Re trans.,-,13620,
20260725 15:34:15.361,24.830896,102.846751,0.00,1960,3,1,0.00,0.00,,,,,,,1,SA,460,00,中国移动,4456484,6453981195,1575679,11,Normal,-,1,41,100,100,504990,-,474,513000,513000,30kHz,503172,1099,-,ms20,Connected,SA,-0.9,4,0,-60,81,-61,-10.4,25,5,Not Barred,6,6312,-23.3,504990,474,-57.7;-65.9;-71.7;-71.5,-,24.7;25.1;255;255,9.7;14.8;255;255,-23.3;-29.6,5;4;6;3;2;7,474;474;474;474;476;556,-59.4;-63.2;-66.5;-70.9;-85.2;-88,-10.4;-10.5;-10.4;-10.6;-18.1;-20.2,255;255;255;255;255;255,1;0;0,504990;504990;504990,474;476;556,5;2;7,-,4;1;1,-61;-87.1;-88,-10.4;-17.8;-20.2,25;255;255,1.3,2,1,QPSK,-,100,0,0,0,0.00,0.00,0.00,0.00,0,2,Rank 1,16,48,3,106,-,106,11,25,25,25,256QAM,0,SMDL,0,0,0,0.00,0.00,0.00,0.10,Rank 2,4,96,27,-,2 x 2,HandOver,24885,Free,17,FORMAT_0,408,127,Success,24885,1,-,0,0,-10,-,27,-,9,3,-,-,-,-,-,-,-,-,-,-,-,-,-,Registered,Normal Service,9,269,18,E7767060,361,18,30kHz,992,-,4,1,-,-,New trans.,0,0,256QAM,79,1,24885,356,13,0,0,Pass,0,QPSK,2,16,2,0,15,30kHz,Re trans.,-,238,
20260725 15:34:16.376,24.830896,102.846751,0.00,1960,3,1,0.00,0.00,,,,,,,1,SA,460,00,中国移动,4456484,6453981195,1575679,11,Normal,-,1,41,100,100,504990,-,474,513000,513000,30kHz,503172,1099,-,ms20,Connected,SA,-0.9,4,0,-60,82,-62.5,-10.4,27.7,5,Not Barred,6,6312,-25.8,504990,474,-61.4;-64.4;-68.9;-60.4,-,20.3;27.7;255;255,13.2;18.4;255;255,-28.5;-25.8,5;6;4;3;7;7,474;474;474;474;476;556,-61.4;-68.9;-68.4;-74.4;-79.8;-108.7,-10.4;-10.4;-10.4;-10.5;-15.5;-27.7,255;255;255;255;255;255,1;0;0,504990;504990;504990,474;476;556,5;7;7,-,4;1;1,-62.5;-81.4;-108.7,-10.4;-14;-27.7,27.7;255;255,1.3,2,1,QPSK,-,100,0,0,0,0.00,0.00,0.01,0.01,0,2,Rank 1,16,48,3,106,-,106,11,24.8,25,25,256QAM,0,SMDL,0,0,0,0.00,0.00,0.00,0.32,Rank 2,4,172,27,-,2 x 2,HandOver,24885,Free,17,FORMAT_0,408,127,Success,24885,1,-,0,0,-10,-,27,-,9,3,-,-,-,-,-,-,-,-,-,-,-,-,-,Registered,Normal Service,9,269,18,E7767060,413,8,30kHz,992,-,4,1,-,-,New trans.,0,0,256QAM,64,1,24885,408,4,0,0,Pass,1,QPSK,2,16,2,0,15,30kHz,Re trans.,-,238,
20260725 15:34:17.382,24.830896,102.846750,0.54,1960,3,1,0.00,0.00,,,,,,,1,SA,460,00,中国移动,4456484,6453981195,1575679,11,Normal,-,1,41,100,100,504990,-,474,513000,513000,30kHz,503172,1099,-,ms20,Connected,SA,-0.9,4,0,-60,80,-60.1,-10.4,32.9,5,Not Barred,6,6312,-24.6,504990,474,-60.9;-56.6;-64.1;-60.6,-,27.5;32.9;255;255,18.8;26.9;255;255,-25.1;-24.6,5;6;4;3;7;7,474;474;474;474;476;556,-58.8;-63.9;-65.2;-69.3;-80.5;-139.1,-10.4;-10.4;-10.3;-10.4;-17.7;-37.6,255;255;255;255;255;255,1;0;0,504990;504990;504990,474;476;556,5;7;7,-,4;1;1,-60.1;-80.7;-139.1,-10.4;-17.8;-37.6,32.9;255;255,1.9,2,2,QPSK,-,100,0,0,0,0.00,0.00,0.00,0.00,0,2,Rank 1,16,128,8,66,-,66,10,23.5,24,24,256QAM,0,SMDL,0,0,0,0.00,0.00,0.00,0.08,Rank 2,4,48,53,-,2 x 2,HandOver,24885,Free,17,FORMAT_0,408,127,Success,24885,1,-,2,-1,-10,-,53,-,9,8,-,-,-,-,-,-,-,-,-,-,-,-,-,Registered,Normal Service,9,269,18,E7767060,563,18,30kHz,992,-,4,1,-,-,New trans.,0,0,256QAM,36,1,24885,558,13,0,0,Pass,1,QPSK,1,16,2,0,15,30kHz,Re trans.,-,808,
20260725 15:34:18.394,24.830899,102.846747,2.16,1960,3,1,0.00,0.00,,,,,,,1,SA,460,00,中国移动,4456484,6453981195,1575679,11,Normal,-,1,41,100,100,504990,-,474,513000,513000,30kHz,503172,1099,-,ms20,Connected,SA,-0.8,5,0,-60,82,-60,-10.4,27.6,5,Not Barred,6,6312,-24.3,504990,474,-59.2;-61.3;-56.9;-57.9,-,22.3;30.1;255;255,15;24.1;255;255,-24.5;-24.3,5;6;4;2;1;7,474;474;474;474;476;556,-58.6;-63.5;-68.9;-71.8;-89.6;-107.3,-10.4;-10.4;-10.5;-10.5;-23.8;-28.3,255;255;255;255;255;255,1;0;0,504990;504990;504990,474;476;556,5;1;7,-,4;1;1,-60;-87.4;-107.3,-10.4;-23.2;-28.3,27.6;255;255,1.9,2,2,QPSK,-,100,0,0,0,0.00,0.00,0.00,0.00,0,2,Rank 1,16,128,8,106,-,106,11,25,25,25,256QAM,0,SMDL,0,0,0,0.00,0.00,0.00,0.00,Rank 2,4,128,53,-,2 x 2,HandOver,24885,Free,17,FORMAT_0,408,127,Success,24885,1,-,0,-2,-10,-,53,-,9,8,-,-,-,-,-,-,-,-,-,-,-,-,-,Registered,Normal Service,9,269,18,E7767060,615,18,30kHz,992,-,4,1,-,-,New trans.,0,0,256QAM,79,1,24885,610,14,0,0,Pass,0,QPSK,2,16,2,0,15,30kHz,Re trans.,-,808,
20260725 15:34:19.400,24.830906,102.846744,3.10,1960,3,1,0.00,0.00,,,,,,,1,SA,460,00,中国移动,4456484,6453981195,1575679,11,Normal,-,1,41,100,100,504990,-,474,513000,513000,30kHz,503172,1099,-,ms20,Connected,SA,-0.8,5,0,-60,86,-65.6,-10.4,21,5,Not Barred,6,6312,-29.9,504990,474,-64;-70.2;-60.1;-61.9,-,17.5;21;255;255,13.8;22.2;255;255,-34.6;-29.9,5;6;7;4;7;7,474;474;474;474;476;556,-64.7;-66.3;-72.2;-73.4;-81.1;-146.9,-10.4;-10.4;-10.7;-10.6;-19.9;-40,255;255;255;255;255;255,1;0;0,504990;504990;504990,474;476;556,5;7;7,-,4;1;1,-65.6;-82.5;-146.9,-10.4;-18.2;-40,21;255;255,1.5,3,2,QPSK,-,100,0,0,0,0.00,0.04,0.07,0.07,0,2,Rank 1,16,100,6,106,-,106,11,25.7,31,25,256QAM,0,SMDL,0,0,0,0.03,0.03,0.00,0.24,Rank 2,4,384,44,-,2 x 2,HandOver,24885,Free,17,FORMAT_0,408,127,Success,24885,1,-,-1,-1,-10,-,44,-,1,5,-,-,-,-,-,-,-,-,-,-,-,-,-,Registered,Normal Service,9,269,18,E7767060,770,8,30kHz,848,-,4,1,-,-,New trans.,0,0,256QAM,88,1,24885,729,13,0,0,Pass,1,QPSK,2,16,2,0,15,30kHz,Re trans.,-,559,
20260725 15:34:20.408,24.830917,102.846743,4.36,1960,3,1,0.00,0.00,,,,,,,1,SA,460,00,中国移动,4456484,6453981195,1575679,11,Normal,-,1,41,100,100,504990,-,474,513000,513000,30kHz,503172,1099,-,ms20,Connected,SA,-0.8,5,0,-60,86,-67.7,-10.5,18,5,Not Barred,6,6312,-32.4,504990,474,-65.8;-73.8;-74.5;-75,-,19.7;12.6;255;255,15.7;19.1;255;255,-32.4;-33.1,5;6;0;2;1;7,474;474;474;474;476;556,-67.3;-67.4;-74.3;-74.6;-83.6;-156,-10.4;-10.5;-10.9;-10.8;-14.2;-43,255;255;255;255;255;255,1;0;0,504990;504990;504990,474;476;556,5;1;7,-,4;1;1,-67.7;-84.5;-156,-10.5;-16.4;-43,18;255;255,1.5,3,2,QPSK,-,100,0,0,0,0.04,0.01,0.00,0.00,0,2,Rank 1,16,100,6,106,-,106,9,22,22,22,256QAM,0,SMDL,0,0,0,0.00,0.00,0.00,0.71,Rank 2,4,4,44,-,2 x 2,HandOver,24885,Free,17,FORMAT_0,408,127,Success,24885,1,-,-1,0,-10,-,44,-,1,5,-,-,-,-,-,-,-,-,-,-,-,-,-,Registered,Normal Service,9,269,18,E7767060,770,8,30kHz,848,-,4,1,-,-,New trans.,0,0,256QAM,88,1,24885,729,13,0,0,Pass,1,QPSK,2,16,2,0,15,30kHz,Re trans.,-,559,
20260725 15:34:21.422,24.830930,102.846739,5.22,1960,3,1,0.00,0.00,,,,,,,1,SA,460,00,中国移动,4456484,6453981195,1575679,11,Normal,-,1,41,100,100,504990,-,474,513000,513000,30kHz,503172,1099,-,ms20,Connected,SA,-0.8,5,0,-60,91,-70.4,-10.6,9.8,5,Not Barred,6,6312,-34.6,504990,474,-72.6;-75.5;-73.5;-65,-,11.5;6.9;255;255,13.2;19.5;255;255,-34.6;-35.3,5;6;0;7;7,474;474;474;474;476,-70.3;-69.5;-72.8;-74.7;-79.3,-10.6;-10.6;-10.7;-11.5;-16.1,255;255;255;255;255,1;0,504990;504990,474;476,5;7,-,4;1,-70.4;-81.5,-10.6;-14.9,9.8;255,3.9,16,2,QPSK,-,81.3,6.3,12.5,0,0.00,0.00,0.00,0.00,0,1,Rank 1,24,388,16,106,-,106,9,24,25,25,256QAM,0,SMDL,0,0,0,0.00,0.00,0.00,0.09,Rank 2,4,48,93,-,2 x 2,HandOver,24885,Free,17,FORMAT_0,408,127,Success,24885,1,-,5,5,-10,-,93,-,1,15,-,-,-,-,-,-,-,-,-,-,-,-,-,Registered,Normal Service,9,269,18,E7767060,963,18,30kHz,992,-,4,1,-,-,New trans.,0,0,256QAM,32,1,24885,958,13,0,0,Pass,1,QPSK,2,16,2,0,15,30kHz,Re trans.,-,9204,
20260725 15:34:22.434,24.830942,102.846734,4.82,1960,3,1,0.00,0.00,,,,,,,1,SA,460,00,中国移动,4456484,6453981195,1575679,11,Normal,-,1,41,100,100,504990,-,474,513000,513000,30kHz,503172,1099,-,ms20,Connected,SA,-0.9,5,0,-60,94,-69.6,-10.9,3.1,5,Not Barred,6,6312,-36.4,504990,474,-77.1;-72.8;-72.2;-77.3,-,1.3;0.4;255;255,13;16.8;255;255,-38;-36.4,5;4;0;7;7,474;474;474;474;476,-72.3;-68.3;-72.4;-73.3;-76.1,-11.7;-10.5;-10.9;-12.6;-14.4,255;255;255;255;255,1;0,504990;504990,474;476,5;7,-,4;1,-69.6;-77.8,-10.9;-15,3.1;255,2,2,2,QPSK,-,100,0,0,0,0.00,0.00,0.00,0.00,0,2,Rank 1,16,32,2,106,-,106,11,25,25,25,256QAM,0,SMDL,0,0,0,0.00,0.00,0.06,0.06,Rank 2,4,60,25,-,2 x 2,HandOver,24885,Free,17,FORMAT_0,408,127,Success,24885,1,-,4,8,-10,-,25,-,1,2,-,-,-,-,-,-,-,-,-,-,-,-,-,Registered,Normal Service,9,269,18,E7767060,51,8,30kHz,992,-,4,1,-,-,New trans.,0,0,256QAM,79,1,24885,47,13,0,0,Pass,1,QPSK,2,16,2,0,15,30kHz,Re trans.,-,212,
20260725 15:34:23.442,24.830958,102.846726,6.41,1959,3,1,0.00,0.00,,,,,,,1,SA,460,00,中国移动,4456484,6453981195,1575679,11,Normal,-,1,41,100,100,504990,-,474,513000,513000,30kHz,503172,1099,-,ms20,Connected,SA,-0.8,5,0,-60,86,-70.3,-11.4,12.4,4,Not Barred,6,6312,-34,504990,474,-72.6;-69.2;-75.6;-71.1,-,12.7;14.2;255;255,10.4;16.1;255;255,-34;-34.9,4;5;6;7;7,474;474;474;474;476,-68.4;-71.6;-72.6;-76.3;-71.1,-10.6;-11.9;-12.1;-15.3;-11.4,255;255;255;255;255,1;0,504990;504990,474;476,4;7,-,4;1,-70.3;-73.5,-11.4;-12.6,12.4;255,2,2,2,QPSK,-,100,0,0,0,0.00,0.00,0.00,0.00,0,2,Rank 1,16,32,2,69,-,69,7,24.6,31,25,256QAM,0,SMDL,0,0,0,0.00,0.00,0.00,0.11,Rank 2,4,156,25,-,2 x 2,HandOver,24885,Free,17,FORMAT_0,408,127,Success,24885,1,-,6,10,-10,-,25,-,1,2,-,-,-,-,-,-,-,-,-,-,-,-,-,Registered,Normal Service,9,269,18,E7767060,106,18,30kHz,992,-,4,1,-,-,New trans.,0,0,256QAM,80,1,24885,101,14,0,0,Pass,1,QPSK,0,16,1,0,15,30kHz,Re trans.,-,212,
20260725 15:34:24.456,24.830958,102.846727,5.40,1959,3,1,0.00,0.00,,,,,,,1,SA,460,00,中国移动,4456484,6453981195,1575679,11,Normal,-,1,41,100,100,504990,-,474,513000,513000,30kHz,503172,1099,-,ms20,Connected,SA,-0.8,5,0,-60,91,-72.2,-11.8,13.7,4,Not Barred,6,6312,-34.4,504990,474,-71.4;-70.1;-71.2;-72.8,-,6.6;11.3;255;255,7.1;10.5;255;255,-35.4;-34.4,4;7;2;5;7,474;474;474;474;476,-71.2;-74.9;-74.6;-74.2;-66.5,-10.6;-17.5;-11.9;-14;-10.8,255;255;255;255;255,1;0,504990;504990,474;476,4;7,-,4;1,-72.2;-67,-11.8;-10.9,13.7;255,0.8,2,0,QPSK,-,100,0,0,0,0.00,0.00,0.00,0.00,0,2,Rank 1,16,64,4,106,-,106,10,25,25,25,256QAM,0,SMDL,0,0,0,0.00,0.00,0.01,0.28,Rank 2,4,48,41,-,2 x 2,HandOver,24885,Free,17,FORMAT_0,408,127,Success,24885,1,-,4,11,-10,-,41,-,1,4,-,-,-,-,-,-,-,-,-,-,-,-,-,Registered,Normal Service,9,269,18,E7767060,241,19,30kHz,992,-,4,1,-,-,New trans.,0,0,256QAM,24,1,24885,236,13,0,0,Pass,1,QPSK,2,16,2,0,15,30kHz,Re trans.,-,469,
20260725 15:34:25.461,24.830979,102.846719,5.83,1959,3,1,0.00,0.00,,,,,,,1,SA,460,00,中国移动,4456484,6453981195,1575679,11,Normal,-,1,41,100,100,504990,-,474,513000,513000,30kHz,503172,1099,-,ms20,Connected,SA,-0.8,6,0,-60,93,-71.9,-12.1,10.9,4,Not Barred,6,6312,-36.3,504990,474,-71.8;-76.9;-78.9;-78.9,-,13.3;5.2;255;255,2.5;9.5;255;255,-36.3;-39.5,4;3;7;2;7,474;474;474;474;476,-72.2;-72.3;-73.9;-72.4;-65.8,-10.7;-11.9;-17.4;-11.2;-10.8,255;255;255;255;255,1;0,504990;504990,474;476,4;7,-,4;1,-71.9;-65.8,-12.1;-10.8,10.9;255,2,2,2,QPSK,-,100,0,0,0,0.00,0.00,0.00,0.00,0,2,Rank 1,16,48,2,357,-,357,10,23.9,25,25,256QAM,0,SMDL,0,0,0,0.00,0.00,0.00,0.18,Rank 2,4,100,26,-,2 x 2,HandOver,24885,Free,17,FORMAT_0,408,127,Success,24885,1,-,7,12,-10,-,26,-,1,2,-,-,-,-,-,-,-,-,-,-,-,-,-,Registered,Normal Service,9,269,18,E7767060,341,19,30kHz,992,-,4,1,-,-,New trans.,0,0,256QAM,36,1,24885,336,13,0,0,Pass,1,QPSK,2,16,2,0,15,30kHz,Re trans.,-,569,
20260725 15:34:26.473,24.830974,102.846722,4.90,1958,3,1,0.00,0.00,,,,,,,1,SA,460,00,中国移动,4456484,6453981195,1575679,11,Normal,-,1,41,100,100,504990,-,476,513000,513000,30kHz,503172,1099,-,ms20,Connected,SA,-0.9,3,1,-60,85,-63.9,-10.7,9.2,7,Not Barred,6,6312,-26.9,504990,476,-66.4;-64.6;-66.7;-73,-,4.1;11.2;255;255,7.6;13.2;255;255,-28.9;-26.9,7;7;0;6;1,474;476;476;476;476,-73.6;-63.9;-71.9;-73.9;-74.6,-18.8;-10.7;-11.1;-12.2;-11.5,255;255;255;255;255,1;0,504990;504990,476;474,7;7,-,4;1,-63.9;-73.5,-10.7;-13.2,9.2;255,2,2,2,QPSK,-,100,0,0,0,0.00,0.00,0.02,0.02,0,2,Rank 1,16,48,17,69,-,69,9,23.3,25,25,256QAM,0,SMDL,3.3,0,8.2,0.00,0.00,0.00,0.39,Rank 2,4,244,69,-,4 x 4,HandOver,26443,Free,17,FORMAT_0,375,127,Success,26443,1,-,8,-13,-12,-,69,-,3,14,-,-,-,-,-,-,-,-,-,-,-,-,-,Registered,Normal Service,9,269,18,E7767060,422,18,30kHz,992,-,4,1,-,-,New trans.,0,0,256QAM,219,0,26443,417,13,0,0,Pass,1,QPSK,0,16,1,0,15,30kHz,Re trans.,-,569,
20260725 15:34:27.487,24.830998,102.846716,5.36,1958,3,1,0.00,0.00,,,,,,,1,SA,460,00,中国移动,4456484,6453981197,1575679,13,Normal,-,1,41,100,100,504990,-,476,513000,513000,30kHz,503172,1099,-,ms20,Connected,SA,-0.8,3,1,-60,82,-61.7,-10.5,13.6,7,Not Barred,6,6312,-23.8,504990,476,-63.2;-59.9;-68.1;-60.9,-,2.2;11.8;255;255,6.4;15.7;255;255,-25.9;-23.8,6;7;0;1;6,474;476;476;476;476,-72.6;-61.6;-70.7;-69.9;-72.4,-13.7;-10.5;-11.7;-10.8;-13.5,255;255;255;255;255,1;0,504990;504990,476;474,7;6,-,4;1,-61.7;-73.4,-10.5;-12.6,13.6;255,1.8,9,0,QPSK,-,100,0,0,0,0.00,0.00,0.00,0.00,0,1,Rank 1,23,372,1,106,-,106,9,24.1,25,25,256QAM,0,SMDL,0,0,0,0.00,0.00,0.00,0.13,Rank 2,4,72,17,-,2 x 2,HandOver,26443,Free,17,FORMAT_0,375,127,Success,26443,1,-,6,-12,-12,-,17,-,3,1,-,-,-,-,-,-,-,-,-,-,-,-,-,Registered,Normal Service,9,269,18,E7767060,542,18,30kHz,944,-,4,1,-,-,New trans.,0,0,256QAM,191,2,26443,537,13,0,0,Pass,0,QPSK,2,16,2,0,15,30kHz,Re trans.,-,2479,
20260725 15:34:28.498,24.831003,102.846716,4.79,1958,3,1,0.00,0.00,,,,,,,1,SA,460,00,中国移动,4456484,6453981197,1575679,13,Normal,-,1,41,100,100,504990,-,476,513000,513000,30kHz,503172,1099,-,ms20,Connected,SA,-0.8,3,1,-60,83,-63.9,-10.7,13.9,7,Not Barred,6,6312,-28.3,504990,476,-62.9;-60;-66;-64.6,-,5.6;14.9;255;255,6.9;15.8;255;255,-28.4;-28.3,6;7;1;0;2,474;476;476;476;476,-69.4;-62.9;-68.9;-72.8;-72.3,-11.9;-10.6;-10.9;-13.1;-13.1,255;255;255;255;255,1;0,504990;504990,476;474,7;6,-,4;1,-63.9;-70.3,-10.7;-13.1,13.9;255,0.7,2,0,QPSK,-,100,0,0,0,0.00,0.00,0.00,0.00,0,1,Rank 1,16,96,6,69,-,69,7,23.8,25,25,256QAM,0,SMDL,0,0,2.4,0.00,0.00,0.00,0.30,Rank 2,4,168,47,-,2 x 2,HandOver,26443,Free,17,FORMAT_0,375,127,Success,26443,1,-,4,-9,-12,-,47,-,3,6,-,-,-,-,-,-,-,-,-,-,-,-,-,Registered,Normal Service,9,269,18,E7767060,646,19,30kHz,992,-,4,1,-,-,New trans.,0,0,256QAM,191,1,26443,641,13,0,0,Pass,1,QPSK,0,16,1,0,15,30kHz,Re trans.,-,445,
20260725 15:34:29.507,24.831020,102.846716,4.93,1958,3,1,0.00,0.00,,,,,,,1,SA,460,00,中国移动,4456484,6453981197,1575679,13,Normal,-,1,41,100,100,504990,-,476,513000,513000,30kHz,503172,1099,-,ms20,Connected,SA,-0.8,3,1,-60,82,-61.5,-10.6,13.7,7,Not Barred,6,6312,-28.1,504990,476,-63.8;-57.9;-62.5;-61.7,-,5.9;10.9;255;255,7;17.8;255;255,-30.8;-28.1,6;7;1;0;6,474;476;476;476;476,-70;-60.7;-66.3;-71.2;-71.6,-12.4;-10.6;-10.8;-12.3;-13.9,255;255;255;255;255,1;0,504990;504990,476;474,7;6,-,4;1,-61.5;-71.7,-10.6;-13.5,13.7;255,0.7,2,0,QPSK,-,100,0,0,0,0.00,0.00,0.00,0.00,0,1,Rank 1,16,96,0,69,-,69,11,24.4,25,25,256QAM,0,SMDL,0,0,0,0.00,0.00,0.00,0.30,Rank 2,4,44,12,-,2 x 2,HandOver,26443,Free,17,FORMAT_0,375,127,Success,26443,1,-,3,-8,-12,-,12,-,3,6,-,-,-,-,-,-,-,-,-,-,-,-,-,Registered,Normal Service,9,269,18,E7767060,747,8,30kHz,800,-,4,1,-,-,New trans.,0,0,256QAM,223,1,26443,641,13,0,0,Pass,1,QPSK,0,16,1,0,15,30kHz,Re trans.,-,445,
20260725 15:34:30.516,24.831041,102.846716,5.08,1958,3,1,0.00,0.00,,,,,,,1,SA,460,00,中国移动,4456484,6453981197,1575679,13,Normal,-,1,41,100,100,504990,-,476,513000,513000,30kHz,503172,1099,-,ms20,Connected,SA,-0.9,3,1,-60,84,-65.3,-11.1,9.9,7,Not Barred,6,6312,-27.1,504990,476,-67.6;-65;-64.8;-66.2,-,6.8;13.3;255;255,7;16.4;255;255,-27.6;-27.1,4;7;3;1;6,474;476;476;476;476,-74.6;-63.9;-68.6;-66.9;-69.7,-11.5;-10.7;-12;-11.3;-12.8,255;255;255;255;255,1;0,504990;504990,476;474,7;4,-,4;1,-65.3;-71.4,-11.1;-14.2,9.9;255,0.7,2,0,QPSK,-,100,0,0,0,0.00,0.00,0.00,0.00,0,1,Rank 1,16,96,0,106,-,106,11,21,21,21,256QAM,0,SMDL,0,0,0,0.00,0.00,0.00,0.01,Rank 2,4,4,12,-,2 x 2,HandOver,26443,Free,17,FORMAT_0,375,127,Success,26443,1,-,4,-4,-12,-,12,-,3,6,-,-,-,-,-,-,-,-,-,-,-,-,-,Registered,Normal Service,9,269,18,E7767060,857,8,30kHz,944,-,4,1,-,-,New trans.,0,0,256QAM,207,1,26443,858,4,0,0,Pass,0,QPSK,2,16,2,0,15,30kHz,Re trans.,-,445,
20260725 15:34:31.529,24.831066,102.846717,5.40,1957,3,1,0.00,0.00,,,,,,,1,SA,460,00,中国移动,4456484,6453981197,1575679,13,Normal,-,1,41,100,100,504990,-,476,513000,513000,30kHz,503172,1099,-,ms20,Connected,SA,-0.9,3,1,-60,82,-64,-10.9,14.3,7,Not Barred,6,6312,-26.3,504990,476,-63.7;-60.6;-69.4;-66.2,-,1.9;12.2;6.6;6.3,5.3;13.8;7.5;9.3,-26.5;-30.1;-26.3;-31.3,6;7;3;1;6,474;476;476;476;476,-70.4;-62.2;-65.8;-65.7;-66,-16.2;-10.5;-10.7;-11.2;-11.5,255;255;255;255;255,1;0,504990;504990,476;474,7;6,-,4;1,-64;-72.2,-10.9;-16.5,14.3;255,2.7,8,2,QPSK,-,77.8,22.2,0,0,0.00,0.00,0.00,0.00,0,2,Rank 1,16,144,8,106,-,106,12,24.6,25,25,256QAM,0,SMDL,0,0,0,0.00,0.00,0.00,0.00,Rank 2,4,132,61,-,4 x 4,HandOver,26443,Free,17,FORMAT_0,375,127,Success,26443,1,-,-3,-4,-12,-,61,-,3,8,-,-,-,-,-,-,-,-,-,-,-,-,-,Registered,Normal Service,9,269,18,E7767060,965,9,30kHz,968,-,4,1,-,-,New trans.,0,1,256QAM,207,1,26443,960,10,0,0,Pass,0,QPSK,2,16,2,0,15,30kHz,Re trans.,-,1387,
20260725 15:34:32.534,24.831073,102.846717,5.04,1957,3,1,0.00,0.00,,,,,,,1,SA,460,00,中国移动,4456484,6453981197,1575679,13,Normal,-,1,41,100,100,504990,-,476,513000,513000,30kHz,503172,1099,-,ms20,Connected,SA,-0.9,4,1,-60,82,-65.3,-10.9,12.3,7,Not Barred,6,6312,-28.1,504990,476,-69.4;-64.2;-67.8;-63.4,-,2.1;10.6;10.3;12.3,7.4;14.6;7.3;10.8,-28.1;-35.3;-28.8;-32.3,6;7;3;1;6,474;476;476;476;476,-71.9;-64.6;-65.3;-66.9;-68,-15.5;-10.8;-10.6;-11.2;-11.2,255;255;255;255;255,1;0,504990;504990,476;474,7;6,-,4;1,-65.3;-73.2,-10.9;-14.6,12.3;255,2.7,8,2,QPSK,-,77.8,22.2,0,0,0.00,0.00,0.01,0.01,0,2,Rank 1,16,144,8,14,-,14,12,24.8,25,25,256QAM,0,SMDL,0,0,0,0.00,0.00,0.00,0.24,Rank 2,4,256,61,-,4 x 4,HandOver,26443,Free,17,FORMAT_0,375,127,Success,26443,1,-,-3,-4,-12,-,61,-,3,8,-,-,-,-,-,-,-,-,-,-,-,-,-,Registered,Normal Service,9,269,18,E7767060,965,9,30kHz,968,-,4,1,-,-,New trans.,0,1,256QAM,207,1,26443,1,17,0,4,Pass,0,QPSK,0,20,1,0,0,30kHz,Re trans.,-,1387,
20260725 15:34:33.546,24.831097,102.846719,5.47,1957,3,1,0.00,0.00,,,,,,,1,SA,460,00,中国移动,4456484,6453981197,1575679,13,Normal,-,1,41,100,100,504990,-,476,513000,513000,30kHz,503172,1099,-,ms20,Connected,SA,-0.9,3,1,-60,90,-67.5,-11,-1.9,7,Not Barred,6,6312,-34.1,504990,476,-73.1;-86.6;-79.4;-67.6,-,-0.4;-4.4;255;255,7.4;13.5;255;255,-34.1;-41.1,3;7;3;6;1,474;476;476;476;476,-76.3;-69.5;-66.6;-68.7;-68,-18.2;-11.8;-10.9;-11.2;-10.9,255;255;255;255;255,1;0,504990;504990,476;474,7;3,-,4;1,-67.5;-74.8,-11;-15.6,-1.9;255,1,2,2,QPSK,-,100,0,0,0,0.00,0.00,0.00,0.00,0,1,Rank 1,18,72,5,69,-,69,11,24.8,25,25,256QAM,0,SMDL,0,0,0,0.00,0.00,0.01,0.43,Rank 2,4,256,36,-,2 x 2,HandOver,26443,Free,17,FORMAT_0,375,127,Success,26443,1,-,-1,0,-12,-,36,-,2,3,-,-,-,-,-,-,-,-,-,-,-,-,-,Registered,Normal Service,9,269,18,E7767060,103,18,30kHz,992,-,4,1,-,-,New trans.,0,0,256QAM,207,1,26443,98,13,0,0,Pass,1,QPSK,0,16,1,0,15,30kHz,Re trans.,-,240,
20260725 15:34:34.559,24.831110,102.846721,5.40,1957,3,1,0.00,0.00,,,,,,,1,SA,460,00,中国移动,4456484,6453981197,1575679,13,Normal,-,1,41,100,100,504990,-,476,513000,513000,30kHz,503172,1099,-,ms20,Connected,SA,-0.9,5,1,-60,88,-68.4,-11,12.1,3,Not Barred,6,6312,-32,504990,476,-67.2;-69.6;-69.3;-69.9,-,8.7;-2.1;255;255,7.7;10;255;255,-32;-36.4,7;3;1;5;4,474;476;476;476;476,-73.8;-67.2;-67.1;-73.7;-73,-13.1;-10.7;-10.7;-11.8;-11.4,255;255;255;255;255,1;0,504990;504990,476;474,3;7,-,4;1,-68.4;-75.3,-11;-13.4,12.1;255,1,2,2,QPSK,-,100,0,0,0,0.00,0.00,0.00,0.00,0,2,Rank 1,17,68,3,106,-,106,12,24.9,25,25,256QAM,0,SMDL,0,0,0,0.00,0.00,0.00,0.09,Rank 2,4,116,15,-,2 x 2,HandOver,26443,Free,17,FORMAT_0,375,127,Success,26443,1,-,-5,1,-12,-,15,-,1,2,-,-,-,-,-,-,-,-,-,-,-,-,-,Registered,Normal Service,9,269,18,E7767060,224,19,30kHz,992,-,4,1,-,-,New trans.,0,0,256QAM,191,1,26443,220,0,0,0,Pass,1,QPSK,2,16,2,0,15,30kHz,Re trans.,-,546,
20260725 15:34:35.568,24.831117,102.846722,5.18,1957,3,1,0.00,0.00,,,,,,,1,SA,460,00,中国移动,4456484,6453981197,1575679,13,Normal,-,1,41,100,100,504990,-,476,513000,513000,30kHz,503172,1099,-,ms20,Connected,SA,-0.9,4,1,-60,89,-67.9,-11,13.1,3,Not Barred,6,6312,-31.1,504990,476,-65.8;-74.8;-77;-69.4,-,10.2;7.8;255;255,12.4;20.3;255;255,-31.1;-42,1;3;1;2;7,474;476;476;476;476,-74.2;-66.8;-66.9;-73.7;-71.1,-18.2;-10.6;-11;-11.6;-12.2,255;255;255;255;255,1;0,504990;504990,476;474,3;1,-,4;1,-67.9;-75.1,-11;-14.4,13.1;255,1,2,2,QPSK,-,100,0,0,0,0.00,0.00,0.00,0.00,0,2,Rank 1,17,68,1,66,-,66,11,20.9,31,17,64QAM,0,SMDL,0,0,72.1,0.00,0.00,0.03,0.22,Rank 2,4,172,28,-,2 x 2,HandOver,26443,Free,17,FORMAT_0,375,127,Success,26443,1,-,1,0,-12,-,28,-,1,1,-,-,-,-,-,-,-,-,-,-,-,-,-,Registered,Normal Service,9,269,18,E7767060,326,19,30kHz,656,-,4,1,-,-,New trans.,0,1,64QAM,191,1,26443,322,0,0,0,Pass,1,QPSK,1,16,2,0,15,30kHz,Re trans.,-,546,
20260725 15:34:36.574,24.831158,102.846729,6.23,1957,3,1,0.00,0.00,,,,,,,1,SA,460,00,中国移动,4456484,6453981197,1575679,13,Normal,-,1,41,100,100,504990,-,476,513000,513000,30kHz,503172,1099,-,ms20,Connected,SA,-0.9,5,1,-60,87,-67.3,-11.1,9.4,3,Not Barred,6,6312,-29.8,504990,476,-66.9;-87.4;-76.2;-68.8,-,11;2.3;255;255,24.2;24.3;255;255,-29.8;-50.1,7;3;7;1;2,474;476;476;476;476,-75.8;-66.1;-69;-67.6;-71.3,-16.1;-10.7;-11.6;-11;-11.2,255;255;255;255;255,1;0,504990;504990,476;474,3;7,-,4;1,-67.3;-77.1,-11.1;-15.8,9.4;255,0.6,2,0,QPSK,-,100,0,0,0,0.00,0.00,0.00,0.00,0,1,Rank 1,16,128,7,60,-,60,9,22.7,31,21,256QAM,0,SMDL,0,0,21.4,0.00,0.00,0.03,0.23,Rank 2,4,168,73,-,4 x 4,HandOver,26443,Free,17,FORMAT_0,375,127,Success,26443,1,-,3,-3,-12,-,73,-,1,7,-,-,-,-,-,-,-,-,-,-,-,-,-,Registered,Normal Service,9,269,18,E7767060,413,8,30kHz,944,-,4,1,-,-,New trans.,0,0,256QAM,247,1,26443,408,0,0,0,Pass,0,QPSK,0,16,1,0,14,30kHz,Re trans.,-,670,
20260725 15:34:37.585,24.831148,102.846727,5.22,1957,3,1,0.00,0.00,,,,,,,1,SA,460,00,中国移动,4456484,6453981197,1575679,13,Normal,-,1,41,100,100,504990,-,476,513000,513000,30kHz,503172,1099,-,ms20,Connected,SA,-0.9,4,1,-60,84,-64.2,-10.6,19.8,3,Not Barred,6,6312,-23.9,504990,476,-60;-74.4;-69.4;-76.4,-,19.9;1.6;255;255,26.2;20.6;255;255,-23.9;-35.9;-42.8;-43.4,6;3;7;6;1,474;476;476;476;476,-75.6;-62;-67.1;-68.8;-68,-17.6;-10.5;-10.7;-11.3;-10.9,255;255;255;255;255,1;0,504990;504990,476;474,3;6,-,4;1,-64.2;-76.3,-10.6;-18.1,19.8;255,0.8,2,0,QPSK,-,100,0,0,0,0.00,0.00,0.00,0.00,0,2,Rank 1,17,68,4,106,-,106,12,24.9,25,25,256QAM,0,SMDL,0,0,0,0.00,0.00,0.04,0.25,Rank 2,4,128,27,-,2 x 2,HandOver,26443,Free,17,FORMAT_0,375,127,Success,26443,1,-,0,-6,-12,-,27,-,1,3,-,-,-,-,-,-,-,-,-,-,-,-,-,Registered,Normal Service,9,269,18,E7767060,528,19,30kHz,992,-,4,1,-,-,New trans.,0,1,256QAM,199,1,26443,524,0,0,0,Pass,1,QPSK,2,16,2,0,15,30kHz,Re trans.,-,246,
20260725 15:34:38.598,24.831148,102.846727,5.22,1957,3,1,0.00,0.00,,,,,,,1,SA,460,00,中国移动,4456484,6453981197,1575679,13,Normal,-,1,41,100,100,504990,-,476,513000,513000,30kHz,503172,1099,-,ms20,Connected,SA,-0.9,4,1,-60,80,-57.2,-10.4,23.3,3,Not Barred,6,6312,-21.4,504990,476,-57;-71.4;-70.4;-68.4,-,22.9;9.8;255;255,28.1;20.3;255;255,-21.4;-33.5,5;3;6;7;1,474;476;476;476;476,-82.8;-57.2;-65.1;-65.6;-65.1,-13.6;-10.4;-10.8;-10.8;-10.6,255;255;255;255;255,1;0,504990;504990,476;474,3;5,-,4;1,-57.2;-78.3,-10.4;-16,23.3;255,0.8,2,0,QPSK,-,100,0,0,0,0.00,0.00,0.00,0.00,0,2,Rank 1,17,68,3,69,-,69,11,24.9,25,25,256QAM,0,SMDL,0,0,0,0.00,0.00,0.04,0.24,Rank 2,4,112,46,-,2 x 2,HandOver,26443,Free,17,FORMAT_0,375,127,Success,26443,1,-,0,-9,-12,-,46,-,1,3,-,-,-,-,-,-,-,-,-,-,-,-,-,Registered,Normal Service,9,269,18,E7767060,640,18,30kHz,800,-,4,1,-,-,New trans.,0,0,256QAM,199,2,26443,635,13,0,0,Pass,0,QPSK,0,16,1,0,15,30kHz,Re trans.,-,246,
20260725 15:34:39.609,24.831165,102.846730,4.97,1956,3,1,0.00,0.00,,,,,,,1,SA,460,00,中国移动,4456484,6453981197,1575679,13,Normal,-,1,41,100,100,504990,-,476,513000,513000,30kHz,503172,1099,-,ms20,Connected,SA,-0.9,4,1,-60,79,-56.9,-10.4,25.7,3,Not Barred,6,6312,-22.4,504990,476,-56.9;-68.7;-66.4;-69.8,-,25.7;10.2;255;255,28.1;18.2;255;255,-22.4;-31.5,7;3;6;7;2,474;476;476;476;476,-74.2;-56.9;-65;-66.7;-67.1,-17.4;-10.4;-10.8;-11.2;-10.5,255;255;255;255;255,1;0,504990;504990,476;474,3;7,-,4;1,-56.9;-75.4,-10.4;-15.4,25.7;255,0.8,2,0,QPSK,-,100,0,0,0,0.00,0.00,0.00,0.00,0,2,Rank 1,17,68,3,69,-,69,11,20.8,22,21,256QAM,0,SMDL,0,0,8.3,0.00,0.00,0.00,0.21,Rank 2,4,48,46,-,2 x 2,HandOver,26443,Free,17,FORMAT_0,375,127,Success,26443,1,-,0,-9,-12,-,46,-,1,3,-,-,-,-,-,-,-,-,-,-,-,-,-,Registered,Normal Service,9,269,18,E7767060,659,8,30kHz,736,-,4,1,-,-,New trans.,0,0,64QAM,191,2,26443,635,13,0,0,Pass,0,QPSK,0,16,1,0,15,30kHz,Re trans.,-,246,
20260725 15:34:40.621,24.831166,102.846730,4.61,1956,3,1,0.00,0.00,,,,,,,1,SA,460,00,中国移动,4456484,6453981197,1575679,13,Normal,-,1,41,100,100,504990,-,476,513000,513000,30kHz,503172,1099,-,ms20,Connected,SA,-0.9,4,1,-60,79,-56.2,-10.4,26.8,3,Not Barred,6,6312,-20.9,504990,476,-56.6;-72;-75.9;-69.2,-,27;10.6;255;255,26.6;20.2;255;255,-20.9;-41.3,6;3;1;2;6,474;476;476;476;476,-77.4;-56.2;-66.8;-66.1;-65.7,-14.2;-10.4;-10.5;-10.5;-10.8,255;255;255;255;255,1;0,504990;504990,476;474,3;6,-,4;1,-56.2;-77.9,-10.4;-15.3,26.8;255,1,2,2,QPSK,-,100,0,0,0,0.00,0.00,0.00,0.00,0,1,Rank 1,17,68,2,14,-,14,12,20.8,22,21,256QAM,0,SMDL,0,0,8.3,0.00,0.00,0.00,0.07,Rank 2,4,0,11,-,2 x 2,HandOver,26443,Free,17,FORMAT_0,375,127,Success,26443,1,-,0,-9,-12,-,11,-,1,1,-,-,-,-,-,-,-,-,-,-,-,-,-,Registered,Normal Service,9,269,18,E7767060,659,8,30kHz,736,-,4,1,-,-,New trans.,0,0,64QAM,191,2,26443,769,13,0,4,Pass,0,QPSK,0,20,1,0,0,30kHz,Re trans.,-,295,
20260725 15:34:41.633,24.831194,102.846735,5.15,1956,3,1,0.00,0.00,,,,,,,1,SA,460,00,中国移动,4456484,6453981197,1575679,13,Normal,-,1,41,100,100,504990,-,476,513000,513000,30kHz,503172,1099,-,ms20,Connected,SA,-0.9,4,1,-60,78,-56.3,-10.4,28.9,3,Not Barred,6,6312,-21.3,504990,476,-55;-68.7;-69.2;-67.4,-,26.9;3;255;255,25.7;25.7;255;255,-21.3;-31.1,7;3;1;2;6,474;476;476;476;476,-77.3;-56.3;-65.9;-66.4;-68,-16.7;-10.4;-10.5;-10.5;-10.8,255;255;255;255;255,1;0,504990;504990,476;474,3;7,-,4;1,-56.3;-78.2,-10.4;-16.3,28.9;255,1,2,2,QPSK,-,100,0,0,0,0.00,0.00,0.00,0.00,0,1,Rank 1,17,68,2,66,-,66,12,22.1,23,23,256QAM,0,SMDL,0,0,0,0.00,0.00,0.00,0.00,Rank 2,4,56,11,-,2 x 2,HandOver,26443,Free,17,FORMAT_0,375,127,Success,26443,1,-,-1,-8,-12,-,11,-,1,1,-,-,-,-,-,-,-,-,-,-,-,-,-,Registered,Normal Service,9,269,18,E7767060,936,19,30kHz,896,-,4,1,-,-,New trans.,0,0,256QAM,191,1,26443,932,0,0,0,Pass,0,QPSK,1,16,2,0,15,30kHz,Re trans.,-,295,
20260725 15:34:42.641,24.831230,102.846740,5.83,1956,3,1,0.00,0.00,,,,,,,1,SA,460,00,中国移动,4456484,6453981197,1575679,13,Normal,-,1,41,100,100,504990,-,476,513000,513000,30kHz,503172,1099,-,ms20,Connected,SA,-0.9,4,1,-60,80,-58.4,-10.4,19,3,Not Barred,6,6312,-24.5,504990,476,-60.3;-70.7;-65.1;-72.7,-,19.8;4.4;11.3;8.8,23;21.8;255;255,-24.5;-37,7;3;1;2;0,474;476;476;476;476,-71.8;-58.4;-68.6;-68.8;-72.2,-11.6;-10.4;-10.9;-10.8;-11.2,255;255;255;255;255,1;0,504990;504990,476;474,3;7,-,4;1,-58.4;-73.3,-10.4;-13.1,19;255,1,2,2,QPSK,-,100,0,0,0,0.00,0.00,0.00,0.00,0,1,Rank 1,17,68,2,66,-,66,12,23.6,31,23,256QAM,0,SMDL,0,0,0,0.00,0.00,0.00,0.09,Rank 2,4,72,32,-,2 x 2,HandOver,26443,Free,17,FORMAT_0,375,127,Success,26443,1,-,1,-5,-12,-,32,-,1,2,-,-,-,-,-,-,-,-,-,-,-,-,-,Registered,Normal Service,9,269,18,E7767060,1013,8,30kHz,848,-,4,1,-,-,New trans.,0,0,256QAM,207,2,26443,932,0,0,0,Pass,0,QPSK,1,16,2,0,15,30kHz,Re trans.,-,295,
20260725 15:34:43.654,24.831236,102.846741,5.40,1955,3,1,0.00,0.00,,,,,,,1,SA,460,00,中国移动,4456484,6453981197,1575679,13,Normal,-,1,41,100,100,504990,-,476,513000,513000,30kHz,503172,1099,-,ms20,Connected,SA,-0.9,4,1,-60,80,-56.5,-10.4,25.3,3,Not Barred,6,6312,-21.6,504990,476,-57.3;-62.5;-74.2;-71.4,-,25.9;1.1;255;255,22.2;26.5;255;255,-21.6;-27.6,6;3;1;2;5,474;476;476;476;476,-76.2;-56.5;-66.1;-68.4;-71.6,-14.5;-10.4;-10.6;-10.7;-10.8,255;255;255;255;255,1;0,504990;504990,476;474,3;6,-,4;1,-56.5;-76.4,-10.4;-14.8,25.3;255,1,2,2,QPSK,-,100,0,0,0,0.00,0.00,0.00,0.00,0,1,Rank 1,17,68,2,66,-,66,11,23.6,31,23,256QAM,0,SMDL,0,0,0,0.00,0.00,0.00,0.12,Rank 2,4,0,32,-,2 x 2,HandOver,26443,Free,17,FORMAT_0,375,127,Success,26443,1,-,1,-7,-12,-,32,-,1,2,-,-,-,-,-,-,-,-,-,-,-,-,-,Registered,Normal Service,9,269,18,E7767060,1013,8,30kHz,848,-,4,1,-,-,New trans.,0,0,256QAM,207,2,26443,932,0,0,0,Pass,0,QPSK,1,16,2,0,15,30kHz,Re trans.,-,295,
20260725 15:34:44.659,24.831224,102.846739,4.61,1955,3,1,0.00,0.00,,,,,,,1,SA,460,00,中国移动,4456484,6453981197,1575679,13,Normal,-,1,41,100,100,504990,-,476,513000,513000,30kHz,503172,1099,-,ms20,Connected,SA,-0.9,4,1,-60,79,-58.4,-10.4,26.6,3,Not Barred,6,6312,-23.6,504990,476,-59.9;-65.2;-75.4;-63,-,28.5;0.6;255;255,20.7;26.6;255;255,-23.6;-28.3,4;3;7;1;2,474;476;476;476;476,-77.4;-58.2;-67.4;-65.9;-69.7,-14.2;-10.4;-11.2;-10.6;-10.7,255;255;255;255;255,1;0,504990;504990,476;474,3;4,-,4;1,-58.4;-76.8,-10.4;-16.1,26.6;255,1.3,2,1,QPSK,-,100,0,0,0,0.00,0.00,0.00,0.00,0,2,Rank 1,16,48,2,357,-,357,12,25.1,31,25,256QAM,0,SMDL,0,0,0,0.00,0.00,0.01,0.00,Rank 2,4,100,32,-,2 x 2,HandOver,26443,Free,17,FORMAT_0,375,127,Success,26443,1,-,-5,-6,-12,-,32,-,1,2,-,-,-,-,-,-,-,-,-,-,-,-,-,Registered,Normal Service,9,269,18,E7767060,204,18,30kHz,992,-,4,1,-,-,New trans.,0,0,256QAM,195,0,26443,199,13,0,0,Pass,0,QPSK,2,16,2,0,15,30kHz,Re trans.,-,238,
20260725 15:34:45.669,24.831212,102.846738,3.78,1955,3,1,0.00,0.00,,,,,,,1,SA,460,00,中国移动,4456484,6453981197,1575679,13,Normal,-,1,41,100,100,504990,-,476,513000,513000,30kHz,503172,1099,-,ms20,Connected,SA,-0.9,4,1,-60,83,-62.4,-10.5,18.9,3,Not Barred,6,6312,-24.5,504990,476,-59;-68.1;-68.8;-72.4,-,19.2;9.7;255;255,23;24.5;255;255,-24.5;-31.8,3;3;7;5;1,474;476;476;476;476,-77.6;-60.7;-65.8;-68.3;-67.4,-20;-10.4;-10.6;-10.5;-10.6,255;255;255;255;255,1;0,504990;504990,476;474,3;3,-,4;1,-62.4;-78.4,-10.5;-16,18.9;255,2,2,2,QPSK,-,100,0,0,0,0.00,0.00,0.00,0.00,0,2,Rank 1,16,48,3,106,-,106,12,24.8,25,25,256QAM,0,SMDL,0,0,0,0.00,0.00,0.00,0.19,Rank 2,4,100,26,-,2 x 2,HandOver,26443,Free,17,FORMAT_0,375,127,Success,26443,1,-,-5,-2,-12,-,26,-,1,3,-,-,-,-,-,-,-,-,-,-,-,-,-,Registered,Normal Service,9,269,18,E7767060,307,18,30kHz,992,-,4,1,-,-,New trans.,0,0,256QAM,195,1,26443,302,11,0,0,Pass,0,QPSK,2,16,2,0,15,30kHz,Re trans.,-,569,
20260725 15:34:46.681,24.831237,102.846737,4.25,1955,3,1,0.00,0.00,,,,,,,1,SA,460,00,中国移动,4456484,6453981197,1575679,13,Normal,-,1,41,100,100,504990,-,476,513000,513000,30kHz,503172,1099,-,ms20,Connected,SA,-0.9,4,1,-60,85,-64.7,-10.5,13.3,3,Not Barred,6,6312,-31.4,504990,476,-73;-65.5;-75.1;-76.3,-,8.9;11;255;255,20.9;19.6;255;255,-37.4;-31.4,6;3;7;1;6,474;476;476;476;476,-76.7;-66.3;-63.7;-64.8;-68.4,-17.5;-10.7;-10.4;-10.5;-10.5,255;255;255;255;255,1;0,504990;504990,476;474,3;6,-,4;1,-64.7;-77.5,-10.5;-15.8,13.3;255,2,2,2,QPSK,-,100,0,0,0,0.00,0.00,0.00,0.00,0,2,Rank 1,16,48,2,69,-,69,12,24.9,25,25,256QAM,0,SMDL,0,0,0,0.00,0.00,0.00,0.19,Rank 2,4,44,29,-,2 x 2,HandOver,26443,Free,17,FORMAT_0,375,127,Success,26443,1,-,-5,2,-12,-,29,-,1,2,-,-,-,-,-,-,-,-,-,-,-,-,-,Registered,Normal Service,9,269,18,E7767060,379,19,30kHz,992,-,4,1,-,-,New trans.,0,0,256QAM,191,1,26443,374,11,0,0,Pass,1,QPSK,0,16,1,0,15,30kHz,Re trans.,-,569,
20260725 15:34:47.695,24.831297,102.846734,5.72,1955,3,1,0.00,0.00,,,,,,,1,SA,460,00,中国移动,4456484,6453981197,1575679,13,Normal,-,1,41,100,100,504990,-,476,513000,513000,30kHz,503172,1099,-,ms20,Connected,SA,-0.9,4,1,-60,86,-63.7,-10.5,14.3,3,Not Barred,6,6312,-29.5,504990,476,-66.4;-73.8;-83.7;-66.7,-,10.9;6.6;255;255,22.1;26.5;255;255,-29.5;-34,6;3;7;1;6;4,474;476;476;476;476;665,-77.1;-65.4;-62.2;-64.3;-66.6;-89.8,-19.2;-10.7;-10.4;-10.5;-10.6;-22.7,255;255;255;255;255;255,1;0;0,504990;504990;504990,476;474;665,3;6;4,-,4;1;1,-63.7;-77.6;-89.8,-10.5;-16.6;-22.7,14.3;255;255,1,2,2,QPSK,-,100,0,0,0,0.00,0.00,0.00,0.00,0,2,Rank 1,16,32,0,106,-,106,12,24.8,25,25,256QAM,0,SMDL,0,0,0,0.00,0.00,0.00,0.08,Rank 2,4,132,7,-,2 x 2,HandOver,26443,Free,17,FORMAT_0,375,127,Success,26443,1,-,-7,0,-12,-,7,-,1,2,-,-,-,-,-,-,-,-,-,-,-,-,-,Registered,Normal Service,9,269,18,E7767060,508,19,30kHz,992,-,4,1,-,-,New trans.,0,1,256QAM,203,1,26443,504,0,0,0,Pass,1,QPSK,2,16,2,0,15,30kHz,Re trans.,-,175,
20260725 15:34:48.706,24.831319,102.846736,5.80,1954,3,1,0.00,0.00,,,,,,,1,SA,460,00,中国移动,4456484,6453981197,1575679,13,Normal,-,1,41,100,100,504990,-,476,513000,513000,30kHz,503172,1099,-,ms20,Connected,SA,-0.9,4,1,-60,87,-64.1,-10.4,10.4,3,Not Barred,6,6312,-33.5,504990,476,-69.1;-70.7;-76.2;-68.8,-,10.4;6;255;255,25;28.3;255;255,-33.5;-34,3;3;7;6;1,474;476;476;476;476,-84.5;-67.8;-62.5;-65;-65.5,-21.2;-10.7;-10.4;-10.4;-10.4,255;255;255;255;255,1;0,504990;504990,476;474,3;3,-,4;1,-64.1;-78.2,-10.4;-15.9,10.4;255,1,2,2,QPSK,-,100,0,0,0,0.00,0.00,0.00,0.00,0,2,Rank 1,16,32,3,14,-,14,12,25,25,25,256QAM,0,SMDL,0,0,0,0.00,0.00,0.00,0.25,Rank 2,4,4,33,-,2 x 2,HandOver,26443,Free,17,FORMAT_0,375,127,Success,26443,1,-,-7,0,-12,-,33,-,1,2,-,-,-,-,-,-,-,-,-,-,-,-,-,Registered,Normal Service,9,269,18,E7767060,587,8,30kHz,992,-,4,1,-,-,New trans.,0,0,256QAM,207,0,26443,577,13,0,4,Pass,0,QPSK,0,20,1,0,0,30kHz,Re trans.,-,175,
20260725 15:34:49.712,24.831303,102.846735,4.79,1954,3,1,0.00,0.00,,,,,,,1,SA,460,00,中国移动,4456484,6453981197,1575679,13,Normal,-,1,41,100,100,504990,-,476,513000,513000,30kHz,503172,1099,-,ms20,Connected,SA,-0.9,4,1,-60,87,-63.4,-10.4,20.7,7,Not Barred,6,6312,-26.9,504990,476,-62;-64.1;-61.9;-64.4,-,23.6;12.4;255;255,25.3;22.9;255;255,-26.9;-33.3,1;7;6;1;3,474;476;476;476;476,-75.9;-62;-64;-64.5;-69,-12.3;-10.4;-10.4;-10.4;-10.9,255;255;255;255;255,1;0,504990;504990,476;474,7;1,-,4;1,-63.4;-77.5,-10.4;-14.5,20.7;255,1,2,2,QPSK,-,100,0,0,0,0.00,0.00,0.00,0.00,0,2,Rank 1,16,32,3,14,-,14,11,25,25,25,256QAM,0,SMDL,0,0,0,0.00,0.00,0.00,0.01,Rank 2,4,0,33,-,2 x 2,HandOver,26443,Free,17,FORMAT_0,375,127,Success,26443,1,-,-7,4,-12,-,33,-,1,2,-,-,-,-,-,-,-,-,-,-,-,-,-,Registered,Normal Service,9,269,18,E7767060,587,8,30kHz,992,-,4,1,-,-,New trans.,0,0,256QAM,207,0,26443,577,13,0,4,Pass,0,QPSK,0,20,1,0,0,30kHz,Re trans.,-,175,
20260725 15:34:50.721,24.831300,102.846734,4.43,1954,3,1,0.00,0.00,,,,,,,1,SA,460,00,中国移动,4456484,6453981197,1575679,13,Normal,-,1,41,100,100,504990,-,476,513000,513000,30kHz,503172,1099,-,ms20,Connected,SA,-0.9,4,1,-60,83,-63.1,-10.4,22,7,Not Barred,6,6312,-26.1,504990,476,-60.4;-64.3;-80.9;-66.4,-,22.1;13.5;255;255,25.5;23.6;255;255,-26.1;-31.8,3;7;6;1;5,474;476;476;476;476,-81.6;-61.5;-63.2;-64.8;-72.9,-17.6;-10.4;-10.4;-10.4;-10.7,255;255;255;255;255,1;0,504990;504990,476;474,7;3,-,4;1,-63.1;-82.8,-10.4;-15.3,22;255,3,7,7,QPSK,-,66.7,33.3,0,0,0.00,0.00,0.01,0.01,0,2,Rank 1,17,52,3,69,-,69,11,24.1,31,24,256QAM,0,SMDL,0,0,1.2,0.00,0.00,0.00,0.00,Rank 2,4,336,33,-,2 x 2,HandOver,26443,Free,17,FORMAT_0,375,127,Success,26443,1,-,1,-1,-12,-,33,-,1,2,-,-,-,-,-,-,-,-,-,-,-,-,-,Registered,Normal Service,9,269,18,E7767060,774,19,30kHz,872,-,4,1,-,-,New trans.,0,1,256QAM,195,1,26443,769,13,0,0,Pass,0,QPSK,0,16,1,0,15,30kHz,Re trans.,-,461,
20260725 15:34:51.728,24.831335,102.846742,5.29,1954,3,1,0.00,0.00,,,,,,,1,SA,460,00,中国移动,4456484,6453981197,1575679,13,Normal,-,1,41,100,100,504990,-,476,513000,513000,30kHz,503172,1099,-,ms20,Connected,SA,-0.9,4,1,-60,84,-63.4,-10.4,20.3,7,Not Barred,6,6312,-27.4,504990,476,-63.7;-68.9;-80.4;-64.3,-,21.7;12.2;255;255,32.2;23.6;255;255,-27.4;-32.9,2;7;6;3;1,474;476;476;476;476,-81.9;-62.5;-62.6;-67.3;-65.5,-12.7;-10.4;-10.4;-10.7;-10.5,255;255;255;255;255,1;0,504990;504990,476;474,7;2,-,4;1,-63.4;-82.4,-10.4;-14.1,20.3;255,1.6,2,2,QPSK,-,100,0,0,0,0.00,0.00,0.00,0.00,0,2,Rank 1,16,112,7,66,-,66,11,22.4,24,23,256QAM,0,SMDL,0,0,3.4,0.00,0.00,0.05,0.58,Rank 2,4,116,85,-,4 x 4,HandOver,26443,Free,17,FORMAT_0,375,127,Success,26443,1,-,1,-2,-12,-,85,-,1,7,-,-,-,-,-,-,-,-,-,-,-,-,-,Registered,Normal Service,9,269,18,E7767060,910,19,30kHz,896,-,4,1,-,-,New trans.,0,1,256QAM,215,1,26443,906,0,0,0,Pass,0,QPSK,1,16,2,0,15,30kHz,Re trans.,-,665,
20260725 15:34:52.739,24.831357,102.846748,5.51,1954,3,1,0.00,0.00,,,,,,,1,SA,460,00,中国移动,4456484,6453981197,1575679,13,Normal,-,1,41,100,100,504990,-,476,513000,513000,30kHz,503172,1099,-,ms20,Connected,SA,-0.9,5,1,-60,84,-65.2,-10.5,18.6,7,Not Barred,6,6312,-29,504990,476,-65.1;-72;-80.4;-62.1,-,20.5;11.1;255;255,31.2;19.8;255;255,-29;-36.4;-40.5;-29,7;7;6;3;1;4,474;476;476;476;476;665,-106.8;-64.5;-64.8;-68.5;-66.5;-91.6,-26.5;-10.5;-10.5;-10.7;-10.6;-18.9,255;255;255;255;255;255,1;0;0,504990;504990;504990,476;474;665,7;7;4,-,4;1;1,-65.2;-82;-91.6,-10.5;-15.9;-18.9,18.6;255;255,1.6,2,2,QPSK,-,100,0,0,0,0.00,0.00,0.00,0.00,0,2,Rank 1,16,112,7,66,-,66,12,22.4,24,23,256QAM,0,SMDL,0,0,3.4,0.00,0.00,0.05,0.19,Rank 2,4,0,85,-,4 x 4,HandOver,26443,Free,17,FORMAT_0,375,127,Success,26443,1,-,1,0,-12,-,85,-,1,7,-,-,-,-,-,-,-,-,-,-,-,-,-,Registered,Normal Service,9,269,18,E7767060,910,19,30kHz,896,-,4,1,-,-,New trans.,0,1,256QAM,215,1,26443,906,0,0,0,Pass,0,QPSK,1,16,2,0,15,30kHz,Re trans.,-,665,
20260725 15:34:53.753,24.831334,102.846742,4.14,1954,3,1,0.00,0.00,,,,,,,1,SA,460,00,中国移动,4456484,6453981197,1575679,13,Normal,-,1,41,100,100,504990,-,476,513000,513000,30kHz,503172,1099,-,ms20,Connected,SA,-0.9,4,1,-60,83,-61.1,-10.5,13.8,7,Not Barred,6,6312,-27.6,504990,476,-65;-63.3;-70.7;-71,-,14.1;11.2;255;255,29.5;28.2;255;255,-29.9;-27.6,1;7;3;6;1,474;476;476;476;476,-71.7;-63.5;-59.1;-61.5;-66.3,-13.3;-10.4;-10.4;-10.5;-10.8,255;255;255;255;255,1;0,504990;504990,476;474,7;1,-,4;1,-61.1;-73.6,-10.5;-14.3,13.8;255,1,2,2,QPSK,-,100,0,0,0,0.00,0.00,0.00,0.00,0,2,Rank 1,17,52,4,69,-,69,12,24.7,25,25,256QAM,0,SMDL,0,0,0,0.00,0.00,0.00,0.00,Rank 2,4,60,28,-,2 x 2,HandOver,26443,Free,17,FORMAT_0,375,127,Success,26443,1,-,-6,-4,-12,-,28,-,1,3,-,-,-,-,-,-,-,-,-,-,-,-,-,Registered,Normal Service,9,269,18,E7767060,94,18,30kHz,992,-,4,1,-,-,New trans.,0,0,256QAM,219,0,26443,89,13,0,0,Pass,1,QPSK,0,16,1,0,15,30kHz,Re trans.,-,186,
20260725 15:34:54.765,24.831335,102.846743,3.92,1953,3,1,0.00,0.00,,,,,,,1,SA,460,00,中国移动,4456484,6453981197,1575679,13,Normal,-,1,41,100,100,504990,-,476,513000,513000,30kHz,503172,1099,-,ms20,Connected,SA,-0.9,4,1,-60,83,-60.5,-10.4,14.4,7,Not Barred,6,6312,-26.1,504990,476,-63.8;-63;-89;-71.2,-,14.4;8.9;255;255,32.4;25.4;255;255,-29.1;-26.1,1;7;3;6;1,474;476;476;476;476,-71.8;-63;-58.5;-60.8;-66.1,-12;-10.5;-10.4;-10.4;-10.8,255;255;255;255;255,1;0,504990;504990,476;474,7;1,-,4;1,-60.5;-73.2,-10.4;-13.7,14.4;255,1.3,2,2,QPSK,-,100,0,0,0,0.00,0.00,0.00,0.00,0,2,Rank 1,16,48,2,69,-,69,12,24.8,25,25,256QAM,0,SMDL,0,0,0,0.00,0.00,0.00,0.11,Rank 2,4,136,25,-,2 x 2,HandOver,26443,Free,17,FORMAT_0,375,127,Success,26443,1,-,-7,-2,-12,-,25,-,1,2,-,-,-,-,-,-,-,-,-,-,-,-,-,Registered,Normal Service,9,269,18,E7767060,213,8,30kHz,944,-,4,1,-,-,New trans.,0,0,256QAM,207,1,26443,208,4,0,0,Pass,0,QPSK,0,16,1,0,15,30kHz,Re trans.,-,281,
20260725 15:34:55.777,24.831349,102.846747,3.96,1953,3,1,0.00,0.00,,,,,,,1,SA,460,00,中国移动,4456484,6453981197,1575679,13,Normal,-,1,41,100,100,504990,-,476,513000,513000,30kHz,503172,1099,-,ms20,Connected,SA,-0.9,5,1,-60,80,-60.6,-10.4,23,3,Not Barred,6,6312,-21.6,504990,476,-63.5;-58.2;-88.1;-78.8,-,20.3;19.1;255;255,33.4;26.7;255;255,-28.4;-21.6,1;3;6;7;1,474;476;476;476;476,-70.2;-58.7;-62.4;-64.8;-66.9,-11.5;-10.4;-10.4;-10.5;-10.6,255;255;255;255;255,1;0,504990;504990,476;474,3;1,-,4;1,-60.6;-71.6,-10.4;-13.7,23;255,1.5,2,2,QPSK,-,100,0,0,0,0.00,0.00,0.00,0.00,0,2,Rank 1,16,64,3,106,-,106,12,24.5,25,25,256QAM,0,SMDL,0,0,0,0.00,0.00,0.00,0.25,Rank 2,4,144,37,-,2 x 2,HandOver,26443,Free,17,FORMAT_0,375,127,Success,26443,1,-,-5,-4,-12,-,37,-,1,3,-,-,-,-,-,-,-,-,-,-,-,-,-,Registered,Normal Service,9,269,18,E7767060,284,18,30kHz,992,-,4,1,-,-,New trans.,0,0,256QAM,219,0,26443,279,13,0,0,Pass,0,QPSK,2,16,2,0,15,30kHz,Re trans.,-,387,
20260725 15:34:56.790,24.831387,102.846760,4.79,1953,3,1,0.00,0.00,,,,,,,1,SA,460,00,中国移动,4456484,6453981197,1575679,13,Normal,-,1,41,100,100,504990,-,476,513000,513000,30kHz,503172,1099,-,ms20,Connected,SA,-0.9,5,1,-60,81,-60.3,-10.4,22.8,3,Not Barred,6,6312,-22.1,504990,476,-64.3;-56.7;-92.3;-65.6,-,21.9;18.6;255;255,31.3;24.9;255;255,-28.1;-22.1,1;3;6;7;1,474;476;476;476;476,-71.6;-59.2;-63.8;-66.9;-69.5,-12.5;-10.4;-10.4;-10.6;-10.5,255;255;255;255;255,1;0,504990;504990,476;474,3;1,-,4;1,-60.3;-71.9,-10.4;-12.8,22.8;255,1.5,2,2,QPSK,-,100,0,0,0,0.00,0.00,0.00,0.00,0,2,Rank 1,16,64,3,69,-,69,11,24.6,25,25,256QAM,0,SMDL,0,0,0,0.00,0.00,0.00,0.27,Rank 2,4,52,24,-,2 x 2,HandOver,26443,Free,17,FORMAT_0,375,127,Success,26443,1,-,-5,-4,-12,-,24,-,1,2,-,-,-,-,-,-,-,-,-,-,-,-,-,Registered,Normal Service,9,269,18,E7767060,407,8,30kHz,992,-,4,1,-,-,New trans.,0,0,256QAM,227,1,26443,374,11,0,0,Pass,1,QPSK,0,16,1,0,15,30kHz,Re trans.,-,387,
20260725 15:34:57.802,24.831414,102.846770,5.18,1953,3,1,0.00,0.00,,,,,,,1,SA,460,00,中国移动,4456484,6453981197,1575679,13,Normal,-,1,41,100,100,504990,-,476,513000,513000,30kHz,503172,1099,-,ms20,Connected,SA,-0.9,5,1,-60,78,-58.4,-10.4,25.2,3,Not Barred,6,6312,-21.4,504990,476,-62.9;-57.2;-96.2;-65.7,-,18.3;21.5;255;255,34.4;29.4;255;255,-27.5;-21.4,1;3;6;7;1,474;476;476;476;476,-69.4;-57.3;-63.3;-67;-67.6,-12.5;-10.4;-10.4;-10.7;-10.7,255;255;255;255;255,1;0,504990;504990,476;474,3;1,-,4;1,-58.4;-70.8,-10.4;-14.3,25.2;255,0.7,2,0,QPSK,-,100,0,0,0,0.00,0.00,0.00,0.00,0,2,Rank 1,17,52,2,14,-,14,12,24.8,25,25,256QAM,0,SMDL,0,0,0,0.00,0.00,0.00,0.10,Rank 2,4,160,35,-,2 x 2,HandOver,26443,Free,17,FORMAT_0,375,127,Success,26443,1,-,-8,-6,-12,-,35,-,1,2,-,-,-,-,-,-,-,-,-,-,-,-,-,Registered,Normal Service,9,269,18,E7767060,486,19,30kHz,992,-,4,1,-,-,New trans.,0,1,256QAM,191,1,26443,511,13,0,4,Pass,0,QPSK,0,20,1,0,0,30kHz,Re trans.,-,189,
20260725 15:34:58.813,24.831442,102.846776,5.72,1953,3,1,0.00,0.00,,,,,,,1,SA,460,00,中国移动,4456484,6453981197,1575679,13,Normal,-,1,41,100,100,504990,-,476,513000,513000,30kHz,503172,1099,-,ms20,Connected,SA,-0.9,4,1,-60,78,-59.1,-10.4,22.8,3,Not Barred,6,6312,-21.1,504990,476,-61.4;-57.1;-60.9;-65.6,-,18.8;22.6;255;255,32;29;255;255,-27.6;-21.1,1;3;6;7;1,474;476;476;476;476,-72.3;-57.8;-62.5;-67;-68.5,-13.9;-10.4;-10.4;-10.7;-11,255;255;255;255;255,1;0,504990;504990,476;474,3;1,-,4;1,-59.1;-73.6,-10.4;-14.2,22.8;255,0.7,2,0,QPSK,-,100,0,0,0,0.00,0.00,0.00,0.00,0,1,Rank 1,17,52,2,69,-,69,12,24.8,25,25,256QAM,0,SMDL,0,0,0,0.00,0.00,0.00,0.30,Rank 2,4,0,18,-,2 x 2,HandOver,26443,Free,17,FORMAT_0,375,127,Success,26443,1,-,-8,-5,-12,-,18,-,1,1,-,-,-,-,-,-,-,-,-,-,-,-,-,Registered,Normal Service,9,269,18,E7767060,606,18,30kHz,992,-,4,1,-,-,New trans.,0,0,256QAM,207,1,26443,601,13,0,0,Pass,0,QPSK,0,16,1,0,15,30kHz,Re trans.,-,189,
20260725 15:34:59.826,24.831427,102.846773,4.72,1953,3,1,0.00,0.00,,,,,,,1,SA,460,00,中国移动,4456484,6453981197,1575679,13,Normal,-,1,41,100,100,504990,-,476,513000,513000,30kHz,503172,1099,-,ms20,Connected,SA,-0.9,5,1,-60,78,-56.5,-10.4,21.7,3,Not Barred,6,6312,-21.5,504990,476,-61.9;-56.9;-89.8;-65.1,-,20;21.7;255;255,32.2;28.1;255;255,-24.9;-29.3;-54.6;-21.5,1;3;6;1;7,474;476;476;476;476,-68.7;-56.1;-63;-68.7;-68.7,-11.2;-10.4;-10.4;-10.9;-11.3,255;255;255;255;255,1;0,504990;504990,476;474,3;1,-,4;1,-56.5;-70.1,-10.4;-11.9,21.7;255,0.7,2,0,QPSK,-,100,0,0,0,0.00,0.00,0.00,0.00,0,1,Rank 1,17,52,2,14,-,14,12,24.8,25,25,256QAM,0,SMDL,0,0,0,0.00,0.00,0.00,0.00,Rank 2,4,44,18,-,2 x 2,HandOver,26443,Free,17,FORMAT_0,375,127,Success,26443,1,-,-8,-6,-12,-,18,-,1,1,-,-,-,-,-,-,-,-,-,-,-,-,-,Registered,Normal Service,9,269,18,E7767060,606,18,30kHz,992,-,4,1,-,-,New trans.,0,0,256QAM,207,1,26443,639,13,0,4,Pass,0,QPSK,0,20,1,0,0,30kHz,Re trans.,-,189,
20260725 15:35:00.841,24.831445,102.846777,5.22,1953,3,1,0.00,0.00,,,,,,,1,SA,460,00,中国移动,4456484,6453981197,1575679,13,Normal,-,1,41,100,100,504990,-,476,513000,513000,30kHz,503172,1099,-,ms20,Connected,SA,-0.9,5,1,-60,77,-54.9,-10.4,25.4,3,Not Barred,6,6312,-21,504990,476,-61.7;-54.9;-90.2;-60.7,-,21.3;24.1;255;255,32.9;28.9;255;255,-25.4;-21,1;3;6;1;7,474;476;476;476;476,-67.6;-54.9;-64;-67.8;-72,-12.6;-10.4;-10.5;-10.7;-12,255;255;255;255;255,1;0,504990;504990,476;474,3;1,-,4;1,-54.9;-70.1,-10.4;-14.1,25.4;255,0.7,2,0,QPSK,-,100,0,0,0,0.00,0.00,0.00,0.00,0,1,Rank 1,17,52,2,14,-,14,12,24,24,24,256QAM,0,SMDL,0,0,0,0.00,0.00,0.00,0.08,Rank 2,4,4,11,-,2 x 2,HandOver,26443,Free,17,FORMAT_0,375,127,Success,26443,1,-,-9,-6,-12,-,11,-,1,1,-,-,-,-,-,-,-,-,-,-,-,-,-,Registered,Normal Service,9,269,18,E7767060,743,8,30kHz,944,-,4,1,-,-,New trans.,0,0,256QAM,211,1,26443,639,13,0,4,Pass,0,QPSK,0,20,1,0,0,30kHz,Re trans.,-,189,
20260725 15:35:01.854,24.831460,102.846782,5.29,1953,3,1,0.00,0.00,,,,,,,1,SA,460,00,中国移动,4456484,6453981197,1575679,13,Normal,-,1,41,100,100,504990,-,476,513000,513000,30kHz,503172,1099,-,ms20,Connected,SA,-0.9,5,1,-60,77,-54.5,-10.4,25.5,3,Not Barred,6,6312,-18.5,504990,476,-64.6;-54;-88.9;-63,-,14.8;25.5;255;255,33.6;26.4;255;255,-29.3;-18.5,1;3;6;1;5,474;476;476;476;476,-68.1;-54.5;-64;-69.2;-71.5,-13.1;-10.4;-10.6;-11.4;-10.9,255;255;255;255;255,1;0,504990;504990,476;474,3;1,-,4;1,-54.5;-70.1,-10.4;-13.9,25.5;255,1,2,2,QPSK,-,100,0,0,0,0.00,0.00,0.00,0.00,0,2,Rank 1,18,36,2,106,-,106,12,24.7,25,25,256QAM,0,SMDL,0,0,0,0.00,0.00,0.00,0.01,Rank 2,4,244,11,-,2 x 2,HandOver,26443,Free,17,FORMAT_0,375,127,Success,26443,1,-,-8,-6,-12,-,11,-,1,1,-,-,-,-,-,-,-,-,-,-,-,-,-,Registered,Normal Service,9,269,18,E7767060,916,19,30kHz,992,-,4,1,-,-,New trans.,0,1,256QAM,203,1,26443,912,0,0,0,Pass,1,QPSK,2,16,2,0,15,30kHz,Re trans.,-,120,
20260725 15:35:02.866,24.831467,102.846785,5.15,1953,3,1,0.00,0.00,,,,,,,1,SA,460,00,中国移动,4456484,6453981197,1575679,13,Normal,-,1,41,100,100,504990,-,476,513000,513000,30kHz,503172,1099,-,ms20,Connected,SA,-0.9,4,1,-60,77,-57.5,-10.4,29.7,3,Not Barred,6,6312,-19.5,504990,476,-62.2;-57.1;-91;-75.7,-,14.3;28.1;26.6;14.5,34.6;24.5;17;30.2,-31.1;-39;-57.1;-19.5,1;3;6;1;7,474;476;476;476;476,-73.3;-57.5;-67.7;-68.8;-71.7,-13.9;-10.4;-10.6;-10.5;-10.9,255;255;255;255;255,1;0,504990;504990,476;474,3;1,-,4;1,-57.5;-75.1,-10.4;-15,29.7;255,1,2,2,QPSK,-,100,0,0,0,0.04,0.05,0.08,0.08,0,2,Rank 1,18,36,20,69,-,69,12,24.8,31,25,256QAM,0,SMDL,0,0,0,0.05,0.05,0.05,0.45,Rank 2,4,468,128,-,4 x 4,HandOver,26443,Free,17,FORMAT_0,375,127,Success,26443,1,-,-8,-4,-12,-,128,-,1,19,-,-,-,-,-,-,-,-,-,-,-,-,-,Registered,Normal Service,9,269,18,E7767060,986,18,30kHz,992,-,4,1,-,-,New trans.,0,0,256QAM,191,1,26443,981,13,0,0,Pass,1,QPSK,0,16,1,0,15,30kHz,Re trans.,-,120,
20260725 15:35:03.881,24.831484,102.846792,5.44,1952,3,1,0.00,0.00,,,,,,,1,SA,460,00,中国移动,4456484,6453981197,1575679,13,Normal,-,1,41,100,100,504990,-,476,513000,513000,30kHz,503172,1099,-,ms20,Connected,SA,-0.9,5,1,-60,78,-57.7,-10.4,25.1,3,Not Barred,6,6312,-20.1,504990,476,-63.6;-55.6;-89.7;-67.3,-,14.8;28.3;255;255,32.4;23.2;255;255,-28.1;-30.9;-54.4;-20.1,1;3;6;7;1,474;476;476;476;476,-71.3;-57.7;-67.2;-69.1;-69,-11.6;-10.4;-10.5;-11;-10.6,255;255;255;255;255,1;0,504990;504990,476;474,3;1,-,4;1,-57.7;-72.9,-10.4;-13.2,25.1;255,1,2,2,QPSK,-,100,0,0,0,0.00,0.00,0.00,0.00,0,2,Rank 1,18,36,4,69,-,69,12,24.5,25,25,256QAM,0,SMDL,0,0,0,0.00,0.00,0.05,0.87,Rank 2,4,8,44,-,4 x 4,HandOver,26443,Free,17,FORMAT_0,375,127,Success,26443,1,-,-7,-4,-12,-,44,-,1,4,-,-,-,-,-,-,-,-,-,-,-,-,-,Registered,Normal Service,9,269,18,E7767060,69,8,30kHz,944,-,4,1,-,-,New trans.,0,0,256QAM,223,1,26443,981,13,0,0,Pass,1,QPSK,0,16,1,0,15,30kHz,Re trans.,-,120,
20260725 15:35:04.896,24.831484,102.846792,4.90,1952,3,1,0.00,0.00,,,,,,,1,SA,460,00,中国移动,4456484,6453981197,1575679,13,Normal,-,1,41,100,100,504990,-,476,513000,513000,30kHz,503172,1099,-,ms20,Connected,SA,-0.9,4,1,-60,78,-58.6,-10.4,26.1,3,Not Barred,6,6312,-22.8,504990,476,-61;-58.8;-85.9;-69.2,-,20.5;27.6;255;255,32.2;29.5;255;255,-24.1;-22.8,1;3;6;1;7,474;476;476;476;476,-71.7;-58.6;-68.1;-69.1;-70.7,-12;-10.4;-10.5;-10.6;-11.2,255;255;255;255;255,1;0,504990;504990,476;474,3;1,-,4;1,-58.6;-72.9,-10.4;-13.2,26.1;255,3,15,0,QPSK,-,83.3,4.2,12.5,0,0.00,0.00,0.00,0.00,0,2,Rank 1,23,557,3,19,-,19,12,25.7,31,25,256QAM,0,SMDL,0,0,0,0.00,0.00,0.01,0.01,Rank 2,4,116,30,-,2 x 2,HandOver,26443,Free,17,FORMAT_0,375,127,Success,26443,1,-,-9,-3,-12,-,30,-,1,2,-,-,-,-,-,-,-,-,-,-,-,-,-,Registered,Normal Service,9,269,18,E7767060,164,19,30kHz,920,-,4,1,-,-,New trans.,0,1,256QAM,207,1,26443,191,13,0,4,Pass,0,QPSK,0,28,1,0,0,30kHz,Re trans.,-,10533,
20260725 15:35:05.907,24.831487,102.846793,4.64,1952,3,1,0.00,0.00,,,,,,,1,SA,460,00,中国移动,4456484,6453981197,1575679,13,Normal,-,1,41,100,100,504990,-,476,513000,513000,30kHz,503172,1099,-,ms20,Connected,SA,-0.9,4,1,-60,79,-58.6,-10.4,17.7,3,Not Barred,6,6312,-20.6,504990,476,-62.1;-56.5;-93.9;-64.3,-,13.6;19.8;24.2;11.1,31.4;24.4;255;255,-25.8;-20.6,7;3;1;6;7,474;476;476;476;476,-71.5;-58.6;-68.7;-69.6;-69.3,-13.5;-10.4;-10.8;-11.1;-11.1,255;255;255;255;255,1;0,504990;504990,476;474,3;7,-,4;1,-58.6;-72.3,-10.4;-13.2,17.7;255,1.2,2,2,QPSK,-,100,0,0,0,0.00,0.00,0.00,0.00,0,2,Rank 1,18,92,3,106,-,106,12,25.3,31,25,256QAM,0,SMDL,0,0,0,0.00,0.00,0.04,0.21,Rank 2,4,168,30,-,2 x 2,HandOver,26443,Free,17,FORMAT_0,375,127,Success,26443,1,-,-7,-6,-12,-,30,-,1,2,-,-,-,-,-,-,-,-,-,-,-,-,-,Registered,Normal Service,9,269,18,E7767060,266,18,30kHz,944,-,4,1,-,-,New trans.,0,0,256QAM,191,1,26443,261,13,0,0,Pass,0,QPSK,2,16,2,0,15,30kHz,Re trans.,-,406,
20260725 15:35:06.920,24.831507,102.846803,5.00,1952,3,1,0.00,0.00,,,,,,,1,SA,460,00,中国移动,4456484,6453981197,1575679,13,Normal,-,1,41,100,100,504990,-,476,513000,513000,30kHz,503172,1099,-,ms20,Connected,SA,-0.9,4,1,-60,79,-57.4,-10.5,20.1,3,Not Barred,6,6312,-20.4,504990,476,-67.4;-55.2;-100.5;-63.8,-,9.9;20.4;18;13.3,31.8;26.7;255;255,-28.4;-20.4,7;3;7;1;6,474;476;476;476;476,-68.6;-57.4;-68.2;-67.9;-72.4,-12.6;-10.5;-12.3;-10.8;-12.9,255;255;255;255;255,1;0,504990;504990,476;474,3;7,-,4;1,-57.4;-70.2,-10.5;-12.5,20.1;255,1.2,2,2,QPSK,-,100,0,0,0,0.00,0.00,0.00,0.00,0,2,Rank 1,18,92,4,106,-,106,12,25.3,31,25,256QAM,0,SMDL,0,0,0,0.00,0.00,0.04,0.31,Rank 2,4,0,42,-,2 x 2,HandOver,26443,Free,17,FORMAT_0,375,127,Success,26443,1,-,-7,-6,-12,-,42,-,1,4,-,-,-,-,-,-,-,-,-,-,-,-,-,Registered,Normal Service,9,269,18,E7767060,387,8,30kHz,992,-,4,1,-,-,New trans.,0,0,256QAM,203,1,26443,382,4,0,0,Pass,1,QPSK,2,16,2,0,15,30kHz,Re trans.,-,406,
20260725 15:35:07.932,24.831504,102.846802,4.28,1952,3,1,0.00,0.00,,,,,,,1,SA,460,00,中国移动,4456484,6453981197,1575679,13,Normal,-,1,41,100,100,504990,-,476,513000,513000,30kHz,503172,1099,-,ms20,Connected,SA,-0.9,4,1,-60,77,-55.7,-10.4,21.8,3,Not Barred,6,6312,-20.4,504990,476,-67.4;-55;-88.8;-74.3,-,12.4;14.8;255;255,32.4;26.6;255;255,-30.5;-20.4,1;3;1;6;7,474;476;476;476;476,-71.2;-55.7;-67.8;-71;-72,-11.9;-10.4;-11.2;-13;-13.2,255;255;255;255;255,1;0,504990;504990,476;474,3;1,-,4;1,-55.7;-71.5,-10.4;-12.1,21.8;255,1.2,2,2,QPSK,-,100,0,0,0,0.00,0.00,0.00,0.00,0,2,Rank 1,18,92,4,106,-,106,12,24.6,25,25,256QAM,0,SMDL,0,0,0,0.00,0.00,0.02,0.00,Rank 2,4,192,42,-,2 x 2,HandOver,26443,Free,17,FORMAT_0,375,127,Success,26443,1,-,-9,-7,-12,-,42,-,1,4,-,-,-,-,-,-,-,-,-,-,-,-,-,Registered,Normal Service,9,269,18,E7767060,466,18,30kHz,992,-,4,1,-,-,New trans.,0,0,256QAM,211,1,26443,461,13,0,0,Pass,1,QPSK,2,16,2,0,15,30kHz,Re trans.,-,406,
20260725 15:35:08.943,24.831499,102.846798,3.64,1952,3,1,0.00,0.00,,,,,,,1,SA,460,00,中国移动,4456484,6453981197,1575679,13,Normal,-,1,41,100,100,504990,-,476,513000,513000,30kHz,503172,1099,-,ms20,Connected,SA,-0.9,4,1,-60,79,-64.8,-10.5,21.5,3,Not Barred,6,6312,-26.9,504990,476,-65.8;-62.7;-100.5;-58.2,-,13.2;10;255;255,25.9;27.4;255;255,-30.9;-26.9,7;3;6;7;1,474;476;476;476;476,-76.4;-64.6;-75.2;-74;-77.2,-13.1;-10.4;-12;-12.4;-12.6,255;255;255;255;255,1;0,504990;504990,476;474,3;7,-,4;1,-64.8;-77.7,-10.5;-13,21.5;255,2.3,6,2,QPSK,-,83.3,16.7,0,0,0.00,0.00,0.00,0.00,0,1,Rank 1,18,108,5,106,-,106,12,24.8,25,25,256QAM,0,SMDL,0,0,0,0.00,0.00,0.00,0.36,Rank 2,4,96,48,-,2 x 2,HandOver,26443,Free,17,FORMAT_0,375,127,Success,26443,1,-,-7,0,-12,-,48,-,1,4,-,-,-,-,-,-,-,-,-,-,-,-,-,Registered,Normal Service,9,269,18,E7767060,530,18,30kHz,992,-,4,1,-,-,New trans.,0,0,256QAM,207,1,26443,525,13,0,0,Pass,1,QPSK,2,16,2,0,15,30kHz,Re trans.,-,744,
20260725 15:35:09.952,24.831517,102.846809,3.85,1952,3,1,0.00,0.00,,,,,,,1,SA,460,00,中国移动,4456484,6453981197,1575679,13,Normal,-,1,41,100,100,504990,-,476,513000,513000,30kHz,503172,1099,-,ms20,Connected,SA,-0.9,4,1,-60,79,-73.1,-10.5,12.4,3,Not Barred,6,6312,-39.1,504990,476,-76.6;-74.8;-101.3;-63.9,-,7.6;12.7;255;255,26.6;30.1;255;255,-41.3;-39.1,7;3;7;1;6,474;476;476;476;476,-84.8;-71.6;-76.5;-77.7;-81,-19.5;-10.4;-10.7;-10.6;-11.3,255;255;255;255;255,1;0,504990;504990,476;474,3;7,-,4;1,-73.1;-84.9,-10.5;-15.4,12.4;255,2.3,6,2,QPSK,-,83.3,16.7,0,0,0.00,0.00,0.00,0.00,0,1,Rank 1,18,108,5,106,-,106,12,24.8,25,25,256QAM,0,SMDL,0,0,0,0.00,0.00,0.00,0.18,Rank 2,4,0,48,-,2 x 2,HandOver,26443,Free,17,FORMAT_0,375,127,Success,26443,1,-,-7,8,-12,-,48,-,1,4,-,-,-,-,-,-,-,-,-,-,-,-,-,Registered,Normal Service,9,269,18,E7767060,530,18,30kHz,992,-,4,1,-,-,New trans.,0,0,256QAM,207,1,26443,525,13,0,0,Pass,1,QPSK,2,16,2,0,15,30kHz,Re trans.,-,744,
20260725 15:35:10.960,24.831532,102.846819,2.56,1952,3,1,0.00,0.00,,,,,,,1,SA,460,00,中国移动,4456484,6453981197,1575679,13,Normal,-,1,41,100,100,504990,-,476,513000,513000,30kHz,503172,1099,-,ms20,Connected,SA,-0.9,4,1,-60,86,-66.4,-10.5,19.7,3,Not Barred,6,6312,-32.3,504990,476,-68.7;-73.6;-101.6;-68.1,-,10.3;14.8;255;255,29.7;20.4;255;255,-32.3;-38.6,1;3;1;7;6,474;476;476;476;476,-75.6;-66.4;-75.9;-76.6;-80.2,-13.8;-10.5;-11.2;-11.2;-11.3,255;255;255;255;255,1;0,504990;504990,476;474,3;1,-,4;1,-66.4;-77.3,-10.5;-13.9,19.7;255,1.3,2,2,QPSK,-,100,0,0,0,0.00,0.00,0.00,0.00,0,1,Rank 1,16,48,2,19,-,19,12,22.6,31,22,256QAM,0,SMDL,0,0,0,0.00,0.00,0.00,0.00,Rank 2,4,60,25,-,2 x 2,HandOver,26443,Free,17,FORMAT_0,375,127,Success,26443,1,-,1,4,-12,-,25,-,1,2,-,-,-,-,-,-,-,-,-,-,-,-,-,Registered,Normal Service,9,269,18,E7767060,761,8,30kHz,848,-,4,1,-,-,-,0,0,256QAM,251,1,26443,767,13,0,4,Pass,0,QPSK,0,28,1,0,0,30kHz,Re trans.,-,281,